cargo fmt --all --check
./scripts/check-dep-dag.sh
dep-dag dev-edge exempt: inf-doc -> inf-alloc (tests may cross layers)
dep-dag dev-edge exempt: inf-log -> inf-alloc (tests may cross layers)
dep-dag dev-edge exempt: inf-log -> inf-foundation (tests may cross layers)
dep-dag dev-edge exempt: inf-log -> inf-runtime (tests may cross layers)
dep-dag dev-edge exempt: inf-runtime -> inf-log (tests may cross layers)
dep-dag dev-edge exempt: inf-runtime -> inf-store (tests may cross layers)
dep-dag dev-edge exempt: inf-store -> inf-foundation (tests may cross layers)
dep-dag dev-edge exempt: inf-query -> inf-alloc (tests may cross layers)
dep-dag dev-edge exempt: inf-server -> inf-foundation (tests may cross layers)
dep-dag dev-edge exempt: inf-server -> inf-simd (tests may cross layers)
dep-dag dev-edge exempt: inf-server -> inf-runtime (tests may cross layers)
dep-dag dev-edge exempt: infinityd -> inf-log (tests may cross layers)
dep-dag dev-edge exempt: crash-matrix -> inf-doc (tests may cross layers)
dep-dag dev-edge exempt: crash-matrix -> inf-foundation (tests may cross layers)
dep-dag dev-edge exempt: crash-matrix -> inf-sim (tests may cross layers)
dep-dag dev-edge exempt: crash-matrix -> inf-alloc (tests may cross layers)
dep-dag dev-edge exempt: crash-matrix -> inf-fabric (tests may cross layers)
dep-dag dev-edge exempt: crash-matrix -> inf-runtime (tests may cross layers)
dep-dag scope: 24 workspace crates, 55 checked edges, 18 dev edges exempt
dep-dag OK: 24 workspace crates, all edges allowed
./scripts/check-cell-denylist.sh
  allowed crates/inf-foundation/src/time.rs:94: the injected clock's real-time origin - the one sanctioned call (L7).
  allowed crates/inf-server/src/control.rs:27: the cell->control DDL channel (ADR-0015 D3), drained on this thread only.
  allowed crates/inf-server/src/control.rs:1194: the control thread itself (ADR-0015 D3) - the slow plane, never a cell.
  allowed crates/inf-server/src/control.rs:1279: boot-narration wall clock on the control thread, never oracle input.
  allowed crates/inf-server/src/control.rs:1337: boot-narration wall clock on the control thread, never oracle input.
  allowed crates/inf-server/src/readahead.rs:78: boot-scoped prefetch thread (M2.5-S08, the §3.3 recovery exception).
  allowed crates/inf-server/src/readahead.rs:93: the prefetch thread parks itself, not a cell.
cell deny-list OK (16 crates, 159 files, 108850 lines scanned, 18660 test-only lines stripped, 7 allowed sites)
  excluded crates/inf-probe/src — the boot-time device probe (ADR-0086 D7 / ADR-0091): a dev tool that runs before any cell starts; its own header sanctions Instant::now + std::thread
./scripts/check-fault-points.sh
  armed log_append_short_write <- crate-tests
  armed torn_frame <- crate-tests
  armed fsync_err <- crate-tests
  armed manifest_rename_fail <- crate-tests,workspace-tests
  armed dir_fsync_fail <- crate-tests,workspace-tests
  armed power_cut_after_seal <- crate-tests
  armed prealloc_no_space <- crate-tests,workspace-tests
  armed recycle_open_fail <- crate-tests,dst
  armed tier_short_write <- workspace-tests
  armed tier_torn_frame <- workspace-tests
  armed tier_fsync_err <- workspace-tests
  armed tier_footer_torn <- workspace-tests
  armed tier_unlink_fail <- workspace-tests
  armed tier_dir_open_fail <- dst,unit-tests,workspace-tests
  armed blob_short_write <- unit-tests,workspace-tests
  armed blob_fsync_err <- unit-tests,workspace-tests
  armed blob_unlink_fail <- unit-tests,workspace-tests
  armed tier_write_nospace <- crate-tests,workspace-tests
  armed blob_write_nospace <- crate-tests,workspace-tests
  armed durable_fsync_eio <- workspace-tests
  armed shadow_twin_read_fail <- dst
  armed shadow_reconcile_read_fail <- crate-tests,dst
  armed cold_enqueue_full <- crate-tests
  armed mset_midway_oom <- crate-tests
  armed ns_drop_before_meta <- crate-tests
  armed ns_drop_after_meta <- crate-tests
  armed ns_create_after_meta <- crate-tests
  armed ns_create_fan_refused <- crate-tests
  armed idx_reserve_refuse <- crate-tests
  armed idx_apply_trip <- crate-tests,dst,workspace-tests
  armed idx_backfill_trip <- crate-tests
fault-point inventory OK (31 points / 4 declaration modules, 20 production files scanned for firing, 130 exerciser files scanned for arming (window +/-2 lines))
./scripts/check-fsync-fail-stop.sh
  audited crates/inf-log/src/blob.rs:126 — Display arm: renders, never handles
  audited crates/inf-log/src/blob.rs:143 — is_retryable classifier: false — the ADR-0061 D3 typed abort is never retried
  audited crates/inf-log/src/blob.rs:387 — blob_fsync_err injection: constructs and returns typed
  audited crates/inf-log/src/blob.rs:392 — the extent barrier: mapped to ExtentWriteFailure::Fsync and propagated with `?`
  audited crates/inf-log/src/commit.rs:1095 — freezes the watermark so the loss is observable and nameable; every caller fail-stops the cell next (§8.4) — this never resumes a commit
  audited crates/inf-log/src/flush.rs:115 — Display arm: renders, never handles
  audited crates/inf-log/src/flush.rs:135 — is_fatal classifier: answers true, takes no action
  audited crates/inf-log/src/flush.rs:147 — is_retryable classifier: answers false — the rule that forbids the fsyncgate retry
  audited crates/inf-log/src/flush.rs:865 — conversion between the two typed fsync errors; still propagating
  audited crates/inf-log/src/segment.rs:237 — the type itself — an fsync failure's identity; constructed only in this file
  audited crates/inf-log/src/segment.rs:243 — Display for the typed error: renders, never recovers
  audited crates/inf-log/src/segment.rs:250 — Error::source for the typed error: renders the chain, never recovers
  audited crates/inf-log/src/segment.rs:277 — the LogError variant declaration
  audited crates/inf-log/src/segment.rs:297 — Display arm: renders the failure, never handles it
  audited crates/inf-log/src/segment.rs:307 — Error::source arm: hands out the io::Error, never handles it
  audited crates/inf-log/src/segment.rs:1452 — fsync_err injection: constructs and returns typed — nothing catches it
  audited crates/inf-log/src/segment.rs:1463 — the seal fsync: mapped to LogError::Fsync and propagated with `?`
  audited crates/inf-log/src/segment.rs:1733 — dir_fsync_fail injection: constructs and returns typed
  audited crates/inf-log/src/segment.rs:1739 — the dir barrier: mapped to LogError::Fsync and returned
  audited crates/inf-log/src/tier.rs:102 — Display arm: renders, never handles
  audited crates/inf-log/src/tier.rs:996 — tier_fsync_err injection (sync): constructs and returns typed
  audited crates/inf-log/src/tier.rs:1001 — the tier sync barrier: mapped to TierWriteFailure::Fsync and propagated with `?`
  audited crates/inf-log/src/tier.rs:1048 — tier_fsync_err injection (seal): constructs and returns typed
  audited crates/inf-log/src/tier.rs:1053 — the tier seal barrier: mapped to TierWriteFailure::Fsync and propagated with `?`
  audited crates/inf-server/src/durable.rs:1371 — records the freeze for the ledger; the very next statement is fail_stop() -> !, so the SyncReason has no reader and no path continues
  audited crates/inf-server/src/tier_cell.rs:876 — reactor-drive flush barrier: constructs and returns to maintain_ns, which routes it to DurableCell::fail_stop (ADR-0084 D4)
fsync fail-stop OK (6 derived fsync-error patterns, 217 files / 156775 lines scanned, 26 typed sites (26 audited), 36 raw sync call sites)
./scripts/check-panic-policy.sh
panic-policy grep OK (16 crates, 159 files, 108850 lines scanned, 18660 test-only lines stripped, 5 inline cfg(test) items scanned as production, 0 allowed sites, 0 naked unwrap)
  excluded crates/inf-probe/src — the boot-time device probe (ADR-0086 D7 / ADR-0091): a dev tool that runs before any cell starts; its own header sanctions Instant::now + std::thread
# ADR-0107 D2 (review 2026-08-30, Theme 4): every release assert/expect/
# panic/unreachable in cell code is a classified inventory row.
./scripts/check-release-asserts.sh
release-assert inventory OK (16 crates, 159 files, 108850 lines scanned, /tmp/tmp.KgfamYsPzH/stripped/crates/inf-wire/src/parser.rs test-only lines stripped, 913 release-panic sites in 709 identities; inventory 709 rows (I=704 C=200 F=9 U=0); 88 proof pointers resolved)
  excluded crates/inf-probe/src — the boot-time device probe (ADR-0086 D7 / ADR-0091): a dev tool that runs before any cell starts; its own header sanctions Instant::now + std::thread
./scripts/check-safety-inventory.sh
safety-inventory OK: 22 crates, 217 Rust files, 22 unsafe-bearing files; every unsafe file has an exact inventory path
# ADR-0121 (review 2026-08-30, F-L17-09): every crate root forbids or
# denies unsafe_code, the deny set is the audited-leaf list, and every
# allow is module-scoped — the §17.3 posture, mechanical.
./scripts/check-unsafe-roots.sh
unsafe-roots OK: 25 crate roots, 8 deny crates (inf-alloc, inf-doc, inf-fabric, inf-probe, inf-runtime, inf-server, inf-sim, inf-simd), 23 module-scoped allows; every root governed, every allow a named module of a listed leaf
# ADR-0107 (review 2026-08-30, F-L16-01): no normal dependency edge may
# request fault-points/collision-oracle — a workspace build would link
# infinityd against a colliding hasher.
./scripts/check-shipping-features.sh
shipping-feature fence OK (31 manifests scanned, 2 forwarder feature(s) declared; resolver: workspace normal-edge inf-foundation features = {default}; infinityd, inf clean)
# ADR-0106: the gates above must go red on a planted violation, or
# their OK is a claim (review 2026-08-30 P1/P1c: two were inert).
./scripts/check-scripts-selftest.sh
check-scripts self-test OK (180 cases: deny-list, panic-policy, run-sweep, shipping-features, release-asserts, clock-ban, waker-atomics, fault-points, fsync-fail-stop, doc-read-profile, unsafe-roots, safety-inventory each red on a planted violation)
# ADR-0106 first amendment (review 2026-08-30 F-L18-05): the ambient-
# clock ban is clippy's type-resolved disallowed-methods; this gate
# proves the config is in force on planted bypass spellings and lists
# every sanctioned site in cell code.
./scripts/check-clock-ban.sh
  allowed crates/inf-foundation/src/time.rs:92: the injected clock's real-time origin (L7)
  allowed crates/inf-foundation/src/time.rs:106: the injected clock's one real-clock read (L7)
  allowed crates/inf-server/src/control.rs:1274: control thread (ADR-0015 D3): boot narration, never oracle input
  allowed crates/inf-server/src/control.rs:1332: control thread (ADR-0015 D3): boot narration, never oracle input
  allowed crates/inf-server/src/control.rs:1341: control thread (ADR-0015 D3): boot narration, never oracle input
  allowed crates/inf-server/src/control.rs:1375: control thread (ADR-0015 D3): boot narration, never oracle input
clock ban OK (config 9/9 entries, 0 shadow configs, 16 cell crates / 160 files scanned, 6 allowed sites in cell code; probe: 12 planted bypasses red, 3 controls green)
  excluded crates/inf-probe/src — the boot-time device probe (ADR-0086 D7 / ADR-0091): a dev tool that runs before any cell starts; its own header sanctions Instant::now + std::thread
# ADR-0106 second amendment (review 2026-08-30, F-L20-03): the M0-S06
# AC's own gate ran nowhere and scanned zero instructions per waker.
./scripts/check-waker-atomics.sh
  unfollowed callees (no body in this asm): memcpy memmove _RNvCsfLfy6EI15iL_7___rustc14___rust_dealloc _RNvNtCsgEmfK2I1SDS_4core4cell22panic_already_borrowed _Unwind_Resume _ZN5alloc7raw_vec19RawVec$LT$T$C$A$GT$8grow_one17h41221b4543d1f011E 
waker-atomics OK (elf asm, vtable-resolved: 4 wakers + 3 called bodies, 208 instruction lines scanned, 6 unresolved edges, 0 zero-instruction bodies; probe: 3 planted wakers red, 2 controls green)
cargo clippy --workspace --all-targets -- -D warnings
    Finished `dev` profile [unoptimized + debuginfo] target(s) in 0.12s
cargo test --workspace
    Finished `test` profile [unoptimized + debuginfo] target(s) in 0.10s
     Running unittests src/lib.rs (target/debug/deps/compat-497f07e00636c783)

running 12 tests
test resp::tests::frames_aggregates ... ok
test resp::tests::frames_attribute_with_its_payload ... ok
test json_oracle::tests::case_and_allowlist_keys_are_unique_and_total ... ok
test json_oracle::tests::semantic_equality_is_diagnostic_only ... ok
test json_oracle::tests::an_unallowlisted_deviation_fails ... ok
test resp::tests::frames_line_types ... ok
test resp::tests::incomplete_input_needs_more_bytes ... ok
test resp::tests::frames_bulk_variants ... ok
test resp::tests::rejects_garbage ... ok
test resp::tests::encodes_argv_as_bulk_array ... ok
test resp::tests::parses_integer_replies ... ok
test resp::tests::trailing_bytes_are_not_consumed ... ok

test result: ok. 12 passed; 0 failed; 0 ignored; 0 measured; 0 filtered out; finished in 0.00s

     Running tests/diff.rs (target/debug/deps/diff-20430801c15d2962)

running 1 test
test matrix_replies_match_redis ... ok

test result: ok. 1 passed; 0 failed; 0 ignored; 0 measured; 0 filtered out; finished in 0.10s

     Running tests/json_diff.rs (target/debug/deps/json_diff-d41b18c53a8fecc1)

running 1 test
test json_matrix_matches_pinned_redisjson ... ok

test result: ok. 1 passed; 0 failed; 0 ignored; 0 measured; 0 filtered out; finished in 0.00s

     Running tests/matrix_artifact.rs (target/debug/deps/matrix_artifact-1a25aa60cfd888bd)

running 3 tests
test declared_statuses_are_mechanically_enforced ... ok
test generated_matrix_is_current ... ok
test rendered_matrix_covers_the_json_section ... ok

test result: ok. 3 passed; 0 failed; 0 ignored; 0 measured; 0 filtered out; finished in 0.00s

     Running tests/node_diff.rs (target/debug/deps/node_diff-39a2116375077f93)

running 5 tests
test info_names_every_field_once_on_a_real_node ... ok
test large_values_match_redis_up_to_the_bulk_cap ... ok
test node_fanout_and_tier_match_redis_under_namespace ... ok
test node_matrix_replies_match_redis ... ok
test quit_closes_a_namespace_bound_connection_like_redis ... ok

test result: ok. 5 passed; 0 failed; 0 ignored; 0 measured; 0 filtered out; finished in 0.00s

     Running tests/node_internal.rs (target/debug/deps/node_internal-e062f0060e938e93)

running 1 test
test internal_commands_are_unknown_to_clients_at_the_binary ... ok

test result: ok. 1 passed; 0 failed; 0 ignored; 0 measured; 0 filtered out; finished in 0.00s

     Running tests/node_move.rs (target/debug/deps/node_move-16f979a3607eaf8a)

running 6 tests
test cross_cell_move_bounds_and_missing_source ... ok
test cross_cell_move_pressure_matrix ... ok
test cross_cell_move_document_refuses_without_mutation ... ok
test cross_cell_move_namespace_refusals_preserve_source ... ok
test cross_cell_move_success_and_copy_variants ... ok
test cross_cell_rename_stats_match_redis ... ok

test result: ok. 6 passed; 0 failed; 0 ignored; 0 measured; 0 filtered out; finished in 0.00s

     Running tests/node_twin.rs (target/debug/deps/node_twin-233a1132d2e9a807)

running 2 tests
test one_cell_and_four_cell_nodes_answer_alike_under_every_binding ... ok
test every_registry_command_is_scripted ... ok

test result: ok. 2 passed; 0 failed; 0 ignored; 0 measured; 0 filtered out; finished in 0.00s

     Running tests/reply_shapes_artifact.rs (target/debug/deps/reply_shapes_artifact-37c01551e8bb27c2)

running 2 tests
test shape_table_is_mechanically_enforced ... ok
test generated_reply_shapes_are_current ... ok

test result: ok. 2 passed; 0 failed; 0 ignored; 0 measured; 0 filtered out; finished in 0.00s

     Running tests/required_binary.rs (target/debug/deps/required_binary-0d7cf088f682addf)

running 3 tests
test binary_requirement_child ... ok
test optional_binary_can_skip ... ok
test required_binary_cannot_skip ... ok

test result: ok. 3 passed; 0 failed; 0 ignored; 0 measured; 0 filtered out; finished in 0.02s

     Running unittests src/lib.rs (target/debug/deps/crash_matrix-fb6abce54046ab8f)

running 0 tests

test result: ok. 0 passed; 0 failed; 0 ignored; 0 measured; 0 filtered out; finished in 0.00s

     Running tests/blob.rs (target/debug/deps/blob-66ff071ed9b1787f)

running 5 tests
test s17_rows_are_carried_here ... ok
test blob_unlink_failure_defers_nonfatally_and_the_retry_reclaims ... ok
test blob_write_nospace_fails_typed_and_next_attempt_recovers ... ok
test orphan_cut_reclaims_never_serves_and_the_referenced_twin_serves ... ok
test blob_write_faults_abandon_the_extent_typed ... ok

test result: ok. 5 passed; 0 failed; 0 ignored; 0 measured; 0 filtered out; finished in 0.04s

     Running tests/documents.rs (target/debug/deps/documents-615ae5877af89078)

running 1 test
test m3_document_crash_matrix ... ok

test result: ok. 1 passed; 0 failed; 0 ignored; 0 measured; 0 filtered out; finished in 0.03s

     Running tests/footer_probe.rs (target/debug/deps/footer_probe-039ccbf3d352397b)

running 1 test
test an_empty_durable_namespace_does_not_defeat_the_footer_probe ... ok

test result: ok. 1 passed; 0 failed; 0 ignored; 0 measured; 0 filtered out; finished in 0.00s

     Running tests/fsyncgate.rs (target/debug/deps/fsyncgate-28a2b4a73cf66ece)

running 2 tests
test fsyncgate_child ... ignored, fsyncgate child body — run only via fsyncgate_fail_stop
test fsyncgate_fail_stop ... ok

test result: ok. 1 passed; 0 failed; 1 ignored; 0 measured; 0 filtered out; finished in 0.38s

     Running tests/fua.rs (target/debug/deps/fua-aebdc7783d2ef10d)

running 6 tests
test s34_rows_are_carried_here ... ok
test fua_in_flight_loses_only_the_unacked_frame ... ok
test seal_flush_in_flight_keeps_later_fua_frames_unacked ... ok
test plain_tail_behind_a_pending_seal_truncates_instead_of_refusing ... ok
test later_frame_durable_earlier_torn_acks_nothing_and_truncates_at_the_first ... ok
test flush_to_fua_transition_keeps_every_acked_record ... ok

test result: ok. 6 passed; 0 failed; 0 ignored; 0 measured; 0 filtered out; finished in 0.03s

     Running tests/ickv3.rs (target/debug/deps/ickv3-12fca64a2baf9cc7)

running 4 tests
test v3_named_unit_with_damaged_padding_fail_stops ... ok
test v3_footer_complete_orphan_without_a_manifest_never_loads ... ok
test v3_named_unit_loads_and_the_tail_replays_over_it ... ok
test v3_mid_section_orphan_is_collected_and_the_old_unit_loads ... ok

test result: ok. 4 passed; 0 failed; 0 ignored; 0 measured; 0 filtered out; finished in 0.00s

     Running tests/matrix.rs (target/debug/deps/matrix-752d418da2a487b1)

running 2 tests
test every_declared_point_has_a_matrix_row ... ok
test matrix_kill_and_recover ... ok

test result: ok. 2 passed; 0 failed; 0 ignored; 0 measured; 0 filtered out; finished in 0.07s

     Running tests/recovery_v2.rs (target/debug/deps/recovery_v2-9b5e0e7b364069f3)

running 9 tests
test s15_rows_are_carried_here ... ok
test s12_rows_are_carried_here ... ok
test tier_fsync_frozen_watermark_bounds_manifest ... ok
test s15_covering_swap_dir_fsync_resolves_and_boot_gc_reclaims ... ok
test s15_unlink_failure_is_nonfatal_and_redriven ... ok
test tier_torn_frame_reseal_from_manifest_v2 ... ok
test manifest_v2_rename_fail_keeps_old_unit ... ok
test s15_covering_swap_abort_serves_from_prior_unit ... ok
test manifest_v2_dir_fsync_crash_resolves_new_unit ... ok

test result: ok. 9 passed; 0 failed; 0 ignored; 0 measured; 0 filtered out; finished in 0.00s

     Running tests/shadow_open_tickets.rs (target/debug/deps/shadow_open_tickets-7a2c53540af02fc4)

running 1 test
test open_ticket_rows_hold_every_plane_path_with_tickets_open ... ok

test result: ok. 1 passed; 0 failed; 0 ignored; 0 measured; 0 filtered out; finished in 3.77s

     Running tests/sidecar.rs (target/debug/deps/sidecar-dcfb2366f9e22e2a)

running 6 tests
test mid_sidecar_write_without_any_published_unit_rebuilds ... ok
test damaged_sidecar_body_rebuilds_one_index_and_boots ... ok
test mid_sidecar_write_orphan_is_harmless_and_collected ... ok
test named_sidecar_unit_boots_loads_and_catches_up ... ok
test a_tail_trip_turns_the_load_into_a_rebuild ... ok
test truncated_published_sidecar_unit_fail_stops ... ok

test result: ok. 6 passed; 0 failed; 0 ignored; 0 measured; 0 filtered out; finished in 0.03s

     Running tests/tier.rs (target/debug/deps/tier-6d51d9ed9f675b6a)

running 10 tests
test m4_rows_are_carried_here ... ok
test tier_footer_torn_reseal_at_watermark ... ok
test tier_short_write_append_fails_typed ... ok
test tier_write_nospace_diskfull_typed_then_automatic_recovery ... ok
test tier_fsync_err_fail_stop ... ok
test reactor_sealed_file_beyond_the_manifest_is_clamped_inert ... ok
test tier_dir_open_fail_stages_nothing_and_the_sealed_file_recovers ... ok
test tier_write_nospace_kill_recovers_at_watermark ... ok
test tier_torn_frame_reseal_at_watermark ... ok
test reactor_seal_barrier_lost_reseals_at_the_manifested_watermark ... ok

test result: ok. 10 passed; 0 failed; 0 ignored; 0 measured; 0 filtered out; finished in 0.00s

     Running tests/tier_direct.rs (target/debug/deps/tier_direct-5e2c12e0311b8bc4)

running 6 tests
test blob_short_write_injects_on_a_direct_extent ... ok
test tier_footer_torn_injects_on_a_direct_tier_file ... ok
test tier_short_write_injects_on_a_direct_tier_file ... ok
test tier_torn_frame_keeps_the_old_sectors_beyond_the_tear ... ok
test tier_torn_frame_lands_on_a_real_direct_fd ... ok
test tier_torn_frame_injects_on_a_direct_tier_file ... ok

test result: ok. 6 passed; 0 failed; 0 ignored; 0 measured; 0 filtered out; finished in 0.00s

     Running unittests src/main.rs (target/debug/deps/inf-446a4e88dba08d8c)

running 6 tests
test reply::tests::incomplete_returns_none ... ok
test reply::tests::nested_array_and_map ... ok
test reply::tests::pipelined_consumes_exactly_one ... ok
test reply::tests::scalars ... ok
test tests::command_encoding_is_resp ... ok
test tests::repl_splitter_handles_quotes ... ok

test result: ok. 6 passed; 0 failed; 0 ignored; 0 measured; 0 filtered out; finished in 0.00s

     Running unittests src/lib.rs (target/debug/deps/inf_alloc-636471cdde050129)

running 36 tests
test aligned::tests::buffers_mut_yields_disjoint_registration_slices ... ok
test aligned::tests::aligned_box_round_trip ... ok
test aligned::tests::double_release_panics - should panic ... ok
test aligned::tests::lease_write_read_release_round_trip ... ok
test aligned::tests::exhaustion_is_backpressure_not_error ... ok
test arena::tests::alloc_free_roundtrip_preserves_bytes ... ok
test arena::tests::budget_exhaustion_is_none_not_growth ... ok
test aligned::tests::every_buffer_is_aligned_and_disjoint ... ok
test arena::tests::bytes_mut_refuses_a_wrapping_len - should panic ... ok
test arena::tests::bytes_refuses_a_wrapping_len - should panic ... ok
test arena::tests::freed_slot_is_reused_before_bump ... ok
test arena::tests::gate_corpus_class_has_zero_slack ... ok
test arena::tests::huge_allocations_map_and_unmap ... ok
test arena::tests::resize_in_place_within_class_only ... ok
test arena::tests::stale_huge_addr_panics_not_ub - should panic ... ok
test buffer_pool::tests::buffers_are_distinct_and_sized ... ok
test buffer_pool::tests::double_release_panics - should panic ... ok
test buffer_pool::tests::exhaustion_is_backpressure_not_growth ... ok
test buffer_pool::tests::promote_unstaged_panics - should panic ... ok
test buffer_pool::tests::staging_lifecycle_promote_and_unstage ... ok
test buffer_pool::tests::reconcile_detects_leak ... ok
test buffer_pool::tests::unstage_free_panics - should panic ... ok
test counting_allocator::tests::delegates_and_counts_allocations ... ok
test counting_allocator::tests::thread_bytes_sum_requested_sizes ... ok
test counting_allocator::tests::thread_counter_ignores_other_threads ... ok
test region::tests::access_to_uncommitted_page_panics_in_debug - should panic ... ok
test region::tests::commit_decommit_at_host_page_interior_offsets ... ok
test region::tests::commit_write_read_round_trip ... ok
test region::tests::decommit_then_recommit_reuses_pages ... ok
test region::tests::decommit_uncommitted_panics - should panic ... ok
test region::tests::double_commit_panics - should panic ... ok
test region::tests::out_of_bounds_access_panics - should panic ... ok
test region::tests::writes_span_page_boundaries ... ok
test buffer_pool::tests::lease_release_storm_reconciles ... ok
test arena::tests::class_table_is_monotonic_and_covers ... ok
test arena::tests::storm_reconciles_byte_exact ... ok

test result: ok. 36 passed; 0 failed; 0 ignored; 0 measured; 0 filtered out; finished in 11.46s

     Running unittests src/main.rs (target/debug/deps/inf_bench-02d37a5a4b5233c7)

running 61 tests
test cli::tests::parses_values_and_bools ... ok
test envcheck::tests::battery_power_fails_ac_passes ... ok
test envcheck::tests::epp_balance_performance_fails ... ok
test cli::tests::require_and_defaults ... ok
test envcheck::tests::allow_dirty_excuses_only_the_dirty_tree ... ok
test envcheck::tests::clean_tree_passes_dirty_tree_fails ... ok
test envcheck::tests::low_power_mode_states ... ok
test cli::tests::rejects_unknown_flag ... ok
test envcheck::tests::git_unavailable_is_skipped_not_failed ... ok
test cli::tests::rejects_duplicate_flag ... ok
test cli::tests::rejects_missing_value_and_positionals ... ok
test envcheck::tests::missing_cpufreq_skips ... ok
test envcheck::tests::performance_governor_passes ... ok
test envcheck::tests::powersave_governor_fails_with_named_cpu ... ok
test finehist::tests::bucket_bounds_tile_the_range_without_gaps ... ok
test envcheck::tests::throttle_counts_zero_pass_nonzero_fail ... ok
test finehist::tests::resolution_at_the_s35_octave_is_two_microseconds ... ok
test finehist::tests::percentile_is_upper_bound_clamped_to_max ... ok
test finehist::tests::small_values_are_exact ... ok
test gates::tests::parses_the_checked_in_gates_file ... ok
test gaterun::tests::a_row_without_write_amplification_refuses_the_report ... ok
test gates::tests::parses_the_m1_gates_file ... ok
test load::tests::skipped_slots_are_counted_from_the_due_slot_and_inside_the_window ... ok
test m45rows::s37measure::tests::an_empty_or_drained_ticket_set_cannot_validate_the_shadow_measurement ... ok
test finehist::tests::merge_adds_counts_and_keeps_max ... ok
test gates::tests::parses_the_m2_gates_file ... ok
test gates::tests::parses_the_m3_gates_file ... ok
test writeamp::tests::blob_aggregate_must_be_the_max_of_its_lines ... ok
test writeamp::tests::blob_bytes_without_a_denominator_is_unbounded ... ok
test writeamp::tests::blob_reported_ratio_must_match_the_recomputation ... ok
test writeamp::tests::blob_split_measures_the_worst_blob_namespace ... ok
test writeamp::tests::blob_split_reports_absence_when_nothing_is_out_of_line ... ok
test writeamp::tests::aggregate_must_be_the_max_of_its_lines ... ok
test writeamp::tests::memory_mode_row_reports_no_tiered_namespace ... ok
test writeamp::tests::tables_without_lines_is_a_broken_surface ... ok
test writeamp::tests::reported_ratio_must_match_the_recomputation ... ok
test writeamp::tests::unbounded_namespace_refuses_to_become_a_number ... ok
test writeamp::tests::worst_namespace_across_cells_is_the_gate_value ... ok
test gates::tests::parses_the_m4_gates_file ... ok
test ycsb::tests::workload_percentages_sum_to_100 ... ok
test ycsb::tests::mem_hit_refuses_too_few_ops_for_a_p999 ... ok
test zipfian::tests::splitmix_is_deterministic ... ok
test ycsb::tests::scan_cursor_parses_and_refuses ... ok
test ycsb::tests::withdrawn_ram_hit_fields_do_not_refuse_a_tiered_row ... ok
test gaterun::tests::device_root_admission_refuses_memory_filesystems_for_binding_and_fua_runs ... ok
test ycsb::tests::a_reference_leg_that_is_not_ram_resident_is_refused ... ok
test ycsb::tests::zipf_uniform_theta_would_fail_validation ... ok
test ycsb::tests::a_generator_config_mismatch_refuses_the_hot_set_citation ... ok
test ycsb::tests::mem_hit_refuses_when_the_populations_overlap ... ok
test ycsb::tests::mem_hit_accepts_the_ram_resident_reference_leg ... ok
test ycsb::tests::mem_hit_still_refuses_a_zero_cold_p50_when_cold_reads_happened ... ok
test ycsb::tests::mem_hit_truncation_recovers_the_memory_population ... ok
test ycsb::tests::mem_hit_refuses_a_cold_dominated_row ... ok
test doc_corpus::tests::checked_manifest_is_the_generator_witness ... ok
test ycsb::tests::mem_hit_tsv_round_trips_through_the_reference_carrier ... ok
test ycsb::tests::zipf_hot_share_matches_analytic ... ok
test ycsb::tests::stream_generation_is_deterministic ... ok
test zipfian::tests::zipf_sampling_is_skewed_and_deterministic ... ok
test doc_corpus::tests::canonical_shapes_are_byte_deterministic_and_contract_sized ... ok
test ycsb::tests::reference_leg_rows_are_judged_on_ram_residency_not_separation ... ok
test doc_corpus::tests::corpus_v2_instances_are_unique_deterministic_and_contract_sized ... ok

test result: ok. 61 passed; 0 failed; 0 ignored; 0 measured; 0 filtered out; finished in 0.32s

     Running unittests src/main.rs (target/debug/deps/inf_compare-cd741dd7feefa007)

running 8 tests
test redisbench::tests::missing_test_is_an_error ... ok
test engine::tests::info_parser_and_selected_deltas_are_explicit ... ok
test redisbench::tests::parses_the_matching_row ... ok
test json::tests::navigates_to_run_aggregate_not_timeserie ... ok
test json::tests::missing_field_is_an_error_not_a_panic ... ok
test json::tests::rejects_trailing_garbage ... ok
test resp::tests::decodes_info_bulk_payload_exactly ... ok
test json::tests::parses_scalars_strings_arrays_and_escapes ... ok

test result: ok. 8 passed; 0 failed; 0 ignored; 0 measured; 0 filtered out; finished in 0.00s

     Running unittests src/lib.rs (target/debug/deps/inf_compute-b028de5359b5df9a)

running 0 tests

test result: ok. 0 passed; 0 failed; 0 ignored; 0 measured; 0 filtered out; finished in 0.00s

     Running unittests src/lib.rs (target/debug/deps/inf_doc-bbc9d51745c4e89b)

running 28 tests
test build::tests::builds_validating_documents ... ok
test build::tests::fragment_has_no_header ... ok
test build::tests::depth_cap_is_typed ... ok
test build::tests::non_finite_is_typed ... ok
test build::tests::size_cap_rejects_before_copy ... ok
test delta::tests::every_opcode_round_trips ... ok
test delta::tests::wrong_kinds_and_trailing_bytes_are_typed ... ok
test emit::tests::primitives_match_safe_oracles ... ok
test emit::tests::append_overlapped_matches_extend ... ok
test header::tests::rejections_are_typed ... ok
test header::tests::round_trip ... ok
test model::tests::duplicate_keys_are_representable_and_order_preserved ... ok
test model::tests::encode_decode_identity_on_a_mixed_document ... ok
test path::cache::tests::capacity_zero_disables_but_still_serves ... ok
test path::cache::tests::compile_failures_are_not_cached ... ok
test path::cache::tests::byte_accounting_is_exact_across_churn ... ok
test path::cache::tests::hit_returns_the_cached_program_and_counts ... ok
test path::cache::tests::lru_evicts_the_coldest_entry ... ok
test path::cache::tests::distinct_texts_are_distinct_keys_even_when_programs_agree ... ok
test path::cache::tests::legacy_and_dollar_mode_share_the_key_space ... ok
test path::cache::tests::namespace_cap_binds_before_the_lookup ... ok
test tape::tests::canonicality_rejections ... ok
test path::cache::tests::multi_victim_eviction_does_not_leak_slots ... ok
test tape::tests::object_pairing_is_enforced ... ok
test tape::tests::container_length_must_cover_exactly ... ok
test tape::tests::traversal_reads_back_what_was_built ... ok
test tape::tests::depth_cap_binds_at_129 ... ok
test path::cache::tests::eviction_keeps_the_structure ... ok

test result: ok. 28 passed; 0 failed; 0 ignored; 0 measured; 0 filtered out; finished in 0.36s

     Running tests/array_slack.rs (target/debug/deps/array_slack-16e2aee53b1a3d25)

running 5 tests
test growth_storm_keeps_array_slack_bounded ... ok
test doc_corpus::tests::checked_manifest_is_the_generator_witness ... ok
test doc_corpus::tests::canonical_shapes_are_byte_deterministic_and_contract_sized ... ok
test splice_storm_keeps_arena_slack_at_zero ... ok
test doc_corpus::tests::corpus_v2_instances_are_unique_deterministic_and_contract_sized ... ok

test result: ok. 5 passed; 0 failed; 0 ignored; 0 measured; 0 filtered out; finished in 0.33s

     Running tests/density.rs (target/debug/deps/density-61de0364aeb44721)

running 4 tests
test doc_corpus::tests::checked_manifest_is_the_generator_witness ... ok
test doc_corpus::tests::canonical_shapes_are_byte_deterministic_and_contract_sized ... ok
test density_budgets_hold_on_the_reference_corpus ... ok
test doc_corpus::tests::corpus_v2_instances_are_unique_deterministic_and_contract_sized ... ok

test result: ok. 4 passed; 0 failed; 0 ignored; 0 measured; 0 filtered out; finished in 0.32s

     Running tests/golden.rs (target/debug/deps/golden-5670dba613b3c30b)

running 2 tests
test dup_keys_get_returns_first_match ... ok
test golden_vectors_decode_forever ... ok

test result: ok. 2 passed; 0 failed; 0 ignored; 0 measured; 0 filtered out; finished in 0.00s

     Running tests/intern_equiv.rs (target/debug/deps/intern_equiv-f0e11fa597f2fd71)

running 0 tests

test result: ok. 0 passed; 0 failed; 0 ignored; 0 measured; 0 filtered out; finished in 0.00s

     Running tests/json_apply.rs (target/debug/deps/json_apply-638423ab6de6f337)

running 40 tests
test arrinsert_positions_include_prepend_append_and_negative ... ok
test arrpop_defaults_clamps_and_reports_pre_image_offsets ... ok
test arrtrim_clamps_empties_and_skips_full_windows ... ok
test clear_overlap_ancestor_supersedes_descendant ... ok
test all_skipped_is_a_no_op_with_no_bytes ... ok
test array_ops_skip_non_arrays ... ok
test clear_on_the_root_empties_the_document ... ok
test clear_empties_containers_and_zeroes_numbers ... ok
test del_on_root_is_a_typed_key_lifecycle_error ... ok
test del_with_no_matches_changes_nothing ... ok
test del_removes_object_members_and_array_elements ... ok
test arrtrim_overlapping_sites_pin_snapshot_semantics ... ok
test del_overlapping_matches_counts_the_pre_state_set ... ok
test indices_beyond_the_u32_width_mutate_nothing ... ok
test merge_multi_match_and_nested_sites ... ok
test arrinsert_out_of_bounds_aborts_the_whole_command ... ok
test arrappend_appends_and_reports_lengths ... ok
test merge_absent_document_strips_nulls_through_object_chains_only ... ok
test arrpop_resolves_popped_values_via_value_at ... ok
test merge_null_is_literal_at_every_selected_value ... ok
test merge_preserves_key_positions_and_appends_new_keys_in_patch_order ... ok
test merge_of_empty_patch_is_a_no_op ... ok
test numincrby_overflow_aborts_the_whole_command ... ok
test merge_overlapping_sites_pin_snapshot_semantics ... ok
test deep_ancestor_chains_re_cover_every_length ... ok
test numincrby_multi_match_skips_non_numbers_in_raw_order ... ok
test numincrby_preserves_integers_across_encoded_widths ... ok
test numincrby_promotes_to_f64_on_float_operands ... ok
test nummultby_overflow_and_non_finite_abort ... ok
test nummultby_multiplies_in_place ... ok
test post_edit_size_cap_aborts_before_output_exists ... ok
test set_member_same_offset_nested_inserts_order_deepest_first ... ok
test set_member_replaces_in_place_and_appends_new_keys ... ok
test set_member_skips_non_object_parents ... ok
test set_replace_swaps_every_match ... ok
test strappend_appends_and_reports_byte_lengths ... ok
test strappend_crosses_string_width_classes ... ok
test rfc_7386_appendix_test_vectors ... ok
test toggle_flips_booleans_only ... ok
test engine_matches_reference_reverse_order_mutation ... ok

test result: ok. 40 passed; 0 failed; 0 ignored; 0 measured; 0 filtered out; finished in 0.05s

     Running tests/json_differential.rs (target/debug/deps/json_differential-2f0a0aefcaf2db5a)

running 4 tests
test oracle_reparse_agrees ... ok
test agrees_with_serde_on_pretty_text ... ok
test parser_output_is_canonical ... ok
test agrees_with_serde_on_compact_text ... ok

test result: ok. 4 passed; 0 failed; 0 ignored; 0 measured; 0 filtered out; finished in 0.06s

     Running tests/json_edges.rs (target/debug/deps/json_edges-ad3b59d749fef99e)

running 13 tests
test depth_cap_binds_at_129 ... ok
test literals_and_their_terminators ... ok
test size_cap_rejects_incrementally ... ok
test error_offsets_are_exact ... ok
test negative_zero_and_float_forms ... ok
test grammar_and_structure ... ok
test duplicate_keys_last_value_first_position ... ok
test string_content_edges ... ok
test standalone_number_token_uses_the_ingest_grammar ... ok
test number_rejections ... ok
test integer_boundaries ... ok
test unicode_escapes_and_surrogates ... ok
test wide_object_duplicates_take_the_sorted_path ... ok

test result: ok. 13 passed; 0 failed; 0 ignored; 0 measured; 0 filtered out; finished in 0.00s

     Running tests/json_fixpoint.rs (target/debug/deps/json_fixpoint-25cc40b1d6e6c9be)

running 9 tests
test options_are_arbitrary_bytes ... ok
test empty_containers_print_compact ... ok
test number_edge_corpus_matches_serde ... ok
test serializer_appends_to_existing_buffer ... ok
test pretty_matches_serde_json_pretty ... ok
test text_round_trip_reproduces_canonical_tape ... ok
test serialize_parse_serialize_is_byte_stable ... ok
test compact_matches_serde_json ... ok
test arena_and_tape_serialize_identically ... ok

test result: ok. 9 passed; 0 failed; 0 ignored; 0 measured; 0 filtered out; finished in 0.06s

     Running tests/json_limits.rs (target/debug/deps/json_limits-5d000ca5c116befb)

running 6 tests
test configured_depth_rejects_downward ... ok
test rejection_error_lines_are_documented ... ok
test text_cap_rejects_before_any_allocation ... ok
test limits_clamp_to_format_ceilings ... ok
test buffer_reuse_survives_rejection ... ok
test pathological_small_token_corpus_hits_the_idoc_bound ... ok

test result: ok. 6 passed; 0 failed; 0 ignored; 0 measured; 0 filtered out; finished in 0.00s

     Running tests/path_eval.rs (target/debug/deps/path_eval-1fa751fa67bee00c)

running 13 tests
test giant_slice_step_resumes_across_a_yield ... ok
test overlap_corpus_ancestor_descendant ... ok
test match_cap_is_a_typed_error ... ok
test resolve_walks_location_paths ... ok
test budgeted_descend_yields_and_resumes ... ok
test giant_slice_steps_yield_the_python_index_set_and_terminate ... ok
test index_beyond_the_u32_width_selects_nothing_on_every_lane ... ok
test selector_semantics_on_the_store_doc ... ok
test visit_break_stops_the_walk ... ok
test visit_streams_the_recorded_matches ... ok
test differential_vs_reference ... ok
test evaluation_is_deterministic ... ok
test budgeted_eval_matches_unbudgeted ... ok

test result: ok. 13 passed; 0 failed; 0 ignored; 0 measured; 0 filtered out; finished in 0.04s

     Running tests/path_grammar.rs (target/debug/deps/path_grammar-31abbb9e9ec352d8)

running 10 tests
test error_offsets_are_exact ... ok
test bytecode_golden_vectors ... ok
test mode_is_recorded_on_the_program ... ok
test program_byte_rejections_are_typed ... ok
test index_fence_splits_the_grammar ... ok
test limits_bind ... ok
test table_invalid_cases_reject_with_the_expected_kind ... ok
test table_valid_cases_parse_and_print_canonically ... ok
test print_parse_round_trip ... ok
test bytecode_round_trip ... ok

test result: ok. 10 passed; 0 failed; 0 ignored; 0 measured; 0 filtered out; finished in 0.02s

     Running tests/path_yield_alloc.rs (target/debug/deps/path_yield_alloc-1c29a3a1568cff09)

running 2 tests
test nightly_inputs_yield_in_constant_bytes_per_yield ... ok
test yield_churn_scales_linearly_with_the_match_set ... ok

test result: ok. 2 passed; 0 failed; 0 ignored; 0 measured; 0 filtered out; finished in 0.71s

     Running tests/roundtrip.rs (target/debug/deps/roundtrip-756f243c31b8168d)

running 5 tests
test morph_abort_is_leak_free ... ok
test push_growth_slack_is_bounded ... ok
test tape_round_trip_is_identity ... ok
test arena_round_trip_and_freeze_stability ... ok
test fragment_is_the_headerless_body ... ok

test result: ok. 5 passed; 0 failed; 0 ignored; 0 measured; 0 filtered out; finished in 0.07s

     Running tests/scalar_patch_alloc.rs (target/debug/deps/scalar_patch_alloc-c681ff5715bb1b43)

running 1 test
test accepted_tape_and_arena_scalar_patches_allocate_nothing ... ok

test result: ok. 1 passed; 0 failed; 0 ignored; 0 measured; 0 filtered out; finished in 0.01s

     Running unittests src/lib.rs (target/debug/deps/inf_fabric-3409bc07ceb23e88)

running 27 tests
test codec::tests::apply_ns_golden_wire_layout ... ok
test codec::tests::encode_rejects_apply_ns_default - should panic ... ok
test codec::tests::encode_rejects_reply_in_batch - should panic ... ok
test codec::tests::hostile_argc_is_truncated_before_any_spill ... ok
test codec::tests::non_minimal_varint_in_frame_is_rejected ... ok
test codec::tests::program_flag_is_canonical_and_apply_only ... ok
test codec::tests::rejects_too_many_apply_args ... ok
test codec::tests::round_trip_every_variant ... ok
test msg::tests::inline_and_spill_round_trip ... ok
test mesh::token_tests::next_token_wraps_at_the_48_bit_width ... ok
test msg::tests::token_packs_origin_and_seq ... ok
test codec::tests::rejects_malformed_frames ... ok
test codec::tests::rejects_apply_ns_default_namespace ... ok
test codec::tests::rejects_invalid_payload_fields ... ok
test codec::tests::rejects_invalid_batches ... ok
test ring::tests::consume_batch_respects_max ... ok
test ring::tests::full_empty_and_wraparound ... ok
test codec::tests::apply_args_beyond_the_inline_width_round_trip ... ok
test ring::tests::publish_batch_stops_at_capacity_without_eating_items ... ok
test ring::tests::non_power_of_two_capacity_panics - should panic ... ok
test ring::tests::unconsumed_items_drop_exactly_once ... ok
test msg::tests::token_seq_overflow_panics - should panic ... ok
test ring::tests::zero_capacity_panics - should panic ... ok
test codec::tests::apply_ns_round_trips_arg_extremes ... ok
test codec::tests::decode_is_total ... ok
test ring::tests::two_thread_stress_sequence_integrity ... ok
test codec::tests::op_sequences_round_trip_byte_exact ... ok

test result: ok. 27 passed; 0 failed; 0 ignored; 0 measured; 0 filtered out; finished in 0.26s

     Running tests/mesh.rs (target/debug/deps/mesh-9005064649d35fc6)

running 9 tests
test batch_costs_one_credit_per_nested_op ... ok
test mesh_rejects_undersized_rings - should panic ... ok
test send_rejects_reply_ops - should panic ... ok
test spill_tripwire_counts_oversize_frames ... ok
test slow_consumer_growth_is_bounded_by_credits_exactly ... ok
test send_flush_drain_reply_returns_credit ... ok
test replies_always_fit_reserved_headroom_under_full_duplex_saturation ... ok
test no_credit_is_exact_and_recovers_after_replies ... ok
test threaded_all_to_all_saturation_quiesces ... ok

test result: ok. 9 passed; 0 failed; 0 ignored; 0 measured; 0 filtered out; finished in 0.02s

     Running unittests src/lib.rs (target/debug/deps/inf_foundation-b78ee53a60e00b2e)

running 40 tests
test addr::tests::advanced_refuses_past_end_of_space ... ok
test addr::tests::offset_from_is_plain_distance ... ok
test addr::tests::raw_round_trip_and_bounds ... ok
test crc::tests::redis_keyslot_vectors ... ok
test crc::tests::hashtag_rules ... ok
test crc::tests::xmodem_reference_vector ... ok
test device::tests::nothing_comparable_is_unverifiable ... ok
test device::tests::uuid_decides_when_both_sides_carry_one ... ok
test fault::tests::nth_fires_exactly_once ... ok
test device::tests::path_and_type_decide_without_uuids ... ok
test fault::tests::probability_is_seed_deterministic ... ok
test fault::tests::from_nth_fires_persistently ... ok
test fault::tests::unarmed_points_never_fire_and_disarm_works ... ok
test hash::tests::avalanche_sanity ... ok
test hash::tests::all_lengths_consume_full_input ... ok
test hash::tests::deterministic_and_seed_sensitive ... ok
test hash::tests::empty_input_is_defined ... ok
test hash::tests::collision_oracle_mode_collides_only_the_forced_shape ... ok
test hash::tests::identity_names_the_secret_without_being_a_key_hash ... ok
test hash::tests::int_hasher_distributes_sequential_tokens ... ok
test hash::tests::int_hasher_width_and_sign_insensitive_widening ... ok
test hash::tests::siphash24_reference_vectors ... ok
test hist::tests::merge_accumulates ... ok
test ids::tests::hash_tags_colocate ... ok
test ids::tests::slot_bounds_unrepresentable ... ok
test local::tests::counter_basics ... ok
test hist::tests::small_values_are_exact ... ok
test hist::tests::relative_error_is_bounded ... ok
test hist::tests::percentiles_are_ordered ... ok
test local::tests::padding_is_128 ... ok
test rng::tests::reference_sequence ... ok
test rng::tests::next_below_stays_in_bounds ... ok
test time::tests::std_clock_is_monotonic ... ok
test hash::tests::key_hasher_is_keyed_and_spreads_the_hash64_zero_family ... ok
test time::tests::virtual_clock_advances ... ok
test varint::tests::non_minimal_is_rejected ... ok
test varint::tests::overlong_is_rejected ... ok
test varint::tests::round_trip_edges ... ok
test varint::tests::truncated_is_none ... ok
test hash::tests::siphash13_matches_the_standard_library ... ok

test result: ok. 40 passed; 0 failed; 0 ignored; 0 measured; 0 filtered out; finished in 0.00s

     Running unittests src/lib.rs (target/debug/deps/inf_log-f0c6b5a8bd9cc910)

running 112 tests
test blob::tests::names_parse_back_and_foreign_names_do_not ... ok
test blob::tests::staging_stays_bounded_regardless_of_value_size ... ok
test blob::tests::listing_returns_extent_ids_only_and_tolerates_absence ... ok
test blob::tests::a_torn_image_is_incomplete_never_a_panic ... ok
test blob::tests::unlink_reclaims_and_the_fault_defers_nonfatally ... ok
test blob::tests::quarantine_revive_and_second_verdict_lifecycle ... ok
test ckpt::tests::counts_hop_fallback_covers_every_v2_section_class ... ok
test blob::tests::the_header_is_the_ground_truth_the_sweep_reads ... ok
test ckpt::tests::every_section_block_costs_two_dependent_reads ... ok
test ckpt::tests::file_names_round_trip ... ok
test ckpt::tests::blob_ref_sections_round_trip_and_audit ... ok
test ckpt::tests::every_section_class_is_bounded_by_the_loader_config ... ok
test ckpt::tests::round_trips_and_audits ... ok
test ckpt::tests::idx_sidecar_sections_round_trip_and_audit ... ok
test ckpt::tests::derived_checkpoint_interval_is_clamped_to_the_recovery_gate ... ok
test ckpt::tests::staging_orphan_never_parses_as_complete ... ok
test ckpt::tests::v2_live_set_round_trips_and_audits ... ok
test ckpt::tests::the_footer_probe_hits_with_an_empty_namespace ... ok
test commit::tests::a_discretionary_barrier_never_enters_a_full_pipeline ... ok
test commit::tests::a_due_frame_waits_behind_in_flight_plain_frames_then_links ... ok
test commit::tests::always_traffic_makes_the_frame_sync ... ok
test commit::tests::boot_barrier_completion_never_covers_data ... ok
test ckpt::tests::version_gates_hold ... ok
test commit::tests::boot_barriers_fence_acks_by_ledger_order ... ok
test commit::tests::completion_issue_fires_only_with_a_reserved_linked_slot ... ok
test commit::tests::dues_accumulate_behind_the_in_flight_sync ... ok
test commit::tests::everysec_due_survives_a_standalone_that_leaves_a_frame_in_flight ... ok
test commit::tests::everysec_tick_is_free_when_clean_and_dedupes_against_pending ... ok
test ckpt::tests::v3_refuses_a_non_zero_padding_byte ... ok
test ckpt::tests::counts_peek_matches_the_streamed_footer ... ok
test commit::tests::everysec_tick_is_not_idle_while_records_are_staged ... ok
test commit::tests::failed_fsync_freezes_the_watermark ... ok
test commit::tests::k_write_through_frames_in_flight_ack_only_on_the_prefix ... ok
test commit::tests::late_front_write_fills_the_reorder_window_then_the_plan_waits ... ok
test blob::tests::extent_round_trips_across_frame_boundaries ... ok
test ckpt::tests::v3_covers_every_section_class ... ok
test commit::tests::linked_fsync_latency_rebases_at_write_completion ... ok
test ckpt::tests::v3_block_stays_aligned_when_a_record_outruns_the_section_target ... ok
test commit::tests::pipeline_bound_two_allows_a_second_linked_sync_and_no_more ... ok
test commit::tests::prealloc_barrier_is_coverage_neutral ... ok
test commit::tests::rebase_clock_ignores_completed_and_failed_tickets ... ok
test commit::tests::queueing_into_a_full_reorder_window_panics - should panic ... ok
test commit::tests::recycled_segment_frames_are_fenced_behind_the_rename_barrier ... ok
test commit::tests::rotation_seal_and_linked_sync_respect_the_flush_bound ... ok
test commit::tests::standalone_covers_written_not_queued ... ok
test commit::tests::watermark_advances_only_on_completion_and_by_done_prefix ... ok
test commit::tests::write_through_completes_at_log_written_and_skips_the_pipeline_bound ... ok
test blob::tests::short_reads_are_looped_never_reported_as_corruption ... ok
test commit::tests::write_through_in_flight_does_not_block_a_flush_class_sync ... ok
test commit::tests::write_through_is_never_held_and_a_seal_ahead_restores_the_prefix ... ok
test commit::tests::write_through_into_a_full_window_panics - should panic ... ok
test commit::tests::write_through_requires_the_durable_prefix ... ok
test commit::tests::write_through_tickets_behind_a_wedged_front_are_bounded ... ok
test commit::tests::written_for_a_popped_frame_panics - should panic ... ok
test commit::tests::written_prefix_is_completion_ordered ... ok
test commit::tests::zero_fill_barrier_is_coverage_neutral ... ok
test effect::tests::every_effect_round_trips_through_its_record ... ok
test flush::tests::drive_flip_with_a_staged_round_panics - should panic ... ok
test flush::tests::a_failed_creation_stages_nothing ... ok
test flush::tests::fsync_failure_is_fatal_typed ... ok
test flush::tests::a_failed_rotation_keeps_only_the_seal_it_staged ... ok
test flush::tests::non_contiguous_range_without_gap_seal_panics - should panic ... ok
test flush::tests::capacity_rotation_seals_at_range_boundaries ... ok
test flush::tests::queued_gap_orders_seal_before_crossing ... ok
test frame::tests::first_lsn_offset_inside_the_header_is_a_decode_error ... ok
test flush::tests::drive_flip_with_staged_seam_frames_panics - should panic ... ok
test frame::tests::first_lsn_offset_past_the_offset_ceiling_is_a_decode_error ... ok
test flush::tests::queued_capacity_seal_commits_at_completion ... ok
test fs::sim::stall_tests::bandwidth_term_queues_every_class_on_one_byte_timeline ... ok
test flush::tests::sealed_handles_drain_once_in_seal_order ... ok
test ckpt::tests::v3_round_trips_on_aligned_blocks_and_audits ... ok
test frame::tests::frame_ending_at_the_offset_ceiling_decodes_and_walks ... ok
test fs::sim::stall_tests::plain_writes_defer_only_when_armed_and_off_the_flush_timeline ... ok
test fs::sim::stall_tests::power_cut_resets_the_timeline_but_not_the_stream ... ok
test flush::tests::gap_seal_and_confirmable_end ... ok
test fs::sim::stall_tests::unarmed_disk_schedules_nothing ... ok
test fs::sim::stall_tests::wedge_delays_every_nth_plain_write_only ... ok
test lsn::tests::advance_stays_in_segment ... ok
test fs::sim::stall_tests::episodes_wedge_the_device_for_tens_of_ms ... ok
test lsn::tests::lsn_orders_by_segment_then_offset ... ok
test fs::sim::stall_tests::schedule_is_deterministic_and_fifo ... ok
test lsn::tests::segment_len_bound_is_the_representable_end ... ok
test flush::tests::seam_window_never_reaches_the_pool_across_a_drive_switch ... ok
test flush::tests::queued_round_defers_durability_to_completion ... ok
test lsn::tests::to_u64_preserves_order ... ok
test manifest::tests::every_field_violation_is_named ... ok
test manifest::tests::legacy_epochs_are_refused_by_name ... ok
test manifest::tests::every_tier_violation_is_named ... ok
test manifest::tests::roundtrip_is_byte_exact ... ok
test record::tests::all_variants_round_trip ... ok
test manifest::tests::tiered_roundtrip_and_truncation ... ok
test record::tests::cold_displace_round_trips_canonically ... ok
test record::tests::key_overrun_is_detected ... ok
test record::tests::ckpt_begin_rejects_trailing_bytes ... ok
test record::tests::truncation_is_detected ... ok
test record::tests::unknown_type_and_flags_fail_stop ... ok
test segment::tests::segment_names_are_canonical ... ok
test staging::frames_in_flight_tests::auto_is_class_derived_and_fixed_wins ... ok
test tier::tests::corruption_is_detected_per_frame ... ok
test tier::tests::non_contiguous_append_panics - should panic ... ok
test tier::tests::inspect_rejects_hostile_images_typed ... ok
test tier::tests::round_refuses_the_257th_op - should panic ... ok
test tier::tests::append_sync_extract_round_trip ... ok
test tier::tests::recover_seal_refuses_mismatch_and_corruption ... ok
test tier::tests::direct_mode_round_trip_on_real_fs ... ok
test tier::tests::tail_frame_extends_across_syncs ... ok
test tier::tests::recover_seal_truncates_to_the_manifested_watermark ... ok
test tier::tests::seal_footer_inspect_round_trip ... ok
test blob::tests::write_faults_abandon_the_extent_typed ... ok
test ckpt::tests::v2_hybrid_round_trips_and_audits ... ok
test ckpt::tests::single_byte_corruption_is_always_caught ... ok
test ckpt::tests::a_partial_section_never_grows_past_the_loader_bound ... ok

test result: ok. 112 passed; 0 failed; 0 ignored; 0 measured; 0 filtered out; finished in 0.68s

     Running tests/boot_scan.rs (target/debug/deps/boot_scan-e52fe1a2203477ca)

running 6 tests
test missing_dir_is_io_error ... ok
test empty_dir_is_a_clean_fresh_boot ... ok
test padded_duplicate_is_named ... ok
test interior_gap_is_named ... ok
test foreign_files_are_named ... ok
test contiguous_ranges_scan_clean ... ok

test result: ok. 6 passed; 0 failed; 0 ignored; 0 measured; 0 filtered out; finished in 0.02s

     Running tests/direct_segments.rs (target/debug/deps/direct_segments-dc5a1a527d1c4297)

running 18 tests
test frames_above_fua_max_are_not_write_through ... ok
test frame_iter_follows_each_frames_successor_rule ... ok
test not_ready_rotation_waits_for_the_slice_then_degrades_loudly ... ok
test reopen_reads_the_prezeroed_fact_from_the_file ... ok
test direct_rotor_on_memfs_writes_aligned_write_through_frames ... ok
test sim_write_through_needs_no_fdatasync ... ok
test v3_frame_is_v2_with_an_aligned_successor ... ok
test sim_write_through_is_durable_and_supersedes_overlaps ... ok
test zero_fill_then_class_upgrade_rotation ... ok
test sync_tier_torn_points_inject_on_a_direct_segment ... ok
test reader_skips_padding_across_window_boundaries ... ok
test sim_write_through_into_a_hole_rides_the_cut ... ok
test std_direct_segment_reports_allocation_honestly ... ok
test tail_scan_skips_v3_padding ... ok
test packed_tail_reopens_buffered_under_a_direct_rotor_and_upgrades_at_rotation ... ok
test reopen_after_a_torn_zero_fill_runs_flush_class ... ok
test sim_torn_zero_fill_is_not_fully_allocated ... ok
test zero_fill_is_paced_by_the_active_segments_fill ... ok

test result: ok. 18 passed; 0 failed; 0 ignored; 0 measured; 0 filtered out; finished in 0.28s

     Running tests/fault_points.rs (target/debug/deps/fault_points-607c7e8954571ac9)

running 8 tests
test dir_fsync_fail_fires_at_every_barrier_class ... ok
test log_append_short_write_fails_the_append_and_leaves_a_short_prefix ... ok
test dir_fsync_fail_fires_at_the_recycle_rename_barrier ... ok
test fsync_err_fails_the_seal_typed_and_non_recoverable ... ok
test torn_frame_lands_a_prefix_and_lies ... ok
test prealloc_no_space_fires_the_enospc_discipline ... ok
test manifest_rename_fail_leaves_the_old_unit_authoritative ... ok
test power_cut_after_seal_leaves_a_durable_sealed_segment ... ok

test result: ok. 8 passed; 0 failed; 0 ignored; 0 measured; 0 filtered out; finished in 0.00s

     Running tests/frame_roundtrip.rs (target/debug/deps/frame_roundtrip-c6b2e89e3815d7e2)

running 5 tests
test builder_reuse_is_clean ... ok
test minimal_frame_round_trips ... ok
test truncation_never_decodes ... ok
test single_byte_corruption_is_detected ... ok
test frames_round_trip_byte_exact ... ok

test result: ok. 5 passed; 0 failed; 0 ignored; 0 measured; 0 filtered out; finished in 0.22s

     Running tests/group_commit_loop.rs (target/debug/deps/group_commit_loop-a0039277ee7c0d9a)

running 9 tests
test failed_write_cancels_linked_fsync_and_freezes_watermark ... ok
test short_write_delivers_exactly_one_sync_after_full_coverage ... ok
test fsync_failure_freezes_watermark_and_emits_zero_acks ... ok
test everysec_only_load_never_touches_the_gate ... ok
test log_ops_ride_the_single_iteration_submit ... ok
test mixed_load_one_write_per_iteration_replays_identically ... ok
test every_seal_gets_its_fsync_and_segments_replay ... ok
test four_frames_in_flight_pipeline_rotates_drained_and_replays_identically ... ok
test everysec_fires_within_tolerance_24h_virtual ... ok

test result: ok. 9 passed; 0 failed; 0 ignored; 0 measured; 0 filtered out; finished in 6.30s

     Running tests/manifest_swap.rs (target/debug/deps/manifest_swap-ddefd377deb2cc1b)

running 3 tests
test old_unit_survives_until_the_new_manifest_is_durable ... ok
test gaps_below_the_floor_are_stale_not_errors ... ok
test crash_at_every_swap_step_recovers_old_or_new_never_both_partial ... ok

test result: ok. 3 passed; 0 failed; 0 ignored; 0 measured; 0 filtered out; finished in 0.00s

     Running tests/meta_swap.rs (target/debug/deps/meta_swap-3d6dba6877760522)

running 11 tests
test absent_meta_reads_none ... ok
test empty_payload_round_trips ... ok
test flipped_payload_byte_is_a_crc_mismatch ... ok
test bad_magic_is_named ... ok
test fsync_failure_aborts_the_swap_and_preserves_old_meta ... ok
test rewrite_replaces_previous_payload ... ok
test round_trip_over_mem_fs ... ok
test stale_staging_debris_does_not_break_the_next_swap ... ok
test trailing_bytes_are_a_length_mismatch ... ok
test truncated_file_is_named ... ok
test std_fs_round_trip_smoke ... ok

test result: ok. 11 passed; 0 failed; 0 ignored; 0 measured; 0 filtered out; finished in 0.00s

     Running tests/prealloc_unsynced.rs (target/debug/deps/prealloc_unsynced-adcb4cfa17ed16e3)

running 1 test
test deferred_prealloc_reboots_short_and_reopens_as_the_empty_tail ... ok

test result: ok. 1 passed; 0 failed; 0 ignored; 0 measured; 0 filtered out; finished in 0.00s

     Running tests/reader_roundtrip.rs (target/debug/deps/reader_roundtrip-f692e1ef2d250898)

running 9 tests
test foreign_bytes_at_a_frame_boundary_are_bad_magic ... ok
test next_step_carries_the_end_and_repeats_a_terminal_error ... ok
test tail_ends_are_facts_zero_tail_and_file_end ... ok
test misdirected_frame_is_an_lsn_mismatch ... ok
test interior_corruption_is_a_typed_error_never_a_skip ... ok
test torn_tail_surfaces_as_typed_truncation_facts ... ok
test read_end_feeds_open_existing_round_trip ... ok
test random_grouping_and_geometry_round_trip ... ok
test million_random_writes_replay_byte_identically ... ok

test result: ok. 9 passed; 0 failed; 0 ignored; 0 measured; 0 filtered out; finished in 0.65s

     Running tests/residue_scan_cost.rs (target/debug/deps/residue_scan_cost-e0672950948a4907)

running 1 test
test residue_scan_cost ... ok

test result: ok. 1 passed; 0 failed; 0 ignored; 0 measured; 0 filtered out; finished in 0.00s

     Running tests/segment_lifecycle.rs (target/debug/deps/segment_lifecycle-46d3f6e3798474d1)

running 8 tests
test edquot_is_the_disk_full_class ... ok
test fsync_failure_on_seal_is_fatal ... ok
test oversized_frame_is_rejected ... ok
test enospc_surfaces_in_maintain_before_writes_need_it ... ok
test time_seal_fires_only_when_configured_and_dirty ... ok
test rotation_is_pointer_swap_with_preallocated_next ... ok
test std_fs_lifecycle_smoke ... ok
test unmaintained_rotation_counts_inline_prealloc ... ok

test result: ok. 8 passed; 0 failed; 0 ignored; 0 measured; 0 filtered out; finished in 0.00s

     Running tests/segment_prealloc_wait.rs (target/debug/deps/segment_prealloc_wait-d3c6a1e92f854b0d)

running 13 tests
test policy_spellings_round_trip ... ok
test the_first_generation_after_boot_preallocates_at_once ... ok
test a_packed_tail_reopened_buffered_never_waits ... ok
test the_eighth_bound_expires_at_an_eighth ... ok
test time_sealing_rotors_never_wait ... ok
test enospc_on_the_fallback_is_found_at_the_bound_and_retries_without_a_second_wait ... ok
test a_recovered_prezeroed_tail_preallocates_at_once_then_waits_from_its_second_generation ... ok
test an_empty_pool_expires_the_wait_into_exactly_one_fresh_fallback_at_the_bound ... ok
test the_immediate_policy_never_waits ... ok
test pool_arrival_before_the_bound_satisfies_the_wait_with_the_recycled_segment ... ok
test a_pool_arrival_whose_open_fails_ends_the_wait_and_falls_back_fresh ... ok
test a_pool_arrival_after_expiry_serves_the_following_generation ... ok
test the_fallbacks_zero_fill_is_paced_from_its_origin_and_completes_before_rotation ... ok

test result: ok. 13 passed; 0 failed; 0 ignored; 0 measured; 0 filtered out; finished in 0.77s

     Running tests/segment_recycle.rs (target/debug/deps/segment_recycle-7c275ce0bc4420ac)

running 9 tests
test foreign_segment_fuzz_seed ... ok
test an_empty_pool_is_a_counted_miss_that_zero_fills ... ok
test a_pooled_file_that_reads_sparse_falls_back_to_the_fill ... ok
test a_failed_rename_falls_back_to_a_fresh_prealloc ... ok
test a_failed_open_of_the_pooled_file_falls_back_and_never_wedges_the_rotor ... ok
test recycling_off_or_buffered_never_pools ... ok
test covered_prezeroed_segment_is_pooled_and_renamed_into_the_next_id ... ok
test recycled_residue_reads_as_foreign_segment_frames_never_data ... ok
test pool_is_bounded_and_the_overflow_is_unlinked ... ok

test result: ok. 9 passed; 0 failed; 0 ignored; 0 measured; 0 filtered out; finished in 0.00s

     Running tests/sim_disk.rs (target/debug/deps/sim_disk-a7062318ec47c0df)

running 12 tests
test cut_after_ops_kills_then_power_cut_revives ... ok
test create_without_dir_fsync_may_vanish_despite_fdatasync ... ok
test remove_without_dir_fsync_may_resurrect ... ok
test handles_follow_inodes_and_cross_dir_renames_refuse ... ok
test driver_ops_execute_against_the_same_layers ... ok
test metadata_survival_is_a_prefix_of_issue_order ... ok
test fsync_is_the_only_data_barrier ... ok
test unsynced_prealloc_length_is_pending_until_a_barrier ... ok
test un_synced_overwrites_reorder ... ok
test same_seed_yields_byte_identical_surviving_image ... ok
test rename_is_ordered_only_by_dir_fsync ... ok
test tears_have_sector_granularity ... ok

test result: ok. 12 passed; 0 failed; 0 ignored; 0 measured; 0 filtered out; finished in 0.00s

     Running tests/sim_faults.rs (target/debug/deps/sim_faults-3966f1bb5e0156a3)

running 3 tests
test write_eio_lands_nothing ... ok
test read_eio_is_one_file_one_op ... ok
test recovery_read_eio_is_typed_never_a_torn_tail ... ok

test result: ok. 3 passed; 0 failed; 0 ignored; 0 measured; 0 filtered out; finished in 0.00s

     Running tests/staging_alloc.rs (target/debug/deps/staging_alloc-a4f6e9143b4e4deb)

running 1 test
test append_path_performs_zero_heap_allocations ... ok

test result: ok. 1 passed; 0 failed; 0 ignored; 0 measured; 0 filtered out; finished in 0.04s

     Running tests/staging_ring.rs (target/debug/deps/staging_ring-d6edefc8ac3d4d1b)

running 7 tests
test accounting_is_exact_at_every_append_and_drain_site ... ok
test backlogged_ring_keeps_staging_and_stays_bounded ... ok
test ring_of_k_plus_one_buffers_releases_leases_in_any_order ... ok
test stale_token_is_rejected_by_generation_check - should panic ... ok
test flush_into_releases_the_lease_when_the_write_fails ... ok
test full_ring_refuses_with_typed_backpressure_and_bounded_memory ... ok
test storm_loses_and_reorders_nothing ... ok

test result: ok. 7 passed; 0 failed; 0 ignored; 0 measured; 0 filtered out; finished in 0.01s

     Running tests/tail_bounds.rs (target/debug/deps/tail_bounds-0e4889b5f7283ad4)

running 3 tests
test largest_representable_segment_keeps_exact_offsets ... ok
test oversized_segment_is_invalid_data ... ok
test oversized_segment_is_refused_by_the_replay_reader ... ok

test result: ok. 3 passed; 0 failed; 0 ignored; 0 measured; 0 filtered out; finished in 0.00s

     Running tests/tail_scan.rs (target/debug/deps/tail_scan-b842b173654da8c0)

running 11 tests
test from_beyond_file_size_is_all_zero ... ok
test crc_damaged_frame_is_garbage_not_data ... ok
test frame_spanning_the_chunk_boundary_is_found ... ok
test magic_at_eof_without_room_is_garbage ... ok
test magic_claiming_more_bytes_than_the_file_holds_is_garbage ... ok
test mislocated_remnant_frame_is_garbage_not_data ... ok
test garbage_before_a_validating_frame_still_finds_the_frame ... ok
test remnant_bytes_without_a_frame_are_garbage ... ok
test zero_runs_larger_than_the_window_are_skipped ... ok
test validating_frame_after_a_zero_gap_is_found ... ok
test pristine_tail_is_all_zero ... ok

test result: ok. 11 passed; 0 failed; 0 ignored; 0 measured; 0 filtered out; finished in 0.00s

     Running tests/watermark_acks.rs (target/debug/deps/watermark_acks-45c81f1db28a9240)

running 2 tests
test no_ack_before_covering_fsync_across_random_schedules ... ok
test wake_storm_50k_drains_under_the_execute_budget ... ok

test result: ok. 2 passed; 0 failed; 0 ignored; 0 measured; 0 filtered out; finished in 0.06s

     Running unittests src/lib.rs (target/debug/deps/inf_probe-07a025ca461475d4)

running 9 tests
test evict::tests::a_missing_directory_is_an_error ... ok
test tests::a_refused_direct_class_renders_flush_with_the_reason ... ok
test tests::quoted_escapes ... ok
test tests::recommendation_follows_the_rule ... ok
test tests::schema_2_rows_derive_from_the_direct_rows ... ok
test tests::identity_readers_parse_the_kernel_formats ... ok
test tests::rendered_file_parses_as_the_flat_subset ... ok
test evict::tests::evicts_every_regular_file_under_the_directory ... ok
test tests::identity_of_never_fails ... ok

test result: ok. 9 passed; 0 failed; 0 ignored; 0 measured; 0 filtered out; finished in 0.00s

     Running unittests src/lib.rs (target/debug/deps/inf_query-8dba9c2abbf0cd91)

running 52 tests
test access::tests::explain_renders_hex_for_non_canonical_edges ... ok
test access::tests::encode_refuses_invalid_states ... ok
test access::tests::from_bytes_rejects_each_corruption_class ... ok
test partiql::cache::tests::capacity_zero_disables_but_still_serves ... ok
test access::tests::round_trips_every_step_kind ... ok
test partiql::cache::tests::epoch_invalidation_recompiles_and_can_reject ... ok
test partiql::cache::tests::hit_returns_the_cached_statement_and_counts ... ok
test partiql::cache::tests::lru_evicts_the_coldest_entry ... ok
test partiql::cache::tests::spelling_variants_are_distinct_keys ... ok
test predicate::program::tests::encoder_depth_boundary_matches_validator ... ok
test predicate::program::tests::depth_boundary_is_exact ... ok
test partiql::cache::tests::rejections_are_never_cached ... ok
test partiql::cache::tests::invalidation_keeps_the_table_consistent ... ok
test partiql::cache::tests::multi_victim_eviction_does_not_leak_slots ... ok
test predicate::program::tests::encoder_rejects_out_of_bounds_trees ... ok
test predicate::program::tests::golden_exists_program ... ok
test predicate::program::tests::golden_and_ge_begins_with ... ok
test predicate::program::tests::golden_pool_dedup_shares_ids ... ok
test predicate::program::tests::minus_zero_normalizes_to_plus_zero ... ok
test predicate::program::tests::rejects_bad_embedded_paths ... ok
test predicate::program::tests::rejects_count_violations ... ok
test predicate::program::tests::rejects_every_proper_prefix ... ok
test predicate::program::tests::rejects_non_canonical_constants ... ok
test predicate::program::tests::rejects_header_damage ... ok
test predicate::program::tests::rejects_non_minimal_varints ... ok
test predicate::program::tests::rejects_pool_reference_violations ... ok
test predicate::program::tests::rejects_trailing_bytes ... ok
test partiql::cache::tests::cache_hot_mix_hits_over_99_percent ... ok
test predicate::program::tests::rejects_too_many_ops ... ok
test predicate::program::tests::rejects_type_family_violations ... ok
test predicate::program::tests::rejects_unknown_opcodes ... ok
test predicate::program::tests::round_trip_covers_every_leaf_shape ... ok
test predicate::vm::tests::between_semantics ... ok
test predicate::vm::tests::begins_with_semantics ... ok
test predicate::vm::tests::connective_stack_boundary_and_or_skip ... ok
test predicate::vm::tests::deep_member_chain_spills_correctly ... ok
test predicate::vm::tests::cross_type_cells_are_false_with_flag ... ok
test predicate::vm::tests::evaluation_is_deterministic ... ok
test predicate::vm::tests::exists_semantics ... ok
test predicate::vm::tests::fuel_exhaustion_boundary_is_exact ... ok
test predicate::vm::tests::fuel_accounting_goldens ... ok
test predicate::vm::tests::existential_multi_match_and_ne_vs_not_eq ... ok
test predicate::vm::tests::in_semantics ... ok
test predicate::vm::tests::numeric_pair_is_the_one_coercing_cell ... ok
test predicate::vm::tests::missing_path_semantics ... ok
test predicate::vm::tests::wide_wildcard_work_is_budgeted ... ok
test predicate::program::tests::encoder_rejects_pool_and_size_overflow ... ok
test predicate::program::tests::arbitrary_bytes_never_panic ... ok
test predicate::program::tests::single_byte_mutations_stay_total_and_canonical ... ok
test predicate::program::tests::round_trip_is_byte_exact ... ok
test partiql::cache::tests::eviction_and_invalidation_keep_the_structure ... ok
test partiql::cache::tests::eviction_and_invalidation_never_panic ... ok

test result: ok. 52 passed; 0 failed; 0 ignored; 0 measured; 0 filtered out; finished in 6.23s

     Running tests/count_paging.rs (target/debug/deps/count_paging-2f23fa9016128e19)

running 6 tests
test suspension_resumes_without_loss ... ok
test resume_is_exact_mid_key ... ok
test limit_caps_the_total_across_pages ... ok
test count_pages_sum_to_truth_under_mutation ... ok
test resume_below_the_lower_edge_serves_nothing_out_of_range ... ok
test resume_pairs_never_widen_the_range ... ok

test result: ok. 6 passed; 0 failed; 0 ignored; 0 measured; 0 filtered out; finished in 0.03s

     Running tests/partiql_bounds.rs (target/debug/deps/partiql_bounds-8ade6104270838ae)

running 6 tests
test bool_boundary_corpus ... ok
test utf8_literal_at_the_exact_encoded_cap_compiles ... ok
test bounds_agree_with_the_vm ... ok
test folded_bounds_agree_with_the_vm ... ok
test utf8_boundary_corpus ... ok
test numeric_boundary_corpus ... ok

test result: ok. 6 passed; 0 failed; 0 ignored; 0 measured; 0 filtered out; finished in 0.06s

     Running tests/partiql_suite.rs (target/debug/deps/partiql_suite-b3ecc5fab2468e54)

running 1 test
test partiql_suite_matches_golden ... ok

test result: ok. 1 passed; 0 failed; 0 ignored; 0 measured; 0 filtered out; finished in 0.01s

     Running tests/predicate_alloc.rs (target/debug/deps/predicate_alloc-a11bc02758d0d57a)

running 1 test
test eval_path_allocates_nothing ... ok

test result: ok. 1 passed; 0 failed; 0 ignored; 0 measured; 0 filtered out; finished in 0.04s

     Running tests/predicate_differential.rs (target/debug/deps/predicate_differential-cf26217b85e2944d)

running 2 tests
test pinned_divergence_candidates ... ok
test vm_matches_reference ... ok

test result: ok. 2 passed; 0 failed; 0 ignored; 0 measured; 0 filtered out; finished in 0.10s

     Running unittests src/lib.rs (target/debug/deps/inf_replica-7cded7406b6dafc4)

running 0 tests

test result: ok. 0 passed; 0 failed; 0 ignored; 0 measured; 0 filtered out; finished in 0.00s

     Running unittests src/lib.rs (target/debug/deps/inf_runtime-44c32c6d66799d96)

running 42 tests
test budget::tests::a_class_past_its_cap_overflows_into_the_shared_pool ... ok
test budget::tests::a_refund_returns_tokens_up_to_the_cap_and_corrects_the_counters ... ok
test budget::tests::an_unbudgeted_dimension_never_defers_on_that_axis ... ok
test budget::tests::an_absent_model_grants_everything_and_still_counts ... ok
test budget::tests::caps_are_one_burst_horizon_and_never_below_one_slice ... ok
test budget::tests::share_divides_every_rate_by_the_cell_count ... ok
test budget::tests::an_unconditional_charge_drains_the_deficit_and_counts ... ok
test budget::tests::the_checkpoint_keeps_up_with_the_log_at_foreground_saturation ... ok
test budget::tests::seal_pace_paces_a_pipelined_cell_and_never_a_drained_one ... ok
test budget::tests::a_fast_idle_loop_still_grants_ops_through_the_carry ... ok
test cold::tests::cancellation_after_delivery_releases_with_the_parked_value ... ok
test budget::tests::reads_and_writes_are_separate_directions ... ok
test budget::tests::refill_is_monotone_and_a_stalled_clock_is_a_no_op ... ok
test budget::tests::foreground_spend_reduces_the_grant_to_the_floor_and_no_further ... ok
test cold::tests::cancellation_before_completion_releases_at_the_gate ... ok
test cold::tests::adjacent_reads_coalesce_and_fan_out ... ok
test cold::tests::cancellation_while_queued_spends_no_device_read ... ok
test cold::tests::coalesce_ratio_follows_the_d5_definition ... ok
test cold::tests::errored_read_returns_custody_typed ... ok
test cold::tests::latency_measures_the_delta_not_the_absolute_clock ... ok
test cold::tests::deficit_split_meters_contention_three_to_one ... ok
test cold::tests::merging_never_crosses_descriptors ... ok
test cold::tests::merged_read_survives_partial_cancellation ... ok
test cold::tests::merging_never_crosses_files ... ok
test cold::tests::qd_cap_holds_and_overflow_drains_fifo ... ok
test cold::tests::queue_full_refuses_without_side_effects ... ok
test cold::tests::pool_dry_stalls_drain_and_recovers ... ok
test cold::tests::resumed_read_owns_then_releases_custody ... ok
test sched::tests::charge_is_saturating ... ok
test net::tests::two_listeners_share_a_port ... ok
test sched::tests::maintenance_keeps_progressing_under_foreground_load ... ok
test sched::tests::weighted_refill_and_cap ... ok
test timer::tests::cancel_prevents_fire_and_detects_stale ... ok
test timer::tests::idle_jump_does_not_walk_ticks ... ok
test timer::tests::fires_in_order_at_deadline ... ok
test token::tests::oversized_slot_panics - should panic ... ok
test timer::tests::next_deadline_is_conservative ... ok
test token::tests::unknown_class_byte_is_rejected ... ok
test token::tests::round_trips_all_fields ... ok
test timer::tests::cascades_across_levels ... ok
test cold::tests::latency_percentile_holds_past_u32_sample_counts ... ok
test budget::tests::two_budgets_fed_the_same_sequence_agree_exactly ... ok

test result: ok. 42 passed; 0 failed; 0 ignored; 0 measured; 0 filtered out; finished in 0.01s

     Running tests/accept_exhaustion.rs (target/debug/deps/accept_exhaustion-f3297e0be5026bf0)

running 2 tests
test table_agrees_on_every_backend ... ok
test emfile_parks_the_arm_and_a_close_resumes_it ... ok

test result: ok. 2 passed; 0 failed; 0 ignored; 0 measured; 0 filtered out; finished in 0.56s

     Running tests/cold_hardened.rs (target/debug/deps/cold_hardened-3fd720a9f3508eb0)

running 2 tests
test cancellation_and_unlink_discipline_on_uring ... ok
test cold_reads_share_the_cell_with_hot_commands ... ok

test result: ok. 2 passed; 0 failed; 0 ignored; 0 measured; 0 filtered out; finished in 0.01s

     Running tests/driver_conformance.rs (target/debug/deps/driver_conformance-80c1ff5b20125f8c)

running 5 tests
test pool_exhaustion_pauses_and_resumes_recv ... ok
test peer_close_delivers_eof_recv ... ok
test accept_recv_echo_send_close_roundtrip ... ok
test close_cancels_blocked_sends_and_returns_buffers ... ok
test buffer_lifecycle_storm_reconciles_to_zero ... ok

test result: ok. 5 passed; 0 failed; 0 ignored; 0 measured; 0 filtered out; finished in 0.03s

     Running tests/executor.rs (target/debug/deps/executor-1566904ff040bd12)

running 12 tests
test delivery_before_first_poll_keeps_the_fast_path ... ok
test io_gate_routes_by_completion_token ... ok
test escaped_waker_clone_on_fast_path_is_harmless ... ok
test spawn_local_runs_under_budget ... ok
test ready_future_never_allocates_a_task_slot ... ok
test suspended_future_promotes_resumes_and_frees ... ok
test waitlist_is_fifo_and_wake_one_wakes_exactly_one ... ok
test wake_during_poll_requeues_without_losing_the_task ... ok
test waitlist_drop_passes_the_baton ... ok
test watermark_gate_wakes_at_or_below ... ok
test mixed_fast_and_slow_paths_reconcile ... ok
test random_suspend_resume_interleavings ... ok

test result: ok. 12 passed; 0 failed; 0 ignored; 0 measured; 0 filtered out; finished in 0.04s

     Running tests/file_ops.rs (target/debug/deps/file_ops-31202bda05f2ef08)

running 4 tests
test failed_write_cancels_the_linked_fsync ... ok
test log_write_with_linked_fsync_orders_write_before_sync ... ok
test standalone_fdatasync_and_sequential_offsets ... ok
test write_through_completes_alone_and_lands ... ok

test result: ok. 4 passed; 0 failed; 0 ignored; 0 measured; 0 filtered out; finished in 0.02s

     Running tests/reactor.rs (target/debug/deps/reactor-6955fc3664418ec4)

running 6 tests
test idle_policy_spins_then_parks ... ok
test remote_first_execute_publishes_before_the_local_bulk ... ok
test remote_first_execute_early_flush_needs_a_resumed_future ... ok
test tripwires_report_the_frozen_names ... ok
test pipeline_cannot_starve_second_connection ... ok
test armed_timer_fires_through_the_loop ... ok

test result: ok. 6 passed; 0 failed; 0 ignored; 0 measured; 0 filtered out; finished in 0.01s

     Running tests/steel_thread.rs (target/debug/deps/steel_thread-0de0b9c27ccd8b91)

running 2 tests
test cold_read_histogram ... ignored, histogram harness — run explicitly for the .artifacts/m4/s04 artifact
test steel_thread_write_flush_demote_cold_read ... ok

test result: ok. 1 passed; 0 failed; 1 ignored; 0 measured; 0 filtered out; finished in 0.01s

     Running unittests src/lib.rs (target/debug/deps/inf_server-f11e4ca66a04e2b9)

running 135 tests
test admin::tests::inf_ns_create_derives_the_blob_threshold_and_refuses_the_ring_floor ... ok
test admin::tests::client_name_and_kill_flow ... ok
test admin::tests::command_introspection_shapes ... ok
test admin::tests::config_get_set_roundtrip ... ok
test admin::tests::client_info_reports_the_selected_db_and_subscription_counts ... ok
test admin::tests::inf_ns_memory_pressure_surface ... ok
test admin::tests::config_set_error_applies_nothing ... ok
test admin::tests::info_persistence_renders_admission_busy_refusals ... ok
test admin::tests::info_memory_aggregates_across_cells_via_the_board ... ok
test admin::tests::inf_ns_tiering_surface ... ok
test admin::tests::info_exposes_every_document_and_tripwire_domain ... ok
test admin::tests::info_tiering_ram_hit_split_renders_absent_not_zero_when_tiered ... ok
test admin::tests::info_tiering_renders_per_namespace_watermarks_and_write_counters ... ok
test admin::tests::info_sections_filter ... ok
test admin::tests::nonzero_maxmemory_never_fans_to_the_unlimited_sentinel ... ok
test admin::tests::info_tripwires_renders_recycle_pool_bytes ... ok
test admin::tests::info_all_names_every_field_once ... ok
test admin::tests::info_tiering_is_all_zero_without_a_tiered_namespace ... ok
test clients::tests::name_charset_matches_redis_rule ... ok
test clients::tests::register_kill_sweep_roundtrip ... ok
test admin::tests::info_tiering_splits_the_blob_write_amplification_leg ... ok
test config::tests::glob_get_is_nocase_and_multi_pattern ... ok
test config::tests::defaults_match_redis_shapes ... ok
test ckpt::tests::probe_writes_a_block_so_a_refused_direct_write_selects_buffered ... ok
test ckpt::tests::abort_backs_off_before_the_trigger_refires ... ok
test config::tests::set_validates_and_normalizes ... ok
test ckpt::tests::refused_direct_write_downgrades_once_and_retries_at_once ... ok
test config::tests::proto_max_bulk_len_default_is_the_cap_the_parser_enforces ... ok
test config::tests::validate_is_pure_and_apply_completes_it ... ok
test ckpt::tests::probe_selects_buffered_where_direct_is_refused_and_still_opens_streams ... ok
test control::drop_tombstone_tests::tombstones_add_stamp_retire_and_reconcile ... ok
test ckpt::tests::an_aborted_manual_checkpoint_keeps_its_request ... ok
test durable::ack_map_tests::a_coverage_point_between_two_written_frames_keeps_the_earlier ... ok
test control::drop_tombstone_tests::pending_creates_merge_admit_retire_and_verdict ... ok
test data_dir_lock::tests::a_held_directory_refuses_a_second_owner_until_released ... ok
test durable::ack_map_tests::unwritten_frames_are_never_merged_into ... ok
test admin::tests::info_tiering_reports_write_amplification_per_namespace ... ok
test durable::ack_map_tests::written_plain_frames_without_a_coverage_point_collapse_to_one ... ok
test durable::fill_tests::barrier_carrying_and_waiting_frames_are_never_held ... ok
test durable::fill_tests::barrier_less_frame_holds_until_target_or_window ... ok
test durable::group_hold_tests::holds_only_while_a_group_is_still_arriving_and_inside_the_window ... ok
test durable::group_hold_tests::only_a_flush_class_barrier_on_a_packed_segment_can_hold ... ok
test exec::tests::diskfull_error_shapes ... ok
test exec::tests::copy_crosses_databases_with_ttl_and_encoding ... ok
test exec::tests::expireat_family_uses_the_wall_anchor ... ok
test exec::tests::hello_switches_protocol_and_rejects_unknown_versions ... ok
test exec::tests::inf_ns_registry_surface ... ok
test exec::tests::far_future_deadlines_follow_redis_arithmetic_and_saturate ... ok
test exec::tests::mget_mset_roundtrip ... ok
test exec::tests::msetnx_bounds_failure_applies_nothing ... ok
test exec::tests::object_encoding_tracks_int_embstr_raw ... ok
test exec::tests::inf_put_is_a_bounded_put_admitted_like_rename ... ok
test exec::tests::internal_commands_are_unknown_to_clients ... ok
test exec::tests::record_bound_deviation_is_a_typed_error ... ok
test exec::tests::quit_replies_ok_and_requests_close ... ok
test exec::tests::renamenx_onto_itself_answers_zero_like_redis ... ok
test exec::tests::resp2_subscriber_mode_restricts_and_reshapes_ping ... ok
test exec::tests::per_ns_budget_gate_scopes_oom_to_the_namespace ... ok
test exec::tests::resp3_lifts_the_restriction_and_self_delivers ... ok
test exec::tests::stall_request_parses_debug_sleep_only ... ok
test exec::tests::select_isolates_databases_and_flushdb_scopes ... ok
test exec::tests::set_and_getex_refuse_non_positive_absolute_deadlines_before_the_write ... ok
test exec::tests::unavailable_configured_default_refuses_data_until_explicit_selection ... ok
test glob::tests::classes_and_ranges ... ok
test exec::tests::unknown_command_reply_is_bounded_and_framed_like_the_oracle ... ok
test glob::tests::escapes ... ok
test glob::tests::literal_star_question ... ok
test glob::tests::nocase_mode ... ok
test glob::tests::unterminated_class_consumes_rest ... ok
test io_properties::tests::absent_file_is_none ... ok
test io_properties::tests::absent_provenance_is_schema_1_and_unverifiable ... ok
test io_properties::tests::flush_class_keeps_the_buffered_default ... ok
test io_properties::tests::malformed_files_are_refused_not_defaulted ... ok
test io_properties::tests::parses_the_probe_output_shape ... ok
test io_properties::tests::schema_2_carries_the_device_model ... ok
test io_properties::tests::schema_3_carries_the_device_identity ... ok
test io_properties::tests::schema_4_carries_the_one_reader_read_row ... ok
test io_properties::tests::string_values_are_quoted_or_refused ... ok
test json::tests::exact_full_image_admission_refuses_before_root_commit ... ok
test key_hash::tests::a_pre_adr_directory_is_refused ... ok
test key_hash::tests::first_boot_creates_and_the_next_boot_reads_the_same_secret ... ok
test key_hash::tests::malformed_and_unsupported_files_are_refused ... ok
test key_hash::tests::render_parses_back ... ok
test key_hash::tests::publication_is_exclusive_and_clears_a_stale_temp ... ok
test exec::tests::oom_gate_denies_writes_allows_reads_and_recovers ... ok
test plane::conn_default_tests::configured_default_resolves_named_modes_and_refuses_missing_or_topic ... ok
test plane::conn_slab_tests::production_cap_is_below_the_token_slot_width ... ok
test key_hash::tests::the_binding_scan_refuses_a_replaced_secret_and_a_legacy_manifest ... ok
test plane::conn_slab_tests::slab_refuses_past_the_cap_and_readmits_on_release ... ok
test plane::counted_fold_tests::an_injected_typed_error_or_foreign_shape_never_yields_a_count ... ok
test plane::counted_fold_tests::counts_sum_and_a_leg_error_is_the_reply ... ok
test key_hash::tests::the_secret_is_private_and_a_lax_mode_is_refused ... ok
test plane::counted_fold_tests::the_first_error_wins_and_later_buffers_are_handed_back ... ok
test exec::tests::config_maxmemory_has_observable_effect_within_one_round ... ok
test plane::move_tests::a_client_typed_internal_command_is_unknown_on_the_plane ... ok
test plane::move_tests::an_unmarked_apply_carrying_an_internal_command_is_unknown ... ok
test plane::move_tests::cleanup_failure_keeps_destination_copy ... ok
test plane::move_tests::snapshot_length_overflow_is_rejected ... ok
test plane::move_tests::snapshot_parser_rejects_bad_delimiters_and_trailing_bytes ... ok
test plane::move_tests::default_anchor_zero_deadline_is_missing ... ok
test exec::tests::scan_walks_the_whole_keyspace ... ok
test pubsub::tests::live_owned_channels_filter_and_sort ... ok
test pubsub::tests::publish_fallback_replies_then_self_delivers_channel_before_pattern ... ok
test plane::scatter_reply_parsers::scan_head_without_a_terminator_is_refused ... ok
test plane::move_tests::delayed_put_preserves_absolute_deadline ... ok
test plane::tiered::twin_scratch_tests::the_twin_scratch_is_bounded_by_the_register_and_retains_in_order ... ok
test plane::scatter_reply_parsers::every_scatter_parser_is_total_on_short_input ... ok
test pubsub::tests::resp3_confirmations_are_push_frames ... ok
test pubsub::tests::subscribe_frames_and_counts_are_redis_shaped ... ok
test pubsub::tests::unsubscribe_bare_with_nothing_emits_one_nil_frame ... ok
test plane::move_tests::source_replacement_is_not_deleted ... ok
test pubsub::tests::unsubscribe_bare_drops_in_subscription_order ... ok
test tier_cell::lane_tests::round_slot_refuses_an_aliasing_index - should panic ... ok
test pubsub::tests::registry_transitions_and_targets ... ok
test plane::move_tests::renamenx_racing_destination_preserves_both_values ... ok
test topology::tests::malformed_and_unsupported_files_are_refused ... ok
test topology::tests::publication_is_exclusive_and_clears_a_stale_temp ... ok
test topology::tests::first_boot_stamps_and_a_mismatched_reopen_is_refused ... ok
test plane::move_tests::source_deadline_deletion_and_expiry_invalidate_cleanup ... ok
test plane::move_tests::renamenx_retry_after_busy_is_a_noop ... ok
test topology::tests::render_parses_back ... ok
test topology::tests::a_pre_adr_directory_adopts_by_derivation_or_refuses ... ok
test tier_cell::lane_tests::drained_namespace_lane_recycles_at_maintain ... ok
test plane::move_tests::arena_exhaustion_preserves_source_and_existing_destination ... ok
test plane::move_tests::malformed_put_reply_never_authorizes_source_delete ... ok
test tier_cell::lane_tests::dropped_namespace_lane_recycles_with_its_round_sequence ... ok
test plane::move_tests::successful_moves_and_copies_both_directions ... ok
test plane::move_tests::zero_unix_deadline_refuses_the_move_and_preserves_the_source ... ok
test plane::move_tests::rename_does_not_count_internal_reads ... ok
test exec::tests::mset_bounds_failure_applies_nothing ... ok
test plane::move_tests::malformed_snapshot_never_reaches_destination ... ok
test plane::move_tests::destination_refusal_preserves_source ... ok
test plane::move_tests::destination_maxmemory_admits_renames_and_refuses_copy ... ok
test glob::tests::storm_matches_reference ... ok
test exec::tests::an_error_reply_never_leaves_a_mutation_for_any_write_command ... ok

test result: ok. 135 passed; 0 failed; 0 ignored; 0 measured; 0 filtered out; finished in 0.06s

     Running tests/doc_rss_attribution.rs (target/debug/deps/doc_rss_attribution-2845d4f36ecb800d)

running 1 test
test document_heavy_domains_track_incremental_rss_within_ten_percent ... ok

test result: ok. 1 passed; 0 failed; 0 ignored; 0 measured; 0 filtered out; finished in 1.18s

     Running tests/fault_recovery.rs (target/debug/deps/fault_recovery-1e890fae2ebb1014)

running 2 tests
test torn_frame_then_crash_recovers_minus_the_torn_frame ... ok
test power_cut_after_seal_recovers_at_the_seal_boundary ... ok

test result: ok. 2 passed; 0 failed; 0 ignored; 0 measured; 0 filtered out; finished in 0.00s

     Running tests/index_catalog.rs (target/debug/deps/index_catalog-65388a8efd3eb2ab)

running 3 tests
test no_planning_until_the_last_cell_reports_ready ... ok
test drop_during_query_fails_the_binding_typed ... ok
test declarations_survive_restart_through_the_meta_swap ... ok

test result: ok. 3 passed; 0 failed; 0 ignored; 0 measured; 0 filtered out; finished in 0.00s

     Running tests/json_commands.rs (target/debug/deps/json_commands-a9c42897bc9425b0)

running 40 tests
test arrlen_shapes ... ok
test arrinsert_shapes_and_atomic_out_of_bounds ... ok
test arrtrim_clamps_and_reports_lengths ... ok
test arrpop_shapes_serialize_popped_elements ... ok
test filter_rejection_names_the_plan ... ok
test arrindex_ranges_and_scalar_needles ... ok
test arrappend_shapes_and_the_three_argument_quirk ... ok
test debug_memory_reports_exact_attributed_bytes ... ok
test del_root_and_paths ... ok
test get_formatting_options_match_serde_pretty ... ok
test clear_counts_and_defaults ... ok
test configured_limits_carry_their_pinned_phrasing ... ok
test generic_lifecycle_commands_treat_documents_as_records ... ok
test durable_namespace_json_surface_is_reachable_after_s17 ... ok
test new_write_commands_run_in_durable_namespaces_after_s17 ... ok
test numincrby_overflow_is_atomic ... ok
test mget_local_answers_per_key_elements ... ok
test numincrby_shapes_and_semantics ... ok
test nummultby_shapes ... ok
test objkeys_and_objlen_shapes ... ok
test program_cache_serves_repeat_paths ... ok
test giant_slice_steps_answer_bounded_selections ... ok
test resp3_numeric_replies_survive_extreme_doubles ... ok
test merge_shapes_create_update_and_delete ... ok
test path_index_beyond_the_u32_width_selects_nothing_on_every_command ... ok
test resp3_nulls_ride_the_protocol ... ok
test set_nx_xx_follow_path_existence ... ok
test strlen_shapes ... ok
test strappend_shapes ... ok
test strlen_legacy_missing_path_answers_the_path_error ... ok
test set_root_and_get_shapes ... ok
test reply_corpus_is_pinned_under_resp3_with_protocol_nulls ... ok
test set_parent_creation_rules ... ok
test toggle_shapes ... ok
test reply_corpus_is_pinned_under_resp2 ... ok
test wrongtype_both_directions ... ok
test type_names_and_shapes ... ok
test reply_budget_refuses_every_amplification_reach ... ok
test get_reply_crossing_the_header_reserve_is_a_well_formed_bulk ... ok
test get_reply_over_the_budget_answers_a_typed_error ... ok

test result: ok. 40 passed; 0 failed; 0 ignored; 0 measured; 0 filtered out; finished in 0.45s

     Running tests/node_e2e.rs (target/debug/deps/node_e2e-478a038c0fa32cb6)

running 80 tests
test ckpt_slice_budget_rehearsal ... ignored, manual evidence run (writes the S10 dev-tier artifact input)
test config_set_eight_pairs_reaches_every_cell ... ok
test client_list_reports_the_db_and_subscriptions_of_another_connection ... ok
test config_set_error_leaves_every_cell_unchanged ... ok
test blob_write_at_disk_full_replies_diskfull ... ok
test bytes_threshold_triggers_a_checkpoint ... ok
test debug_object_routes_to_the_owning_cell ... ok
test cross_cell_self_publish_reply_precedes_push ... ok
test deasync_dispatch_matches_pump_semantics ... ok
test cross_cell_with_apply_prefetch_matches_inline_semantics ... ok
test diskfull_admission_refuses_typed_over_tcp ... ok
test durable_namespace_survives_restart ... ok
test durable_mset_midway_failure_stages_what_it_wrote ... ok
test durable_pressure_always_acks_gate_through_the_pump ... ok
test created_namespace_survives_a_cut_after_its_swap ... ok
test fabric_apply_bound_covers_every_client_argv ... ok
test configured_default_namespace_fails_closed_and_durable_ack_survives_restart ... ok
test durable_mset_bounds_failure_is_atomic_across_recovery ... ok
test concurrent_namespace_ddl_leaves_every_cell_agreeing ... ok
test foreign_publish_during_self_publish_is_not_swallowed ... ok
test hello_switch_and_protocol_error_close ... ok
test direct_segments_converge_to_fua_and_survive_restart ... ok
test durable_cross_cell_applyns_round_trip ... ok
test info_names_every_field_once_on_a_multi_cell_node ... ok
test json_mget_gathers_across_cells ... ok
test durable_pressure_preserves_read_your_write_order ... ok
test durable_pressure_parks_fabric_writes_instead_of_busy ... ok
test create_with_a_refused_fan_leg_rolls_back_on_every_cell ... ok
test many_connections_spread_across_cells ... ok
test durable_mset_midway_failure_stages_on_the_fabric_path ... ok
test mixed_classes_share_one_cell_and_memory_stays_off_the_log ... ok
test fuzzy_checkpoint_streams_under_live_writes ... ok
test memory_namespace_serves_while_durable_plane_is_exhausted ... ok
test drop_races_inflight_cold_reads ... ok
test namespace_bound_scan_covers_durable_and_tiered_namespaces ... ok
test debug_object_routes_under_a_named_namespace ... ok
test named_ns_wide_mset_ships_whole_to_its_remote_owner ... ok
test namespace_bound_dbsize_counts_every_cell ... ok
test ns_create_sub_floor_budget_refuses_typed_and_node_survives ... ok
test named_memory_ns_pressure_enforced_and_survives_restart ... ok
test oversized_durable_write_refuses_typed_and_never_livelocks ... ok
test parse_batch_prefetch_matches_inline_semantics ... ok
test frame_pipeline_fills_under_concurrent_always_writers_and_survives_restart ... ok
test pubsub_cross_cell_fanout_and_counters ... ok
test quit_deferred_behind_a_cross_cell_command_closes_after_its_reply ... ok
test quit_on_a_namespace_bound_connection_closes_after_its_reply ... ok
test inline_value_above_half_ring_is_routed_out_of_line ... ok
test select_travels_with_cross_cell_ops ... ok
test slow_subscriber_hits_the_output_cap_and_dies ... ok
test tiered_blob_get_spanning_multiple_cold_windows ... ok
test proto_max_bulk_len_is_enforced_and_applies_to_live_connections ... ok
test namespace_bound_scan_keys_flushall_cover_every_cell ... ok
test tiered_cold_read_failure_is_typed_for_every_read_command ... ok
test tiered_namespace_lifecycle_survives_restart ... ok
test a_command_argument_cannot_forge_the_reply_to_the_next_command ... ok
test tiered_scan_names_every_cold_key_across_the_window ... ok
test pipelined_self_publishes_pair_each_reply_with_its_own_frames ... ok
test everysec_only_cell_skips_pre_zeroing_until_an_always_namespace_exists ... ok
test two_cell_node_serves_local_and_cross_cell ... ok
test concurrent_writes_to_a_blob_key_never_desync_the_index ... ok
test namespace_is_unusable_until_its_definition_is_durable ... ok
test tiered_scan_batches_its_cold_key_reads ... ok
test a_checkpoint_requested_on_an_idle_budgeted_node_completes ... ok
test blob_values_round_trip_and_survive_restart ... ok
test blob_boot_orphan_quarantines_for_one_life_then_reclaims ... ok
test dropped_tiered_namespace_survives_a_cut_after_its_swap ... ok
test del_of_a_rebuilt_winner_carrying_two_tickets_drains_every_ticket ... ok
test recovery_phases_report_bytes_and_sum_to_the_total ... ok
test dropped_tiered_namespace_survives_a_cut_before_its_swap ... ok
test tiered_data_plane_serves_and_survives_restart ... ok
test inf_ckpt_cell_targets_one_cell ... ok
test large_values_checkpoint_within_the_loader_bound_and_reboot ... ok
test truncation_bounds_log_size_and_restart_recovers_from_checkpoint ... ok
test connection_level_commands_ignore_the_bound_namespace ... ok
test inf_ckpt_wait_returns_after_manifest_durability ... ok
test dropped_tiered_namespace_reboots_without_a_checkpoint ... ok
test blob_refs_survive_a_checkpoint_walk_racing_deletes ... ok
test loading_gate_byte_matches_redis_and_lifts ... ok
test loading_lifts_only_when_every_cell_recovered ... ok
test no_command_can_split_its_reply_with_hostile_argument_bytes ... ok

test result: ok. 79 passed; 0 failed; 1 ignored; 0 measured; 0 filtered out; finished in 27.36s

     Running tests/recover_determinism.rs (target/debug/deps/recover_determinism-ed1615289648caa2)

running 2 tests
test recovering_the_same_files_twice_is_byte_identical ... ok
test crash_at_random_points_recovery_matches_reference_replay ... ok

test result: ok. 2 passed; 0 failed; 0 ignored; 0 measured; 0 filtered out; finished in 0.04s

     Running tests/recover_doc_overlap.rs (target/debug/deps/recover_doc_overlap-54e951ac99560ea2)

running 1 test
test fuzzy_checkpoint_overlap_counts_stale_and_missing_deltas ... ok

test result: ok. 1 passed; 0 failed; 0 ignored; 0 measured; 0 filtered out; finished in 0.00s

     Running tests/recover_powercut.rs (target/debug/deps/recover_powercut-f17eca60b1a92b8c)

running 1 test
test power_cut_states_recover_or_fail_stop_per_the_taxonomy ... ok

test result: ok. 1 passed; 0 failed; 0 ignored; 0 measured; 0 filtered out; finished in 0.12s

     Running tests/recover_readahead.rs (target/debug/deps/recover_readahead-29cdf89c018f77da)

running 1 test
test boot_prefetch_is_scoped_to_recovery_and_changes_no_byte ... ok

test result: ok. 1 passed; 0 failed; 0 ignored; 0 measured; 0 filtered out; finished in 0.03s

     Running tests/recover_recycled.rs (target/debug/deps/recover_recycled-4aa5fd5258c2f1dd)

running 9 tests
test an_unattested_same_segment_frame_behind_a_hole_truncates_as_today ... ok
test residue_behind_this_lifes_data_is_a_classified_end_never_data ... ok
test a_same_segment_frame_behind_a_hole_still_refuses_through_the_new_rule ... ok
test a_twice_recycled_file_classifies_the_same ... ok
test phase_accounting_counts_audit_bytes_and_foreign_frames_without_a_clock ... ok
test a_torn_this_life_write_over_residue_resumes_at_the_data_end ... ok
test an_empty_recycled_next_segment_is_a_legal_tail ... ok
test recycled_residue_recovery_is_deterministic ... ok
test a_sealed_recycled_segment_does_not_stop_the_live_log ... ok

test result: ok. 9 passed; 0 failed; 0 ignored; 0 measured; 0 filtered out; finished in 0.00s

     Running tests/recover_stamp.rs (target/debug/deps/recover_stamp-43c028714af77cb2)

running 12 tests
test epoch_step_without_seq_restart_refuses_to_start ... ok
test attestation_regression_within_an_epoch_refuses_to_start ... ok
test mixed_v1_then_v2_log_replays_and_resumes_above_the_observed_epoch ... ok
test epoch_regression_at_a_frame_boundary_ends_replay_as_stale_residue ... ok
test seq_gap_between_adjacent_frames_refuses_to_start ... ok
test v1_frame_after_a_v2_frame_refuses_to_start ... ok
test a_hole_of_the_current_life_with_later_attestation_still_refuses ... ok
test stale_residue_beyond_a_gap_is_not_a_hole_when_a_later_life_lies_beyond ... ok
test stale_residue_inside_a_sealed_segment_does_not_stop_the_live_log ... ok
test stale_trailing_segment_beyond_the_last_data_resumes_at_that_data_end ... ok
test a_lifted_hole_replays_before_the_end_of_replay_checks_run ... ok
test a_lifted_hole_replays_tiered_pairs_and_serves_them ... ok

test result: ok. 12 passed; 0 failed; 0 ignored; 0 measured; 0 filtered out; finished in 0.00s

     Running tests/recover_torn.rs (target/debug/deps/recover_torn-a43bb2dc0e8b2ed2)

running 13 tests
test torn_final_frame_recovers_minus_the_torn_frame ... ok
test interior_corruption_refuses_to_start_naming_segment_and_offset ... ok
test unattested_hole_at_a_sealed_segments_first_frame_resumes_in_the_previous_segment ... ok
test unattested_survivor_after_a_zero_gap_truncates_and_is_counted ... ok
test v1_survivor_after_a_zero_gap_still_refuses_to_start ... ok
test attesting_survivor_after_a_zero_gap_refuses_to_start ... ok
test torn_tail_removes_the_trailing_preallocated_segment ... ok
test torn_tail_below_the_manifest_begin_lsn_refuses_to_start ... ok
test attested_hole_in_a_sealed_segment_refuses_to_start ... ok
test torn_tail_above_begin_recovers_checkpoint_plus_tail ... ok
test garbage_in_sealed_slack_is_tolerated_and_counted ... ok
test unattested_hole_in_a_sealed_segment_truncates_and_discards_later_segments ... ok
test resume_over_remnants_then_recover_again_is_clean ... ok

test result: ok. 13 passed; 0 failed; 0 ignored; 0 measured; 0 filtered out; finished in 0.00s

     Running tests/review_move_snapshot.rs (target/debug/deps/review_move_snapshot-b79f1988ecf10de6)

running 4 tests
test snapshot_matches_binary_value_and_deadline ... ok
test zero_deadline_and_quiet_reads ... ok
test snapshot_validation_and_legacy_forms ... ok
test quiet_snapshot_preserves_type_and_missing_semantics ... ok

test result: ok. 4 passed; 0 failed; 0 ignored; 0 measured; 0 filtered out; finished in 0.00s

     Running tests/review_simd_page_guard.rs (target/debug/deps/review_simd_page_guard-37541f97ef90cceb)

running 1 test
test rv_simd_kernels_do_not_over_read_past_a_guard_page ... ok

test result: ok. 1 passed; 0 failed; 0 ignored; 0 measured; 0 filtered out; finished in 4.76s

     Running unittests src/lib.rs (target/debug/deps/inf_sim-dbeeb0de3e216a2a)

running 91 tests
test dst_build::fault_points_and_collision_oracle_are_compiled_in ... ok
test resp::tests::frames_every_m0_reply_shape ... ok
test resp::tests::parses_the_surface_reply_shapes ... ok
test txmodel::tests::a_cold_extent_is_charged_and_dependent_writes_pin_nothing_new ... ok
test txmodel::tests::a_checkpoint_streams_the_decision_qualified_image ... ok
test txmodel::tests::a_decision_never_outlives_a_plain_write_its_read_leg_observed ... ok
test txmodel::tests::a_dependent_command_never_spans_one_owner ... ok
test txmodel::tests::a_durable_successor_never_outlives_its_dependency ... ok
test txmodel::tests::a_cross_owner_rename_ships_the_value_the_transaction_staged ... ok
test txmodel::tests::a_cross_owner_msetnx_is_one_condition_over_every_owner ... ok
test txmodel::tests::a_dead_incarnation_is_never_reissued_after_a_checkpointed_restart ... ok
test txmodel::tests::a_failed_exec_command_is_embedded_and_the_rest_commits ... ok
test txmodel::tests::a_failed_native_condition_publishes_nothing ... ok
test txmodel::tests::a_remote_prepare_never_meets_a_reissued_txid ... ok
test txmodel::tests::a_partially_overlapping_transaction_recovers_whole ... ok
test txmodel::tests::a_repeated_watch_keeps_the_first_registrations_history ... ok
test txmodel::tests::a_revision_token_never_repeats_across_the_version_wrap ... ok
test txmodel::tests::a_read_leg_makes_the_whole_transaction_dependent ... ok
test txmodel::tests::a_refused_command_followed_by_reads_embeds_under_exec_and_aborts_under_native ... ok
test txmodel::tests::a_saturated_pair_with_contenders_behind_a_holder_completes ... ok
test txmodel::tests::a_stage_compiles_monotonically_in_queue_order ... ok
test txmodel::tests::a_refused_destination_never_strands_the_source ... ok
test txmodel::tests::absent_present_absent_aborts ... ok
test txmodel::tests::a_watch_only_key_is_held_through_the_decision ... ok
test txmodel::tests::an_exhausted_incarnation_counter_refuses_instead_of_repeating ... ok
test txmodel::tests::an_acked_dependent_transaction_is_never_dropped ... ok
test txmodel::tests::a_tombstone_storm_is_refused_at_the_pinned_budget_and_admitted_after_the_decisions ... ok
test txmodel::tests::a_transitive_successor_inherits_the_whole_closure ... ok
test txmodel::tests::delete_recreate_aborts ... ok
test txmodel::tests::consecutive_dependent_commands_each_see_the_previous_apply ... ok
test txmodel::tests::everysec_checkpoint_never_holds_half_a_transaction ... ok
test txmodel::tests::eviction_and_owner_restart_fail_closed ... ok
test txmodel::tests::outcome_is_typed ... ok
test txmodel::tests::reservation_without_the_checkpoint_field_reissues_after_truncation ... ok
test txmodel::tests::replies_come_back_in_queue_order_whatever_the_legs_arrival_order ... ok
test txmodel::tests::reschedule_rule_completes_the_two_key_history_with_a_counted_retry ... ok
test txmodel::tests::the_ordered_rename_history_replies_in_queue_order_and_reads_its_own_move ... ok
test txmodel::tests::withdrawn_endpoint_equality_accepts_absent_present_absent ... ok
test txmodel::tests::two_key_history_completes_without_deadlock ... ok
test txmodel::tests::withdrawn_frame_bound_does_not_bound_what_a_tombstone_pins ... ok
test txmodel::tests::withdrawn_hop_by_hop_credits_deadlock_a_holder_behind_its_own_contenders ... ok
test txmodel::tests::chosen_rules_and_oracle_agree_with_redis_on_every_fixture_line ... ok
test txmodel::tests::withdrawn_incarnation_at_creation_repeats_after_the_version_wraps ... ok
test txmodel::tests::withdrawn_independent_legs_answer_the_ordered_rename_from_published_state ... ok
test txmodel::tests::withdrawn_independent_legs_break_consecutive_dependent_commands ... ok
test txmodel::tests::withdrawn_independent_legs_publish_half_an_msetnx ... ok
test txmodel::tests::withdrawn_live_writes_survive_a_failed_native_condition ... ok
test txmodel::tests::withdrawn_immediate_predecessor_leaks_half_of_the_older_transaction ... ok
test txmodel::tests::withdrawn_independent_legs_rename_from_the_pre_transaction_value ... ok
test txmodel::tests::withdrawn_per_record_dependencies_keep_a_write_whose_read_was_dropped ... ok
test txmodel::tests::withdrawn_per_record_dependencies_recover_a_transaction_two_hops_from_its_dropped_root ... ok
test txmodel::tests::withdrawn_per_record_dependencies_recover_half_of_a_partially_overlapping_transaction ... ok
test txmodel::tests::registration_agrees_with_the_history_oracle_on_random_histories ... ok
test txmodel::tests::withdrawn_live_writes_outlive_a_cancel_between_two_legs ... ok
test txmodel::tests::credit_storms_complete_and_drain_the_pair ... ok
test txmodel::tests::withdrawn_plain_successor_outlives_its_dropped_source ... ok
test txmodel::tests::withdrawn_prepare_only_watermarks_let_a_decision_outlive_what_it_read ... ok
test txmodel::tests::withdrawn_queued_grant_returns_one_credit_twice ... ok
test txmodel::tests::withdrawn_replay_maximum_reissues_the_remote_prepares_txid ... ok
test txmodel::tests::withdrawn_replayed_maximum_reissues_a_dead_incarnation ... ok
test txmodel::tests::withdrawn_reregistration_launders_the_mutation_between_two_watches ... ok
test txmodel::tests::withdrawn_published_reads_miss_the_transactions_own_writes ... ok
test txmodel::tests::withdrawn_rule_deadlocks_on_the_two_key_history ... ok
test txmodel::tests::withdrawn_cancel_until_durable_publishes_half_a_commit_within_64_seeds ... ok
test txmodel::tests::random_identity_histories_never_reissue ... ok
test txmodel::tests::withdrawn_validate_and_release_commits_over_a_mutated_watch ... ok
test txmodel::tests::withdrawn_identity_reissues_within_2000_seeds ... ok
test txmodel::tests::without_ack_gating_an_acked_dependent_transaction_is_dropped ... ok
test txmodel::tests::withdrawn_read_bypass_observes_an_uncommitted_write_within_64_seeds ... ok
test txmodel::tests::readers_never_observe_an_uncommitted_write ... ok
test txmodel::tests::cancellation_aborts_before_the_decision_and_completes_after_it ... ok
test txmodel::tests::withdrawn_watch_rules_disagree_on_random_histories ... ok
test txmodel::tests::random_crash_interleavings_are_all_or_nothing ... ok
test txmodel::tests::dependent_stages_abort_at_the_combine_step_and_complete_after_the_decision ... ok
test txmodel::tests::withdrawn_credit_rules_violate_some_storm_within_64_seeds ... ok
test txmodel::tests::random_revision_histories_never_repeat_a_durable_token ... ok
test txmodel::tests::withdrawn_retention_rules_exceed_the_claimed_bound_within_2000_seeds ... ok
test txmodel::tests::withdrawn_rules_leave_half_a_transaction_in_the_checkpoint ... ok
test txmodel::tests::random_retention_histories_are_conserved_bounded_and_leak_free ... ok
test txmodel::tests::storms_never_deadlock_and_reads_are_serializable ... ok
test txmodel::tests::withdrawn_independent_legs_violate_some_fault_storm_within_64_seeds ... ok
test txmodel::tests::withdrawn_revision_rules_repeat_within_2000_seeds ... ok
test txmodel::tests::fault_storms_publish_all_or_nothing_and_leak_nothing ... ok
test txmodel::tests::withdrawn_rule_deadlocks_some_storm_within_64_seeds ... ok
test txmodel::tests::random_lineage_interleavings_are_serializable_and_keep_every_ack ... ok
test txmodel::tests::random_lineage_shapes_are_serializable_and_keep_every_ack ... ok
test txmodel::tests::every_terminal_path_releases_every_intent_and_every_staged_set ... ok
test txmodel::tests::reschedule_retries_scale_with_contention_and_canonical_has_none ... ok
test txmodel::tests::withdrawn_lineage_rules_violate_some_random_interleavings ... ok
test txmodel::tests::withdrawn_per_record_dependencies_violate_some_random_shapes ... ok
test txmodel::tests::withdrawn_rules_violate_some_fault_storm_within_256_seeds ... ok

test result: ok. 91 passed; 0 failed; 0 ignored; 0 measured; 0 filtered out; finished in 0.21s

     Running unittests src/main.rs (target/debug/deps/inf_sim-489c26f24104c658)

running 0 tests

test result: ok. 0 passed; 0 failed; 0 ignored; 0 measured; 0 filtered out; finished in 0.00s

     Running tests/bootstorm.rs (target/debug/deps/bootstorm-e8ea3f43654a4f16)

running 3 tests
test oracle_catches_the_synchronous_boot_path ... ok
test boot_storm_same_seed_same_hash ... ok
test boot_storm_ci_slice_is_green ... ok

test result: ok. 3 passed; 0 failed; 0 ignored; 0 measured; 0 filtered out; finished in 0.24s

     Running tests/combined.rs (target/debug/deps/combined-e73b7bbd4b0c8056)

running 2 tests
test combined_same_seed_same_trace ... ok
test combined_sweep_ci_slice_is_green_and_oracles_ran ... ok

test result: ok. 2 passed; 0 failed; 0 ignored; 0 measured; 0 filtered out; finished in 3.07s

     Running tests/corpus.rs (target/debug/deps/corpus-9c1e1f17a9e1fd22)

running 1 test
test corpus_seeds_replay_green ... ok

test result: ok. 1 passed; 0 failed; 0 ignored; 0 measured; 0 filtered out; finished in 9.26s

     Running tests/disk.rs (target/debug/deps/disk-81962939f7fd7c85)

running 2 tests
test failed_write_cancels_the_linked_sync ... ok
test log_write_is_buffered_until_the_linked_sync ... ok

test result: ok. 2 passed; 0 failed; 0 ignored; 0 measured; 0 filtered out; finished in 0.00s

     Running tests/document_durability.rs (target/debug/deps/document_durability-78978a73f4eb2a4b)

running 4 tests
test planted_replay_skip_is_caught_within_100_seeds ... ok
test fuzz_corpus_documents_round_trip_the_full_stack ... ok
test document_same_seed_replays_byte_identically ... ok
test document_power_cut_ci_slice_is_atomic_and_replay_equivalent ... ok

test result: ok. 4 passed; 0 failed; 0 ignored; 0 measured; 0 filtered out; finished in 5.33s

     Running tests/durable_sweep.rs (target/debug/deps/durable_sweep-1c08876a9397842d)

running 3 tests
test planted_lying_fsync_is_caught_within_1000_seeds ... ok
test durable_same_seed_same_trace ... ok
test durable_sweep_ci_slice_is_green ... ok

test result: ok. 3 passed; 0 failed; 0 ignored; 0 measured; 0 filtered out; finished in 5.15s

     Running tests/sim.rs (target/debug/deps/sim-4a0fca9b019a6c2a)

running 10 tests
test cross_cell_million_op_oracle ... ignored, artifact run: release tier, 10^6 ops
test deadlock_battery_all_to_all_saturation ... ignored, artifact run: release tier, ~10^7 ops
test audit_oracle_catches_a_planted_canary_on_the_served_surface ... ok
test content_oracle_catches_each_planted_canary ... ok
test same_seed_same_trace ... ok
test planted_lost_wakeup_is_caught_within_1000_seeds ... ok
test m1_cache_same_seed_same_trace ... ok
test m1_cache_oracle_green ... ok
test m0_smoke_oracle_green ... ok
test m0_surface_oracle_green ... ok

test result: ok. 8 passed; 0 failed; 2 ignored; 0 measured; 0 filtered out; finished in 0.42s

     Running unittests src/lib.rs (target/debug/deps/inf_simd-2937acca3a14b0d4)

running 51 tests
test crc32c::tests::scalar_matches_vectors ... ok
test crc32c::tests::rfc3720_vectors ... ok
test crlf::tests::exact_chunk_without_tail_is_scanned ... ok
test crlf::tests::find_crlf_matches_table ... ok
test crlf::tests::empty_buffer_returns_no_positions ... ok
test crlf::tests::all_carriage_returns_do_not_produce_false_positives ... ok
test crlf::tests::finds_multiple_crlfs_in_one_chunk ... ok
test crlf::tests::single_byte_buffer_returns_no_positions ... ok
test crlf::tests::heap_overflow_path_is_used_after_inline_capacity ... ok
test crlf::tests::rejects_lone_carriage_return_and_newline ... ok
test crlf::tests::finds_single_crlf_at_fixed_offsets ... ok
test json::tests::escaped_quotes_stay_in_string ... ok
test group16::tests::high_bit_mask_distinguishes_special ... ok
test crlf::tests::handles_chunk_boundary_splits ... ok
test json::tests::copy_unescaped::multibyte_utf8_content_is_not_special ... ok
test json::tests::structural_chars_inside_strings_do_not_emit ... ok
test json::tests::emits_ops_quotes_and_scalar_starts ... ok
test group16::tests::eq_mask_basics ... ok
test json::tests::empty_and_ws_only_inputs_emit_nothing ... ok
test swar::tests::accepts_explicit_plus_sign ... ok
test lower_bound::tests::empty_and_bounds ... ok
test crlf::tests::next_after_uses_sorted_positions ... ok
test swar::tests::parses_leading_zeroes ... ok
test swar::tests::parses_multi_digit_values ... ok
test json::tests::backslash_runs_resolve_across_block_boundaries ... ok
test swar::tests::parses_negative_values ... ok
test crlf::tests::large_buffers_switch_to_u32_storage ... ok
test swar::tests::rejects_overflow ... ok
test swar::tests::stops_at_first_non_digit ... ok
test swar::tests::parses_single_digits ... ok
test json::tests::cursor_streams_the_batch_index ... ok
test utf8::tests::incomplete_before_ascii_block_is_rejected ... ok
test swar::tests::rejects_empty_or_sign_only_inputs ... ok
test utf8::tests::adversarial_corpus_matches_std ... ok
test json::tests::copy_unescaped::boundary_sweep_matches_the_oracle ... ok
test json::tests::copy_unescaped::short_kernel_matches_the_oracle_with_masked_tail ... ok
test group16::tests::eq_matches_scalar_oracle ... ok
test group16::tests::high_bit_matches_scalar_oracle ... ok
test json::tests::copy_unescaped::equivalence::tiers_agree_on_arbitrary_bytes ... ok
test lower_bound::tests::matches_partition_point ... ok
test utf8::tests::equivalence_mutated_text ... ok
test swar::tests::valid_integer_strings_match_rust_parse ... ok
test json::tests::equivalence::tiers_agree_on_arbitrary_bytes ... ok
test utf8::tests::equivalence_arbitrary ... ok
test swar::tests::arbitrary_inputs_match_scalar_reference ... ok
test json::tests::copy_unescaped::equivalence::tiers_agree_on_stringish_bytes ... ok
test crc32c::tests::streaming_split_equals_one_shot ... ok
test crc32c::tests::hardware_matches_scalar ... ok
test crlf::tests::simd_matches_scalar_for_random_inputs ... ok
test crlf::tests::find_crlf_matches_scan_table ... ok
test json::tests::equivalence::tiers_agree_on_jsonish_bytes ... ok

test result: ok. 51 passed; 0 failed; 0 ignored; 0 measured; 0 filtered out; finished in 0.89s

     Running unittests src/lib.rs (target/debug/deps/inf_store-16a6339e65746b7f)

running 184 tests
test address_space::tests::flush_chunks_respect_cuts_and_budget ... ok
test address_space::tests::flush_above_ro_boundary_panics - should panic ... ok
test address_space::tests::lifecycle_classifies_through_all_regions ... ok
test address_space::tests::release_above_flushed_panics - should panic ... ok
test address_space::tests::ram_read_of_cold_address_panics - should panic ... ok
test address_space::tests::flush_chunks_split_at_ring_top_holes ... ok
test address_space::tests::new_life_origin_offsets_the_ring ... ok
test address_space::tests::flush_chunks_stop_at_an_exactly_filled_ring_top ... ok
test address_space::tests::alloc_write_read_round_trip ... ok
test address_space::tests::window_exhaustion_refuses_without_mutation ... ok
test address_space::tests::ring_top_seal_keeps_records_contiguous ... ok
test address_space::tests::head_advance_decommits_and_recommit_wraps ... ok
test address_space::tests::write_below_ro_boundary_panics - should panic ... ok
test catalog::tests::bad_version_errors ... ok
test catalog::tests::an_empty_tombstone_set_keeps_the_v2_or_v3_bytes ... ok
test catalog::tests::dropped_tombstones_round_trip_as_v4_with_a_pristine_index ... ok
test catalog::tests::duplicate_ids_are_rejected ... ok
test catalog::tests::durable_fsync_none_encodes_as_resolved_everysec ... ok
test catalog::tests::empty_catalog_round_trips ... ok
test catalog::tests::every_mode_fsync_policy_combination_round_trips ... ok
test catalog::tests::every_tombstone_rule_is_typed ... ok
test catalog::tests::index_section::moved_counters_ride_v3_with_zero_entries ... ok
test catalog::tests::index_section::invalid_index_bytes_are_typed_errors ... ok
test catalog::tests::index_section::pristine_index_catalog_stays_v2_byte_identical ... ok
test catalog::tests::index_section::cross_field_rules_refuse_typed ... ok
test catalog::tests::index_section::reserved_values_and_cap_refuse_typed ... ok
test catalog::tests::index_section::v1_and_v2_decode_index_pristine ... ok
test catalog::tests::index_section::v3_round_trips_every_state_and_type ... ok
test catalog::tests::invalid_bytes_are_typed_errors ... ok
test catalog::tests::maxmemory_sentinel_is_inherit ... ok
test catalog::tests::reserved_ids_are_rejected ... ok
test catalog::tests::index_section::v3_truncation_at_every_prefix_errors ... ok
test catalog::tests::invalid_names_are_rejected ... ok
test catalog::tests::tier_on_non_durable_entry_is_rejected ... ok
test catalog::tests::tier_block_truncation_and_invalid_bytes_error ... ok
test catalog::tests::tiered_entry_round_trips_every_field ... ok
test catalog::tests::tiered_entry_with_maxmemory_is_rejected ... ok
test catalog::tests::trailing_bytes_are_rejected ... ok
test catalog::tests::truncation_at_every_prefix_length_errors ... ok
test catalog::tests::v1_payloads_decode_with_tier_absent ... ok
test demote::tests::invalid_budgets_refuse_typed_not_panicking ... ok
test demote::tests::mutable_target_is_the_permille_fraction ... ok
test demote::tests::ring_derivation_is_adr_0052_d1_with_slice_slack ... ok
test evict::tests::cms_is_exactly_8_kib_and_estimates_monotonically ... ok
test evict::tests::policy_parse_roundtrips_all_eight ... ok
test evict::tests::set_policy_allocates_cms_only_for_lfu ... ok
test extents::tests::deferred_unlinks_reoffer_and_orphans_sweep ... ok
test extents::tests::duplicate_registration_counts_once ... ok
test extents::tests::entries_below_filters_and_orders ... ok
test extents::tests::mid_walk_death_below_the_cursor_never_hides_an_entry ... ok
test extents::tests::quarantined_ids_revive_when_referenced_and_unlink_on_the_second_verdict ... ok
test extents::tests::refcount_follows_the_reference_map_exactly ... ok
test extents::tests::relocating_onto_a_live_reference_is_refused_in_every_profile - should panic ... ok
test extents::tests::reviving_a_handed_out_candidate_is_refused_in_every_profile - should panic ... ok
test index::tests::insert_find_remove_basics ... ok
test index::tests::replace_swaps_address_in_place ... ok
test index::tests::memory_bytes_is_nine_per_slot ... ok
test index_key::tests::boundary_pins_2_pow_53_and_2_pow_63 ... ok
test index::tests::tiered_sidecar_is_attributed_seventeen_per_slot ... ok
test index_key::tests::decode_rejects_non_canonical_input ... ok
test index_key::tests::golden_vectors_bool_and_utf8 ... ok
test index_key::tests::golden_vectors_f64 ... ok
test index_key::tests::golden_vectors_i64 ... ok
test index_key::tests::truth_table_corners ... ok
test index_key::tests::too_long_rule_is_on_encoded_length ... ok
test index_registry::tests::binding_gate_answers_typed ... ok
test index_maint::tests::prune_disjointness_is_conservative ... ok
test index_registry::tests::epoch_moves_on_catalog_mutations_only ... ok
test index_registry::tests::create_validations_refuse_typed ... ok
test index_registry::tests::lifecycle_edges_are_exactly_the_d3_set ... ok
test index_registry::tests::ns_flags_track_ddl_transitions ... ok
test index_registry::tests::program_gauntlet_enforces_the_fence ... ok
test index_registry::tests::rebuild_bumps_generation_and_state ... ok
test keyspace::tests::apply_record_is_a_blind_idempotent_upsert ... ok
test keyspace::tests::catalog_restart_maps_index_states_per_d4 ... ok
test index_registry::tests::the_node_cap_is_a_typed_refusal ... ok
test keyspace::tests::catalog_seed_and_export_round_trip ... ok
test keyspace::tests::dbs_materialize_lazily_and_isolate ... ok
test keyspace::tests::digest_distinguishes_value_ttl_db_and_namespace ... ok
test keyspace::tests::flush_scopes_per_db_and_flush_all_clears ... ok
test keyspace::tests::digest_is_layout_independent ... ok
test keyspace::tests::catalog_round_trip_preserves_memory_pressure_enforcement ... ok
test keyspace::tests::digest_excludes_expired_entries_without_reaping ... ok
test keyspace::tests::allkeys_eviction_frees_below_limit ... ok
test keyspace::tests::idx_create_gates_by_namespace_mode ... ok
test index_key::tests::compare_is_exact ... ok
test keyspace::tests::maintain_tick_drives_to_low_watermark_after_config_shrink ... ok
test keyspace::tests::ns_drop_removes_its_index_declarations ... ok
test keyspace::tests::ns_set_memory_scopes_and_applies_hot ... ok
test index_key::tests::coercion_agreement ... ok
test keyspace::tests::tiered_spec_with_maxmemory_is_refused ... ok
test keyspace::tests::noeviction_returns_oom_and_del_recovers ... ok
test live_set::tests::finalize_scanned_heals_the_recovered_lower_bound ... ok
test live_set::tests::fully_dead_files_restore_byte_exact ... ok
test keyspace::tests::named_stores_are_isolated_and_dropped_with_their_namespace ... ok
test live_set::tests::recovered_files_count_slots_and_clamp_restores ... ok
test keyspace::tests::report_reconciles_with_per_db_sums ... ok
test live_set::tests::retirement_gates_on_the_covering_checkpoint_stamp ... ok
test ns::tests::blob_threshold_default_derives_from_the_ring ... ok
test ns::tests::create_list_drop_roundtrip ... ok
test ns::tests::default_names_are_reserved ... ok
test ns::tests::duplicate_id_is_a_caller_bug - should panic ... ok
test ns::tests::durable_is_accepted_and_topic_is_honestly_rejected ... ok
test ns::tests::durable_without_fsync_stores_the_everysec_default ... ok
test ns::tests::eviction_on_durable_is_rejected ... ok
test ns::tests::fsync_on_non_durable_is_rejected ... ok
test ns::tests::get_by_id_finds_registered_entries ... ok
test ns::tests::maxmemory_on_tiered_is_rejected ... ok
test live_set::tests::filing_drains_pending_spans_with_splits ... ok
test ns::tests::memory_pressure_reload_scopes_by_mode ... ok
test keyspace::tests::post_image_reads_without_touching_stats ... ok
test ns::tests::name_validation ... ok
test ns::tests::tier_ranges_are_enforced ... ok
test ns::tests::tier_requires_durable_and_registers_on_durable ... ok
test keyspace::tests::digest_is_insertion_order_independent ... ok
test index_key::tests::order_i64 ... ok
test ordered::tests::from_key_bounds ... ok
test ordered::tests::append_interleaves_with_ordinary_mutation ... ok
test index_key::tests::order_f64 ... ok
test ordered::tests::resume_after_resumes_mid_key ... ok
test ordered::tests::var_key_order_is_memcmp ... ok
test keyspace::tests::idx_tree_bytes_count_toward_the_namespace_budget ... ok
test record::tests::empty_key_and_value_are_representable ... ok
test record::tests::expiry_is_inclusive_at_the_millisecond ... ok
test record::tests::gate_corpus_record_is_exactly_88_bytes ... ok
test record::tests::header_is_eight_bytes_plus_optional_ttl ... ok
test record::tests::key_decodes_from_a_value_free_prefix ... ok
test record::tests::max_bounds_roundtrip ... ok
test record::tests::no_ttl_never_expires ... ok
test record::tests::version_wraps_mod_2_pow_24 ... ok
test record::tests::view_reads_back_every_field ... ok
test router::tests::hashtag_colocation_matches_cluster_rules ... ok
test router::tests::redis_cluster_slot_vectors ... ok
test tiered::tests::doc_shape_in_place_patch_above_boundary ... ok
test ordered::tests::cursor_resumes_across_mutations ... ok
test keyspace::tests::volatile_policy_with_no_ttl_keys_is_an_honest_oom ... ok
test tiered::tests::release_slice_is_bounded_and_stops_at_flushed ... ok
test tiered::tests::seal_slice_lands_on_record_boundaries_within_the_slice ... ok
test tiered::tests::seal_slice_makes_progress_past_an_oversized_record ... ok
test ordered::tests::fixed8_basics ... ok
test tiered::tests::stall_target_names_the_unblocking_flushed_watermark ... ok
test tiered::tests::update_in_place_when_mutable_and_exact_fit ... ok
test tiered::tests::update_of_sealed_record_copies_to_tail ... ok
test tiered::tests::update_relocates_on_size_change ... ok
test wall::tests::pre_anchor_internal_maps_below_the_unix_anchor ... ok
test wall::tests::pre_anchor_unix_clamps_to_internal_zero ... ok
test wall::tests::round_trips_after_the_anchor ... ok
test wall::tests::unix_below_epoch_clamps_to_zero ... ok
test wheel::tests::fires_exactly_at_deadline_never_early ... ok
test wall::tests::overflow_is_none_not_a_panic ... ok
test wheel::tests::budget_cuts_leave_debt_and_resume ... ok
test wheel::tests::node_is_sixteen_bytes ... ok
test ordered::tests::sequential_fill_uses_rightmost_split ... ok
test wheel::tests::pool_reuse_keeps_capacity_bounded ... ok
test wheel::tests::every_tier_and_overflow_deliver ... ok
test evict::tests::morris_gate_saturates_instead_of_overflowing ... ok
test write_accounting::tests::blob_ratio_absence_is_undefined_not_zero ... ok
test write_accounting::tests::blob_ratio_is_its_own_disjoint_leg ... ok
test write_accounting::tests::no_user_bytes_is_undefined_not_zero ... ok
test write_accounting::tests::pathological_denominator_saturates_upward ... ok
test write_accounting::tests::ratio_is_milli_and_ignores_the_relocation_volume ... ok
test write_accounting::tests::rounding_never_flatters ... ok
test write_accounting::tests::summary_takes_the_worst_namespace_not_the_average ... ok
test write_accounting::tests::totals_are_field_wise ... ok
test write_accounting::tests::written_bytes_is_wal_plus_flush_only ... ok
test router::tests::contiguous_assignment_covers_all_slots_evenly ... ok
test ordered::tests::append_matches_insert_on_ascending_input ... ok
test index::tests::tombstone_recycling_bounds_capacity ... ok
test index::tests::tiered_tombstone_recycling_bounds_capacity ... ok
test index_key::tests::escape_prefix_matches_encoding ... ok
test index_key::tests::escape_prefix_truncates_at_the_cap ... ok
test index_key::tests::round_trip_utf8 ... ok
test ordered::tests::split_merge_round_trip ... ok
test index_key::tests::utf8_escape_is_prefix_safe ... ok
test index_key::tests::order_utf8 ... ok
test index::tests::tiered_storm_matches_hashmap_oracle ... ok
test index::tests::growth_keeps_every_key_findable ... ok
test index::tests::storm_matches_hashmap_oracle ... ok
test ordered::tests::append_equals_insert_proptest ... ok
test wheel::tests::random_deadlines_fire_exactly_once_in_window_oracle ... ok
test router::tests::multi_cell_routing_matches_single_cell_oracle ... ok
test ordered::tests::cursor_under_mutation_returns_survivors ... ok
test ordered::tests::matches_btree_model ... ok
test index_maint::tests::bracket_scratch_is_bounded_in_retention_and_attributed ... ok

test result: ok. 184 passed; 0 failed; 0 ignored; 0 measured; 0 filtered out; finished in 1.56s

     Running tests/address_space_model.rs (target/debug/deps/address_space_model-54b7a0a055d94320)

running 2 tests
test address_space_matches_shadow_model ... ok
test address_space_storm_million_ops ... ok

test result: ok. 2 passed; 0 failed; 0 ignored; 0 measured; 0 filtered out; finished in 8.65s

     Running tests/ckpt_fuzzy.rs (target/debug/deps/ckpt_fuzzy-242812826dd4ae7d)

running 1 test
test mutations_racing_the_walker_recover_from_the_tail ... ok

test result: ok. 1 passed; 0 failed; 0 ignored; 0 measured; 0 filtered out; finished in 0.02s

     Running tests/ckpt_roundtrip.rs (target/debug/deps/ckpt_roundtrip-f03fe45adb5fb2b7)

running 1 test
test randomized_state_round_trips_through_ick ... ok

test result: ok. 1 passed; 0 failed; 0 ignored; 0 measured; 0 filtered out; finished in 0.14s

     Running tests/ckpt_walk_resume.rs (target/debug/deps/ckpt_walk_resume-929954ca40fdf5b7)

running 3 tests
test the_tiered_image_walk_resumes_at_the_refused_entry ... ok
test a_refusal_resumes_at_the_refused_entry_with_no_miss_and_no_duplicate ... ok
test persistent_keys_survive_refusals_under_interleaved_churn ... ok

test result: ok. 3 passed; 0 failed; 0 ignored; 0 measured; 0 filtered out; finished in 8.81s

     Running tests/doc_attribution.rs (target/debug/deps/doc_attribution-68a41070521e9dcc)

running 6 tests
test constructed_report_sums_only_disjoint_resident_domains ... ok
test keyspace_report_is_the_per_namespace_field_sum ... ok
test doc_corpus::tests::checked_manifest_is_the_generator_witness ... ok
test doc_corpus::tests::canonical_shapes_are_byte_deterministic_and_contract_sized ... ok
test doc_corpus::tests::corpus_v2_instances_are_unique_deterministic_and_contract_sized ... ok
test corpus_shape_bytes_per_document_table ... ok

test result: ok. 6 passed; 0 failed; 0 ignored; 0 measured; 0 filtered out; finished in 1.21s

     Running tests/doc_durability.rs (target/debug/deps/doc_durability-beecf1cf7008288b)

running 7 tests
test delete_recreate_allocates_a_fresh_monotonic_lineage ... ok
test replay_uses_recorded_bounds_not_lowered_boot_config ... ok
test replay_skips_prior_incarnation_instead_of_binding_by_version ... ok
test checkpoint_walk_and_digest_use_canonical_bytes_and_version ... ok
test replay_rejects_root_delete_atomically ... ok
test replay_rule_handles_wrap_stale_missing_and_gap ... ok
test cadence_substitutes_one_full_at_count_and_byte_boundaries ... ok

test result: ok. 7 passed; 0 failed; 0 ignored; 0 measured; 0 filtered out; finished in 0.00s

     Running tests/doc_intern.rs (target/debug/deps/doc_intern-e9629403980c4de2)

running 0 tests

test result: ok. 0 passed; 0 failed; 0 ignored; 0 measured; 0 filtered out; finished in 0.00s

     Running tests/doc_records.rs (target/debug/deps/doc_records-975e64d4d7ae4304)

running 15 tests
test morph_is_version_neutral_and_edit_bumps_once ... ok
test replace_bumps_once_and_retiers ... ok
test same_class_blob_overwrite_rewrites_in_place ... ok
test wrong_type_is_refused_in_both_directions ... ok
test ttl_semantics_ride_json_set_options ... ok
test same_width_scalar_lane_patches_every_storage_form_once ... ok
test json_set_version_chains_and_conditions ... ok
test scalar_lane_falls_back_before_width_change_or_error ... ok
test rename_transfers_and_copy_deep_copies ... ok
test freeze_reproduces_canonical_bytes_on_every_tier ... ok
test document_root_prefetch_is_hint_only_for_every_record_form ... ok
test placement_tiers_by_the_two_thresholds ... ok
test cross_db_copy_re_tiers_in_the_destination_store ... ok
test every_free_site_releases_the_payload ... ok
test ingest_failure_aborts_leak_free_and_keeps_the_old_record ... ok

test result: ok. 15 passed; 0 failed; 0 ignored; 0 measured; 0 filtered out; finished in 0.00s

     Running tests/doc_storm.rs (target/debug/deps/doc_storm-2b80ca6c7ab0fb95)

running 2 tests
test mixed_string_document_keyspace_reconciles ... ok
test storms_reconcile_to_zero_drift ... ok

test result: ok. 2 passed; 0 failed; 0 ignored; 0 measured; 0 filtered out; finished in 2.42s

     Running tests/evict.rs (target/debug/deps/evict-17afcda531e375a4)

running 13 tests
test eviction_and_wheel_stay_consistent ... ok
test node_policy_push_reaches_inheriting_stores_only ... ok
test volatile_ttl_evicts_nearest_deadline_first ... ok
test durable_named_store_never_joins_any_hand ... ok
test volatile_random_never_touches_persistent_keys ... ok
test clock_lru_protects_hot_keys ... ok
test inheriting_named_ns_joins_the_global_hand ... ok
test maintain_drives_budgeted_ns_to_its_low_watermark ... ok
test lfu_protects_frequent_keys ... ok
test write_storm_holds_the_limit_with_bounded_slack ... ok
test named_ns_storm_holds_its_own_budget_and_leaves_db0_alone ... ok
test lfu_beats_random_on_skewed_trace ... ok
test eviction_accounting_reconciles_across_named_stores ... ok

test result: ok. 13 passed; 0 failed; 0 ignored; 0 measured; 0 filtered out; finished in 0.21s

     Running tests/expiry.rs (target/debug/deps/expiry-24d1b4a4ca7a3572)

running 5 tests
test active_wheel_reaps_without_any_reads ... ok
test wheel_memory_stays_within_sixteen_bytes_per_ttl_key ... ok
test wheel_matches_reference_model_under_churn ... ok
test same_second_storm_drains_in_bounded_slices ... ok
test dst_virtual_time_48h_campaign ... ok

test result: ok. 5 passed; 0 failed; 0 ignored; 0 measured; 0 filtered out; finished in 0.68s

     Running tests/index_backfill_storm.rs (target/debug/deps/index_backfill_storm-4ba5f9552e594a01)

running 13 tests
test backfill_storm_million ... ok
test eval_overflow_doc_degrades_the_build ... ok
test empty_and_flushed_namespaces_converge ... ok
test slots_reports_and_candidates_track_the_registry ... ok
test progress_and_info_track_the_walk ... ok
test expiry_across_the_walk_converges ... ok
test planted_backfill_trip_parks_and_rebuild_recovers ... ok
test eviction_during_backfill_converges ... ok
test rebuild_resets_the_job_at_the_new_generation ... ok
test restart_regresses_and_rebuilds_cleanly ... ok
test rehash_mid_walk_converges ... ok
test prepopulated_corpus_converges ... ok
test create_during_storm_converges ... ok

test result: ok. 13 passed; 0 failed; 0 ignored; 0 measured; 0 filtered out; finished in 0.05s

     Running tests/index_key_storm.rs (target/debug/deps/index_key_storm-e17e79f263c65322)

running 4 tests
test storm_tree_iteration_matches_typed_order ... ok
test storm_decode_round_trip ... ok
test storm_cross_type_coercion_one_million_cases ... ok
test storm_order_preservation_one_million_pairs ... ok

test result: ok. 4 passed; 0 failed; 0 ignored; 0 measured; 0 filtered out; finished in 0.92s

     Running tests/index_maint_storm.rs (target/debug/deps/index_maint_storm-de18cc4bc811568a)

running 13 tests
test local_equivalence_million_op_storm ... ok
test planted_apply_trip_degrades_and_never_lies ... ok
test attach_blocks_sync_at_materialization_and_seed ... ok
test reservation_refusal_is_typed_and_mutates_nothing ... ok
test skip_taxonomy_is_counted ... ok
test static_prune_skips_disjoint_path_mutations ... ok
test multi_match_duplicates_dedupe_per_document ... ok
test copy_maintains_destination_entries ... ok
test replay_maintenance_matches_live ... ok
test flush_truncates_trees_but_keeps_declarations ... ok
test eviction_churn_holds_equivalence ... ok
test expiry_wheel_churn_holds_equivalence ... ok
test local_equivalence_every_step ... ok

test result: ok. 13 passed; 0 failed; 0 ignored; 0 measured; 0 filtered out; finished in 0.78s

     Running tests/index_sidecar.rs (target/debug/deps/index_sidecar-861e884d708b2e58)

running 12 tests
test empty_converged_tree_loads_from_its_final_section ... ok
test missing_final_discards_as_incomplete ... ok
test damaged_sections_count_into_the_info_fold ... ok
test key_scheme_mismatch_discards_and_rebuilds ... ok
test generation_mismatch_discards_and_rebuilds ... ok
test encoding_version_mismatch_discards_and_rebuilds ... ok
test ordinal_gap_discards_and_rebuilds ... ok
test cross_section_regression_discards_as_out_of_order ... ok
test sections_after_final_discard_as_after_final ... ok
test stale_declaration_sections_are_swallowed ... ok
test a_tail_trip_after_the_load_commits_as_a_rebuild_not_ready ... ok
test sidecar_load_and_catchup_converge_to_oracle ... ok

test result: ok. 12 passed; 0 failed; 0 ignored; 0 measured; 0 filtered out; finished in 0.02s

     Running tests/mutation_error_atomicity.rs (target/debug/deps/mutation_error_atomicity-eaa8e4e7bba8f25c)

running 1 test
test kth_match_failure_preserves_logical_and_physical_state ... ok

test result: ok. 1 passed; 0 failed; 0 ignored; 0 measured; 0 filtered out; finished in 0.01s

     Running tests/ordered_storm.rs (target/debug/deps/ordered_storm-f0d357734669135b)

running 1 test
test million_op_model_storm ... ignored, 10^6-op storm (S01 AC artifact) — run in release explicitly

test result: ok. 0 passed; 0 failed; 1 ignored; 0 measured; 0 filtered out; finished in 0.00s

     Running tests/review_long_key_panic.rs (target/debug/deps/review_long_key_panic-262da876495e9bfd)

running 4 tests
test rv_f_l05_01_incr_rejects_an_over_long_key_without_panicking ... ok
test rv_f_l05_01_incrbyfloat_rejects_an_over_long_key_without_panicking ... ok
test rv_f_l05_01_set_rejects_an_over_long_key_without_panicking ... ok
test rv_f_l05_01_the_boundary_is_exactly_255_bytes ... ok

test result: ok. 4 passed; 0 failed; 0 ignored; 0 measured; 0 filtered out; finished in 0.00s

     Running tests/review_redis_semantics.rs (target/debug/deps/review_redis_semantics-bd0f3e48f979bdd5)

running 2 tests
test rv_f_l00_06_getrange_wholly_negative_inverted_range_returns_data ... ok
test rv_f_l00_06_getrange_matches_redis_over_the_whole_index_grid ... ok

test result: ok. 2 passed; 0 failed; 0 ignored; 0 measured; 0 filtered out; finished in 0.00s

     Running tests/scan_guarantee.rs (target/debug/deps/scan_guarantee-215cd66c10de6ca2)

running 2 tests
test persistent_keys_always_emitted_under_interleaved_churn ... ok
test scan_terminates_and_covers_on_static_tables_of_all_sizes ... ok

test result: ok. 2 passed; 0 failed; 0 ignored; 0 measured; 0 filtered out; finished in 0.08s

     Running tests/store_oracle.rs (target/debug/deps/store_oracle-a00341775d9a321e)

running 4 tests
test getdel_and_type_basics ... ok
test out_of_memory_is_an_error_not_a_panic ... ok
test get_many_matches_get_including_duplicate_expired_keys ... ok
test storm_matches_reference_model ... ok

test result: ok. 4 passed; 0 failed; 0 ignored; 0 measured; 0 filtered out; finished in 0.14s

     Running tests/tiered_accounting.rs (target/debug/deps/tiered_accounting-083c34ae0f7f277b)

running 6 tests
test compaction_bytes_are_relocation_volume_not_a_numerator_leg ... ok
test user_bytes_count_key_plus_value_at_the_record_boundary ... ok
test wal_bytes_track_exactly_what_the_ring_accepted ... ok
test flush_bytes_are_device_bytes_including_framing_and_rewrites ... ok
test write_amplification_shape_is_write_twice_plus_framing ... ok
test flush_amplification_follows_the_slice_budget ... ok

test result: ok. 6 passed; 0 failed; 0 ignored; 0 measured; 0 filtered out; finished in 0.16s

     Running tests/tiered_blob.rs (target/debug/deps/tiered_blob-61dcfbc5e709da63)

running 4 tests
test reclaim_gates_on_the_deaths_durability ... ok
test recovery_rebuilds_refcounts_serves_content_and_sweeps_orphans ... ok
test blob_refcounts_match_the_model ... ok
test blob_lifecycle_refcounts_are_exact_and_reclaim_is_complete ... ok

test result: ok. 4 passed; 0 failed; 0 ignored; 0 measured; 0 filtered out; finished in 0.22s

     Running tests/tiered_blob_reclaim.rs (target/debug/deps/tiered_blob_reclaim-e8cb5befe0be2750)

running 5 tests
test boot_orphan_sweep_quarantines_before_destruction ... ok
test reclaim_and_compaction_share_the_round_without_starvation ... ok
test statvfs_confirms_blob_reclaim_returns_disk_to_the_os ... ok
test compaction_relocates_references_never_blob_bytes ... ok
test blob_leak_cycles_return_disk_to_baseline ... ok

test result: ok. 5 passed; 0 failed; 0 ignored; 0 measured; 0 filtered out; finished in 18.87s

     Running tests/tiered_budgets.rs (target/debug/deps/tiered_budgets-256ce99811872073)

running 5 tests
test spec_materialization_and_hot_reload_apply_together ... ok
test aggregate_va_bounds_creation_and_drop_returns_capacity ... ok
test namespace_drop_returns_disk_va_and_accounting_to_zero ... ok
test disk_pressure_engages_before_the_cap ... ok
test memory_fill_respects_each_namespace_budget ... ok

test result: ok. 5 passed; 0 failed; 0 ignored; 0 measured; 0 filtered out; finished in 0.16s

     Running tests/tiered_compaction.rs (target/debug/deps/tiered_compaction-346cc1b10b7f6ca0)

running 8 tests
test relocation_origin_markers_are_load_bearing ... ok
test pressure_widens_the_trigger ... ok
test endurance_slice_disk_oscillates_and_statvfs_reclaims ... ok
test relocation_origin_markers_replay_exactly ... ok
test retirement_requires_a_covering_checkpoint_and_survives_abort ... ok
test stalled_relocation_resumes_after_window_progress ... ok
test copy_forward_relocates_live_verbatim_and_finalizes ... ok
test oversized_record_scans_via_need ... ok

test result: ok. 8 passed; 0 failed; 0 ignored; 0 measured; 0 filtered out; finished in 0.09s

     Running tests/tiered_demotion.rs (target/debug/deps/tiered_demotion-7f6babc15d42c257)

running 3 tests
test pressure_response_routes_by_namespace_mode ... ok
test unpaced_burst_stalls_on_the_budget_and_resumes_after_flush_progress ... ok
test fill_to_4x_budget_holds_rss_within_one_slice ... ok

test result: ok. 3 passed; 0 failed; 0 ignored; 0 measured; 0 filtered out; finished in 0.01s

     Running tests/tiered_diskfull.rs (target/debug/deps/tiered_diskfull-c6a1e213715293ed)

running 9 tests
test blob_write_enospc_is_per_op_typed_and_self_heals ... ok
test blob_placement_respects_the_disk_budget ... ok
test device_enospc_latches_foreground_and_clears_on_successful_flush ... ok
test admission_is_open_until_the_first_refresh ... ok
test pressure_with_nothing_compactable_counts_the_alarm ... ok
test budget_reload_recomputes_admission_immediately ... ok
test compaction_pressure_is_active_no_later_than_the_first_refusal ... ok
test compaction_reclaims_into_the_reserve_and_admission_resumes ... ok
test budget_cap_refuses_typed_and_nonconsuming_ops_proceed ... ok

test result: ok. 9 passed; 0 failed; 0 ignored; 0 measured; 0 filtered out; finished in 0.37s

     Running tests/tiered_flush.rs (target/debug/deps/tiered_flush-fe4552ef0712d766)

running 1 test
test flush_storm_round_trips_every_record ... ok

test result: ok. 1 passed; 0 failed; 0 ignored; 0 measured; 0 filtered out; finished in 0.80s

     Running tests/tiered_flush_reactor.rs (target/debug/deps/tiered_flush_reactor-fad9f0e668d256de)

running 1 test
test reactor_drive_matches_the_seam_drive_byte_for_byte ... ok

test result: ok. 1 passed; 0 failed; 0 ignored; 0 measured; 0 filtered out; finished in 0.47s

     Running tests/tiered_live_set.rs (target/debug/deps/tiered_live_set-547e07e048ee075f)

running 2 tests
test live_set_matches_model ... ok
test live_set_storm_million_ops ... ok

test result: ok. 2 passed; 0 failed; 0 ignored; 0 measured; 0 filtered out; finished in 12.32s

     Running tests/tiered_mutation.rs (target/debug/deps/tiered_mutation-e5f25784f988b4fc)

running 2 tests
test tiered_mutation_matches_oracle ... ok
test tiered_mutation_storm_million_ops ... ok

test result: ok. 2 passed; 0 failed; 0 ignored; 0 measured; 0 filtered out; finished in 9.81s

     Running tests/tiered_oracle.rs (target/debug/deps/tiered_oracle-43ebf5d951f09566)

running 2 tests
test tiered_table_matches_oracle ... ok
test tiered_storm_million_ops ... ok

test result: ok. 2 passed; 0 failed; 0 ignored; 0 measured; 0 filtered out; finished in 1.92s

     Running tests/tiered_promotion.rs (target/debug/deps/tiered_promotion-41a097c0fa9490a3)

running 10 tests
test promotion_skips_under_walk_pin_and_retries ... ok
test promotion_origin_markers_are_load_bearing ... ok
test disabled_promotion_is_inert ... ok
test promotion_defers_at_the_origin_cap_until_a_covering_swap ... ok
test second_cold_read_promotes_verbatim ... ok
test promotion_skips_on_window_refusal_and_retries ... ok
test one_touch_sweep_never_promotes ... ok
test promotion_converges_a_reread_working_set ... ok
test promotion_origin_markers_replay_exactly ... ok
test unmutated_promotions_replay_to_identical_bytes ... ok

test result: ok. 10 passed; 0 failed; 0 ignored; 0 measured; 0 filtered out; finished in 0.07s

     Running tests/tiered_recovery.rs (target/debug/deps/tiered_recovery-158289257e68deb0)

running 4 tests
test ref_apply_idempotent_and_displace_exact ... ok
test walk_pin_clamps_release ... ok
test displacement_never_removes_a_foreign_key_at_a_colliding_address ... ok
test unified_recovery_round_trips_all_classes ... ok

test result: ok. 4 passed; 0 failed; 0 ignored; 0 measured; 0 filtered out; finished in 0.04s

     Running tests/tiered_replay_routing.rs (target/debug/deps/tiered_replay_routing-df5dcce54102ffd3)

running 10 tests
test displace_delete_pairing_removes_the_key ... ok
test in_place_set_replays_without_its_displacement_marker ... ok
test displace_register_overflow_is_a_decode_error ... ok
test expiry_on_tiered_namespace_skips_reserved ... ok
test displace_drains_at_its_paired_mutation ... ok
test marker_for_unknown_namespace_skips ... ok
test origin_marker_repairs_the_cold_ref_and_its_absence_leaks ... ok
test orphan_marker_is_a_decode_error ... ok
test extent_ref_routes_to_the_extent_applier ... ok
test tiered_records_route_to_the_table_not_the_shell ... ok

test result: ok. 10 passed; 0 failed; 0 ignored; 0 measured; 0 filtered out; finished in 0.00s

     Running tests/tiered_ring_bounds.rs (target/debug/deps/tiered_ring_bounds-22b914670ab4e3a4)

running 5 tests
test default_blob_threshold_derives_from_the_ring ... ok
test inline_record_above_half_ring_refuses_typed ... ok
test sub_floor_budget_refuses_at_the_spec_gauntlet ... ok
test legacy_catalog_threshold_normalizes_at_seed ... ok
test blob_stall_probe_never_sizes_from_the_value ... ok

test result: ok. 5 passed; 0 failed; 0 ignored; 0 measured; 0 filtered out; finished in 0.01s

     Running tests/tiered_shadow.rs (target/debug/deps/tiered_shadow-0f01339212022362)

running 38 tests
test a_candidate_at_the_origin_cap_refuses ... ok
test a_flushed_winner_is_imaged_by_the_walk_not_referenced ... ok
test a_collision_ticket_keeps_both_keys_and_the_drain_makes_the_count_exact ... ok
test a_colliding_write_over_a_ticketed_slot_is_synchronous ... ok
test a_completion_after_the_winner_moved_resolves_against_the_current_winner ... ok
test a_foreign_image_is_a_collision_and_removes_nothing ... ok
test a_shadowed_winner_never_goes_cold ... ok
test a_paused_reconciler_holds_tickets_open_and_resumes ... ok
test a_fourth_same_key_twin_at_boot_is_a_typed_settle_error ... ok
test a_verified_ticket_settles_without_a_read_after_the_walk ... ok
test a_full_origin_list_defers_the_settle_until_the_winner_moves ... ok
test a_winner_lists_every_ticket_naming_it_in_cold_order ... ok
test delete_after_a_forced_resolution_covers_the_twin ... ok
test delete_of_a_winner_whose_twin_is_a_collision_key_leaves_the_key ... ok
test promotion_skips_a_tickets_cold_slot ... ok
test deleting_a_winner_with_an_open_ticket_panics - should panic ... ok
test ram_verified_slot_outranks_a_cold_twin ... ok
test reads_in_flight_are_bounded_and_failures_retry ... ok
test registering_a_second_ticket_on_one_cold_address_panics - should panic ... ok
test recovery_appliers_reform_pairs_in_both_orders ... ok
test compaction_defers_a_tickets_cold_slot_until_resolution ... ok
test the_knob_off_keeps_reconciling_open_tickets ... ok
test same_key_shadow_serves_the_winner_and_resolves_exactly ... ok
test scan_names_a_collision_key ... ok
test the_dbsize_fence_refuses_new_tickets_while_raised ... ok
test the_pinned_peak_folds_on_unrelated_writes ... ok
test scan_names_a_tickets_cold_slot ... ok
test the_probe_distinguishes_exact_from_fingerprint_candidates ... ok
test the_delete_cursor_visits_every_ticket_of_a_winner_in_cold_order ... ok
test the_ticket_follows_the_winner_across_overwrites ... ok
test rebuild_settles_an_ambiguous_twin_against_its_true_owner ... ok
test the_record_pin_clamps_release_until_resolution ... ok
test deferred_settles_run_in_registry_order_not_hash_order ... ok
test a_ticketed_twin_carries_its_relocation_origins_for_the_delete ... ok
test rebuild_walks_a_displaced_chain_and_settles_mid_chain ... ok
test registering_at_the_cap_panics - should panic ... ok
test admission_refuses_at_every_bound_and_counts ... ok
test rebuild_sends_pairs_beyond_the_cap_to_the_boot_settle_one_at_a_time ... ok

test result: ok. 38 passed; 0 failed; 0 ignored; 0 measured; 0 filtered out; finished in 0.04s

     Running tests/tiered_write_amp.rs (target/debug/deps/tiered_write_amp-ea2bda1496138909)

running 3 tests
test delete_only_namespace_reports_unbounded_amplification ... ok
test relocated_bytes_reach_the_device_through_the_flush_leg ... ok
test mistuned_dead_ratio_trips_the_write_amp_gate ... ok

test result: ok. 3 passed; 0 failed; 0 ignored; 0 measured; 0 filtered out; finished in 0.78s

     Running unittests src/lib.rs (target/debug/deps/inf_stream-a7c1ad3041ee2542)

running 0 tests

test result: ok. 0 passed; 0 failed; 0 ignored; 0 measured; 0 filtered out; finished in 0.00s

     Running unittests src/lib.rs (target/debug/deps/inf_vector-09cbea6c0926137a)

running 0 tests

test result: ok. 0 passed; 0 failed; 0 ignored; 0 measured; 0 filtered out; finished in 0.00s

     Running unittests src/lib.rs (target/debug/deps/inf_wire-1399dd11fb1aa580)

running 17 tests
test command::tests::every_command_resolves_in_any_case ... ok
test command::tests::every_command_has_one_keyspace_scope ... ok
test command::tests::pair_and_two_key_specs_extract_correct_keys ... ok
test writer::tests::error_line_is_sanitized_like_the_redis_oracle ... ok
test writer::tests::double_is_total_at_the_extremes ... ok
test command::tests::near_misses_do_not_resolve ... ok
test writer::tests::itoa_edge_values ... ok
test command::tests::registry_ids_are_unique_and_table_is_perfect ... ok
test writer::tests::length_prefixed_replies_still_carry_crlf_verbatim ... ok
test writer::tests::resp2_surface_is_byte_exact ... ok
test writer::tests::contains_line_break_matches_the_scalar_oracle ... ok
test writer::tests::try_bulk_patched_rolls_back_the_whole_frame_on_error ... ok
test writer::tests::resp3_surface_is_byte_exact ... ok
test writer::tests::no_byte_in_a_line_reply_can_open_a_second_frame ... ok
test writer::tests::f64_display_never_exceeds_fmtbuf ... ok
test writer::tests::bulk_patched_matches_bulk_byte_for_byte ... ok
test writer::tests::bulk_patched_widens_the_header_past_the_reserve ... ok

test result: ok. 17 passed; 0 failed; 0 ignored; 0 measured; 0 filtered out; finished in 0.71s

     Running tests/keyspec.rs (target/debug/deps/keyspec-105d35fbd221d89b)

running 4 tests
test arity_validation_matches_redis_convention ... ok
test debug_object_is_the_subcommand_scoped_key ... ok
test keyspec_matches_oracle_for_every_command_and_arity ... ok
test random_names_do_not_false_positive ... ok

test result: ok. 4 passed; 0 failed; 0 ignored; 0 measured; 0 filtered out; finished in 0.00s

     Running tests/parser.rs (target/debug/deps/parser-7b884b252e08bd7a)

running 14 tests
test a_multibulk_frame_is_bounded_as_a_whole_not_only_per_bulk ... ok
test arg_count_over_limit_is_rejected ... ok
test binary_payloads_pass_through_untouched ... ok
test early_drop_carries_unconsumed_bytes ... ok
test empty_bulk_and_zero_array_are_handled ... ok
test inline_commands_split_on_whitespace ... ok
test frame_split_across_feeds_resumes_via_accumulator ... ok
test more_than_inline_args_spill_correctly ... ok
test oversized_bulk_header_is_rejected_immediately_with_bounded_memory ... ok
test parses_single_and_pipelined_commands ... ok
test protocol_errors_poison_the_connection ... ok
test chunking::any_chunking_parses_identically ... ok
test the_default_admits_a_bulk_at_the_cap_under_a_bound_key ... ok
test chunking::arbitrary_bytes_are_total_and_bounded ... ok

test result: ok. 14 passed; 0 failed; 0 ignored; 0 measured; 0 filtered out; finished in 0.03s

     Running unittests src/lib.rs (target/debug/deps/infinity_embedded-4699dc97823e6424)

running 0 tests

test result: ok. 0 passed; 0 failed; 0 ignored; 0 measured; 0 filtered out; finished in 0.00s

     Running unittests src/main.rs (target/debug/deps/infinityd-30c649226e8e0ca3)

running 5 tests
test tests::a_probed_file_reports_the_verdict_the_device_supports ... ok
test tests::a_foreign_model_is_reprobed_or_refused_before_its_block_size_is_judged ... ok
test tests::replay_term_is_the_probed_read_row_per_cell_or_the_constant ... ok
test tests::a_verified_model_is_used_and_its_block_size_is_then_checked ... ok
test tests::short_uuid_abbreviates_by_character ... ok

test result: ok. 5 passed; 0 failed; 0 ignored; 0 measured; 0 filtered out; finished in 0.00s

     Running tests/boot_flags.rs (target/debug/deps/boot_flags-ee838fe273e66e25)

running 1 test
test out_of_range_boot_flags_are_usage_errors_not_panics ... ok

test result: ok. 1 passed; 0 failed; 0 ignored; 0 measured; 0 filtered out; finished in 0.01s

     Running tests/device_probe.rs (target/debug/deps/device_probe-e18b9f582c03a3ad)

running 1 test
test a_fresh_data_directory_is_probed_once_and_the_model_is_identity_bound ... ok

test result: ok. 1 passed; 0 failed; 0 ignored; 0 measured; 0 filtered out; finished in 26.75s

     Running tests/key_hash.rs (target/debug/deps/key_hash-980e84723b0c757f)

running 6 tests
test a_malformed_secret_is_refused ... ok
test the_first_boot_creates_the_secret_and_later_boots_read_it ... ok
test two_simultaneous_first_boots_yield_exactly_one_owner ... ok
test the_secret_is_private_and_a_lax_mode_is_refused ... ok
test a_directory_that_predates_the_secret_is_refused ... ok
test a_replaced_secret_is_refused_before_any_cell_starts ... ok

test result: ok. 6 passed; 0 failed; 0 ignored; 0 measured; 0 filtered out; finished in 1.52s

     Running tests/recover_lift.rs (target/debug/deps/recover_lift-51916c394062b0b3)

running 2 tests
test a_lifted_log_with_a_paired_marker_boots_and_serves_the_lifted_records ... ok
test a_lifted_log_ending_in_an_unpaired_marker_refuses_to_boot ... ok

test result: ok. 2 passed; 0 failed; 0 ignored; 0 measured; 0 filtered out; finished in 0.11s

     Running tests/segment_bounds.rs (target/debug/deps/segment_bounds-b2bf65f49e38e3fe)

running 1 test
test oversized_segment_boot_refuses_without_panic_or_log_changes ... ok

test result: ok. 1 passed; 0 failed; 0 ignored; 0 measured; 0 filtered out; finished in 0.02s

     Running tests/topology.rs (target/debug/deps/topology-366f5c2602b54d3d)

running 2 tests
test a_pre_adr_directory_adopts_at_the_derived_count_and_refuses_others ... ok
test a_reopen_at_a_different_cell_count_is_refused_and_the_recorded_one_serves ... ok

test result: ok. 2 passed; 0 failed; 0 ignored; 0 measured; 0 filtered out; finished in 0.60s

   Doc-tests compat

running 0 tests

test result: ok. 0 passed; 0 failed; 0 ignored; 0 measured; 0 filtered out; finished in 0.00s

   Doc-tests crash_matrix

running 0 tests

test result: ok. 0 passed; 0 failed; 0 ignored; 0 measured; 0 filtered out; finished in 0.00s

   Doc-tests inf_alloc

running 0 tests

test result: ok. 0 passed; 0 failed; 0 ignored; 0 measured; 0 filtered out; finished in 0.00s

   Doc-tests inf_compute

running 0 tests

test result: ok. 0 passed; 0 failed; 0 ignored; 0 measured; 0 filtered out; finished in 0.00s

   Doc-tests inf_doc

running 0 tests

test result: ok. 0 passed; 0 failed; 0 ignored; 0 measured; 0 filtered out; finished in 0.00s

   Doc-tests inf_fabric

running 0 tests

test result: ok. 0 passed; 0 failed; 0 ignored; 0 measured; 0 filtered out; finished in 0.00s

   Doc-tests inf_foundation

running 0 tests

test result: ok. 0 passed; 0 failed; 0 ignored; 0 measured; 0 filtered out; finished in 0.00s

   Doc-tests inf_log

running 0 tests

test result: ok. 0 passed; 0 failed; 0 ignored; 0 measured; 0 filtered out; finished in 0.00s

   Doc-tests inf_probe

running 0 tests

test result: ok. 0 passed; 0 failed; 0 ignored; 0 measured; 0 filtered out; finished in 0.00s

   Doc-tests inf_query

running 0 tests

test result: ok. 0 passed; 0 failed; 0 ignored; 0 measured; 0 filtered out; finished in 0.00s

   Doc-tests inf_replica

running 0 tests

test result: ok. 0 passed; 0 failed; 0 ignored; 0 measured; 0 filtered out; finished in 0.00s

   Doc-tests inf_runtime

running 0 tests

test result: ok. 0 passed; 0 failed; 0 ignored; 0 measured; 0 filtered out; finished in 0.00s

   Doc-tests inf_server

running 0 tests

test result: ok. 0 passed; 0 failed; 0 ignored; 0 measured; 0 filtered out; finished in 0.00s

   Doc-tests inf_sim

running 0 tests

test result: ok. 0 passed; 0 failed; 0 ignored; 0 measured; 0 filtered out; finished in 0.00s

   Doc-tests inf_simd

running 0 tests

test result: ok. 0 passed; 0 failed; 0 ignored; 0 measured; 0 filtered out; finished in 0.00s

   Doc-tests inf_store

running 0 tests

test result: ok. 0 passed; 0 failed; 0 ignored; 0 measured; 0 filtered out; finished in 0.00s

   Doc-tests inf_stream

running 0 tests

test result: ok. 0 passed; 0 failed; 0 ignored; 0 measured; 0 filtered out; finished in 0.00s

   Doc-tests inf_vector

running 0 tests

test result: ok. 0 passed; 0 failed; 0 ignored; 0 measured; 0 filtered out; finished in 0.00s

   Doc-tests inf_wire

running 0 tests

test result: ok. 0 passed; 0 failed; 0 ignored; 0 measured; 0 filtered out; finished in 0.00s

   Doc-tests infinity_embedded

running 0 tests

test result: ok. 0 passed; 0 failed; 0 ignored; 0 measured; 0 filtered out; finished in 0.00s

cargo clippy -p inf-doc -p inf-store --all-targets --features doc-intern-keys -- -D warnings
    Finished `dev` profile [unoptimized + debuginfo] target(s) in 0.11s
cargo test -p inf-doc -p inf-store --features doc-intern-keys
    Finished `test` profile [unoptimized + debuginfo] target(s) in 0.05s
     Running unittests src/lib.rs (target/debug/deps/inf_doc-5667374575c34d7e)

running 37 tests
test build::tests::builds_validating_documents ... ok
test build::tests::size_cap_rejects_before_copy ... ok
test build::tests::fragment_has_no_header ... ok
test delta::tests::every_opcode_round_trips ... ok
test build::tests::depth_cap_is_typed ... ok
test delta::tests::wrong_kinds_and_trailing_bytes_are_typed ... ok
test build::tests::non_finite_is_typed ... ok
test emit::tests::append_overlapped_matches_extend ... ok
test emit::tests::primitives_match_safe_oracles ... ok
test header::tests::rejections_are_typed ... ok
test intern::tests::marginal_wins_that_lose_to_the_count_field_stay_plain ... ok
test header::tests::round_trip ... ok
test intern::tests::interned_lookup_and_iteration_resolve_keys ... ok
test intern::tests::plain_encoding_of_a_tabled_key_rejects ... ok
test intern::tests::single_use_keys_never_intern ... ok
test intern::tests::under_used_table_entries_reject ... ok
test model::tests::duplicate_keys_are_representable_and_order_preserved ... ok
test intern::tests::validator_rejects_non_canonical_interned_shapes ... ok
test model::tests::encode_decode_identity_on_a_mixed_document ... ok
test path::cache::tests::compile_failures_are_not_cached ... ok
test path::cache::tests::capacity_zero_disables_but_still_serves ... ok
test path::cache::tests::hit_returns_the_cached_program_and_counts ... ok
test path::cache::tests::byte_accounting_is_exact_across_churn ... ok
test path::cache::tests::distinct_texts_are_distinct_keys_even_when_programs_agree ... ok
test path::cache::tests::lru_evicts_the_coldest_entry ... ok
test path::cache::tests::legacy_and_dollar_mode_share_the_key_space ... ok
test tape::tests::canonicality_rejections ... ok
test tape::tests::object_pairing_is_enforced ... ok
test path::cache::tests::multi_victim_eviction_does_not_leak_slots ... ok
test path::cache::tests::namespace_cap_binds_before_the_lookup ... ok
test tape::tests::container_length_must_cover_exactly ... ok
test tape::tests::depth_cap_binds_at_129 ... ok
test tape::tests::traversal_reads_back_what_was_built ... ok
test intern::tests::intern_round_trips_and_shrinks_wide_shapes ... ok
test intern::tests::table_above_the_u16_count_field_stays_plain ... ok
test path::cache::tests::eviction_keeps_the_structure ... ok
test intern::tests::table_at_the_u16_count_field_is_representable ... ok

test result: ok. 37 passed; 0 failed; 0 ignored; 0 measured; 0 filtered out; finished in 24.53s

     Running tests/array_slack.rs (target/debug/deps/array_slack-d4abfb7748fbce97)

running 5 tests
test growth_storm_keeps_array_slack_bounded ... ok
test doc_corpus::tests::checked_manifest_is_the_generator_witness ... ok
test doc_corpus::tests::canonical_shapes_are_byte_deterministic_and_contract_sized ... ok
test splice_storm_keeps_arena_slack_at_zero ... ok
test doc_corpus::tests::corpus_v2_instances_are_unique_deterministic_and_contract_sized ... ok

test result: ok. 5 passed; 0 failed; 0 ignored; 0 measured; 0 filtered out; finished in 0.33s

     Running tests/density.rs (target/debug/deps/density-206446624dad35ae)

running 4 tests
test doc_corpus::tests::checked_manifest_is_the_generator_witness ... ok
test doc_corpus::tests::canonical_shapes_are_byte_deterministic_and_contract_sized ... ok
test density_budgets_hold_on_the_reference_corpus ... ok
test doc_corpus::tests::corpus_v2_instances_are_unique_deterministic_and_contract_sized ... ok

test result: ok. 4 passed; 0 failed; 0 ignored; 0 measured; 0 filtered out; finished in 0.34s

     Running tests/golden.rs (target/debug/deps/golden-82f1ba86d074c0a5)

running 3 tests
test dup_keys_get_returns_first_match ... ok
test interned_golden_vectors_decode_forever ... ok
test golden_vectors_decode_forever ... ok

test result: ok. 3 passed; 0 failed; 0 ignored; 0 measured; 0 filtered out; finished in 0.00s

     Running tests/intern_equiv.rs (target/debug/deps/intern_equiv-f56194a0c0deecca)

running 2 tests
test lookups_agree_across_forms ... ok
test canonical_serialization_is_intern_invariant ... ok

test result: ok. 2 passed; 0 failed; 0 ignored; 0 measured; 0 filtered out; finished in 0.08s

     Running tests/json_apply.rs (target/debug/deps/json_apply-1366b07914d634d7)

running 40 tests
test all_skipped_is_a_no_op_with_no_bytes ... ok
test arrinsert_out_of_bounds_aborts_the_whole_command ... ok
test arrappend_appends_and_reports_lengths ... ok
test array_ops_skip_non_arrays ... ok
test arrpop_defaults_clamps_and_reports_pre_image_offsets ... ok
test arrtrim_clamps_empties_and_skips_full_windows ... ok
test arrtrim_overlapping_sites_pin_snapshot_semantics ... ok
test clear_empties_containers_and_zeroes_numbers ... ok
test clear_overlap_ancestor_supersedes_descendant ... ok
test arrpop_resolves_popped_values_via_value_at ... ok
test clear_on_the_root_empties_the_document ... ok
test del_on_root_is_a_typed_key_lifecycle_error ... ok
test arrinsert_positions_include_prepend_append_and_negative ... ok
test del_with_no_matches_changes_nothing ... ok
test del_overlapping_matches_counts_the_pre_state_set ... ok
test del_removes_object_members_and_array_elements ... ok
test deep_ancestor_chains_re_cover_every_length ... ok
test merge_absent_document_strips_nulls_through_object_chains_only ... ok
test merge_multi_match_and_nested_sites ... ok
test merge_of_empty_patch_is_a_no_op ... ok
test indices_beyond_the_u32_width_mutate_nothing ... ok
test merge_null_is_literal_at_every_selected_value ... ok
test merge_preserves_key_positions_and_appends_new_keys_in_patch_order ... ok
test merge_overlapping_sites_pin_snapshot_semantics ... ok
test numincrby_overflow_aborts_the_whole_command ... ok
test numincrby_multi_match_skips_non_numbers_in_raw_order ... ok
test numincrby_preserves_integers_across_encoded_widths ... ok
test numincrby_promotes_to_f64_on_float_operands ... ok
test nummultby_multiplies_in_place ... ok
test nummultby_overflow_and_non_finite_abort ... ok
test post_edit_size_cap_aborts_before_output_exists ... ok
test set_member_replaces_in_place_and_appends_new_keys ... ok
test rfc_7386_appendix_test_vectors ... ok
test set_member_same_offset_nested_inserts_order_deepest_first ... ok
test set_member_skips_non_object_parents ... ok
test set_replace_swaps_every_match ... ok
test strappend_appends_and_reports_byte_lengths ... ok
test strappend_crosses_string_width_classes ... ok
test toggle_flips_booleans_only ... ok
test engine_matches_reference_reverse_order_mutation ... ok

test result: ok. 40 passed; 0 failed; 0 ignored; 0 measured; 0 filtered out; finished in 0.05s

     Running tests/json_differential.rs (target/debug/deps/json_differential-e8ff9726b1d15a50)

running 4 tests
test agrees_with_serde_on_compact_text ... ok
test parser_output_is_canonical ... ok
test oracle_reparse_agrees ... ok
test agrees_with_serde_on_pretty_text ... ok

test result: ok. 4 passed; 0 failed; 0 ignored; 0 measured; 0 filtered out; finished in 0.06s

     Running tests/json_edges.rs (target/debug/deps/json_edges-d0187f951b7fdfb9)

running 13 tests
test integer_boundaries ... ok
test literals_and_their_terminators ... ok
test error_offsets_are_exact ... ok
test grammar_and_structure ... ok
test standalone_number_token_uses_the_ingest_grammar ... ok
test number_rejections ... ok
test duplicate_keys_last_value_first_position ... ok
test negative_zero_and_float_forms ... ok
test unicode_escapes_and_surrogates ... ok
test depth_cap_binds_at_129 ... ok
test string_content_edges ... ok
test size_cap_rejects_incrementally ... ok
test wide_object_duplicates_take_the_sorted_path ... ok

test result: ok. 13 passed; 0 failed; 0 ignored; 0 measured; 0 filtered out; finished in 0.00s

     Running tests/json_fixpoint.rs (target/debug/deps/json_fixpoint-f65be15c5f74d5ad)

running 9 tests
test options_are_arbitrary_bytes ... ok
test empty_containers_print_compact ... ok
test serializer_appends_to_existing_buffer ... ok
test number_edge_corpus_matches_serde ... ok
test serialize_parse_serialize_is_byte_stable ... ok
test pretty_matches_serde_json_pretty ... ok
test compact_matches_serde_json ... ok
test text_round_trip_reproduces_canonical_tape ... ok
test arena_and_tape_serialize_identically ... ok

test result: ok. 9 passed; 0 failed; 0 ignored; 0 measured; 0 filtered out; finished in 0.06s

     Running tests/json_limits.rs (target/debug/deps/json_limits-6ccd32998ce8e1c2)

running 6 tests
test limits_clamp_to_format_ceilings ... ok
test configured_depth_rejects_downward ... ok
test text_cap_rejects_before_any_allocation ... ok
test rejection_error_lines_are_documented ... ok
test buffer_reuse_survives_rejection ... ok
test pathological_small_token_corpus_hits_the_idoc_bound ... ok

test result: ok. 6 passed; 0 failed; 0 ignored; 0 measured; 0 filtered out; finished in 0.00s

     Running tests/path_eval.rs (target/debug/deps/path_eval-f5f14bb798c9f4b9)

running 13 tests
test giant_slice_step_resumes_across_a_yield ... ok
test match_cap_is_a_typed_error ... ok
test overlap_corpus_ancestor_descendant ... ok
test budgeted_descend_yields_and_resumes ... ok
test resolve_walks_location_paths ... ok
test giant_slice_steps_yield_the_python_index_set_and_terminate ... ok
test selector_semantics_on_the_store_doc ... ok
test index_beyond_the_u32_width_selects_nothing_on_every_lane ... ok
test visit_break_stops_the_walk ... ok
test visit_streams_the_recorded_matches ... ok
test evaluation_is_deterministic ... ok
test budgeted_eval_matches_unbudgeted ... ok
test differential_vs_reference ... ok

test result: ok. 13 passed; 0 failed; 0 ignored; 0 measured; 0 filtered out; finished in 0.05s

     Running tests/path_grammar.rs (target/debug/deps/path_grammar-c102ba559a186387)

running 10 tests
test bytecode_golden_vectors ... ok
test error_offsets_are_exact ... ok
test mode_is_recorded_on_the_program ... ok
test index_fence_splits_the_grammar ... ok
test program_byte_rejections_are_typed ... ok
test limits_bind ... ok
test table_invalid_cases_reject_with_the_expected_kind ... ok
test table_valid_cases_parse_and_print_canonically ... ok
test bytecode_round_trip ... ok
test print_parse_round_trip ... ok

test result: ok. 10 passed; 0 failed; 0 ignored; 0 measured; 0 filtered out; finished in 0.03s

     Running tests/path_yield_alloc.rs (target/debug/deps/path_yield_alloc-a57fcd1a4f17d427)

running 2 tests
test nightly_inputs_yield_in_constant_bytes_per_yield ... ok
test yield_churn_scales_linearly_with_the_match_set ... ok

test result: ok. 2 passed; 0 failed; 0 ignored; 0 measured; 0 filtered out; finished in 1.07s

     Running tests/roundtrip.rs (target/debug/deps/roundtrip-78f920af3e2948f2)

running 5 tests
test morph_abort_is_leak_free ... ok
test push_growth_slack_is_bounded ... ok
test tape_round_trip_is_identity ... ok
test fragment_is_the_headerless_body ... ok
test arena_round_trip_and_freeze_stability ... ok

test result: ok. 5 passed; 0 failed; 0 ignored; 0 measured; 0 filtered out; finished in 0.06s

     Running tests/scalar_patch_alloc.rs (target/debug/deps/scalar_patch_alloc-bd0227c9355582b9)

running 1 test
test accepted_tape_and_arena_scalar_patches_allocate_nothing ... ok

test result: ok. 1 passed; 0 failed; 0 ignored; 0 measured; 0 filtered out; finished in 0.01s

     Running unittests src/lib.rs (target/debug/deps/inf_store-fabbb26f181eed82)

running 184 tests
test address_space::tests::alloc_write_read_round_trip ... ok
test address_space::tests::flush_chunks_respect_cuts_and_budget ... ok
test address_space::tests::flush_chunks_split_at_ring_top_holes ... ok
test address_space::tests::flush_above_ro_boundary_panics - should panic ... ok
test address_space::tests::release_above_flushed_panics - should panic ... ok
test address_space::tests::flush_chunks_stop_at_an_exactly_filled_ring_top ... ok
test address_space::tests::lifecycle_classifies_through_all_regions ... ok
test address_space::tests::new_life_origin_offsets_the_ring ... ok
test address_space::tests::head_advance_decommits_and_recommit_wraps ... ok
test address_space::tests::ram_read_of_cold_address_panics - should panic ... ok
test address_space::tests::ring_top_seal_keeps_records_contiguous ... ok
test address_space::tests::window_exhaustion_refuses_without_mutation ... ok
test address_space::tests::write_below_ro_boundary_panics - should panic ... ok
test catalog::tests::an_empty_tombstone_set_keeps_the_v2_or_v3_bytes ... ok
test catalog::tests::bad_version_errors ... ok
test catalog::tests::duplicate_ids_are_rejected ... ok
test catalog::tests::dropped_tombstones_round_trip_as_v4_with_a_pristine_index ... ok
test catalog::tests::durable_fsync_none_encodes_as_resolved_everysec ... ok
test catalog::tests::empty_catalog_round_trips ... ok
test catalog::tests::every_mode_fsync_policy_combination_round_trips ... ok
test catalog::tests::every_tombstone_rule_is_typed ... ok
test catalog::tests::index_section::moved_counters_ride_v3_with_zero_entries ... ok
test catalog::tests::index_section::invalid_index_bytes_are_typed_errors ... ok
test catalog::tests::index_section::pristine_index_catalog_stays_v2_byte_identical ... ok
test catalog::tests::index_section::cross_field_rules_refuse_typed ... ok
test catalog::tests::index_section::reserved_values_and_cap_refuse_typed ... ok
test catalog::tests::index_section::v1_and_v2_decode_index_pristine ... ok
test catalog::tests::index_section::v3_round_trips_every_state_and_type ... ok
test catalog::tests::invalid_bytes_are_typed_errors ... ok
test catalog::tests::invalid_names_are_rejected ... ok
test catalog::tests::reserved_ids_are_rejected ... ok
test catalog::tests::tier_on_non_durable_entry_is_rejected ... ok
test catalog::tests::maxmemory_sentinel_is_inherit ... ok
test catalog::tests::tiered_entry_round_trips_every_field ... ok
test catalog::tests::index_section::v3_truncation_at_every_prefix_errors ... ok
test catalog::tests::tier_block_truncation_and_invalid_bytes_error ... ok
test catalog::tests::tiered_entry_with_maxmemory_is_rejected ... ok
test catalog::tests::trailing_bytes_are_rejected ... ok
test demote::tests::invalid_budgets_refuse_typed_not_panicking ... ok
test catalog::tests::v1_payloads_decode_with_tier_absent ... ok
test catalog::tests::truncation_at_every_prefix_length_errors ... ok
test demote::tests::mutable_target_is_the_permille_fraction ... ok
test demote::tests::ring_derivation_is_adr_0052_d1_with_slice_slack ... ok
test evict::tests::policy_parse_roundtrips_all_eight ... ok
test evict::tests::set_policy_allocates_cms_only_for_lfu ... ok
test evict::tests::cms_is_exactly_8_kib_and_estimates_monotonically ... ok
test extents::tests::duplicate_registration_counts_once ... ok
test extents::tests::deferred_unlinks_reoffer_and_orphans_sweep ... ok
test extents::tests::entries_below_filters_and_orders ... ok
test extents::tests::mid_walk_death_below_the_cursor_never_hides_an_entry ... ok
test extents::tests::refcount_follows_the_reference_map_exactly ... ok
test extents::tests::quarantined_ids_revive_when_referenced_and_unlink_on_the_second_verdict ... ok
test extents::tests::reviving_a_handed_out_candidate_is_refused_in_every_profile - should panic ... ok
test index::tests::insert_find_remove_basics ... ok
test extents::tests::relocating_onto_a_live_reference_is_refused_in_every_profile - should panic ... ok
test index::tests::replace_swaps_address_in_place ... ok
test index::tests::memory_bytes_is_nine_per_slot ... ok
test index_key::tests::decode_rejects_non_canonical_input ... ok
test index_key::tests::boundary_pins_2_pow_53_and_2_pow_63 ... ok
test index_key::tests::golden_vectors_bool_and_utf8 ... ok
test index::tests::tiered_sidecar_is_attributed_seventeen_per_slot ... ok
test index_key::tests::golden_vectors_i64 ... ok
test index_key::tests::golden_vectors_f64 ... ok
test index_key::tests::truth_table_corners ... ok
test index_key::tests::too_long_rule_is_on_encoded_length ... ok
test index_registry::tests::binding_gate_answers_typed ... ok
test index_registry::tests::create_validations_refuse_typed ... ok
test index_registry::tests::epoch_moves_on_catalog_mutations_only ... ok
test index_maint::tests::prune_disjointness_is_conservative ... ok
test index_registry::tests::ns_flags_track_ddl_transitions ... ok
test index_registry::tests::lifecycle_edges_are_exactly_the_d3_set ... ok
test index_registry::tests::program_gauntlet_enforces_the_fence ... ok
test index_registry::tests::rebuild_bumps_generation_and_state ... ok
test keyspace::tests::apply_record_is_a_blind_idempotent_upsert ... ok
test keyspace::tests::catalog_restart_maps_index_states_per_d4 ... ok
test keyspace::tests::catalog_seed_and_export_round_trip ... ok
test keyspace::tests::catalog_round_trip_preserves_memory_pressure_enforcement ... ok
test keyspace::tests::dbs_materialize_lazily_and_isolate ... ok
test index_registry::tests::the_node_cap_is_a_typed_refusal ... ok
test keyspace::tests::digest_excludes_expired_entries_without_reaping ... ok
test keyspace::tests::flush_scopes_per_db_and_flush_all_clears ... ok
test keyspace::tests::named_stores_are_isolated_and_dropped_with_their_namespace ... ok
test keyspace::tests::digest_is_layout_independent ... ok
test keyspace::tests::ns_drop_removes_its_index_declarations ... ok
test keyspace::tests::ns_set_memory_scopes_and_applies_hot ... ok
test keyspace::tests::post_image_reads_without_touching_stats ... ok
test keyspace::tests::noeviction_returns_oom_and_del_recovers ... ok
test keyspace::tests::report_reconciles_with_per_db_sums ... ok
test keyspace::tests::tiered_spec_with_maxmemory_is_refused ... ok
test live_set::tests::filing_drains_pending_spans_with_splits ... ok
test keyspace::tests::allkeys_eviction_frees_below_limit ... ok
test live_set::tests::finalize_scanned_heals_the_recovered_lower_bound ... ok
test live_set::tests::fully_dead_files_restore_byte_exact ... ok
test live_set::tests::recovered_files_count_slots_and_clamp_restores ... ok
test live_set::tests::retirement_gates_on_the_covering_checkpoint_stamp ... ok
test ns::tests::blob_threshold_default_derives_from_the_ring ... ok
test ns::tests::create_list_drop_roundtrip ... ok
test ns::tests::default_names_are_reserved ... ok
test ns::tests::duplicate_id_is_a_caller_bug - should panic ... ok
test ns::tests::durable_is_accepted_and_topic_is_honestly_rejected ... ok
test ns::tests::durable_without_fsync_stores_the_everysec_default ... ok
test ns::tests::eviction_on_durable_is_rejected ... ok
test ns::tests::fsync_on_non_durable_is_rejected ... ok
test ns::tests::get_by_id_finds_registered_entries ... ok
test ns::tests::maxmemory_on_tiered_is_rejected ... ok
test ns::tests::memory_pressure_reload_scopes_by_mode ... ok
test ns::tests::name_validation ... ok
test ns::tests::tier_ranges_are_enforced ... ok
test ns::tests::tier_requires_durable_and_registers_on_durable ... ok
test keyspace::tests::maintain_tick_drives_to_low_watermark_after_config_shrink ... ok
test keyspace::tests::digest_distinguishes_value_ttl_db_and_namespace ... ok
test keyspace::tests::idx_create_gates_by_namespace_mode ... ok
test keyspace::tests::digest_is_insertion_order_independent ... ok
test keyspace::tests::idx_tree_bytes_count_toward_the_namespace_budget ... ok
test ordered::tests::append_interleaves_with_ordinary_mutation ... ok
test index_key::tests::order_i64 ... ok
test keyspace::tests::volatile_policy_with_no_ttl_keys_is_an_honest_oom ... ok
test index_key::tests::compare_is_exact ... ok
test ordered::tests::fixed8_basics ... ok
test index_key::tests::coercion_agreement ... ok
test ordered::tests::from_key_bounds ... ok
test ordered::tests::resume_after_resumes_mid_key ... ok
test record::tests::empty_key_and_value_are_representable ... ok
test ordered::tests::var_key_order_is_memcmp ... ok
test record::tests::gate_corpus_record_is_exactly_88_bytes ... ok
test record::tests::header_is_eight_bytes_plus_optional_ttl ... ok
test record::tests::key_decodes_from_a_value_free_prefix ... ok
test record::tests::max_bounds_roundtrip ... ok
test record::tests::no_ttl_never_expires ... ok
test record::tests::version_wraps_mod_2_pow_24 ... ok
test record::tests::view_reads_back_every_field ... ok
test router::tests::hashtag_colocation_matches_cluster_rules ... ok
test router::tests::redis_cluster_slot_vectors ... ok
test record::tests::expiry_is_inclusive_at_the_millisecond ... ok
test ordered::tests::cursor_resumes_across_mutations ... ok
test tiered::tests::doc_shape_in_place_patch_above_boundary ... ok
test tiered::tests::release_slice_is_bounded_and_stops_at_flushed ... ok
test tiered::tests::seal_slice_lands_on_record_boundaries_within_the_slice ... ok
test tiered::tests::seal_slice_makes_progress_past_an_oversized_record ... ok
test tiered::tests::stall_target_names_the_unblocking_flushed_watermark ... ok
test tiered::tests::update_of_sealed_record_copies_to_tail ... ok
test tiered::tests::update_in_place_when_mutable_and_exact_fit ... ok
test tiered::tests::update_relocates_on_size_change ... ok
test wall::tests::overflow_is_none_not_a_panic ... ok
test wall::tests::pre_anchor_internal_maps_below_the_unix_anchor ... ok
test wall::tests::pre_anchor_unix_clamps_to_internal_zero ... ok
test wall::tests::round_trips_after_the_anchor ... ok
test wall::tests::unix_below_epoch_clamps_to_zero ... ok
test wheel::tests::fires_exactly_at_deadline_never_early ... ok
test wheel::tests::budget_cuts_leave_debt_and_resume ... ok
test wheel::tests::every_tier_and_overflow_deliver ... ok
test wheel::tests::node_is_sixteen_bytes ... ok
test wheel::tests::pool_reuse_keeps_capacity_bounded ... ok
test ordered::tests::sequential_fill_uses_rightmost_split ... ok
test index_key::tests::order_f64 ... ok
test write_accounting::tests::blob_ratio_absence_is_undefined_not_zero ... ok
test write_accounting::tests::blob_ratio_is_its_own_disjoint_leg ... ok
test write_accounting::tests::no_user_bytes_is_undefined_not_zero ... ok
test write_accounting::tests::pathological_denominator_saturates_upward ... ok
test evict::tests::morris_gate_saturates_instead_of_overflowing ... ok
test write_accounting::tests::ratio_is_milli_and_ignores_the_relocation_volume ... ok
test write_accounting::tests::rounding_never_flatters ... ok
test router::tests::contiguous_assignment_covers_all_slots_evenly ... ok
test write_accounting::tests::summary_takes_the_worst_namespace_not_the_average ... ok
test write_accounting::tests::totals_are_field_wise ... ok
test write_accounting::tests::written_bytes_is_wal_plus_flush_only ... ok
test ordered::tests::append_matches_insert_on_ascending_input ... ok
test index_key::tests::escape_prefix_truncates_at_the_cap ... ok
test index::tests::tiered_tombstone_recycling_bounds_capacity ... ok
test index::tests::tombstone_recycling_bounds_capacity ... ok
test index_key::tests::utf8_escape_is_prefix_safe ... ok
test index_key::tests::round_trip_utf8 ... ok
test index_key::tests::escape_prefix_matches_encoding ... ok
test ordered::tests::split_merge_round_trip ... ok
test index_key::tests::order_utf8 ... ok
test index::tests::growth_keeps_every_key_findable ... ok
test index::tests::tiered_storm_matches_hashmap_oracle ... ok
test index::tests::storm_matches_hashmap_oracle ... ok
test ordered::tests::append_equals_insert_proptest ... ok
test wheel::tests::random_deadlines_fire_exactly_once_in_window_oracle ... ok
test router::tests::multi_cell_routing_matches_single_cell_oracle ... ok
test ordered::tests::cursor_under_mutation_returns_survivors ... ok
test ordered::tests::matches_btree_model ... ok
test index_maint::tests::bracket_scratch_is_bounded_in_retention_and_attributed ... ok

test result: ok. 184 passed; 0 failed; 0 ignored; 0 measured; 0 filtered out; finished in 1.48s

     Running tests/address_space_model.rs (target/debug/deps/address_space_model-03e72c54316fcfb2)

running 2 tests
test address_space_matches_shadow_model ... ok
test address_space_storm_million_ops ... ok

test result: ok. 2 passed; 0 failed; 0 ignored; 0 measured; 0 filtered out; finished in 8.65s

     Running tests/ckpt_fuzzy.rs (target/debug/deps/ckpt_fuzzy-ee217abe2c30aa4b)

running 1 test
test mutations_racing_the_walker_recover_from_the_tail ... ok

test result: ok. 1 passed; 0 failed; 0 ignored; 0 measured; 0 filtered out; finished in 0.01s

     Running tests/ckpt_roundtrip.rs (target/debug/deps/ckpt_roundtrip-08c976adee99409a)

running 1 test
test randomized_state_round_trips_through_ick ... ok

test result: ok. 1 passed; 0 failed; 0 ignored; 0 measured; 0 filtered out; finished in 0.11s

     Running tests/ckpt_walk_resume.rs (target/debug/deps/ckpt_walk_resume-9cce031077c3484c)

running 3 tests
test the_tiered_image_walk_resumes_at_the_refused_entry ... ok
test a_refusal_resumes_at_the_refused_entry_with_no_miss_and_no_duplicate ... ok
test persistent_keys_survive_refusals_under_interleaved_churn ... ok

test result: ok. 3 passed; 0 failed; 0 ignored; 0 measured; 0 filtered out; finished in 8.89s

     Running tests/doc_attribution.rs (target/debug/deps/doc_attribution-e109bff2c6d93423)

running 6 tests
test constructed_report_sums_only_disjoint_resident_domains ... ok
test keyspace_report_is_the_per_namespace_field_sum ... ok
test doc_corpus::tests::checked_manifest_is_the_generator_witness ... ok
test doc_corpus::tests::canonical_shapes_are_byte_deterministic_and_contract_sized ... ok
test doc_corpus::tests::corpus_v2_instances_are_unique_deterministic_and_contract_sized ... ok
test corpus_shape_bytes_per_document_table ... ok

test result: ok. 6 passed; 0 failed; 0 ignored; 0 measured; 0 filtered out; finished in 2.26s

     Running tests/doc_durability.rs (target/debug/deps/doc_durability-a2b034f6ee3d5211)

running 7 tests
test replay_skips_prior_incarnation_instead_of_binding_by_version ... ok
test delete_recreate_allocates_a_fresh_monotonic_lineage ... ok
test replay_uses_recorded_bounds_not_lowered_boot_config ... ok
test replay_rule_handles_wrap_stale_missing_and_gap ... ok
test replay_rejects_root_delete_atomically ... ok
test cadence_substitutes_one_full_at_count_and_byte_boundaries ... ok
test checkpoint_walk_and_digest_use_canonical_bytes_and_version ... ok

test result: ok. 7 passed; 0 failed; 0 ignored; 0 measured; 0 filtered out; finished in 0.00s

     Running tests/doc_intern.rs (target/debug/deps/doc_intern-4641fe2f80017279)

running 3 tests
test documents_without_winning_keys_stay_plain_under_the_knob ... ok
test interning_on_and_off_are_observationally_identical ... ok
test oversized_intern_table_stays_readable ... ok

test result: ok. 3 passed; 0 failed; 0 ignored; 0 measured; 0 filtered out; finished in 0.24s

     Running tests/doc_records.rs (target/debug/deps/doc_records-861033d68201dfed)

running 15 tests
test morph_is_version_neutral_and_edit_bumps_once ... ok
test replace_bumps_once_and_retiers ... ok
test wrong_type_is_refused_in_both_directions ... ok
test json_set_version_chains_and_conditions ... ok
test ttl_semantics_ride_json_set_options ... ok
test same_class_blob_overwrite_rewrites_in_place ... ok
test scalar_lane_falls_back_before_width_change_or_error ... ok
test same_width_scalar_lane_patches_every_storage_form_once ... ok
test rename_transfers_and_copy_deep_copies ... ok
test freeze_reproduces_canonical_bytes_on_every_tier ... ok
test document_root_prefetch_is_hint_only_for_every_record_form ... ok
test placement_tiers_by_the_two_thresholds ... ok
test cross_db_copy_re_tiers_in_the_destination_store ... ok
test every_free_site_releases_the_payload ... ok
test ingest_failure_aborts_leak_free_and_keeps_the_old_record ... ok

test result: ok. 15 passed; 0 failed; 0 ignored; 0 measured; 0 filtered out; finished in 0.01s

     Running tests/doc_storm.rs (target/debug/deps/doc_storm-9f047f8915f8a2ea)

running 2 tests
test mixed_string_document_keyspace_reconciles ... ok
test storms_reconcile_to_zero_drift ... ok

test result: ok. 2 passed; 0 failed; 0 ignored; 0 measured; 0 filtered out; finished in 3.40s

     Running tests/evict.rs (target/debug/deps/evict-e7d9380ee355952c)

running 13 tests
test eviction_and_wheel_stay_consistent ... ok
test node_policy_push_reaches_inheriting_stores_only ... ok
test volatile_random_never_touches_persistent_keys ... ok
test volatile_ttl_evicts_nearest_deadline_first ... ok
test inheriting_named_ns_joins_the_global_hand ... ok
test durable_named_store_never_joins_any_hand ... ok
test maintain_drives_budgeted_ns_to_its_low_watermark ... ok
test lfu_protects_frequent_keys ... ok
test clock_lru_protects_hot_keys ... ok
test named_ns_storm_holds_its_own_budget_and_leaves_db0_alone ... ok
test write_storm_holds_the_limit_with_bounded_slack ... ok
test lfu_beats_random_on_skewed_trace ... ok
test eviction_accounting_reconciles_across_named_stores ... ok

test result: ok. 13 passed; 0 failed; 0 ignored; 0 measured; 0 filtered out; finished in 0.22s

     Running tests/expiry.rs (target/debug/deps/expiry-a83173676e377027)

running 5 tests
test active_wheel_reaps_without_any_reads ... ok
test wheel_memory_stays_within_sixteen_bytes_per_ttl_key ... ok
test wheel_matches_reference_model_under_churn ... ok
test same_second_storm_drains_in_bounded_slices ... ok
test dst_virtual_time_48h_campaign ... ok

test result: ok. 5 passed; 0 failed; 0 ignored; 0 measured; 0 filtered out; finished in 0.68s

     Running tests/index_backfill_storm.rs (target/debug/deps/index_backfill_storm-b7309cb8480c7a82)

running 13 tests
test backfill_storm_million ... ok
test eval_overflow_doc_degrades_the_build ... ok
test slots_reports_and_candidates_track_the_registry ... ok
test empty_and_flushed_namespaces_converge ... ok
test progress_and_info_track_the_walk ... ok
test expiry_across_the_walk_converges ... ok
test planted_backfill_trip_parks_and_rebuild_recovers ... ok
test rebuild_resets_the_job_at_the_new_generation ... ok
test eviction_during_backfill_converges ... ok
test restart_regresses_and_rebuilds_cleanly ... ok
test prepopulated_corpus_converges ... ok
test rehash_mid_walk_converges ... ok
test create_during_storm_converges ... ok

test result: ok. 13 passed; 0 failed; 0 ignored; 0 measured; 0 filtered out; finished in 0.07s

     Running tests/index_key_storm.rs (target/debug/deps/index_key_storm-ad141be09875c947)

running 4 tests
test storm_tree_iteration_matches_typed_order ... ok
test storm_decode_round_trip ... ok
test storm_cross_type_coercion_one_million_cases ... ok
test storm_order_preservation_one_million_pairs ... ok

test result: ok. 4 passed; 0 failed; 0 ignored; 0 measured; 0 filtered out; finished in 0.92s

     Running tests/index_maint_storm.rs (target/debug/deps/index_maint_storm-eb4dbdd415796b10)

running 13 tests
test local_equivalence_million_op_storm ... ok
test attach_blocks_sync_at_materialization_and_seed ... ok
test multi_match_duplicates_dedupe_per_document ... ok
test planted_apply_trip_degrades_and_never_lies ... ok
test skip_taxonomy_is_counted ... ok
test reservation_refusal_is_typed_and_mutates_nothing ... ok
test static_prune_skips_disjoint_path_mutations ... ok
test copy_maintains_destination_entries ... ok
test replay_maintenance_matches_live ... ok
test flush_truncates_trees_but_keeps_declarations ... ok
test eviction_churn_holds_equivalence ... ok
test expiry_wheel_churn_holds_equivalence ... ok
test local_equivalence_every_step ... ok

test result: ok. 13 passed; 0 failed; 0 ignored; 0 measured; 0 filtered out; finished in 0.83s

     Running tests/index_sidecar.rs (target/debug/deps/index_sidecar-11f10579f80bf85c)

running 12 tests
test empty_converged_tree_loads_from_its_final_section ... ok
test missing_final_discards_as_incomplete ... ok
test sections_after_final_discard_as_after_final ... ok
test encoding_version_mismatch_discards_and_rebuilds ... ok
test generation_mismatch_discards_and_rebuilds ... ok
test damaged_sections_count_into_the_info_fold ... ok
test key_scheme_mismatch_discards_and_rebuilds ... ok
test ordinal_gap_discards_and_rebuilds ... ok
test cross_section_regression_discards_as_out_of_order ... ok
test stale_declaration_sections_are_swallowed ... ok
test a_tail_trip_after_the_load_commits_as_a_rebuild_not_ready ... ok
test sidecar_load_and_catchup_converge_to_oracle ... ok

test result: ok. 12 passed; 0 failed; 0 ignored; 0 measured; 0 filtered out; finished in 0.03s

     Running tests/mutation_error_atomicity.rs (target/debug/deps/mutation_error_atomicity-70c8f68aba2800a2)

running 1 test
test kth_match_failure_preserves_logical_and_physical_state ... ok

test result: ok. 1 passed; 0 failed; 0 ignored; 0 measured; 0 filtered out; finished in 0.02s

     Running tests/ordered_storm.rs (target/debug/deps/ordered_storm-6eabb5ab66ab17dd)

running 1 test
test million_op_model_storm ... ignored, 10^6-op storm (S01 AC artifact) — run in release explicitly

test result: ok. 0 passed; 0 failed; 1 ignored; 0 measured; 0 filtered out; finished in 0.00s

     Running tests/review_long_key_panic.rs (target/debug/deps/review_long_key_panic-1f32b123c88f2951)

running 4 tests
test rv_f_l05_01_incr_rejects_an_over_long_key_without_panicking ... ok
test rv_f_l05_01_incrbyfloat_rejects_an_over_long_key_without_panicking ... ok
test rv_f_l05_01_set_rejects_an_over_long_key_without_panicking ... ok
test rv_f_l05_01_the_boundary_is_exactly_255_bytes ... ok

test result: ok. 4 passed; 0 failed; 0 ignored; 0 measured; 0 filtered out; finished in 0.00s

     Running tests/review_redis_semantics.rs (target/debug/deps/review_redis_semantics-c0839f0f81621fdc)

running 2 tests
test rv_f_l00_06_getrange_wholly_negative_inverted_range_returns_data ... ok
test rv_f_l00_06_getrange_matches_redis_over_the_whole_index_grid ... ok

test result: ok. 2 passed; 0 failed; 0 ignored; 0 measured; 0 filtered out; finished in 0.00s

     Running tests/scan_guarantee.rs (target/debug/deps/scan_guarantee-227f5795f8eaa7cf)

running 2 tests
test persistent_keys_always_emitted_under_interleaved_churn ... ok
test scan_terminates_and_covers_on_static_tables_of_all_sizes ... ok

test result: ok. 2 passed; 0 failed; 0 ignored; 0 measured; 0 filtered out; finished in 0.08s

     Running tests/store_oracle.rs (target/debug/deps/store_oracle-e288e0a96b288fca)

running 4 tests
test getdel_and_type_basics ... ok
test get_many_matches_get_including_duplicate_expired_keys ... ok
test out_of_memory_is_an_error_not_a_panic ... ok
test storm_matches_reference_model ... ok

test result: ok. 4 passed; 0 failed; 0 ignored; 0 measured; 0 filtered out; finished in 0.13s

     Running tests/tiered_accounting.rs (target/debug/deps/tiered_accounting-b76e2704f4f9ec7f)

running 6 tests
test compaction_bytes_are_relocation_volume_not_a_numerator_leg ... ok
test user_bytes_count_key_plus_value_at_the_record_boundary ... ok
test wal_bytes_track_exactly_what_the_ring_accepted ... ok
test flush_bytes_are_device_bytes_including_framing_and_rewrites ... ok
test write_amplification_shape_is_write_twice_plus_framing ... ok
test flush_amplification_follows_the_slice_budget ... ok

test result: ok. 6 passed; 0 failed; 0 ignored; 0 measured; 0 filtered out; finished in 0.16s

     Running tests/tiered_blob.rs (target/debug/deps/tiered_blob-b912a02a9f91b096)

running 4 tests
test reclaim_gates_on_the_deaths_durability ... ok
test recovery_rebuilds_refcounts_serves_content_and_sweeps_orphans ... ok
test blob_refcounts_match_the_model ... ok
test blob_lifecycle_refcounts_are_exact_and_reclaim_is_complete ... ok

test result: ok. 4 passed; 0 failed; 0 ignored; 0 measured; 0 filtered out; finished in 0.22s

     Running tests/tiered_blob_reclaim.rs (target/debug/deps/tiered_blob_reclaim-c8b35faf20e87952)

running 5 tests
test boot_orphan_sweep_quarantines_before_destruction ... ok
test reclaim_and_compaction_share_the_round_without_starvation ... ok
test statvfs_confirms_blob_reclaim_returns_disk_to_the_os ... ok
test compaction_relocates_references_never_blob_bytes ... ok
test blob_leak_cycles_return_disk_to_baseline ... ok

test result: ok. 5 passed; 0 failed; 0 ignored; 0 measured; 0 filtered out; finished in 17.67s

     Running tests/tiered_budgets.rs (target/debug/deps/tiered_budgets-7d3825983d3b36dc)

running 5 tests
test spec_materialization_and_hot_reload_apply_together ... ok
test aggregate_va_bounds_creation_and_drop_returns_capacity ... ok
test namespace_drop_returns_disk_va_and_accounting_to_zero ... ok
test disk_pressure_engages_before_the_cap ... ok
test memory_fill_respects_each_namespace_budget ... ok

test result: ok. 5 passed; 0 failed; 0 ignored; 0 measured; 0 filtered out; finished in 0.16s

     Running tests/tiered_compaction.rs (target/debug/deps/tiered_compaction-7bfc103fd21a79ef)

running 8 tests
test pressure_widens_the_trigger ... ok
test relocation_origin_markers_are_load_bearing ... ok
test stalled_relocation_resumes_after_window_progress ... ok
test retirement_requires_a_covering_checkpoint_and_survives_abort ... ok
test endurance_slice_disk_oscillates_and_statvfs_reclaims ... ok
test relocation_origin_markers_replay_exactly ... ok
test copy_forward_relocates_live_verbatim_and_finalizes ... ok
test oversized_record_scans_via_need ... ok

test result: ok. 8 passed; 0 failed; 0 ignored; 0 measured; 0 filtered out; finished in 0.08s

     Running tests/tiered_demotion.rs (target/debug/deps/tiered_demotion-d605aa1532687b7f)

running 3 tests
test pressure_response_routes_by_namespace_mode ... ok
test unpaced_burst_stalls_on_the_budget_and_resumes_after_flush_progress ... ok
test fill_to_4x_budget_holds_rss_within_one_slice ... ok

test result: ok. 3 passed; 0 failed; 0 ignored; 0 measured; 0 filtered out; finished in 0.02s

     Running tests/tiered_diskfull.rs (target/debug/deps/tiered_diskfull-2d6555065d6de405)

running 9 tests
test blob_write_enospc_is_per_op_typed_and_self_heals ... ok
test blob_placement_respects_the_disk_budget ... ok
test admission_is_open_until_the_first_refresh ... ok
test device_enospc_latches_foreground_and_clears_on_successful_flush ... ok
test pressure_with_nothing_compactable_counts_the_alarm ... ok
test budget_reload_recomputes_admission_immediately ... ok
test compaction_pressure_is_active_no_later_than_the_first_refusal ... ok
test compaction_reclaims_into_the_reserve_and_admission_resumes ... ok
test budget_cap_refuses_typed_and_nonconsuming_ops_proceed ... ok

test result: ok. 9 passed; 0 failed; 0 ignored; 0 measured; 0 filtered out; finished in 0.34s

     Running tests/tiered_flush.rs (target/debug/deps/tiered_flush-c81b4053bd7ebb67)

running 1 test
test flush_storm_round_trips_every_record ... ok

test result: ok. 1 passed; 0 failed; 0 ignored; 0 measured; 0 filtered out; finished in 0.81s

     Running tests/tiered_flush_reactor.rs (target/debug/deps/tiered_flush_reactor-67166b014a8e3833)

running 1 test
test reactor_drive_matches_the_seam_drive_byte_for_byte ... ok

test result: ok. 1 passed; 0 failed; 0 ignored; 0 measured; 0 filtered out; finished in 0.47s

     Running tests/tiered_live_set.rs (target/debug/deps/tiered_live_set-c2986bcc70b43c59)

running 2 tests
test live_set_matches_model ... ok
test live_set_storm_million_ops ... ok

test result: ok. 2 passed; 0 failed; 0 ignored; 0 measured; 0 filtered out; finished in 12.43s

     Running tests/tiered_mutation.rs (target/debug/deps/tiered_mutation-9e92b9d3737b56f1)

running 2 tests
test tiered_mutation_matches_oracle ... ok
test tiered_mutation_storm_million_ops ... ok

test result: ok. 2 passed; 0 failed; 0 ignored; 0 measured; 0 filtered out; finished in 9.81s

     Running tests/tiered_oracle.rs (target/debug/deps/tiered_oracle-96623eb62ffcb50a)

running 2 tests
test tiered_table_matches_oracle ... ok
test tiered_storm_million_ops ... ok

test result: ok. 2 passed; 0 failed; 0 ignored; 0 measured; 0 filtered out; finished in 1.94s

     Running tests/tiered_promotion.rs (target/debug/deps/tiered_promotion-c6da56c11372c4a9)

running 10 tests
test disabled_promotion_is_inert ... ok
test promotion_origin_markers_are_load_bearing ... ok
test promotion_skips_under_walk_pin_and_retries ... ok
test one_touch_sweep_never_promotes ... ok
test promotion_converges_a_reread_working_set ... ok
test promotion_skips_on_window_refusal_and_retries ... ok
test promotion_defers_at_the_origin_cap_until_a_covering_swap ... ok
test promotion_origin_markers_replay_exactly ... ok
test second_cold_read_promotes_verbatim ... ok
test unmutated_promotions_replay_to_identical_bytes ... ok

test result: ok. 10 passed; 0 failed; 0 ignored; 0 measured; 0 filtered out; finished in 0.07s

     Running tests/tiered_recovery.rs (target/debug/deps/tiered_recovery-60944bb035aabffa)

running 4 tests
test ref_apply_idempotent_and_displace_exact ... ok
test displacement_never_removes_a_foreign_key_at_a_colliding_address ... ok
test walk_pin_clamps_release ... ok
test unified_recovery_round_trips_all_classes ... ok

test result: ok. 4 passed; 0 failed; 0 ignored; 0 measured; 0 filtered out; finished in 0.04s

     Running tests/tiered_replay_routing.rs (target/debug/deps/tiered_replay_routing-a83a5e1def9dfc2b)

running 10 tests
test expiry_on_tiered_namespace_skips_reserved ... ok
test orphan_marker_is_a_decode_error ... ok
test origin_marker_repairs_the_cold_ref_and_its_absence_leaks ... ok
test displace_drains_at_its_paired_mutation ... ok
test displace_register_overflow_is_a_decode_error ... ok
test displace_delete_pairing_removes_the_key ... ok
test extent_ref_routes_to_the_extent_applier ... ok
test in_place_set_replays_without_its_displacement_marker ... ok
test tiered_records_route_to_the_table_not_the_shell ... ok
test marker_for_unknown_namespace_skips ... ok

test result: ok. 10 passed; 0 failed; 0 ignored; 0 measured; 0 filtered out; finished in 0.00s

     Running tests/tiered_ring_bounds.rs (target/debug/deps/tiered_ring_bounds-13cf11c3c8f3738d)

running 5 tests
test default_blob_threshold_derives_from_the_ring ... ok
test inline_record_above_half_ring_refuses_typed ... ok
test sub_floor_budget_refuses_at_the_spec_gauntlet ... ok
test legacy_catalog_threshold_normalizes_at_seed ... ok
test blob_stall_probe_never_sizes_from_the_value ... ok

test result: ok. 5 passed; 0 failed; 0 ignored; 0 measured; 0 filtered out; finished in 0.00s

     Running tests/tiered_shadow.rs (target/debug/deps/tiered_shadow-bc573c94fb98e634)

running 38 tests
test a_candidate_at_the_origin_cap_refuses ... ok
test a_colliding_write_over_a_ticketed_slot_is_synchronous ... ok
test a_completion_after_the_winner_moved_resolves_against_the_current_winner ... ok
test a_foreign_image_is_a_collision_and_removes_nothing ... ok
test a_collision_ticket_keeps_both_keys_and_the_drain_makes_the_count_exact ... ok
test a_flushed_winner_is_imaged_by_the_walk_not_referenced ... ok
test a_fourth_same_key_twin_at_boot_is_a_typed_settle_error ... ok
test a_paused_reconciler_holds_tickets_open_and_resumes ... ok
test a_full_origin_list_defers_the_settle_until_the_winner_moves ... ok
test a_shadowed_winner_never_goes_cold ... ok
test a_verified_ticket_settles_without_a_read_after_the_walk ... ok
test deleting_a_winner_with_an_open_ticket_panics - should panic ... ok
test delete_after_a_forced_resolution_covers_the_twin ... ok
test delete_of_a_winner_whose_twin_is_a_collision_key_leaves_the_key ... ok
test reads_in_flight_are_bounded_and_failures_retry ... ok
test a_winner_lists_every_ticket_naming_it_in_cold_order ... ok
test the_probe_distinguishes_exact_from_fingerprint_candidates ... ok
test ram_verified_slot_outranks_a_cold_twin ... ok
test same_key_shadow_serves_the_winner_and_resolves_exactly ... ok
test scan_names_a_collision_key ... ok
test promotion_skips_a_tickets_cold_slot ... ok
test the_knob_off_keeps_reconciling_open_tickets ... ok
test the_pinned_peak_folds_on_unrelated_writes ... ok
test the_dbsize_fence_refuses_new_tickets_while_raised ... ok
test scan_names_a_tickets_cold_slot ... ok
test the_record_pin_clamps_release_until_resolution ... ok
test registering_a_second_ticket_on_one_cold_address_panics - should panic ... ok
test the_delete_cursor_visits_every_ticket_of_a_winner_in_cold_order ... ok
test rebuild_settles_an_ambiguous_twin_against_its_true_owner ... ok
test the_ticket_follows_the_winner_across_overwrites ... ok
test recovery_appliers_reform_pairs_in_both_orders ... ok
test compaction_defers_a_tickets_cold_slot_until_resolution ... ok
test a_ticketed_twin_carries_its_relocation_origins_for_the_delete ... ok
test deferred_settles_run_in_registry_order_not_hash_order ... ok
test rebuild_walks_a_displaced_chain_and_settles_mid_chain ... ok
test registering_at_the_cap_panics - should panic ... ok
test admission_refuses_at_every_bound_and_counts ... ok
test rebuild_sends_pairs_beyond_the_cap_to_the_boot_settle_one_at_a_time ... ok

test result: ok. 38 passed; 0 failed; 0 ignored; 0 measured; 0 filtered out; finished in 0.04s

     Running tests/tiered_write_amp.rs (target/debug/deps/tiered_write_amp-b75ebed0233a5736)

running 3 tests
test delete_only_namespace_reports_unbounded_amplification ... ok
test relocated_bytes_reach_the_device_through_the_flush_leg ... ok
test mistuned_dead_ratio_trips_the_write_amp_gate ... ok

test result: ok. 3 passed; 0 failed; 0 ignored; 0 measured; 0 filtered out; finished in 0.79s

   Doc-tests inf_doc

running 0 tests

test result: ok. 0 passed; 0 failed; 0 ignored; 0 measured; 0 filtered out; finished in 0.00s

   Doc-tests inf_store

running 0 tests

test result: ok. 0 passed; 0 failed; 0 ignored; 0 measured; 0 filtered out; finished in 0.00s

# Slim-build lane (L11, ADR-0041 D3): a docless server carries zero
# document/path code and must keep compiling that way.
cargo check -p inf-server -p inf-store --no-default-features
    Finished `dev` profile [unoptimized + debuginfo] target(s) in 0.05s
