ops = 47737539
errors = 35658
busy_retryable = 35658
elapsed_s = 300.000
ops_per_sec = 159125
p50_us = 255
p99_us = 7551
p999_us = 88063
p9999_us = 655359
max_us = 2369512
error_sample = -BUSY durable log staging is full, retry
inf-bench: 35658 error replies under load (35658 BUSY-retryable; first sample: -BUSY durable log staging is full, retry)
ops = 125833132
errors = 201778
busy_retryable = 201778
elapsed_s = 300.000
ops_per_sec = 419443
p50_us = 219
p99_us = 959
p999_us = 7167
p9999_us = 151551
max_us = 716059
error_sample = -BUSY durable log staging is full, retry
inf-bench: 201778 error replies under load (201778 BUSY-retryable; first sample: -BUSY durable log staging is full, retry)
ops = 143734997
errors = 143198
busy_retryable = 143198
elapsed_s = 300.000
ops_per_sec = 479116
p50_us = 207
p99_us = 911
p999_us = 6911
p9999_us = 39935
max_us = 942802
error_sample = -BUSY durable log staging is full, retry
inf-bench: 143198 error replies under load (143198 BUSY-retryable; first sample: -BUSY durable log staging is full, retry)
ops = 143278345
errors = 169758
busy_retryable = 169758
elapsed_s = 300.000
ops_per_sec = 477594
p50_us = 207
p99_us = 879
p999_us = 6655
p9999_us = 22015
max_us = 506654
error_sample = -BUSY durable log staging is full, retry
inf-bench: 169758 error replies under load (169758 BUSY-retryable; first sample: -BUSY durable log staging is full, retry)
ops = 146776275
errors = 154966
busy_retryable = 154966
elapsed_s = 300.004
ops_per_sec = 489248
p50_us = 195
p99_us = 879
p999_us = 6911
p9999_us = 16383
max_us = 941267
error_sample = -BUSY durable log staging is full, retry
inf-bench: 154966 error replies under load (154966 BUSY-retryable; first sample: -BUSY durable log staging is full, retry)
ops = 148337086
errors = 75637
busy_retryable = 75637
elapsed_s = 300.000
ops_per_sec = 494456
p50_us = 203
p99_us = 879
p999_us = 6143
p9999_us = 10751
max_us = 460958
error_sample = -BUSY durable log staging is full, retry
inf-bench: 75637 error replies under load (75637 BUSY-retryable; first sample: -BUSY durable log staging is full, retry)
ops = 147006608
errors = 126928
busy_retryable = 126928
elapsed_s = 300.001
ops_per_sec = 490021
p50_us = 203
p99_us = 895
p999_us = 6655
p9999_us = 14335
max_us = 1051715
error_sample = -BUSY durable log staging is full, retry
inf-bench: 126928 error replies under load (126928 BUSY-retryable; first sample: -BUSY durable log staging is full, retry)
ops = 146472157
errors = 216315
busy_retryable = 216315
elapsed_s = 300.000
ops_per_sec = 488240
p50_us = 187
p99_us = 831
p999_us = 6271
p9999_us = 16895
max_us = 1048699
error_sample = -BUSY durable log staging is full, retry
inf-bench: 216315 error replies under load (216315 BUSY-retryable; first sample: -BUSY durable log staging is full, retry)
ops = 157606517
errors = 126484
busy_retryable = 126484
elapsed_s = 300.000
ops_per_sec = 525354
p50_us = 191
p99_us = 831
p999_us = 6143
p9999_us = 10239
max_us = 467827
error_sample = -BUSY durable log staging is full, retry
inf-bench: 126484 error replies under load (126484 BUSY-retryable; first sample: -BUSY durable log staging is full, retry)
ops = 151763626
errors = 51264
busy_retryable = 51264
elapsed_s = 300.000
ops_per_sec = 505878
p50_us = 203
p99_us = 847
p999_us = 6527
p9999_us = 10495
max_us = 288997
error_sample = -BUSY durable log staging is full, retry
inf-bench: 51264 error replies under load (51264 BUSY-retryable; first sample: -BUSY durable log staging is full, retry)
ops = 156915129
errors = 105804
busy_retryable = 105804
elapsed_s = 300.007
ops_per_sec = 523038
p50_us = 195
p99_us = 831
p999_us = 6399
p9999_us = 10495
max_us = 443208
error_sample = -BUSY durable log staging is full, retry
inf-bench: 105804 error replies under load (105804 BUSY-retryable; first sample: -BUSY durable log staging is full, retry)
ops = 159374777
errors = 33898
busy_retryable = 33898
elapsed_s = 300.001
ops_per_sec = 531247
p50_us = 195
p99_us = 815
p999_us = 6015
p9999_us = 9727
max_us = 311100
error_sample = -BUSY durable log staging is full, retry
inf-bench: 33898 error replies under load (33898 BUSY-retryable; first sample: -BUSY durable log staging is full, retry)
ops = 163536227
errors = 142642
busy_retryable = 142642
elapsed_s = 300.000
ops_per_sec = 545120
p50_us = 183
p99_us = 799
p999_us = 6015
p9999_us = 10239
max_us = 714346
error_sample = -BUSY durable log staging is full, retry
inf-bench: 142642 error replies under load (142642 BUSY-retryable; first sample: -BUSY durable log staging is full, retry)
ops = 151643437
errors = 70030
busy_retryable = 70030
elapsed_s = 300.000
ops_per_sec = 505478
p50_us = 203
p99_us = 863
p999_us = 6271
p9999_us = 10239
max_us = 458633
error_sample = -BUSY durable log staging is full, retry
inf-bench: 70030 error replies under load (70030 BUSY-retryable; first sample: -BUSY durable log staging is full, retry)
ops = 160416012
errors = 110194
busy_retryable = 110194
elapsed_s = 300.000
ops_per_sec = 534719
p50_us = 191
p99_us = 847
p999_us = 6015
p9999_us = 9983
max_us = 413600
error_sample = -BUSY durable log staging is full, retry
inf-bench: 110194 error replies under load (110194 BUSY-retryable; first sample: -BUSY durable log staging is full, retry)
ops = 151623323
errors = 183689
busy_retryable = 183689
elapsed_s = 300.001
ops_per_sec = 505410
p50_us = 199
p99_us = 863
p999_us = 6271
p9999_us = 11775
max_us = 712811
error_sample = -BUSY durable log staging is full, retry
inf-bench: 183689 error replies under load (183689 BUSY-retryable; first sample: -BUSY durable log staging is full, retry)
ops = 162401446
errors = 79995
busy_retryable = 79995
elapsed_s = 300.000
ops_per_sec = 541338
p50_us = 187
p99_us = 847
p999_us = 6015
p9999_us = 9983
max_us = 535196
error_sample = -BUSY durable log staging is full, retry
inf-bench: 79995 error replies under load (79995 BUSY-retryable; first sample: -BUSY durable log staging is full, retry)
ops = 150719098
errors = 86009
busy_retryable = 86009
elapsed_s = 300.000
ops_per_sec = 502396
p50_us = 203
p99_us = 879
p999_us = 6271
p9999_us = 10495
max_us = 432820
error_sample = -BUSY durable log staging is full, retry
inf-bench: 86009 error replies under load (86009 BUSY-retryable; first sample: -BUSY durable log staging is full, retry)
ops = 152431179
errors = 121619
busy_retryable = 121619
elapsed_s = 300.000
ops_per_sec = 508103
p50_us = 203
p99_us = 863
p999_us = 6271
p9999_us = 10495
max_us = 532291
error_sample = -BUSY durable log staging is full, retry
inf-bench: 121619 error replies under load (121619 BUSY-retryable; first sample: -BUSY durable log staging is full, retry)
ops = 152478938
errors = 27880
busy_retryable = 27880
elapsed_s = 300.000
ops_per_sec = 508263
p50_us = 203
p99_us = 879
p999_us = 6271
p9999_us = 9983
max_us = 225290
error_sample = -BUSY durable log staging is full, retry
inf-bench: 27880 error replies under load (27880 BUSY-retryable; first sample: -BUSY durable log staging is full, retry)
ops = 161226825
errors = 144788
busy_retryable = 144788
elapsed_s = 300.000
ops_per_sec = 537422
p50_us = 187
p99_us = 815
p999_us = 6143
p9999_us = 10495
max_us = 366199
error_sample = -BUSY durable log staging is full, retry
inf-bench: 144788 error replies under load (144788 BUSY-retryable; first sample: -BUSY durable log staging is full, retry)
ops = 152463397
errors = 87554
busy_retryable = 87554
elapsed_s = 300.000
ops_per_sec = 508211
p50_us = 199
p99_us = 847
p999_us = 6271
p9999_us = 10239
max_us = 828881
error_sample = -BUSY durable log staging is full, retry
inf-bench: 87554 error replies under load (87554 BUSY-retryable; first sample: -BUSY durable log staging is full, retry)
ops = 153490065
errors = 179048
busy_retryable = 179048
elapsed_s = 300.001
ops_per_sec = 511633
p50_us = 199
p99_us = 831
p999_us = 6015
p9999_us = 10495
max_us = 458125
error_sample = -BUSY durable log staging is full, retry
inf-bench: 179048 error replies under load (179048 BUSY-retryable; first sample: -BUSY durable log staging is full, retry)
ops = 167451141
errors = 88920
busy_retryable = 88920
elapsed_s = 300.000
ops_per_sec = 558170
p50_us = 179
p99_us = 799
p999_us = 6015
p9999_us = 9727
max_us = 442068
error_sample = -BUSY durable log staging is full, retry
inf-bench: 88920 error replies under load (88920 BUSY-retryable; first sample: -BUSY durable log staging is full, retry)
ops = 153395605
errors = 80455
busy_retryable = 80455
elapsed_s = 300.000
ops_per_sec = 511318
p50_us = 195
p99_us = 831
p999_us = 6399
p9999_us = 10751
max_us = 482920
error_sample = -BUSY durable log staging is full, retry
inf-bench: 80455 error replies under load (80455 BUSY-retryable; first sample: -BUSY durable log staging is full, retry)
ops = 166786028
errors = 157384
busy_retryable = 157384
elapsed_s = 300.000
ops_per_sec = 555953
p50_us = 179
p99_us = 799
p999_us = 6015
p9999_us = 10495
max_us = 554455
error_sample = -BUSY durable log staging is full, retry
inf-bench: 157384 error replies under load (157384 BUSY-retryable; first sample: -BUSY durable log staging is full, retry)
ops = 154553046
errors = 161510
busy_retryable = 161510
elapsed_s = 300.000
ops_per_sec = 515176
p50_us = 191
p99_us = 847
p999_us = 6143
p9999_us = 11007
max_us = 468268
error_sample = -BUSY durable log staging is full, retry
inf-bench: 161510 error replies under load (161510 BUSY-retryable; first sample: -BUSY durable log staging is full, retry)
ops = 159593748
errors = 52171
busy_retryable = 52171
elapsed_s = 300.009
ops_per_sec = 531964
p50_us = 195
p99_us = 831
p999_us = 6015
p9999_us = 9727
max_us = 344939
error_sample = -BUSY durable log staging is full, retry
inf-bench: 52171 error replies under load (52171 BUSY-retryable; first sample: -BUSY durable log staging is full, retry)
ops = 166075134
errors = 214490
busy_retryable = 214490
elapsed_s = 300.000
ops_per_sec = 553583
p50_us = 179
p99_us = 799
p999_us = 6015
p9999_us = 10751
max_us = 448996
error_sample = -BUSY durable log staging is full, retry
inf-bench: 214490 error replies under load (214490 BUSY-retryable; first sample: -BUSY durable log staging is full, retry)
ops = 151561517
errors = 124592
busy_retryable = 124592
elapsed_s = 300.000
ops_per_sec = 505204
p50_us = 199
p99_us = 863
p999_us = 6527
p9999_us = 11263
max_us = 461307
error_sample = -BUSY durable log staging is full, retry
inf-bench: 124592 error replies under load (124592 BUSY-retryable; first sample: -BUSY durable log staging is full, retry)
ops = 159666194
errors = 54144
busy_retryable = 54144
elapsed_s = 300.000
ops_per_sec = 532220
p50_us = 191
p99_us = 815
p999_us = 6271
p9999_us = 10239
max_us = 607503
error_sample = -BUSY durable log staging is full, retry
inf-bench: 54144 error replies under load (54144 BUSY-retryable; first sample: -BUSY durable log staging is full, retry)
ops = 164335852
errors = 117795
busy_retryable = 117795
elapsed_s = 300.000
ops_per_sec = 547785
p50_us = 187
p99_us = 831
p999_us = 6271
p9999_us = 11263
max_us = 466041
error_sample = -BUSY durable log staging is full, retry
inf-bench: 117795 error replies under load (117795 BUSY-retryable; first sample: -BUSY durable log staging is full, retry)
ops = 159309008
errors = 112966
busy_retryable = 112966
elapsed_s = 300.000
ops_per_sec = 531029
p50_us = 191
p99_us = 847
p999_us = 6143
p9999_us = 9983
max_us = 498606
error_sample = -BUSY durable log staging is full, retry
inf-bench: 112966 error replies under load (112966 BUSY-retryable; first sample: -BUSY durable log staging is full, retry)
ops = 148538128
errors = 69514
busy_retryable = 69514
elapsed_s = 300.000
ops_per_sec = 495126
p50_us = 207
p99_us = 879
p999_us = 6271
p9999_us = 10495
max_us = 525239
error_sample = -BUSY durable log staging is full, retry
inf-bench: 69514 error replies under load (69514 BUSY-retryable; first sample: -BUSY durable log staging is full, retry)
ops = 157737516
errors = 50501
busy_retryable = 50501
elapsed_s = 300.000
ops_per_sec = 525791
p50_us = 199
p99_us = 847
p999_us = 6015
p9999_us = 9727
max_us = 384878
error_sample = -BUSY durable log staging is full, retry
inf-bench: 50501 error replies under load (50501 BUSY-retryable; first sample: -BUSY durable log staging is full, retry)
ops = 153391287
errors = 89709
busy_retryable = 89709
elapsed_s = 300.000
ops_per_sec = 511304
p50_us = 199
p99_us = 863
p999_us = 6143
p9999_us = 11007
max_us = 567337
error_sample = -BUSY durable log staging is full, retry
inf-bench: 89709 error replies under load (89709 BUSY-retryable; first sample: -BUSY durable log staging is full, retry)
ops = 157879662
errors = 151170
busy_retryable = 151170
elapsed_s = 300.000
ops_per_sec = 526265
p50_us = 191
p99_us = 815
p999_us = 6015
p9999_us = 10495
max_us = 539248
error_sample = -BUSY durable log staging is full, retry
inf-bench: 151170 error replies under load (151170 BUSY-retryable; first sample: -BUSY durable log staging is full, retry)
ops = 162542806
errors = 68294
busy_retryable = 68294
elapsed_s = 300.000
ops_per_sec = 541809
p50_us = 187
p99_us = 847
p999_us = 6015
p9999_us = 10239
max_us = 762023
error_sample = -BUSY durable log staging is full, retry
inf-bench: 68294 error replies under load (68294 BUSY-retryable; first sample: -BUSY durable log staging is full, retry)
ops = 154291072
errors = 174716
busy_retryable = 174716
elapsed_s = 300.006
ops_per_sec = 514294
p50_us = 195
p99_us = 863
p999_us = 6271
p9999_us = 12031
max_us = 506908
error_sample = -BUSY durable log staging is full, retry
inf-bench: 174716 error replies under load (174716 BUSY-retryable; first sample: -BUSY durable log staging is full, retry)
ops = 152104835
errors = 30315
busy_retryable = 30315
elapsed_s = 300.000
ops_per_sec = 507015
p50_us = 211
p99_us = 911
p999_us = 6527
p9999_us = 10239
max_us = 299724
error_sample = -BUSY durable log staging is full, retry
inf-bench: 30315 error replies under load (30315 BUSY-retryable; first sample: -BUSY durable log staging is full, retry)
ops = 158537700
errors = 140704
busy_retryable = 140704
elapsed_s = 300.000
ops_per_sec = 528458
p50_us = 191
p99_us = 831
p999_us = 6399
p9999_us = 11263
max_us = 456381
error_sample = -BUSY durable log staging is full, retry
inf-bench: 140704 error replies under load (140704 BUSY-retryable; first sample: -BUSY durable log staging is full, retry)
ops = 157475163
errors = 121031
busy_retryable = 121031
elapsed_s = 300.000
ops_per_sec = 524916
p50_us = 187
p99_us = 831
p999_us = 6399
p9999_us = 12031
max_us = 499732
error_sample = -BUSY durable log staging is full, retry
inf-bench: 121031 error replies under load (121031 BUSY-retryable; first sample: -BUSY durable log staging is full, retry)
ops = 152977708
errors = 93227
busy_retryable = 93227
elapsed_s = 300.000
ops_per_sec = 509925
p50_us = 199
p99_us = 863
p999_us = 6143
p9999_us = 11007
max_us = 524667
error_sample = -BUSY durable log staging is full, retry
inf-bench: 93227 error replies under load (93227 BUSY-retryable; first sample: -BUSY durable log staging is full, retry)
ops = 159970975
errors = 116418
busy_retryable = 116418
elapsed_s = 300.000
ops_per_sec = 533236
p50_us = 191
p99_us = 847
p999_us = 6399
p9999_us = 11263
max_us = 495399
error_sample = -BUSY durable log staging is full, retry
inf-bench: 116418 error replies under load (116418 BUSY-retryable; first sample: -BUSY durable log staging is full, retry)
ops = 163689778
errors = 61608
busy_retryable = 61608
elapsed_s = 300.001
ops_per_sec = 545632
p50_us = 187
p99_us = 831
p999_us = 6015
p9999_us = 9983
max_us = 498443
error_sample = -BUSY durable log staging is full, retry
inf-bench: 61608 error replies under load (61608 BUSY-retryable; first sample: -BUSY durable log staging is full, retry)
ops = 161635634
errors = 83847
busy_retryable = 83847
elapsed_s = 300.001
ops_per_sec = 538784
p50_us = 187
p99_us = 815
p999_us = 6015
p9999_us = 11007
max_us = 655399
error_sample = -BUSY durable log staging is full, retry
inf-bench: 83847 error replies under load (83847 BUSY-retryable; first sample: -BUSY durable log staging is full, retry)
ops = 155783142
errors = 133743
busy_retryable = 133743
elapsed_s = 300.000
ops_per_sec = 519277
p50_us = 191
p99_us = 831
p999_us = 6271
p9999_us = 11263
max_us = 634064
error_sample = -BUSY durable log staging is full, retry
inf-bench: 133743 error replies under load (133743 BUSY-retryable; first sample: -BUSY durable log staging is full, retry)
ops = 159862082
errors = 105707
busy_retryable = 105707
elapsed_s = 300.000
ops_per_sec = 532873
p50_us = 187
p99_us = 831
p999_us = 6143
p9999_us = 11007
max_us = 547666
error_sample = -BUSY durable log staging is full, retry
inf-bench: 105707 error replies under load (105707 BUSY-retryable; first sample: -BUSY durable log staging is full, retry)
ops = 158790885
errors = 137863
busy_retryable = 137863
elapsed_s = 300.005
ops_per_sec = 529294
p50_us = 191
p99_us = 831
p999_us = 6143
p9999_us = 11263
max_us = 479238
error_sample = -BUSY durable log staging is full, retry
inf-bench: 137863 error replies under load (137863 BUSY-retryable; first sample: -BUSY durable log staging is full, retry)
ops = 149853649
errors = 95708
busy_retryable = 95708
elapsed_s = 300.000
ops_per_sec = 499511
p50_us = 207
p99_us = 847
p999_us = 6271
p9999_us = 10495
max_us = 339552
error_sample = -BUSY durable log staging is full, retry
inf-bench: 95708 error replies under load (95708 BUSY-retryable; first sample: -BUSY durable log staging is full, retry)
ops = 160287847
errors = 173190
busy_retryable = 173190
elapsed_s = 300.019
ops_per_sec = 534259
p50_us = 183
p99_us = 799
p999_us = 6015
p9999_us = 12799
max_us = 552335
error_sample = -BUSY durable log staging is full, retry
inf-bench: 173190 error replies under load (173190 BUSY-retryable; first sample: -BUSY durable log staging is full, retry)
ops = 156950834
errors = 170698
busy_retryable = 170698
elapsed_s = 300.003
ops_per_sec = 523164
p50_us = 191
p99_us = 847
p999_us = 6015
p9999_us = 10239
max_us = 411130
error_sample = -BUSY durable log staging is full, retry
inf-bench: 170698 error replies under load (170698 BUSY-retryable; first sample: -BUSY durable log staging is full, retry)
ops = 159695596
errors = 82750
busy_retryable = 82750
elapsed_s = 300.001
ops_per_sec = 532317
p50_us = 191
p99_us = 815
p999_us = 6143
p9999_us = 10239
max_us = 459316
error_sample = -BUSY durable log staging is full, retry
inf-bench: 82750 error replies under load (82750 BUSY-retryable; first sample: -BUSY durable log staging is full, retry)
ops = 161511532
errors = 110282
busy_retryable = 110282
elapsed_s = 300.000
ops_per_sec = 538371
p50_us = 187
p99_us = 815
p999_us = 6143
p9999_us = 10239
max_us = 837527
error_sample = -BUSY durable log staging is full, retry
inf-bench: 110282 error replies under load (110282 BUSY-retryable; first sample: -BUSY durable log staging is full, retry)
ops = 153045884
errors = 128460
busy_retryable = 128460
elapsed_s = 300.000
ops_per_sec = 510152
p50_us = 199
p99_us = 847
p999_us = 6527
p9999_us = 10495
max_us = 471438
error_sample = -BUSY durable log staging is full, retry
inf-bench: 128460 error replies under load (128460 BUSY-retryable; first sample: -BUSY durable log staging is full, retry)
ops = 150556643
errors = 47590
busy_retryable = 47590
elapsed_s = 300.000
ops_per_sec = 501855
p50_us = 211
p99_us = 863
p999_us = 6399
p9999_us = 9983
max_us = 575893
error_sample = -BUSY durable log staging is full, retry
inf-bench: 47590 error replies under load (47590 BUSY-retryable; first sample: -BUSY durable log staging is full, retry)
ops = 153599770
errors = 116301
busy_retryable = 116301
elapsed_s = 300.006
ops_per_sec = 511990
p50_us = 195
p99_us = 847
p999_us = 6271
p9999_us = 11519
max_us = 537490
error_sample = -BUSY durable log staging is full, retry
inf-bench: 116301 error replies under load (116301 BUSY-retryable; first sample: -BUSY durable log staging is full, retry)
ops = 163234165
errors = 139297
busy_retryable = 139297
elapsed_s = 300.000
ops_per_sec = 544113
p50_us = 183
p99_us = 799
p999_us = 6015
p9999_us = 10495
max_us = 504694
error_sample = -BUSY durable log staging is full, retry
inf-bench: 139297 error replies under load (139297 BUSY-retryable; first sample: -BUSY durable log staging is full, retry)
ops = 161526179
errors = 88441
busy_retryable = 88441
elapsed_s = 300.000
ops_per_sec = 538420
p50_us = 183
p99_us = 831
p999_us = 6015
p9999_us = 10495
max_us = 511044
error_sample = -BUSY durable log staging is full, retry
inf-bench: 88441 error replies under load (88441 BUSY-retryable; first sample: -BUSY durable log staging is full, retry)
ops = 153911957
errors = 72587
busy_retryable = 72587
elapsed_s = 300.000
ops_per_sec = 513039
p50_us = 199
p99_us = 863
p999_us = 6399
p9999_us = 10495
max_us = 556023
error_sample = -BUSY durable log staging is full, retry
inf-bench: 72587 error replies under load (72587 BUSY-retryable; first sample: -BUSY durable log staging is full, retry)
ops = 146580233
errors = 159154
busy_retryable = 159154
elapsed_s = 300.000
ops_per_sec = 488600
p50_us = 211
p99_us = 895
p999_us = 6527
p9999_us = 11775
max_us = 652210
error_sample = -BUSY durable log staging is full, retry
inf-bench: 159154 error replies under load (159154 BUSY-retryable; first sample: -BUSY durable log staging is full, retry)
ops = 156235754
errors = 251177
busy_retryable = 251177
elapsed_s = 300.000
ops_per_sec = 520785
p50_us = 187
p99_us = 847
p999_us = 6271
p9999_us = 11007
max_us = 521766
error_sample = -BUSY durable log staging is full, retry
inf-bench: 251177 error replies under load (251177 BUSY-retryable; first sample: -BUSY durable log staging is full, retry)
ops = 151591747
errors = 72243
busy_retryable = 72243
elapsed_s = 300.000
ops_per_sec = 505305
p50_us = 207
p99_us = 863
p999_us = 6271
p9999_us = 10495
max_us = 418073
error_sample = -BUSY durable log staging is full, retry
inf-bench: 72243 error replies under load (72243 BUSY-retryable; first sample: -BUSY durable log staging is full, retry)
ops = 157902050
errors = 128262
busy_retryable = 128262
elapsed_s = 300.000
ops_per_sec = 526340
p50_us = 187
p99_us = 815
p999_us = 6143
p9999_us = 11263
max_us = 489497
error_sample = -BUSY durable log staging is full, retry
inf-bench: 128262 error replies under load (128262 BUSY-retryable; first sample: -BUSY durable log staging is full, retry)
ops = 151528122
errors = 104693
busy_retryable = 104693
elapsed_s = 300.000
ops_per_sec = 505093
p50_us = 199
p99_us = 863
p999_us = 6399
p9999_us = 11263
max_us = 595957
error_sample = -BUSY durable log staging is full, retry
inf-bench: 104693 error replies under load (104693 BUSY-retryable; first sample: -BUSY durable log staging is full, retry)
ops = 155077441
errors = 180278
busy_retryable = 180278
elapsed_s = 300.001
ops_per_sec = 516924
p50_us = 195
p99_us = 847
p999_us = 6399
p9999_us = 11007
max_us = 659321
error_sample = -BUSY durable log staging is full, retry
inf-bench: 180278 error replies under load (180278 BUSY-retryable; first sample: -BUSY durable log staging is full, retry)
ops = 152763443
errors = 117192
busy_retryable = 117192
elapsed_s = 300.000
ops_per_sec = 509211
p50_us = 195
p99_us = 863
p999_us = 6271
p9999_us = 11007
max_us = 443172
error_sample = -BUSY durable log staging is full, retry
inf-bench: 117192 error replies under load (117192 BUSY-retryable; first sample: -BUSY durable log staging is full, retry)
ops = 156275747
errors = 49497
busy_retryable = 49497
elapsed_s = 300.000
ops_per_sec = 520919
p50_us = 195
p99_us = 895
p999_us = 6271
p9999_us = 10239
max_us = 467322
error_sample = -BUSY durable log staging is full, retry
inf-bench: 49497 error replies under load (49497 BUSY-retryable; first sample: -BUSY durable log staging is full, retry)
ops = 145516994
errors = 24359
busy_retryable = 24359
elapsed_s = 300.000
ops_per_sec = 485056
p50_us = 215
p99_us = 991
p999_us = 6271
p9999_us = 9983
max_us = 313893
error_sample = -BUSY durable log staging is full, retry
inf-bench: 24359 error replies under load (24359 BUSY-retryable; first sample: -BUSY durable log staging is full, retry)
ops = 158107418
errors = 49812
busy_retryable = 49812
elapsed_s = 300.000
ops_per_sec = 527024
p50_us = 195
p99_us = 847
p999_us = 6271
p9999_us = 10751
max_us = 562506
error_sample = -BUSY durable log staging is full, retry
inf-bench: 49812 error replies under load (49812 BUSY-retryable; first sample: -BUSY durable log staging is full, retry)
ops = 130008283
errors = 119147
busy_retryable = 119147
elapsed_s = 300.001
ops_per_sec = 433360
p50_us = 251
p99_us = 1055
p999_us = 6911
p9999_us = 15615
max_us = 538989
error_sample = -BUSY durable log staging is full, retry
inf-bench: 119147 error replies under load (119147 BUSY-retryable; first sample: -BUSY durable log staging is full, retry)
ops = 159449089
errors = 30191
busy_retryable = 30191
elapsed_s = 300.000
ops_per_sec = 531496
p50_us = 191
p99_us = 863
p999_us = 6271
p9999_us = 10239
max_us = 377423
error_sample = -BUSY durable log staging is full, retry
inf-bench: 30191 error replies under load (30191 BUSY-retryable; first sample: -BUSY durable log staging is full, retry)
ops = 142411716
errors = 81373
busy_retryable = 81373
elapsed_s = 300.000
ops_per_sec = 474705
p50_us = 215
p99_us = 943
p999_us = 6783
p9999_us = 11263
max_us = 531409
error_sample = -BUSY durable log staging is full, retry
inf-bench: 81373 error replies under load (81373 BUSY-retryable; first sample: -BUSY durable log staging is full, retry)
ops = 154161801
errors = 78151
busy_retryable = 78151
elapsed_s = 300.000
ops_per_sec = 513872
p50_us = 199
p99_us = 895
p999_us = 6399
p9999_us = 10751
max_us = 494221
error_sample = -BUSY durable log staging is full, retry
inf-bench: 78151 error replies under load (78151 BUSY-retryable; first sample: -BUSY durable log staging is full, retry)
ops = 156858047
errors = 207248
busy_retryable = 207248
elapsed_s = 300.000
ops_per_sec = 522859
p50_us = 183
p99_us = 831
p999_us = 6271
p9999_us = 16127
max_us = 573816
error_sample = -BUSY durable log staging is full, retry
inf-bench: 207248 error replies under load (207248 BUSY-retryable; first sample: -BUSY durable log staging is full, retry)
ops = 160059863
errors = 83469
busy_retryable = 83469
elapsed_s = 300.000
ops_per_sec = 533532
p50_us = 195
p99_us = 847
p999_us = 6271
p9999_us = 10495
max_us = 345314
error_sample = -BUSY durable log staging is full, retry
inf-bench: 83469 error replies under load (83469 BUSY-retryable; first sample: -BUSY durable log staging is full, retry)
ops = 147839672
errors = 112037
busy_retryable = 112037
elapsed_s = 300.001
ops_per_sec = 492797
p50_us = 199
p99_us = 895
p999_us = 6527
p9999_us = 13567
max_us = 832895
error_sample = -BUSY durable log staging is full, retry
inf-bench: 112037 error replies under load (112037 BUSY-retryable; first sample: -BUSY durable log staging is full, retry)
ops = 158586652
errors = 101707
busy_retryable = 101707
elapsed_s = 300.001
ops_per_sec = 528620
p50_us = 191
p99_us = 863
p999_us = 6143
p9999_us = 10495
max_us = 575225
error_sample = -BUSY durable log staging is full, retry
inf-bench: 101707 error replies under load (101707 BUSY-retryable; first sample: -BUSY durable log staging is full, retry)
ops = 152983580
errors = 133007
busy_retryable = 133007
elapsed_s = 300.000
ops_per_sec = 509945
p50_us = 199
p99_us = 879
p999_us = 6399
p9999_us = 11519
max_us = 724178
error_sample = -BUSY durable log staging is full, retry
inf-bench: 133007 error replies under load (133007 BUSY-retryable; first sample: -BUSY durable log staging is full, retry)
ops = 153607525
errors = 132269
busy_retryable = 132269
elapsed_s = 300.001
ops_per_sec = 512024
p50_us = 199
p99_us = 879
p999_us = 6399
p9999_us = 11007
max_us = 409546
error_sample = -BUSY durable log staging is full, retry
inf-bench: 132269 error replies under load (132269 BUSY-retryable; first sample: -BUSY durable log staging is full, retry)
ops = 143067896
errors = 56610
busy_retryable = 56610
elapsed_s = 300.000
ops_per_sec = 476892
p50_us = 223
p99_us = 943
p999_us = 6655
p9999_us = 11263
max_us = 721909
error_sample = -BUSY durable log staging is full, retry
inf-bench: 56610 error replies under load (56610 BUSY-retryable; first sample: -BUSY durable log staging is full, retry)
ops = 156917879
errors = 80345
busy_retryable = 80345
elapsed_s = 300.000
ops_per_sec = 523059
p50_us = 195
p99_us = 879
p999_us = 6271
p9999_us = 11007
max_us = 607876
error_sample = -BUSY durable log staging is full, retry
inf-bench: 80345 error replies under load (80345 BUSY-retryable; first sample: -BUSY durable log staging is full, retry)
ops = 159497486
errors = 91427
busy_retryable = 91427
elapsed_s = 300.000
ops_per_sec = 531658
p50_us = 187
p99_us = 863
p999_us = 6271
p9999_us = 11007
max_us = 416219
error_sample = -BUSY durable log staging is full, retry
inf-bench: 91427 error replies under load (91427 BUSY-retryable; first sample: -BUSY durable log staging is full, retry)
ops = 151433521
errors = 99704
busy_retryable = 99704
elapsed_s = 300.220
ops_per_sec = 504409
p50_us = 199
p99_us = 895
p999_us = 6527
p9999_us = 12031
max_us = 805973
error_sample = -BUSY durable log staging is full, retry
inf-bench: 99704 error replies under load (99704 BUSY-retryable; first sample: -BUSY durable log staging is full, retry)
ops = 151904890
errors = 151283
busy_retryable = 151283
elapsed_s = 300.000
ops_per_sec = 506349
p50_us = 195
p99_us = 863
p999_us = 6655
p9999_us = 13311
max_us = 779030
error_sample = -BUSY durable log staging is full, retry
inf-bench: 151283 error replies under load (151283 BUSY-retryable; first sample: -BUSY durable log staging is full, retry)
ops = 148425420
errors = 96342
busy_retryable = 96342
elapsed_s = 300.001
ops_per_sec = 494751
p50_us = 211
p99_us = 959
p999_us = 6783
p9999_us = 11519
max_us = 401976
error_sample = -BUSY durable log staging is full, retry
inf-bench: 96342 error replies under load (96342 BUSY-retryable; first sample: -BUSY durable log staging is full, retry)
ops = 152545372
errors = 86969
busy_retryable = 86969
elapsed_s = 300.000
ops_per_sec = 508484
p50_us = 195
p99_us = 895
p999_us = 6527
p9999_us = 12031
max_us = 436423
error_sample = -BUSY durable log staging is full, retry
inf-bench: 86969 error replies under load (86969 BUSY-retryable; first sample: -BUSY durable log staging is full, retry)
ops = 163769672
errors = 94981
busy_retryable = 94981
elapsed_s = 300.000
ops_per_sec = 545898
p50_us = 187
p99_us = 831
p999_us = 6271
p9999_us = 11519
max_us = 541176
error_sample = -BUSY durable log staging is full, retry
inf-bench: 94981 error replies under load (94981 BUSY-retryable; first sample: -BUSY durable log staging is full, retry)
ops = 150724728
errors = 122800
busy_retryable = 122800
elapsed_s = 300.000
ops_per_sec = 502415
p50_us = 199
p99_us = 847
p999_us = 6655
p9999_us = 13567
max_us = 710731
error_sample = -BUSY durable log staging is full, retry
inf-bench: 122800 error replies under load (122800 BUSY-retryable; first sample: -BUSY durable log staging is full, retry)
ops = 159082131
errors = 106999
busy_retryable = 106999
elapsed_s = 300.000
ops_per_sec = 530273
p50_us = 183
p99_us = 815
p999_us = 6015
p9999_us = 12543
max_us = 656212
error_sample = -BUSY durable log staging is full, retry
inf-bench: 106999 error replies under load (106999 BUSY-retryable; first sample: -BUSY durable log staging is full, retry)
ops = 154658730
errors = 111117
busy_retryable = 111117
elapsed_s = 300.009
ops_per_sec = 515514
p50_us = 191
p99_us = 863
p999_us = 6527
p9999_us = 12799
max_us = 435660
error_sample = -BUSY durable log staging is full, retry
inf-bench: 111117 error replies under load (111117 BUSY-retryable; first sample: -BUSY durable log staging is full, retry)
ops = 162390455
errors = 108348
busy_retryable = 108348
elapsed_s = 300.000
ops_per_sec = 541301
p50_us = 183
p99_us = 831
p999_us = 6143
p9999_us = 12287
max_us = 572910
error_sample = -BUSY durable log staging is full, retry
inf-bench: 108348 error replies under load (108348 BUSY-retryable; first sample: -BUSY durable log staging is full, retry)
ops = 153076659
errors = 132227
busy_retryable = 132227
elapsed_s = 300.000
ops_per_sec = 510255
p50_us = 195
p99_us = 879
p999_us = 6143
p9999_us = 12031
max_us = 614040
error_sample = -BUSY durable log staging is full, retry
inf-bench: 132227 error replies under load (132227 BUSY-retryable; first sample: -BUSY durable log staging is full, retry)
ops = 148325296
errors = 174331
busy_retryable = 174331
elapsed_s = 300.001
ops_per_sec = 494416
p50_us = 203
p99_us = 911
p999_us = 6527
p9999_us = 13311
max_us = 603201
error_sample = -BUSY durable log staging is full, retry
inf-bench: 174331 error replies under load (174331 BUSY-retryable; first sample: -BUSY durable log staging is full, retry)
ops = 153509519
errors = 197065
busy_retryable = 197065
elapsed_s = 300.008
ops_per_sec = 511685
p50_us = 195
p99_us = 879
p999_us = 6399
p9999_us = 14079
max_us = 543161
error_sample = -BUSY durable log staging is full, retry
inf-bench: 197065 error replies under load (197065 BUSY-retryable; first sample: -BUSY durable log staging is full, retry)
ops = 159156252
errors = 185443
busy_retryable = 185443
elapsed_s = 300.004
ops_per_sec = 530514
p50_us = 187
p99_us = 815
p999_us = 6271
p9999_us = 12287
max_us = 960690
error_sample = -BUSY durable log staging is full, retry
inf-bench: 185443 error replies under load (185443 BUSY-retryable; first sample: -BUSY durable log staging is full, retry)
ops = 155421640
errors = 161462
busy_retryable = 161462
elapsed_s = 300.001
ops_per_sec = 518071
p50_us = 191
p99_us = 847
p999_us = 6527
p9999_us = 13055
max_us = 672109
error_sample = -BUSY durable log staging is full, retry
inf-bench: 161462 error replies under load (161462 BUSY-retryable; first sample: -BUSY durable log staging is full, retry)
ops = 161768000
errors = 89421
busy_retryable = 89421
elapsed_s = 300.000
ops_per_sec = 539226
p50_us = 183
p99_us = 847
p999_us = 6015
p9999_us = 11263
max_us = 531372
error_sample = -BUSY durable log staging is full, retry
inf-bench: 89421 error replies under load (89421 BUSY-retryable; first sample: -BUSY durable log staging is full, retry)
ops = 160554991
errors = 161622
busy_retryable = 161622
elapsed_s = 300.000
ops_per_sec = 535182
p50_us = 183
p99_us = 863
p999_us = 6271
p9999_us = 12799
max_us = 464095
error_sample = -BUSY durable log staging is full, retry
inf-bench: 161622 error replies under load (161622 BUSY-retryable; first sample: -BUSY durable log staging is full, retry)
ops = 149610550
errors = 111834
busy_retryable = 111834
elapsed_s = 300.000
ops_per_sec = 498701
p50_us = 199
p99_us = 895
p999_us = 6271
p9999_us = 12543
max_us = 768535
error_sample = -BUSY durable log staging is full, retry
inf-bench: 111834 error replies under load (111834 BUSY-retryable; first sample: -BUSY durable log staging is full, retry)
ops = 152489839
errors = 135142
busy_retryable = 135142
elapsed_s = 300.004
ops_per_sec = 508293
p50_us = 195
p99_us = 879
p999_us = 6655
p9999_us = 15615
max_us = 862458
error_sample = -BUSY durable log staging is full, retry
inf-bench: 135142 error replies under load (135142 BUSY-retryable; first sample: -BUSY durable log staging is full, retry)
ops = 146722979
errors = 116643
busy_retryable = 116643
elapsed_s = 300.004
ops_per_sec = 489070
p50_us = 211
p99_us = 943
p999_us = 6399
p9999_us = 12031
max_us = 449463
error_sample = -BUSY durable log staging is full, retry
inf-bench: 116643 error replies under load (116643 BUSY-retryable; first sample: -BUSY durable log staging is full, retry)
ops = 141713803
errors = 115865
busy_retryable = 115865
elapsed_s = 300.001
ops_per_sec = 472378
p50_us = 211
p99_us = 1007
p999_us = 6399
p9999_us = 12031
max_us = 774830
error_sample = -BUSY durable log staging is full, retry
inf-bench: 115865 error replies under load (115865 BUSY-retryable; first sample: -BUSY durable log staging is full, retry)
ops = 157714487
errors = 63935
busy_retryable = 63935
elapsed_s = 300.000
ops_per_sec = 525714
p50_us = 191
p99_us = 895
p999_us = 6271
p9999_us = 11007
max_us = 488099
error_sample = -BUSY durable log staging is full, retry
inf-bench: 63935 error replies under load (63935 BUSY-retryable; first sample: -BUSY durable log staging is full, retry)
ops = 156082326
errors = 174220
busy_retryable = 174220
elapsed_s = 300.000
ops_per_sec = 520274
p50_us = 187
p99_us = 895
p999_us = 6399
p9999_us = 14079
max_us = 616031
error_sample = -BUSY durable log staging is full, retry
inf-bench: 174220 error replies under load (174220 BUSY-retryable; first sample: -BUSY durable log staging is full, retry)
ops = 160892065
errors = 74177
busy_retryable = 74177
elapsed_s = 300.000
ops_per_sec = 536306
p50_us = 191
p99_us = 895
p999_us = 6143
p9999_us = 10495
max_us = 228020
error_sample = -BUSY durable log staging is full, retry
inf-bench: 74177 error replies under load (74177 BUSY-retryable; first sample: -BUSY durable log staging is full, retry)
ops = 153924981
errors = 126408
busy_retryable = 126408
elapsed_s = 300.000
ops_per_sec = 513083
p50_us = 183
p99_us = 847
p999_us = 6271
p9999_us = 14335
max_us = 1066163
error_sample = -BUSY durable log staging is full, retry
inf-bench: 126408 error replies under load (126408 BUSY-retryable; first sample: -BUSY durable log staging is full, retry)
ops = 135286075
errors = 137859
busy_retryable = 137859
elapsed_s = 300.000
ops_per_sec = 450953
p50_us = 203
p99_us = 943
p999_us = 6911
p9999_us = 18943
max_us = 2411578
error_sample = -BUSY durable log staging is full, retry
inf-bench: 137859 error replies under load (137859 BUSY-retryable; first sample: -BUSY durable log staging is full, retry)
ops = 148571794
errors = 175200
busy_retryable = 175200
elapsed_s = 300.000
ops_per_sec = 495239
p50_us = 195
p99_us = 927
p999_us = 6527
p9999_us = 15871
max_us = 903332
error_sample = -BUSY durable log staging is full, retry
inf-bench: 175200 error replies under load (175200 BUSY-retryable; first sample: -BUSY durable log staging is full, retry)
ops = 157055626
errors = 90498
busy_retryable = 90498
elapsed_s = 300.000
ops_per_sec = 523518
p50_us = 191
p99_us = 879
p999_us = 6143
p9999_us = 11519
max_us = 637945
error_sample = -BUSY durable log staging is full, retry
inf-bench: 90498 error replies under load (90498 BUSY-retryable; first sample: -BUSY durable log staging is full, retry)
ops = 152415466
errors = 144420
busy_retryable = 144420
elapsed_s = 300.000
ops_per_sec = 508051
p50_us = 199
p99_us = 927
p999_us = 6527
p9999_us = 12543
max_us = 541015
error_sample = -BUSY durable log staging is full, retry
inf-bench: 144420 error replies under load (144420 BUSY-retryable; first sample: -BUSY durable log staging is full, retry)
ops = 156418398
errors = 180338
busy_retryable = 180338
elapsed_s = 300.000
ops_per_sec = 521394
p50_us = 191
p99_us = 863
p999_us = 6143
p9999_us = 12799
max_us = 569377
error_sample = -BUSY durable log staging is full, retry
inf-bench: 180338 error replies under load (180338 BUSY-retryable; first sample: -BUSY durable log staging is full, retry)
ops = 157800202
errors = 85137
busy_retryable = 85137
elapsed_s = 300.000
ops_per_sec = 526000
p50_us = 191
p99_us = 911
p999_us = 6143
p9999_us = 11263
max_us = 433155
error_sample = -BUSY durable log staging is full, retry
inf-bench: 85137 error replies under load (85137 BUSY-retryable; first sample: -BUSY durable log staging is full, retry)
ops = 153950935
errors = 108548
busy_retryable = 108548
elapsed_s = 300.000
ops_per_sec = 513169
p50_us = 195
p99_us = 911
p999_us = 6271
p9999_us = 11775
max_us = 377984
error_sample = -BUSY durable log staging is full, retry
inf-bench: 108548 error replies under load (108548 BUSY-retryable; first sample: -BUSY durable log staging is full, retry)
ops = 157385137
errors = 25751
busy_retryable = 25751
elapsed_s = 300.000
ops_per_sec = 524616
p50_us = 195
p99_us = 879
p999_us = 6527
p9999_us = 10751
max_us = 220756
error_sample = -BUSY durable log staging is full, retry
inf-bench: 25751 error replies under load (25751 BUSY-retryable; first sample: -BUSY durable log staging is full, retry)
ops = 155871467
errors = 25664
busy_retryable = 25664
elapsed_s = 300.000
ops_per_sec = 519571
p50_us = 195
p99_us = 879
p999_us = 6527
p9999_us = 11263
max_us = 534362
error_sample = -BUSY durable log staging is full, retry
inf-bench: 25664 error replies under load (25664 BUSY-retryable; first sample: -BUSY durable log staging is full, retry)
ops = 155035894
errors = 55251
busy_retryable = 55251
elapsed_s = 300.053
ops_per_sec = 516694
p50_us = 199
p99_us = 911
p999_us = 6399
p9999_us = 11263
max_us = 363800
error_sample = -BUSY durable log staging is full, retry
inf-bench: 55251 error replies under load (55251 BUSY-retryable; first sample: -BUSY durable log staging is full, retry)
ops = 157070993
errors = 116729
busy_retryable = 116729
elapsed_s = 300.000
ops_per_sec = 523569
p50_us = 195
p99_us = 863
p999_us = 6143
p9999_us = 12031
max_us = 419073
error_sample = -BUSY durable log staging is full, retry
inf-bench: 116729 error replies under load (116729 BUSY-retryable; first sample: -BUSY durable log staging is full, retry)
ops = 158567417
errors = 116118
busy_retryable = 116118
elapsed_s = 300.001
ops_per_sec = 528557
p50_us = 191
p99_us = 895
p999_us = 6271
p9999_us = 11775
max_us = 534475
error_sample = -BUSY durable log staging is full, retry
inf-bench: 116118 error replies under load (116118 BUSY-retryable; first sample: -BUSY durable log staging is full, retry)
ops = 151253864
errors = 80476
busy_retryable = 80476
elapsed_s = 300.000
ops_per_sec = 504179
p50_us = 203
p99_us = 911
p999_us = 6783
p9999_us = 14335
max_us = 406349
error_sample = -BUSY durable log staging is full, retry
inf-bench: 80476 error replies under load (80476 BUSY-retryable; first sample: -BUSY durable log staging is full, retry)
ops = 156702323
errors = 55638
busy_retryable = 55638
elapsed_s = 300.000
ops_per_sec = 522341
p50_us = 191
p99_us = 895
p999_us = 6399
p9999_us = 11519
max_us = 571702
error_sample = -BUSY durable log staging is full, retry
inf-bench: 55638 error replies under load (55638 BUSY-retryable; first sample: -BUSY durable log staging is full, retry)
ops = 152692611
errors = 88969
busy_retryable = 88969
elapsed_s = 300.006
ops_per_sec = 508965
p50_us = 195
p99_us = 911
p999_us = 6271
p9999_us = 12287
max_us = 485635
error_sample = -BUSY durable log staging is full, retry
inf-bench: 88969 error replies under load (88969 BUSY-retryable; first sample: -BUSY durable log staging is full, retry)
ops = 145279837
errors = 66904
busy_retryable = 66904
elapsed_s = 300.000
ops_per_sec = 484266
p50_us = 211
p99_us = 975
p999_us = 6527
p9999_us = 11263
max_us = 576496
error_sample = -BUSY durable log staging is full, retry
inf-bench: 66904 error replies under load (66904 BUSY-retryable; first sample: -BUSY durable log staging is full, retry)
ops = 161773373
errors = 71214
busy_retryable = 71214
elapsed_s = 300.001
ops_per_sec = 539244
p50_us = 187
p99_us = 863
p999_us = 6271
p9999_us = 11263
max_us = 319475
error_sample = -BUSY durable log staging is full, retry
inf-bench: 71214 error replies under load (71214 BUSY-retryable; first sample: -BUSY durable log staging is full, retry)
ops = 153797761
errors = 245242
busy_retryable = 245242
elapsed_s = 300.000
ops_per_sec = 512659
p50_us = 183
p99_us = 847
p999_us = 6655
p9999_us = 19455
max_us = 973201
error_sample = -BUSY durable log staging is full, retry
inf-bench: 245242 error replies under load (245242 BUSY-retryable; first sample: -BUSY durable log staging is full, retry)
ops = 158625324
errors = 188802
busy_retryable = 188802
elapsed_s = 300.004
ops_per_sec = 528745
p50_us = 183
p99_us = 863
p999_us = 6399
p9999_us = 13055
max_us = 496122
error_sample = -BUSY durable log staging is full, retry
inf-bench: 188802 error replies under load (188802 BUSY-retryable; first sample: -BUSY durable log staging is full, retry)
ops = 160233589
errors = 210164
busy_retryable = 210164
elapsed_s = 300.000
ops_per_sec = 534111
p50_us = 183
p99_us = 863
p999_us = 6143
p9999_us = 13567
max_us = 622679
error_sample = -BUSY durable log staging is full, retry
inf-bench: 210164 error replies under load (210164 BUSY-retryable; first sample: -BUSY durable log staging is full, retry)
ops = 150561749
errors = 71698
busy_retryable = 71698
elapsed_s = 300.000
ops_per_sec = 501872
p50_us = 203
p99_us = 927
p999_us = 6271
p9999_us = 11519
max_us = 483416
error_sample = -BUSY durable log staging is full, retry
inf-bench: 71698 error replies under load (71698 BUSY-retryable; first sample: -BUSY durable log staging is full, retry)
ops = 158876362
errors = 101313
busy_retryable = 101313
elapsed_s = 300.000
ops_per_sec = 529587
p50_us = 187
p99_us = 863
p999_us = 6399
p9999_us = 13567
max_us = 565124
error_sample = -BUSY durable log staging is full, retry
inf-bench: 101313 error replies under load (101313 BUSY-retryable; first sample: -BUSY durable log staging is full, retry)
ops = 152111351
errors = 134216
busy_retryable = 134216
elapsed_s = 300.001
ops_per_sec = 507037
p50_us = 195
p99_us = 911
p999_us = 6399
p9999_us = 13311
max_us = 458028
error_sample = -BUSY durable log staging is full, retry
inf-bench: 134216 error replies under load (134216 BUSY-retryable; first sample: -BUSY durable log staging is full, retry)
ops = 150790340
errors = 111289
busy_retryable = 111289
elapsed_s = 300.000
ops_per_sec = 502634
p50_us = 207
p99_us = 959
p999_us = 6655
p9999_us = 12287
max_us = 516050
error_sample = -BUSY durable log staging is full, retry
inf-bench: 111289 error replies under load (111289 BUSY-retryable; first sample: -BUSY durable log staging is full, retry)
ops = 149706193
errors = 72849
busy_retryable = 72849
elapsed_s = 300.000
ops_per_sec = 499020
p50_us = 203
p99_us = 975
p999_us = 6143
p9999_us = 11007
max_us = 919984
error_sample = -BUSY durable log staging is full, retry
inf-bench: 72849 error replies under load (72849 BUSY-retryable; first sample: -BUSY durable log staging is full, retry)
ops = 160499042
errors = 59006
busy_retryable = 59006
elapsed_s = 300.000
ops_per_sec = 534996
p50_us = 187
p99_us = 895
p999_us = 6399
p9999_us = 11519
max_us = 437505
error_sample = -BUSY durable log staging is full, retry
inf-bench: 59006 error replies under load (59006 BUSY-retryable; first sample: -BUSY durable log staging is full, retry)
ops = 152856445
errors = 76711
busy_retryable = 76711
elapsed_s = 300.002
ops_per_sec = 509519
p50_us = 195
p99_us = 943
p999_us = 6399
p9999_us = 12031
max_us = 692505
error_sample = -BUSY durable log staging is full, retry
inf-bench: 76711 error replies under load (76711 BUSY-retryable; first sample: -BUSY durable log staging is full, retry)
ops = 151714670
errors = 72951
busy_retryable = 72951
elapsed_s = 300.015
ops_per_sec = 505690
p50_us = 195
p99_us = 943
p999_us = 6527
p9999_us = 13823
max_us = 872767
error_sample = -BUSY durable log staging is full, retry
inf-bench: 72951 error replies under load (72951 BUSY-retryable; first sample: -BUSY durable log staging is full, retry)
ops = 149485797
errors = 139796
busy_retryable = 139796
elapsed_s = 300.000
ops_per_sec = 498285
p50_us = 199
p99_us = 927
p999_us = 6527
p9999_us = 14079
max_us = 474260
error_sample = -BUSY durable log staging is full, retry
inf-bench: 139796 error replies under load (139796 BUSY-retryable; first sample: -BUSY durable log staging is full, retry)
ops = 155935116
errors = 106757
busy_retryable = 106757
elapsed_s = 300.001
ops_per_sec = 519783
p50_us = 191
p99_us = 959
p999_us = 6399
p9999_us = 12031
max_us = 523187
error_sample = -BUSY durable log staging is full, retry
inf-bench: 106757 error replies under load (106757 BUSY-retryable; first sample: -BUSY durable log staging is full, retry)
ops = 151257885
errors = 166653
busy_retryable = 166653
elapsed_s = 300.401
ops_per_sec = 503520
p50_us = 199
p99_us = 959
p999_us = 6527
p9999_us = 13567
max_us = 477902
error_sample = -BUSY durable log staging is full, retry
inf-bench: 166653 error replies under load (166653 BUSY-retryable; first sample: -BUSY durable log staging is full, retry)
ops = 164898864
errors = 155551
busy_retryable = 155551
elapsed_s = 300.000
ops_per_sec = 549662
p50_us = 191
p99_us = 799
p999_us = 6271
p9999_us = 10495
max_us = 478164
error_sample = -BUSY durable log staging is full, retry
inf-bench: 155551 error replies under load (155551 BUSY-retryable; first sample: -BUSY durable log staging is full, retry)
ops = 163923382
errors = 106456
busy_retryable = 106456
elapsed_s = 300.113
ops_per_sec = 546206
p50_us = 187
p99_us = 799
p999_us = 6015
p9999_us = 9727
max_us = 523157
error_sample = -BUSY durable log staging is full, retry
inf-bench: 106456 error replies under load (106456 BUSY-retryable; first sample: -BUSY durable log staging is full, retry)
ops = 150929482
errors = 196565
busy_retryable = 196565
elapsed_s = 300.003
ops_per_sec = 503093
p50_us = 203
p99_us = 847
p999_us = 6271
p9999_us = 10495
max_us = 675581
error_sample = -BUSY durable log staging is full, retry
inf-bench: 196565 error replies under load (196565 BUSY-retryable; first sample: -BUSY durable log staging is full, retry)
ops = 158460436
errors = 124088
busy_retryable = 124088
elapsed_s = 300.001
ops_per_sec = 528201
p50_us = 191
p99_us = 831
p999_us = 6015
p9999_us = 9983
max_us = 507216
error_sample = -BUSY durable log staging is full, retry
inf-bench: 124088 error replies under load (124088 BUSY-retryable; first sample: -BUSY durable log staging is full, retry)
ops = 157259799
errors = 108389
busy_retryable = 108389
elapsed_s = 300.000
ops_per_sec = 524199
p50_us = 195
p99_us = 847
p999_us = 6143
p9999_us = 9983
max_us = 443291
error_sample = -BUSY durable log staging is full, retry
inf-bench: 108389 error replies under load (108389 BUSY-retryable; first sample: -BUSY durable log staging is full, retry)
ops = 164456299
errors = 89724
busy_retryable = 89724
elapsed_s = 300.000
ops_per_sec = 548187
p50_us = 187
p99_us = 799
p999_us = 6143
p9999_us = 9983
max_us = 431788
error_sample = -BUSY durable log staging is full, retry
inf-bench: 89724 error replies under load (89724 BUSY-retryable; first sample: -BUSY durable log staging is full, retry)
ops = 157378745
errors = 140610
busy_retryable = 140610
elapsed_s = 300.001
ops_per_sec = 524595
p50_us = 187
p99_us = 799
p999_us = 6015
p9999_us = 11007
max_us = 845882
error_sample = -BUSY durable log staging is full, retry
inf-bench: 140610 error replies under load (140610 BUSY-retryable; first sample: -BUSY durable log staging is full, retry)
ops = 159119012
errors = 208851
busy_retryable = 208851
elapsed_s = 300.000
ops_per_sec = 530396
p50_us = 183
p99_us = 783
p999_us = 6015
p9999_us = 10751
max_us = 566308
error_sample = -BUSY durable log staging is full, retry
inf-bench: 208851 error replies under load (208851 BUSY-retryable; first sample: -BUSY durable log staging is full, retry)
ops = 155575026
errors = 103023
busy_retryable = 103023
elapsed_s = 300.000
ops_per_sec = 518583
p50_us = 199
p99_us = 815
p999_us = 6271
p9999_us = 10751
max_us = 749154
error_sample = -BUSY durable log staging is full, retry
inf-bench: 103023 error replies under load (103023 BUSY-retryable; first sample: -BUSY durable log staging is full, retry)
ops = 161860713
errors = 173016
busy_retryable = 173016
elapsed_s = 300.000
ops_per_sec = 539535
p50_us = 187
p99_us = 815
p999_us = 6015
p9999_us = 10239
max_us = 592865
error_sample = -BUSY durable log staging is full, retry
inf-bench: 173016 error replies under load (173016 BUSY-retryable; first sample: -BUSY durable log staging is full, retry)
ops = 157244448
errors = 140133
busy_retryable = 140133
elapsed_s = 300.001
ops_per_sec = 524147
p50_us = 191
p99_us = 831
p999_us = 6271
p9999_us = 10239
max_us = 564776
error_sample = -BUSY durable log staging is full, retry
inf-bench: 140133 error replies under load (140133 BUSY-retryable; first sample: -BUSY durable log staging is full, retry)
ops = 157932388
errors = 195276
busy_retryable = 195276
elapsed_s = 300.001
ops_per_sec = 526440
p50_us = 187
p99_us = 815
p999_us = 6143
p9999_us = 11263
max_us = 942965
error_sample = -BUSY durable log staging is full, retry
inf-bench: 195276 error replies under load (195276 BUSY-retryable; first sample: -BUSY durable log staging is full, retry)
ops = 153960120
errors = 209631
busy_retryable = 209631
elapsed_s = 300.157
ops_per_sec = 512932
p50_us = 203
p99_us = 863
p999_us = 6527
p9999_us = 11263
max_us = 595146
error_sample = -BUSY durable log staging is full, retry
inf-bench: 209631 error replies under load (209631 BUSY-retryable; first sample: -BUSY durable log staging is full, retry)
ops = 160538663
errors = 75466
busy_retryable = 75466
elapsed_s = 300.001
ops_per_sec = 535128
p50_us = 187
p99_us = 831
p999_us = 6271
p9999_us = 10239
max_us = 535408
error_sample = -BUSY durable log staging is full, retry
inf-bench: 75466 error replies under load (75466 BUSY-retryable; first sample: -BUSY durable log staging is full, retry)
ops = 144444885
errors = 30449
busy_retryable = 30449
elapsed_s = 300.000
ops_per_sec = 481482
p50_us = 219
p99_us = 879
p999_us = 7039
p9999_us = 10751
max_us = 419673
error_sample = -BUSY durable log staging is full, retry
inf-bench: 30449 error replies under load (30449 BUSY-retryable; first sample: -BUSY durable log staging is full, retry)
ops = 155757227
errors = 149822
busy_retryable = 149822
elapsed_s = 300.001
ops_per_sec = 519190
p50_us = 191
p99_us = 847
p999_us = 6399
p9999_us = 10495
max_us = 575263
error_sample = -BUSY durable log staging is full, retry
inf-bench: 149822 error replies under load (149822 BUSY-retryable; first sample: -BUSY durable log staging is full, retry)
ops = 161048565
errors = 25384
busy_retryable = 25384
elapsed_s = 300.000
ops_per_sec = 536828
p50_us = 191
p99_us = 831
p999_us = 6271
p9999_us = 9983
max_us = 172046
error_sample = -BUSY durable log staging is full, retry
inf-bench: 25384 error replies under load (25384 BUSY-retryable; first sample: -BUSY durable log staging is full, retry)
ops = 168801242
errors = 77434
busy_retryable = 77434
elapsed_s = 300.001
ops_per_sec = 562670
p50_us = 179
p99_us = 799
p999_us = 6143
p9999_us = 10495
max_us = 774445
error_sample = -BUSY durable log staging is full, retry
inf-bench: 77434 error replies under load (77434 BUSY-retryable; first sample: -BUSY durable log staging is full, retry)
ops = 163331148
errors = 126898
busy_retryable = 126898
elapsed_s = 300.001
ops_per_sec = 544436
p50_us = 187
p99_us = 815
p999_us = 6143
p9999_us = 10495
max_us = 904568
error_sample = -BUSY durable log staging is full, retry
inf-bench: 126898 error replies under load (126898 BUSY-retryable; first sample: -BUSY durable log staging is full, retry)
ops = 160753278
errors = 113844
busy_retryable = 113844
elapsed_s = 300.000
ops_per_sec = 535844
p50_us = 187
p99_us = 815
p999_us = 6015
p9999_us = 10495
max_us = 578802
error_sample = -BUSY durable log staging is full, retry
inf-bench: 113844 error replies under load (113844 BUSY-retryable; first sample: -BUSY durable log staging is full, retry)
ops = 150001641
errors = 140406
busy_retryable = 140406
elapsed_s = 300.005
ops_per_sec = 499998
p50_us = 199
p99_us = 847
p999_us = 6527
p9999_us = 13567
max_us = 1115486
error_sample = -BUSY durable log staging is full, retry
inf-bench: 140406 error replies under load (140406 BUSY-retryable; first sample: -BUSY durable log staging is full, retry)
ops = 161391364
errors = 107832
busy_retryable = 107832
elapsed_s = 300.000
ops_per_sec = 537971
p50_us = 187
p99_us = 847
p999_us = 6143
p9999_us = 10239
max_us = 501827
error_sample = -BUSY durable log staging is full, retry
inf-bench: 107832 error replies under load (107832 BUSY-retryable; first sample: -BUSY durable log staging is full, retry)
ops = 159996556
errors = 88688
busy_retryable = 88688
elapsed_s = 300.000
ops_per_sec = 533321
p50_us = 191
p99_us = 847
p999_us = 6015
p9999_us = 10239
max_us = 304212
error_sample = -BUSY durable log staging is full, retry
inf-bench: 88688 error replies under load (88688 BUSY-retryable; first sample: -BUSY durable log staging is full, retry)
ops = 162466206
errors = 198367
busy_retryable = 198367
elapsed_s = 300.069
ops_per_sec = 541429
p50_us = 179
p99_us = 831
p999_us = 6015
p9999_us = 12031
max_us = 815759
error_sample = -BUSY durable log staging is full, retry
inf-bench: 198367 error replies under load (198367 BUSY-retryable; first sample: -BUSY durable log staging is full, retry)
ops = 143297031
errors = 110443
busy_retryable = 110443
elapsed_s = 300.000
ops_per_sec = 477656
p50_us = 215
p99_us = 959
p999_us = 6271
p9999_us = 12799
max_us = 842384
error_sample = -BUSY durable log staging is full, retry
inf-bench: 110443 error replies under load (110443 BUSY-retryable; first sample: -BUSY durable log staging is full, retry)
ops = 156439031
errors = 117734
busy_retryable = 117734
elapsed_s = 300.000
ops_per_sec = 521463
p50_us = 191
p99_us = 847
p999_us = 6143
p9999_us = 10751
max_us = 851843
error_sample = -BUSY durable log staging is full, retry
inf-bench: 117734 error replies under load (117734 BUSY-retryable; first sample: -BUSY durable log staging is full, retry)
ops = 154231139
errors = 169948
busy_retryable = 169948
elapsed_s = 300.000
ops_per_sec = 514103
p50_us = 195
p99_us = 863
p999_us = 5887
p9999_us = 11007
max_us = 624800
error_sample = -BUSY durable log staging is full, retry
inf-bench: 169948 error replies under load (169948 BUSY-retryable; first sample: -BUSY durable log staging is full, retry)
ops = 140513123
errors = 118564
busy_retryable = 118564
elapsed_s = 300.000
ops_per_sec = 468376
p50_us = 219
p99_us = 911
p999_us = 6655
p9999_us = 11263
max_us = 853764
error_sample = -BUSY durable log staging is full, retry
inf-bench: 118564 error replies under load (118564 BUSY-retryable; first sample: -BUSY durable log staging is full, retry)
ops = 155699898
errors = 234294
busy_retryable = 234294
elapsed_s = 300.000
ops_per_sec = 518999
p50_us = 183
p99_us = 831
p999_us = 6271
p9999_us = 14079
max_us = 842119
error_sample = -BUSY durable log staging is full, retry
inf-bench: 234294 error replies under load (234294 BUSY-retryable; first sample: -BUSY durable log staging is full, retry)
ops = 134165606
errors = 214264
busy_retryable = 214264
elapsed_s = 300.000
ops_per_sec = 447218
p50_us = 215
p99_us = 927
p999_us = 6399
p9999_us = 54271
max_us = 1071770
error_sample = -BUSY durable log staging is full, retry
inf-bench: 214264 error replies under load (214264 BUSY-retryable; first sample: -BUSY durable log staging is full, retry)
ops = 143925000
errors = 114371
busy_retryable = 114371
elapsed_s = 300.003
ops_per_sec = 479745
p50_us = 199
p99_us = 847
p999_us = 6655
p9999_us = 16383
max_us = 1010034
error_sample = -BUSY durable log staging is full, retry
inf-bench: 114371 error replies under load (114371 BUSY-retryable; first sample: -BUSY durable log staging is full, retry)
ops = 150094554
errors = 226082
busy_retryable = 226082
elapsed_s = 300.000
ops_per_sec = 500314
p50_us = 191
p99_us = 847
p999_us = 6143
p9999_us = 16127
max_us = 1076233
error_sample = -BUSY durable log staging is full, retry
inf-bench: 226082 error replies under load (226082 BUSY-retryable; first sample: -BUSY durable log staging is full, retry)
ops = 151335192
errors = 125426
busy_retryable = 125426
elapsed_s = 300.000
ops_per_sec = 504450
p50_us = 191
p99_us = 863
p999_us = 6271
p9999_us = 12543
max_us = 851584
error_sample = -BUSY durable log staging is full, retry
inf-bench: 125426 error replies under load (125426 BUSY-retryable; first sample: -BUSY durable log staging is full, retry)
ops = 152713318
errors = 198513
busy_retryable = 198513
elapsed_s = 300.001
ops_per_sec = 509042
p50_us = 187
p99_us = 815
p999_us = 6271
p9999_us = 15871
max_us = 937983
error_sample = -BUSY durable log staging is full, retry
inf-bench: 198513 error replies under load (198513 BUSY-retryable; first sample: -BUSY durable log staging is full, retry)
ops = 157655529
errors = 110257
busy_retryable = 110257
elapsed_s = 300.000
ops_per_sec = 525518
p50_us = 183
p99_us = 815
p999_us = 6143
p9999_us = 14591
max_us = 983330
error_sample = -BUSY durable log staging is full, retry
inf-bench: 110257 error replies under load (110257 BUSY-retryable; first sample: -BUSY durable log staging is full, retry)
ops = 140078704
errors = 224300
busy_retryable = 224300
elapsed_s = 300.000
ops_per_sec = 466928
p50_us = 211
p99_us = 927
p999_us = 6399
p9999_us = 14079
max_us = 950781
error_sample = -BUSY durable log staging is full, retry
inf-bench: 224300 error replies under load (224300 BUSY-retryable; first sample: -BUSY durable log staging is full, retry)
ops = 159611719
errors = 217299
busy_retryable = 217299
elapsed_s = 300.000
ops_per_sec = 532038
p50_us = 187
p99_us = 847
p999_us = 6143
p9999_us = 11263
max_us = 444689
error_sample = -BUSY durable log staging is full, retry
inf-bench: 217299 error replies under load (217299 BUSY-retryable; first sample: -BUSY durable log staging is full, retry)
ops = 148308731
errors = 133874
busy_retryable = 133874
elapsed_s = 300.006
ops_per_sec = 494353
p50_us = 219
p99_us = 943
p999_us = 6783
p9999_us = 12287
max_us = 358693
error_sample = -BUSY durable log staging is full, retry
inf-bench: 133874 error replies under load (133874 BUSY-retryable; first sample: -BUSY durable log staging is full, retry)
ops = 155980881
errors = 133204
busy_retryable = 133204
elapsed_s = 300.001
ops_per_sec = 519934
p50_us = 195
p99_us = 879
p999_us = 6143
p9999_us = 11263
max_us = 345643
error_sample = -BUSY durable log staging is full, retry
inf-bench: 133204 error replies under load (133204 BUSY-retryable; first sample: -BUSY durable log staging is full, retry)
ops = 139597341
errors = 111521
busy_retryable = 111521
elapsed_s = 300.000
ops_per_sec = 465324
p50_us = 207
p99_us = 927
p999_us = 6783
p9999_us = 14591
max_us = 1041617
error_sample = -BUSY durable log staging is full, retry
inf-bench: 111521 error replies under load (111521 BUSY-retryable; first sample: -BUSY durable log staging is full, retry)
ops = 148828754
errors = 165544
busy_retryable = 165544
elapsed_s = 300.000
ops_per_sec = 496095
p50_us = 203
p99_us = 911
p999_us = 6399
p9999_us = 11775
max_us = 680689
error_sample = -BUSY durable log staging is full, retry
inf-bench: 165544 error replies under load (165544 BUSY-retryable; first sample: -BUSY durable log staging is full, retry)
ops = 161390157
errors = 140451
busy_retryable = 140451
elapsed_s = 300.000
ops_per_sec = 537967
p50_us = 187
p99_us = 863
p999_us = 6143
p9999_us = 11007
max_us = 404061
error_sample = -BUSY durable log staging is full, retry
inf-bench: 140451 error replies under load (140451 BUSY-retryable; first sample: -BUSY durable log staging is full, retry)
ops = 159800809
errors = 71769
busy_retryable = 71769
elapsed_s = 300.000
ops_per_sec = 532669
p50_us = 187
p99_us = 847
p999_us = 6143
p9999_us = 11007
max_us = 512776
error_sample = -BUSY durable log staging is full, retry
inf-bench: 71769 error replies under load (71769 BUSY-retryable; first sample: -BUSY durable log staging is full, retry)
ops = 156842317
errors = 262910
busy_retryable = 262910
elapsed_s = 300.001
ops_per_sec = 522806
p50_us = 187
p99_us = 847
p999_us = 6271
p9999_us = 12287
max_us = 719725
error_sample = -BUSY durable log staging is full, retry
inf-bench: 262910 error replies under load (262910 BUSY-retryable; first sample: -BUSY durable log staging is full, retry)
ops = 154465116
errors = 124413
busy_retryable = 124413
elapsed_s = 300.000
ops_per_sec = 514883
p50_us = 195
p99_us = 863
p999_us = 6399
p9999_us = 11519
max_us = 593124
error_sample = -BUSY durable log staging is full, retry
inf-bench: 124413 error replies under load (124413 BUSY-retryable; first sample: -BUSY durable log staging is full, retry)
ops = 150864114
errors = 106358
busy_retryable = 106358
elapsed_s = 300.000
ops_per_sec = 502880
p50_us = 195
p99_us = 879
p999_us = 6527
p9999_us = 12031
max_us = 694180
error_sample = -BUSY durable log staging is full, retry
inf-bench: 106358 error replies under load (106358 BUSY-retryable; first sample: -BUSY durable log staging is full, retry)
ops = 154283425
errors = 138740
busy_retryable = 138740
elapsed_s = 300.459
ops_per_sec = 513493
p50_us = 187
p99_us = 847
p999_us = 6143
p9999_us = 12799
max_us = 1095943
error_sample = -BUSY durable log staging is full, retry
inf-bench: 138740 error replies under load (138740 BUSY-retryable; first sample: -BUSY durable log staging is full, retry)
ops = 152732601
errors = 94688
busy_retryable = 94688
elapsed_s = 300.000
ops_per_sec = 509108
p50_us = 195
p99_us = 879
p999_us = 6399
p9999_us = 12287
max_us = 1138160
error_sample = -BUSY durable log staging is full, retry
inf-bench: 94688 error replies under load (94688 BUSY-retryable; first sample: -BUSY durable log staging is full, retry)
ops = 160624669
errors = 76268
busy_retryable = 76268
elapsed_s = 300.001
ops_per_sec = 535413
p50_us = 183
p99_us = 847
p999_us = 6143
p9999_us = 11007
max_us = 1014704
error_sample = -BUSY durable log staging is full, retry
inf-bench: 76268 error replies under load (76268 BUSY-retryable; first sample: -BUSY durable log staging is full, retry)
ops = 157149182
errors = 283600
busy_retryable = 283600
elapsed_s = 300.000
ops_per_sec = 523830
p50_us = 183
p99_us = 863
p999_us = 6271
p9999_us = 14335
max_us = 778453
error_sample = -BUSY durable log staging is full, retry
inf-bench: 283600 error replies under load (283600 BUSY-retryable; first sample: -BUSY durable log staging is full, retry)
ops = 160015124
errors = 108555
busy_retryable = 108555
elapsed_s = 300.000
ops_per_sec = 533383
p50_us = 187
p99_us = 831
p999_us = 6271
p9999_us = 10751
max_us = 492408
error_sample = -BUSY durable log staging is full, retry
inf-bench: 108555 error replies under load (108555 BUSY-retryable; first sample: -BUSY durable log staging is full, retry)
ops = 160774283
errors = 100406
busy_retryable = 100406
elapsed_s = 300.010
ops_per_sec = 535897
p50_us = 187
p99_us = 847
p999_us = 6399
p9999_us = 11775
max_us = 426074
error_sample = -BUSY durable log staging is full, retry
inf-bench: 100406 error replies under load (100406 BUSY-retryable; first sample: -BUSY durable log staging is full, retry)
ops = 143743579
errors = 364206
busy_retryable = 364206
elapsed_s = 300.001
ops_per_sec = 479144
p50_us = 191
p99_us = 879
p999_us = 6527
p9999_us = 45055
max_us = 897361
error_sample = -BUSY durable log staging is full, retry
inf-bench: 364206 error replies under load (364206 BUSY-retryable; first sample: -BUSY durable log staging is full, retry)
ops = 155083958
errors = 104617
busy_retryable = 104617
elapsed_s = 300.000
ops_per_sec = 516946
p50_us = 187
p99_us = 847
p999_us = 6527
p9999_us = 14591
max_us = 545633
error_sample = -BUSY durable log staging is full, retry
inf-bench: 104617 error replies under load (104617 BUSY-retryable; first sample: -BUSY durable log staging is full, retry)
ops = 146018148
errors = 131836
busy_retryable = 131836
elapsed_s = 300.001
ops_per_sec = 486726
p50_us = 211
p99_us = 959
p999_us = 6399
p9999_us = 11775
max_us = 533985
error_sample = -BUSY durable log staging is full, retry
inf-bench: 131836 error replies under load (131836 BUSY-retryable; first sample: -BUSY durable log staging is full, retry)
ops = 138047671
errors = 219379
busy_retryable = 219379
elapsed_s = 300.000
ops_per_sec = 460158
p50_us = 199
p99_us = 911
p999_us = 6399
p9999_us = 19455
max_us = 1424467
error_sample = -BUSY durable log staging is full, retry
inf-bench: 219379 error replies under load (219379 BUSY-retryable; first sample: -BUSY durable log staging is full, retry)
ops = 160000852
errors = 229961
busy_retryable = 229961
elapsed_s = 300.000
ops_per_sec = 533335
p50_us = 183
p99_us = 831
p999_us = 6271
p9999_us = 14335
max_us = 617766
error_sample = -BUSY durable log staging is full, retry
inf-bench: 229961 error replies under load (229961 BUSY-retryable; first sample: -BUSY durable log staging is full, retry)
ops = 167579716
errors = 27636
busy_retryable = 27636
elapsed_s = 300.001
ops_per_sec = 558598
p50_us = 183
p99_us = 847
p999_us = 6143
p9999_us = 10495
max_us = 366058
error_sample = -BUSY durable log staging is full, retry
inf-bench: 27636 error replies under load (27636 BUSY-retryable; first sample: -BUSY durable log staging is full, retry)
ops = 158752723
errors = 128778
busy_retryable = 128778
elapsed_s = 300.000
ops_per_sec = 529175
p50_us = 187
p99_us = 847
p999_us = 6271
p9999_us = 12287
max_us = 650850
error_sample = -BUSY durable log staging is full, retry
inf-bench: 128778 error replies under load (128778 BUSY-retryable; first sample: -BUSY durable log staging is full, retry)
ops = 156477673
errors = 337222
busy_retryable = 337222
elapsed_s = 300.000
ops_per_sec = 521591
p50_us = 179
p99_us = 879
p999_us = 6271
p9999_us = 15615
max_us = 858635
error_sample = -BUSY durable log staging is full, retry
inf-bench: 337222 error replies under load (337222 BUSY-retryable; first sample: -BUSY durable log staging is full, retry)
ops = 157677794
errors = 42338
busy_retryable = 42338
elapsed_s = 300.000
ops_per_sec = 525592
p50_us = 191
p99_us = 895
p999_us = 6143
p9999_us = 11263
max_us = 427151
error_sample = -BUSY durable log staging is full, retry
inf-bench: 42338 error replies under load (42338 BUSY-retryable; first sample: -BUSY durable log staging is full, retry)
ops = 157802778
errors = 189375
busy_retryable = 189375
elapsed_s = 300.006
ops_per_sec = 525999
p50_us = 191
p99_us = 847
p999_us = 6399
p9999_us = 11519
max_us = 512849
error_sample = -BUSY durable log staging is full, retry
inf-bench: 189375 error replies under load (189375 BUSY-retryable; first sample: -BUSY durable log staging is full, retry)
ops = 148991226
errors = 110289
busy_retryable = 110289
elapsed_s = 300.000
ops_per_sec = 496637
p50_us = 203
p99_us = 895
p999_us = 6271
p9999_us = 12287
max_us = 593571
error_sample = -BUSY durable log staging is full, retry
inf-bench: 110289 error replies under load (110289 BUSY-retryable; first sample: -BUSY durable log staging is full, retry)
ops = 157996582
errors = 93070
busy_retryable = 93070
elapsed_s = 300.001
ops_per_sec = 526653
p50_us = 191
p99_us = 847
p999_us = 6271
p9999_us = 11519
max_us = 559872
error_sample = -BUSY durable log staging is full, retry
inf-bench: 93070 error replies under load (93070 BUSY-retryable; first sample: -BUSY durable log staging is full, retry)
ops = 151350260
errors = 180945
busy_retryable = 180945
elapsed_s = 300.000
ops_per_sec = 504500
p50_us = 195
p99_us = 863
p999_us = 6655
p9999_us = 16127
max_us = 979467
error_sample = -BUSY durable log staging is full, retry
inf-bench: 180945 error replies under load (180945 BUSY-retryable; first sample: -BUSY durable log staging is full, retry)
ops = 158097453
errors = 88888
busy_retryable = 88888
elapsed_s = 300.001
ops_per_sec = 526991
p50_us = 187
p99_us = 911
p999_us = 6143
p9999_us = 12287
max_us = 525646
error_sample = -BUSY durable log staging is full, retry
inf-bench: 88888 error replies under load (88888 BUSY-retryable; first sample: -BUSY durable log staging is full, retry)
ops = 150249405
errors = 170003
busy_retryable = 170003
elapsed_s = 300.001
ops_per_sec = 500830
p50_us = 191
p99_us = 943
p999_us = 6655
p9999_us = 15359
max_us = 1005647
error_sample = -BUSY durable log staging is full, retry
inf-bench: 170003 error replies under load (170003 BUSY-retryable; first sample: -BUSY durable log staging is full, retry)
ops = 149082743
errors = 157331
busy_retryable = 157331
elapsed_s = 300.006
ops_per_sec = 496933
p50_us = 203
p99_us = 911
p999_us = 6655
p9999_us = 12799
max_us = 915994
error_sample = -BUSY durable log staging is full, retry
inf-bench: 157331 error replies under load (157331 BUSY-retryable; first sample: -BUSY durable log staging is full, retry)
ops = 153058494
errors = 75438
busy_retryable = 75438
elapsed_s = 300.000
ops_per_sec = 510194
p50_us = 191
p99_us = 863
p999_us = 6399
p9999_us = 12799
max_us = 933522
error_sample = -BUSY durable log staging is full, retry
inf-bench: 75438 error replies under load (75438 BUSY-retryable; first sample: -BUSY durable log staging is full, retry)
ops = 147313710
errors = 144272
busy_retryable = 144272
elapsed_s = 300.005
ops_per_sec = 491037
p50_us = 207
p99_us = 991
p999_us = 6399
p9999_us = 11775
max_us = 466074
error_sample = -BUSY durable log staging is full, retry
inf-bench: 144272 error replies under load (144272 BUSY-retryable; first sample: -BUSY durable log staging is full, retry)
ops = 161003313
errors = 35249
busy_retryable = 35249
elapsed_s = 300.000
ops_per_sec = 536677
p50_us = 187
p99_us = 847
p999_us = 6271
p9999_us = 11263
max_us = 471033
error_sample = -BUSY durable log staging is full, retry
inf-bench: 35249 error replies under load (35249 BUSY-retryable; first sample: -BUSY durable log staging is full, retry)
ops = 161115754
errors = 173824
busy_retryable = 173824
elapsed_s = 300.001
ops_per_sec = 537051
p50_us = 183
p99_us = 847
p999_us = 6271
p9999_us = 12031
max_us = 404222
error_sample = -BUSY durable log staging is full, retry
inf-bench: 173824 error replies under load (173824 BUSY-retryable; first sample: -BUSY durable log staging is full, retry)
ops = 144998542
errors = 197889
busy_retryable = 197889
elapsed_s = 300.000
ops_per_sec = 483328
p50_us = 203
p99_us = 911
p999_us = 6527
p9999_us = 17407
max_us = 1111507
error_sample = -BUSY durable log staging is full, retry
inf-bench: 197889 error replies under load (197889 BUSY-retryable; first sample: -BUSY durable log staging is full, retry)
ops = 153816287
errors = 172111
busy_retryable = 172111
elapsed_s = 300.000
ops_per_sec = 512720
p50_us = 195
p99_us = 927
p999_us = 6655
p9999_us = 13311
max_us = 694991
error_sample = -BUSY durable log staging is full, retry
inf-bench: 172111 error replies under load (172111 BUSY-retryable; first sample: -BUSY durable log staging is full, retry)
ops = 150592282
errors = 111904
busy_retryable = 111904
elapsed_s = 300.000
ops_per_sec = 501974
p50_us = 199
p99_us = 911
p999_us = 6399
p9999_us = 12543
max_us = 685678
error_sample = -BUSY durable log staging is full, retry
inf-bench: 111904 error replies under load (111904 BUSY-retryable; first sample: -BUSY durable log staging is full, retry)
ops = 157534765
errors = 157311
busy_retryable = 157311
elapsed_s = 300.000
ops_per_sec = 525115
p50_us = 187
p99_us = 863
p999_us = 6399
p9999_us = 12799
max_us = 1093522
error_sample = -BUSY durable log staging is full, retry
inf-bench: 157311 error replies under load (157311 BUSY-retryable; first sample: -BUSY durable log staging is full, retry)
ops = 146118532
errors = 145981
busy_retryable = 145981
elapsed_s = 300.000
ops_per_sec = 487061
p50_us = 207
p99_us = 943
p999_us = 6783
p9999_us = 13055
max_us = 521350
error_sample = -BUSY durable log staging is full, retry
inf-bench: 145981 error replies under load (145981 BUSY-retryable; first sample: -BUSY durable log staging is full, retry)
ops = 155389166
errors = 86899
busy_retryable = 86899
elapsed_s = 300.081
ops_per_sec = 517823
p50_us = 199
p99_us = 895
p999_us = 6399
p9999_us = 11263
max_us = 516156
error_sample = -BUSY durable log staging is full, retry
inf-bench: 86899 error replies under load (86899 BUSY-retryable; first sample: -BUSY durable log staging is full, retry)
ops = 146171790
errors = 114938
busy_retryable = 114938
elapsed_s = 300.000
ops_per_sec = 487239
p50_us = 203
p99_us = 927
p999_us = 6783
p9999_us = 16895
max_us = 667126
error_sample = -BUSY durable log staging is full, retry
inf-bench: 114938 error replies under load (114938 BUSY-retryable; first sample: -BUSY durable log staging is full, retry)
ops = 155897216
errors = 99229
busy_retryable = 99229
elapsed_s = 300.000
ops_per_sec = 519657
p50_us = 191
p99_us = 895
p999_us = 6527
p9999_us = 13567
max_us = 476392
error_sample = -BUSY durable log staging is full, retry
inf-bench: 99229 error replies under load (99229 BUSY-retryable; first sample: -BUSY durable log staging is full, retry)
ops = 157624754
errors = 27192
busy_retryable = 27192
elapsed_s = 300.042
ops_per_sec = 525343
p50_us = 195
p99_us = 911
p999_us = 6399
p9999_us = 11263
max_us = 349454
error_sample = -BUSY durable log staging is full, retry
inf-bench: 27192 error replies under load (27192 BUSY-retryable; first sample: -BUSY durable log staging is full, retry)
ops = 151881653
errors = 62207
busy_retryable = 62207
elapsed_s = 300.000
ops_per_sec = 506272
p50_us = 199
p99_us = 895
p999_us = 6655
p9999_us = 12287
max_us = 526015
error_sample = -BUSY durable log staging is full, retry
inf-bench: 62207 error replies under load (62207 BUSY-retryable; first sample: -BUSY durable log staging is full, retry)
ops = 148536475
errors = 179581
busy_retryable = 179581
elapsed_s = 300.000
ops_per_sec = 495121
p50_us = 199
p99_us = 831
p999_us = 6271
p9999_us = 10751
max_us = 1006108
error_sample = -BUSY durable log staging is full, retry
inf-bench: 179581 error replies under load (179581 BUSY-retryable; first sample: -BUSY durable log staging is full, retry)
ops = 151390204
errors = 215533
busy_retryable = 215533
elapsed_s = 300.000
ops_per_sec = 504634
p50_us = 199
p99_us = 831
p999_us = 6271
p9999_us = 10751
max_us = 746755
error_sample = -BUSY durable log staging is full, retry
inf-bench: 215533 error replies under load (215533 BUSY-retryable; first sample: -BUSY durable log staging is full, retry)
ops = 164541397
errors = 94214
busy_retryable = 94214
elapsed_s = 300.000
ops_per_sec = 548471
p50_us = 179
p99_us = 815
p999_us = 6143
p9999_us = 9983
max_us = 546242
error_sample = -BUSY durable log staging is full, retry
inf-bench: 94214 error replies under load (94214 BUSY-retryable; first sample: -BUSY durable log staging is full, retry)
ops = 153158864
errors = 278211
busy_retryable = 278211
elapsed_s = 300.000
ops_per_sec = 510529
p50_us = 195
p99_us = 831
p999_us = 6527
p9999_us = 11519
max_us = 618812
error_sample = -BUSY durable log staging is full, retry
inf-bench: 278211 error replies under load (278211 BUSY-retryable; first sample: -BUSY durable log staging is full, retry)
ops = 162018955
errors = 76150
busy_retryable = 76150
elapsed_s = 300.000
ops_per_sec = 540063
p50_us = 187
p99_us = 815
p999_us = 6015
p9999_us = 9727
max_us = 546118
error_sample = -BUSY durable log staging is full, retry
inf-bench: 76150 error replies under load (76150 BUSY-retryable; first sample: -BUSY durable log staging is full, retry)
ops = 143596254
errors = 134710
busy_retryable = 134710
elapsed_s = 300.000
ops_per_sec = 478654
p50_us = 223
p99_us = 911
p999_us = 6783
p9999_us = 10751
max_us = 556208
error_sample = -BUSY durable log staging is full, retry
inf-bench: 134710 error replies under load (134710 BUSY-retryable; first sample: -BUSY durable log staging is full, retry)
ops = 159701558
errors = 70156
busy_retryable = 70156
elapsed_s = 300.001
ops_per_sec = 532338
p50_us = 191
p99_us = 831
p999_us = 6143
p9999_us = 9727
max_us = 983499
error_sample = -BUSY durable log staging is full, retry
inf-bench: 70156 error replies under load (70156 BUSY-retryable; first sample: -BUSY durable log staging is full, retry)
ops = 160549678
errors = 132605
busy_retryable = 132605
elapsed_s = 300.184
ops_per_sec = 534838
p50_us = 187
p99_us = 815
p999_us = 6143
p9999_us = 10495
max_us = 519247
error_sample = -BUSY durable log staging is full, retry
inf-bench: 132605 error replies under load (132605 BUSY-retryable; first sample: -BUSY durable log staging is full, retry)
ops = 151725541
errors = 126828
busy_retryable = 126828
elapsed_s = 300.000
ops_per_sec = 505751
p50_us = 199
p99_us = 847
p999_us = 6527
p9999_us = 11007
max_us = 615536
error_sample = -BUSY durable log staging is full, retry
inf-bench: 126828 error replies under load (126828 BUSY-retryable; first sample: -BUSY durable log staging is full, retry)
ops = 145939402
errors = 169242
busy_retryable = 169242
elapsed_s = 300.002
ops_per_sec = 486462
p50_us = 215
p99_us = 879
p999_us = 6271
p9999_us = 10239
max_us = 547292
error_sample = -BUSY durable log staging is full, retry
inf-bench: 169242 error replies under load (169242 BUSY-retryable; first sample: -BUSY durable log staging is full, retry)
ops = 152096048
errors = 84547
busy_retryable = 84547
elapsed_s = 300.000
ops_per_sec = 506986
p50_us = 207
p99_us = 879
p999_us = 6143
p9999_us = 10239
max_us = 344036
error_sample = -BUSY durable log staging is full, retry
inf-bench: 84547 error replies under load (84547 BUSY-retryable; first sample: -BUSY durable log staging is full, retry)
ops = 163150311
errors = 98912
busy_retryable = 98912
elapsed_s = 300.002
ops_per_sec = 543830
p50_us = 183
p99_us = 799
p999_us = 6143
p9999_us = 10239
max_us = 465513
error_sample = -BUSY durable log staging is full, retry
inf-bench: 98912 error replies under load (98912 BUSY-retryable; first sample: -BUSY durable log staging is full, retry)
ops = 150581893
errors = 226804
busy_retryable = 226804
elapsed_s = 300.001
ops_per_sec = 501938
p50_us = 195
p99_us = 831
p999_us = 6399
p9999_us = 11519
max_us = 855933
error_sample = -BUSY durable log staging is full, retry
inf-bench: 226804 error replies under load (226804 BUSY-retryable; first sample: -BUSY durable log staging is full, retry)
ops = 155187733
errors = 102543
busy_retryable = 102543
elapsed_s = 300.000
ops_per_sec = 517292
p50_us = 195
p99_us = 879
p999_us = 6015
p9999_us = 10239
max_us = 383932
error_sample = -BUSY durable log staging is full, retry
inf-bench: 102543 error replies under load (102543 BUSY-retryable; first sample: -BUSY durable log staging is full, retry)
ops = 151457758
errors = 89988
busy_retryable = 89988
elapsed_s = 300.000
ops_per_sec = 504859
p50_us = 203
p99_us = 879
p999_us = 6143
p9999_us = 9727
max_us = 484157
error_sample = -BUSY durable log staging is full, retry
inf-bench: 89988 error replies under load (89988 BUSY-retryable; first sample: -BUSY durable log staging is full, retry)
ops = 153410819
errors = 122096
busy_retryable = 122096
elapsed_s = 300.000
ops_per_sec = 511369
p50_us = 199
p99_us = 831
p999_us = 6143
p9999_us = 10495
max_us = 565548
error_sample = -BUSY durable log staging is full, retry
inf-bench: 122096 error replies under load (122096 BUSY-retryable; first sample: -BUSY durable log staging is full, retry)
ops = 146561349
errors = 40401
busy_retryable = 40401
elapsed_s = 300.001
ops_per_sec = 488537
p50_us = 215
p99_us = 879
p999_us = 6271
p9999_us = 10239
max_us = 593762
error_sample = -BUSY durable log staging is full, retry
inf-bench: 40401 error replies under load (40401 BUSY-retryable; first sample: -BUSY durable log staging is full, retry)
ops = 157854793
errors = 95451
busy_retryable = 95451
elapsed_s = 300.001
ops_per_sec = 526181
p50_us = 195
p99_us = 831
p999_us = 6143
p9999_us = 9983
max_us = 357390
error_sample = -BUSY durable log staging is full, retry
inf-bench: 95451 error replies under load (95451 BUSY-retryable; first sample: -BUSY durable log staging is full, retry)
ops = 161007555
errors = 68717
busy_retryable = 68717
elapsed_s = 300.002
ops_per_sec = 536689
p50_us = 187
p99_us = 799
p999_us = 6015
p9999_us = 9983
max_us = 449302
error_sample = -BUSY durable log staging is full, retry
inf-bench: 68717 error replies under load (68717 BUSY-retryable; first sample: -BUSY durable log staging is full, retry)
ops = 158835973
errors = 206700
busy_retryable = 206700
elapsed_s = 300.000
ops_per_sec = 529453
p50_us = 187
p99_us = 815
p999_us = 6143
p9999_us = 11263
max_us = 458044
error_sample = -BUSY durable log staging is full, retry
inf-bench: 206700 error replies under load (206700 BUSY-retryable; first sample: -BUSY durable log staging is full, retry)
ops = 155977093
errors = 221985
busy_retryable = 221985
elapsed_s = 300.000
ops_per_sec = 519923
p50_us = 191
p99_us = 831
p999_us = 6015
p9999_us = 10239
max_us = 436969
error_sample = -BUSY durable log staging is full, retry
inf-bench: 221985 error replies under load (221985 BUSY-retryable; first sample: -BUSY durable log staging is full, retry)
ops = 168801318
errors = 67986
busy_retryable = 67986
elapsed_s = 300.001
ops_per_sec = 562670
p50_us = 179
p99_us = 783
p999_us = 5887
p9999_us = 9727
max_us = 703608
error_sample = -BUSY durable log staging is full, retry
inf-bench: 67986 error replies under load (67986 BUSY-retryable; first sample: -BUSY durable log staging is full, retry)
ops = 161433483
errors = 136526
busy_retryable = 136526
elapsed_s = 300.000
ops_per_sec = 538111
p50_us = 187
p99_us = 831
p999_us = 5887
p9999_us = 9471
max_us = 523067
error_sample = -BUSY durable log staging is full, retry
inf-bench: 136526 error replies under load (136526 BUSY-retryable; first sample: -BUSY durable log staging is full, retry)
ops = 165333018
errors = 71295
busy_retryable = 71295
elapsed_s = 300.000
ops_per_sec = 551109
p50_us = 183
p99_us = 815
p999_us = 6015
p9999_us = 9727
max_us = 442730
error_sample = -BUSY durable log staging is full, retry
inf-bench: 71295 error replies under load (71295 BUSY-retryable; first sample: -BUSY durable log staging is full, retry)
ops = 165359743
errors = 159947
busy_retryable = 159947
elapsed_s = 300.004
ops_per_sec = 551191
p50_us = 179
p99_us = 799
p999_us = 6015
p9999_us = 9983
max_us = 431279
error_sample = -BUSY durable log staging is full, retry
inf-bench: 159947 error replies under load (159947 BUSY-retryable; first sample: -BUSY durable log staging is full, retry)
ops = 160969076
errors = 219402
busy_retryable = 219402
elapsed_s = 300.008
ops_per_sec = 536549
p50_us = 187
p99_us = 815
p999_us = 6143
p9999_us = 10751
max_us = 649112
error_sample = -BUSY durable log staging is full, retry
inf-bench: 219402 error replies under load (219402 BUSY-retryable; first sample: -BUSY durable log staging is full, retry)
ops = 152229699
errors = 48201
busy_retryable = 48201
elapsed_s = 300.001
ops_per_sec = 507431
p50_us = 203
p99_us = 879
p999_us = 6143
p9999_us = 9727
max_us = 433892
error_sample = -BUSY durable log staging is full, retry
inf-bench: 48201 error replies under load (48201 BUSY-retryable; first sample: -BUSY durable log staging is full, retry)
ops = 155061335
errors = 63180
busy_retryable = 63180
elapsed_s = 300.000
ops_per_sec = 516870
p50_us = 199
p99_us = 847
p999_us = 6143
p9999_us = 10239
max_us = 546987
error_sample = -BUSY durable log staging is full, retry
inf-bench: 63180 error replies under load (63180 BUSY-retryable; first sample: -BUSY durable log staging is full, retry)
ops = 159967867
errors = 134984
busy_retryable = 134984
elapsed_s = 300.000
ops_per_sec = 533226
p50_us = 191
p99_us = 831
p999_us = 6143
p9999_us = 9983
max_us = 551248
error_sample = -BUSY durable log staging is full, retry
inf-bench: 134984 error replies under load (134984 BUSY-retryable; first sample: -BUSY durable log staging is full, retry)
ops = 163937783
errors = 136652
busy_retryable = 136652
elapsed_s = 300.000
ops_per_sec = 546459
p50_us = 183
p99_us = 783
p999_us = 5887
p9999_us = 9983
max_us = 677950
error_sample = -BUSY durable log staging is full, retry
inf-bench: 136652 error replies under load (136652 BUSY-retryable; first sample: -BUSY durable log staging is full, retry)
ops = 163137863
errors = 41313
busy_retryable = 41313
elapsed_s = 300.002
ops_per_sec = 543789
p50_us = 195
p99_us = 831
p999_us = 6143
p9999_us = 9727
max_us = 159257
error_sample = -BUSY durable log staging is full, retry
inf-bench: 41313 error replies under load (41313 BUSY-retryable; first sample: -BUSY durable log staging is full, retry)
ops = 166710312
errors = 64076
busy_retryable = 64076
elapsed_s = 300.000
ops_per_sec = 555700
p50_us = 179
p99_us = 783
p999_us = 5887
p9999_us = 9983
max_us = 482941
error_sample = -BUSY durable log staging is full, retry
inf-bench: 64076 error replies under load (64076 BUSY-retryable; first sample: -BUSY durable log staging is full, retry)
ops = 161400219
errors = 130257
busy_retryable = 130257
elapsed_s = 300.000
ops_per_sec = 538000
p50_us = 183
p99_us = 815
p999_us = 6143
p9999_us = 10495
max_us = 556559
error_sample = -BUSY durable log staging is full, retry
inf-bench: 130257 error replies under load (130257 BUSY-retryable; first sample: -BUSY durable log staging is full, retry)
ops = 163131416
errors = 130458
busy_retryable = 130458
elapsed_s = 300.000
ops_per_sec = 543771
p50_us = 187
p99_us = 815
p999_us = 6143
p9999_us = 10239
max_us = 541745
error_sample = -BUSY durable log staging is full, retry
inf-bench: 130458 error replies under load (130458 BUSY-retryable; first sample: -BUSY durable log staging is full, retry)
ops = 161739774
errors = 52636
busy_retryable = 52636
elapsed_s = 300.000
ops_per_sec = 539132
p50_us = 187
p99_us = 799
p999_us = 6143
p9999_us = 9727
max_us = 557286
error_sample = -BUSY durable log staging is full, retry
inf-bench: 52636 error replies under load (52636 BUSY-retryable; first sample: -BUSY durable log staging is full, retry)
ops = 161145298
errors = 182027
busy_retryable = 182027
elapsed_s = 300.000
ops_per_sec = 537150
p50_us = 187
p99_us = 799
p999_us = 6143
p9999_us = 10495
max_us = 516834
error_sample = -BUSY durable log staging is full, retry
inf-bench: 182027 error replies under load (182027 BUSY-retryable; first sample: -BUSY durable log staging is full, retry)
ops = 151099566
errors = 101161
busy_retryable = 101161
elapsed_s = 300.001
ops_per_sec = 503664
p50_us = 199
p99_us = 863
p999_us = 6271
p9999_us = 10239
max_us = 497253
error_sample = -BUSY durable log staging is full, retry
inf-bench: 101161 error replies under load (101161 BUSY-retryable; first sample: -BUSY durable log staging is full, retry)
ops = 148087904
errors = 194030
busy_retryable = 194030
elapsed_s = 300.000
ops_per_sec = 493626
p50_us = 203
p99_us = 863
p999_us = 6143
p9999_us = 10495
max_us = 533060
error_sample = -BUSY durable log staging is full, retry
inf-bench: 194030 error replies under load (194030 BUSY-retryable; first sample: -BUSY durable log staging is full, retry)
ops = 155786293
errors = 141005
busy_retryable = 141005
elapsed_s = 300.000
ops_per_sec = 519287
p50_us = 195
p99_us = 847
p999_us = 6143
p9999_us = 10239
max_us = 605518
error_sample = -BUSY durable log staging is full, retry
inf-bench: 141005 error replies under load (141005 BUSY-retryable; first sample: -BUSY durable log staging is full, retry)
ops = 162280934
errors = 121866
busy_retryable = 121866
elapsed_s = 300.000
ops_per_sec = 540936
p50_us = 183
p99_us = 799
p999_us = 6143
p9999_us = 10239
max_us = 777557
error_sample = -BUSY durable log staging is full, retry
inf-bench: 121866 error replies under load (121866 BUSY-retryable; first sample: -BUSY durable log staging is full, retry)
ops = 160899674
errors = 208612
busy_retryable = 208612
elapsed_s = 300.000
ops_per_sec = 536331
p50_us = 183
p99_us = 815
p999_us = 6015
p9999_us = 10495
max_us = 556889
error_sample = -BUSY durable log staging is full, retry
inf-bench: 208612 error replies under load (208612 BUSY-retryable; first sample: -BUSY durable log staging is full, retry)
ops = 154613429
errors = 101462
busy_retryable = 101462
elapsed_s = 300.069
ops_per_sec = 515259
p50_us = 203
p99_us = 847
p999_us = 6015
p9999_us = 9727
max_us = 402674
error_sample = -BUSY durable log staging is full, retry
inf-bench: 101462 error replies under load (101462 BUSY-retryable; first sample: -BUSY durable log staging is full, retry)
ops = 162602073
errors = 138107
busy_retryable = 138107
elapsed_s = 300.000
ops_per_sec = 542006
p50_us = 183
p99_us = 799
p999_us = 6015
p9999_us = 10239
max_us = 1075141
error_sample = -BUSY durable log staging is full, retry
inf-bench: 138107 error replies under load (138107 BUSY-retryable; first sample: -BUSY durable log staging is full, retry)
ops = 160413718
errors = 136462
busy_retryable = 136462
elapsed_s = 300.000
ops_per_sec = 534712
p50_us = 187
p99_us = 815
p999_us = 6015
p9999_us = 9983
max_us = 397251
error_sample = -BUSY durable log staging is full, retry
inf-bench: 136462 error replies under load (136462 BUSY-retryable; first sample: -BUSY durable log staging is full, retry)
ops = 166189563
errors = 134848
busy_retryable = 134848
elapsed_s = 300.000
ops_per_sec = 553965
p50_us = 179
p99_us = 799
p999_us = 5887
p9999_us = 9727
max_us = 739367
error_sample = -BUSY durable log staging is full, retry
inf-bench: 134848 error replies under load (134848 BUSY-retryable; first sample: -BUSY durable log staging is full, retry)
ops = 153496572
errors = 117097
busy_retryable = 117097
elapsed_s = 300.000
ops_per_sec = 511655
p50_us = 199
p99_us = 831
p999_us = 6399
p9999_us = 10239
max_us = 642226
error_sample = -BUSY durable log staging is full, retry
inf-bench: 117097 error replies under load (117097 BUSY-retryable; first sample: -BUSY durable log staging is full, retry)
ops = 165565936
errors = 102224
busy_retryable = 102224
elapsed_s = 300.000
ops_per_sec = 551886
p50_us = 183
p99_us = 815
p999_us = 5759
p9999_us = 9471
max_us = 507668
error_sample = -BUSY durable log staging is full, retry
inf-bench: 102224 error replies under load (102224 BUSY-retryable; first sample: -BUSY durable log staging is full, retry)
ops = 167316370
errors = 127758
busy_retryable = 127758
elapsed_s = 300.000
ops_per_sec = 557720
p50_us = 179
p99_us = 799
p999_us = 6015
p9999_us = 9727
max_us = 645274
error_sample = -BUSY durable log staging is full, retry
inf-bench: 127758 error replies under load (127758 BUSY-retryable; first sample: -BUSY durable log staging is full, retry)
ops = 167526131
errors = 56080
busy_retryable = 56080
elapsed_s = 300.000
ops_per_sec = 558420
p50_us = 183
p99_us = 799
p999_us = 5887
p9999_us = 9471
max_us = 553422
error_sample = -BUSY durable log staging is full, retry
inf-bench: 56080 error replies under load (56080 BUSY-retryable; first sample: -BUSY durable log staging is full, retry)
ops = 156917100
errors = 109589
busy_retryable = 109589
elapsed_s = 300.000
ops_per_sec = 523056
p50_us = 191
p99_us = 831
p999_us = 6143
p9999_us = 10495
max_us = 650333
error_sample = -BUSY durable log staging is full, retry
inf-bench: 109589 error replies under load (109589 BUSY-retryable; first sample: -BUSY durable log staging is full, retry)
ops = 165310360
errors = 40572
busy_retryable = 40572
elapsed_s = 300.002
ops_per_sec = 551032
p50_us = 187
p99_us = 815
p999_us = 5887
p9999_us = 9471
max_us = 470339
error_sample = -BUSY durable log staging is full, retry
inf-bench: 40572 error replies under load (40572 BUSY-retryable; first sample: -BUSY durable log staging is full, retry)
ops = 163457354
errors = 70254
busy_retryable = 70254
elapsed_s = 300.000
ops_per_sec = 544857
p50_us = 187
p99_us = 799
p999_us = 6143
p9999_us = 9983
max_us = 551025
error_sample = -BUSY durable log staging is full, retry
inf-bench: 70254 error replies under load (70254 BUSY-retryable; first sample: -BUSY durable log staging is full, retry)
ops = 156166169
errors = 84998
busy_retryable = 84998
elapsed_s = 300.000
ops_per_sec = 520553
p50_us = 191
p99_us = 831
p999_us = 6015
p9999_us = 9983
max_us = 608738
error_sample = -BUSY durable log staging is full, retry
inf-bench: 84998 error replies under load (84998 BUSY-retryable; first sample: -BUSY durable log staging is full, retry)
ops = 152410902
errors = 101528
busy_retryable = 101528
elapsed_s = 300.000
ops_per_sec = 508036
p50_us = 199
p99_us = 831
p999_us = 6527
p9999_us = 10751
max_us = 485536
error_sample = -BUSY durable log staging is full, retry
inf-bench: 101528 error replies under load (101528 BUSY-retryable; first sample: -BUSY durable log staging is full, retry)
ops = 162124505
errors = 104365
busy_retryable = 104365
elapsed_s = 300.000
ops_per_sec = 540414
p50_us = 183
p99_us = 831
p999_us = 6015
p9999_us = 10495
max_us = 452012
error_sample = -BUSY durable log staging is full, retry
inf-bench: 104365 error replies under load (104365 BUSY-retryable; first sample: -BUSY durable log staging is full, retry)
ops = 162276110
errors = 37029
busy_retryable = 37029
elapsed_s = 300.004
ops_per_sec = 540913
p50_us = 195
p99_us = 815
p999_us = 6143
p9999_us = 9727
max_us = 326115
error_sample = -BUSY durable log staging is full, retry
inf-bench: 37029 error replies under load (37029 BUSY-retryable; first sample: -BUSY durable log staging is full, retry)
ops = 159705881
errors = 95328
busy_retryable = 95328
elapsed_s = 300.000
ops_per_sec = 532352
p50_us = 187
p99_us = 815
p999_us = 6015
p9999_us = 9983
max_us = 598837
error_sample = -BUSY durable log staging is full, retry
inf-bench: 95328 error replies under load (95328 BUSY-retryable; first sample: -BUSY durable log staging is full, retry)
ops = 167142025
errors = 222189
busy_retryable = 222189
elapsed_s = 300.001
ops_per_sec = 557139
p50_us = 179
p99_us = 799
p999_us = 5887
p9999_us = 10239
max_us = 498416
error_sample = -BUSY durable log staging is full, retry
inf-bench: 222189 error replies under load (222189 BUSY-retryable; first sample: -BUSY durable log staging is full, retry)
ops = 152984404
errors = 60285
busy_retryable = 60285
elapsed_s = 300.000
ops_per_sec = 509947
p50_us = 203
p99_us = 847
p999_us = 6143
p9999_us = 9727
max_us = 596025
error_sample = -BUSY durable log staging is full, retry
inf-bench: 60285 error replies under load (60285 BUSY-retryable; first sample: -BUSY durable log staging is full, retry)
ops = 153740333
errors = 139980
busy_retryable = 139980
elapsed_s = 300.000
ops_per_sec = 512467
p50_us = 199
p99_us = 847
p999_us = 6143
p9999_us = 10495
max_us = 461364
error_sample = -BUSY durable log staging is full, retry
inf-bench: 139980 error replies under load (139980 BUSY-retryable; first sample: -BUSY durable log staging is full, retry)
ops = 161993965
errors = 52042
busy_retryable = 52042
elapsed_s = 300.000
ops_per_sec = 539979
p50_us = 191
p99_us = 799
p999_us = 6015
p9999_us = 9983
max_us = 484779
error_sample = -BUSY durable log staging is full, retry
inf-bench: 52042 error replies under load (52042 BUSY-retryable; first sample: -BUSY durable log staging is full, retry)
ops = 163105294
errors = 159942
busy_retryable = 159942
elapsed_s = 300.000
ops_per_sec = 543683
p50_us = 187
p99_us = 799
p999_us = 6015
p9999_us = 10239
max_us = 531746
error_sample = -BUSY durable log staging is full, retry
inf-bench: 159942 error replies under load (159942 BUSY-retryable; first sample: -BUSY durable log staging is full, retry)
ops = 159010870
errors = 175382
busy_retryable = 175382
elapsed_s = 300.000
ops_per_sec = 530036
p50_us = 187
p99_us = 799
p999_us = 6143
p9999_us = 10495
max_us = 496690
error_sample = -BUSY durable log staging is full, retry
inf-bench: 175382 error replies under load (175382 BUSY-retryable; first sample: -BUSY durable log staging is full, retry)
ops = 152291198
errors = 127854
busy_retryable = 127854
elapsed_s = 300.000
ops_per_sec = 507637
p50_us = 199
p99_us = 847
p999_us = 6271
p9999_us = 10239
max_us = 507494
error_sample = -BUSY durable log staging is full, retry
inf-bench: 127854 error replies under load (127854 BUSY-retryable; first sample: -BUSY durable log staging is full, retry)
ops = 153161279
errors = 76606
busy_retryable = 76606
elapsed_s = 300.001
ops_per_sec = 510536
p50_us = 203
p99_us = 847
p999_us = 6143
p9999_us = 9983
max_us = 500654
error_sample = -BUSY durable log staging is full, retry
inf-bench: 76606 error replies under load (76606 BUSY-retryable; first sample: -BUSY durable log staging is full, retry)
ops = 154986703
errors = 93340
busy_retryable = 93340
elapsed_s = 300.000
ops_per_sec = 516622
p50_us = 199
p99_us = 815
p999_us = 6271
p9999_us = 10495
max_us = 512756
error_sample = -BUSY durable log staging is full, retry
inf-bench: 93340 error replies under load (93340 BUSY-retryable; first sample: -BUSY durable log staging is full, retry)
ops = 152682978
errors = 136198
busy_retryable = 136198
elapsed_s = 300.000
ops_per_sec = 508943
p50_us = 203
p99_us = 847
p999_us = 6143
p9999_us = 9727
max_us = 468822
error_sample = -BUSY durable log staging is full, retry
inf-bench: 136198 error replies under load (136198 BUSY-retryable; first sample: -BUSY durable log staging is full, retry)
ops = 149775527
errors = 71156
busy_retryable = 71156
elapsed_s = 300.000
ops_per_sec = 499251
p50_us = 207
p99_us = 863
p999_us = 6271
p9999_us = 10495
max_us = 504598
error_sample = -BUSY durable log staging is full, retry
inf-bench: 71156 error replies under load (71156 BUSY-retryable; first sample: -BUSY durable log staging is full, retry)
ops = 140491376
errors = 49383
busy_retryable = 49383
elapsed_s = 300.000
ops_per_sec = 468304
p50_us = 227
p99_us = 927
p999_us = 6783
p9999_us = 10495
max_us = 524714
error_sample = -BUSY durable log staging is full, retry
inf-bench: 49383 error replies under load (49383 BUSY-retryable; first sample: -BUSY durable log staging is full, retry)
ops = 165244380
errors = 70721
busy_retryable = 70721
elapsed_s = 300.000
ops_per_sec = 550814
p50_us = 179
p99_us = 815
p999_us = 6015
p9999_us = 9983
max_us = 512307
error_sample = -BUSY durable log staging is full, retry
inf-bench: 70721 error replies under load (70721 BUSY-retryable; first sample: -BUSY durable log staging is full, retry)
ops = 160839132
errors = 49734
busy_retryable = 49734
elapsed_s = 300.000
ops_per_sec = 536130
p50_us = 191
p99_us = 815
p999_us = 5887
p9999_us = 9727
max_us = 1142504
error_sample = -BUSY durable log staging is full, retry
inf-bench: 49734 error replies under load (49734 BUSY-retryable; first sample: -BUSY durable log staging is full, retry)
ops = 149171477
errors = 144196
busy_retryable = 144196
elapsed_s = 300.000
ops_per_sec = 497238
p50_us = 203
p99_us = 831
p999_us = 6015
p9999_us = 11775
max_us = 540721
error_sample = -BUSY durable log staging is full, retry
inf-bench: 144196 error replies under load (144196 BUSY-retryable; first sample: -BUSY durable log staging is full, retry)
ops = 143648260
errors = 235053
busy_retryable = 235053
elapsed_s = 300.000
ops_per_sec = 478827
p50_us = 227
p99_us = 879
p999_us = 6655
p9999_us = 11263
max_us = 813364
error_sample = -BUSY durable log staging is full, retry
inf-bench: 235053 error replies under load (235053 BUSY-retryable; first sample: -BUSY durable log staging is full, retry)
ops = 153085191
errors = 85899
busy_retryable = 85899
elapsed_s = 300.000
ops_per_sec = 510283
p50_us = 199
p99_us = 847
p999_us = 6143
p9999_us = 10239
max_us = 573018
error_sample = -BUSY durable log staging is full, retry
inf-bench: 85899 error replies under load (85899 BUSY-retryable; first sample: -BUSY durable log staging is full, retry)
ops = 157212451
errors = 43928
busy_retryable = 43928
elapsed_s = 300.001
ops_per_sec = 524040
p50_us = 195
p99_us = 863
p999_us = 6143
p9999_us = 9727
max_us = 453490
error_sample = -BUSY durable log staging is full, retry
inf-bench: 43928 error replies under load (43928 BUSY-retryable; first sample: -BUSY durable log staging is full, retry)
ops = 152071209
errors = 108210
busy_retryable = 108210
elapsed_s = 300.001
ops_per_sec = 506903
p50_us = 203
p99_us = 879
p999_us = 6015
p9999_us = 9727
max_us = 379117
error_sample = -BUSY durable log staging is full, retry
inf-bench: 108210 error replies under load (108210 BUSY-retryable; first sample: -BUSY durable log staging is full, retry)
ops = 162754704
errors = 118058
busy_retryable = 118058
elapsed_s = 300.000
ops_per_sec = 542515
p50_us = 183
p99_us = 799
p999_us = 5887
p9999_us = 9727
max_us = 469397
error_sample = -BUSY durable log staging is full, retry
inf-bench: 118058 error replies under load (118058 BUSY-retryable; first sample: -BUSY durable log staging is full, retry)
ops = 160332935
errors = 191953
busy_retryable = 191953
elapsed_s = 300.001
ops_per_sec = 534442
p50_us = 187
p99_us = 815
p999_us = 6143
p9999_us = 11007
max_us = 631427
error_sample = -BUSY durable log staging is full, retry
inf-bench: 191953 error replies under load (191953 BUSY-retryable; first sample: -BUSY durable log staging is full, retry)
ops = 161044328
errors = 74295
busy_retryable = 74295
elapsed_s = 300.009
ops_per_sec = 536799
p50_us = 187
p99_us = 815
p999_us = 6143
p9999_us = 9983
max_us = 546326
error_sample = -BUSY durable log staging is full, retry
inf-bench: 74295 error replies under load (74295 BUSY-retryable; first sample: -BUSY durable log staging is full, retry)
ops = 158562088
errors = 236508
busy_retryable = 236508
elapsed_s = 300.061
ops_per_sec = 528432
p50_us = 183
p99_us = 815
p999_us = 6143
p9999_us = 12543
max_us = 435930
error_sample = -BUSY durable log staging is full, retry
inf-bench: 236508 error replies under load (236508 BUSY-retryable; first sample: -BUSY durable log staging is full, retry)
ops = 149149871
errors = 111319
busy_retryable = 111319
elapsed_s = 300.000
ops_per_sec = 497166
p50_us = 207
p99_us = 863
p999_us = 6399
p9999_us = 10495
max_us = 636628
error_sample = -BUSY durable log staging is full, retry
inf-bench: 111319 error replies under load (111319 BUSY-retryable; first sample: -BUSY durable log staging is full, retry)
ops = 157728238
errors = 20417
busy_retryable = 20417
elapsed_s = 300.000
ops_per_sec = 525760
p50_us = 195
p99_us = 847
p999_us = 6271
p9999_us = 9727
max_us = 291088
error_sample = -BUSY durable log staging is full, retry
inf-bench: 20417 error replies under load (20417 BUSY-retryable; first sample: -BUSY durable log staging is full, retry)
ops = 157208977
errors = 72584
busy_retryable = 72584
elapsed_s = 300.000
ops_per_sec = 524029
p50_us = 195
p99_us = 831
p999_us = 6271
p9999_us = 9983
max_us = 553740
error_sample = -BUSY durable log staging is full, retry
inf-bench: 72584 error replies under load (72584 BUSY-retryable; first sample: -BUSY durable log staging is full, retry)
ops = 159844004
errors = 167690
busy_retryable = 167690
elapsed_s = 300.000
ops_per_sec = 532813
p50_us = 187
p99_us = 815
p999_us = 6143
p9999_us = 10751
max_us = 445451
error_sample = -BUSY durable log staging is full, retry
inf-bench: 167690 error replies under load (167690 BUSY-retryable; first sample: -BUSY durable log staging is full, retry)
ops = 162289649
errors = 133845
busy_retryable = 133845
elapsed_s = 300.000
ops_per_sec = 540965
p50_us = 183
p99_us = 815
p999_us = 6143
p9999_us = 9983
max_us = 497057
error_sample = -BUSY durable log staging is full, retry
inf-bench: 133845 error replies under load (133845 BUSY-retryable; first sample: -BUSY durable log staging is full, retry)
ops = 158286550
errors = 175905
busy_retryable = 175905
elapsed_s = 300.000
ops_per_sec = 527621
p50_us = 187
p99_us = 815
p999_us = 6143
p9999_us = 10751
max_us = 561804
error_sample = -BUSY durable log staging is full, retry
inf-bench: 175905 error replies under load (175905 BUSY-retryable; first sample: -BUSY durable log staging is full, retry)
ops = 153343804
errors = 234706
busy_retryable = 234706
elapsed_s = 300.001
ops_per_sec = 511145
p50_us = 195
p99_us = 815
p999_us = 6399
p9999_us = 10495
max_us = 590796
error_sample = -BUSY durable log staging is full, retry
inf-bench: 234706 error replies under load (234706 BUSY-retryable; first sample: -BUSY durable log staging is full, retry)
ops = 153605123
errors = 116076
busy_retryable = 116076
elapsed_s = 300.000
ops_per_sec = 512016
p50_us = 199
p99_us = 863
p999_us = 6015
p9999_us = 10239
max_us = 465640
error_sample = -BUSY durable log staging is full, retry
inf-bench: 116076 error replies under load (116076 BUSY-retryable; first sample: -BUSY durable log staging is full, retry)
ops = 152251875
errors = 78236
busy_retryable = 78236
elapsed_s = 300.000
ops_per_sec = 507506
p50_us = 207
p99_us = 847
p999_us = 6271
p9999_us = 10239
max_us = 441122
error_sample = -BUSY durable log staging is full, retry
inf-bench: 78236 error replies under load (78236 BUSY-retryable; first sample: -BUSY durable log staging is full, retry)
ops = 146430609
errors = 124717
busy_retryable = 124717
elapsed_s = 300.000
ops_per_sec = 488101
p50_us = 211
p99_us = 879
p999_us = 6783
p9999_us = 10495
max_us = 564593
error_sample = -BUSY durable log staging is full, retry
inf-bench: 124717 error replies under load (124717 BUSY-retryable; first sample: -BUSY durable log staging is full, retry)
ops = 156517735
errors = 110319
busy_retryable = 110319
elapsed_s = 300.000
ops_per_sec = 521725
p50_us = 191
p99_us = 831
p999_us = 6143
p9999_us = 10495
max_us = 630383
error_sample = -BUSY durable log staging is full, retry
inf-bench: 110319 error replies under load (110319 BUSY-retryable; first sample: -BUSY durable log staging is full, retry)
ops = 148859672
errors = 74805
busy_retryable = 74805
elapsed_s = 300.000
ops_per_sec = 496198
p50_us = 207
p99_us = 831
p999_us = 6527
p9999_us = 10495
max_us = 545838
error_sample = -BUSY durable log staging is full, retry
inf-bench: 74805 error replies under load (74805 BUSY-retryable; first sample: -BUSY durable log staging is full, retry)
ops = 148300589
errors = 107829
busy_retryable = 107829
elapsed_s = 300.000
ops_per_sec = 494335
p50_us = 219
p99_us = 863
p999_us = 6655
p9999_us = 10495
max_us = 478147
error_sample = -BUSY durable log staging is full, retry
inf-bench: 107829 error replies under load (107829 BUSY-retryable; first sample: -BUSY durable log staging is full, retry)
ops = 159722562
errors = 57517
busy_retryable = 57517
elapsed_s = 300.000
ops_per_sec = 532408
p50_us = 191
p99_us = 847
p999_us = 6015
p9999_us = 9727
max_us = 302301
error_sample = -BUSY durable log staging is full, retry
inf-bench: 57517 error replies under load (57517 BUSY-retryable; first sample: -BUSY durable log staging is full, retry)
ops = 158555652
errors = 181357
busy_retryable = 181357
elapsed_s = 300.000
ops_per_sec = 528518
p50_us = 195
p99_us = 815
p999_us = 6271
p9999_us = 10495
max_us = 548468
error_sample = -BUSY durable log staging is full, retry
inf-bench: 181357 error replies under load (181357 BUSY-retryable; first sample: -BUSY durable log staging is full, retry)
ops = 153754198
errors = 94104
busy_retryable = 94104
elapsed_s = 300.001
ops_per_sec = 512513
p50_us = 195
p99_us = 831
p999_us = 6015
p9999_us = 10239
max_us = 719637
error_sample = -BUSY durable log staging is full, retry
inf-bench: 94104 error replies under load (94104 BUSY-retryable; first sample: -BUSY durable log staging is full, retry)
ops = 157850419
errors = 110992
busy_retryable = 110992
elapsed_s = 300.000
ops_per_sec = 526167
p50_us = 195
p99_us = 847
p999_us = 6015
p9999_us = 9727
max_us = 407458
error_sample = -BUSY durable log staging is full, retry
inf-bench: 110992 error replies under load (110992 BUSY-retryable; first sample: -BUSY durable log staging is full, retry)
ops = 159072515
errors = 154713
busy_retryable = 154713
elapsed_s = 300.000
ops_per_sec = 530241
p50_us = 191
p99_us = 831
p999_us = 6271
p9999_us = 10495
max_us = 631270
error_sample = -BUSY durable log staging is full, retry
inf-bench: 154713 error replies under load (154713 BUSY-retryable; first sample: -BUSY durable log staging is full, retry)
ops = 164587048
errors = 24355
busy_retryable = 24355
elapsed_s = 300.000
ops_per_sec = 548623
p50_us = 187
p99_us = 831
p999_us = 6015
p9999_us = 9727
max_us = 158330
error_sample = -BUSY durable log staging is full, retry
inf-bench: 24355 error replies under load (24355 BUSY-retryable; first sample: -BUSY durable log staging is full, retry)
ops = 160180621
errors = 207944
busy_retryable = 207944
elapsed_s = 300.000
ops_per_sec = 533935
p50_us = 183
p99_us = 783
p999_us = 6143
p9999_us = 10495
max_us = 716992
error_sample = -BUSY durable log staging is full, retry
inf-bench: 207944 error replies under load (207944 BUSY-retryable; first sample: -BUSY durable log staging is full, retry)
ops = 158191105
errors = 122596
busy_retryable = 122596
elapsed_s = 300.000
ops_per_sec = 527303
p50_us = 191
p99_us = 815
p999_us = 6399
p9999_us = 11007
max_us = 490224
error_sample = -BUSY durable log staging is full, retry
inf-bench: 122596 error replies under load (122596 BUSY-retryable; first sample: -BUSY durable log staging is full, retry)
ops = 156261432
errors = 167873
busy_retryable = 167873
elapsed_s = 300.000
ops_per_sec = 520871
p50_us = 191
p99_us = 831
p999_us = 6271
p9999_us = 11007
max_us = 543928
error_sample = -BUSY durable log staging is full, retry
inf-bench: 167873 error replies under load (167873 BUSY-retryable; first sample: -BUSY durable log staging is full, retry)
ops = 155039225
errors = 80237
busy_retryable = 80237
elapsed_s = 300.000
ops_per_sec = 516797
p50_us = 199
p99_us = 831
p999_us = 5887
p9999_us = 9471
max_us = 657387
error_sample = -BUSY durable log staging is full, retry
inf-bench: 80237 error replies under load (80237 BUSY-retryable; first sample: -BUSY durable log staging is full, retry)
ops = 159351430
errors = 232276
busy_retryable = 232276
elapsed_s = 300.003
ops_per_sec = 531166
p50_us = 187
p99_us = 799
p999_us = 6143
p9999_us = 12031
max_us = 423458
error_sample = -BUSY durable log staging is full, retry
inf-bench: 232276 error replies under load (232276 BUSY-retryable; first sample: -BUSY durable log staging is full, retry)
ops = 162886825
errors = 120131
busy_retryable = 120131
elapsed_s = 300.000
ops_per_sec = 542955
p50_us = 187
p99_us = 815
p999_us = 6015
p9999_us = 9727
max_us = 559464
error_sample = -BUSY durable log staging is full, retry
inf-bench: 120131 error replies under load (120131 BUSY-retryable; first sample: -BUSY durable log staging is full, retry)
ops = 164119907
errors = 99786
busy_retryable = 99786
elapsed_s = 300.000
ops_per_sec = 547066
p50_us = 183
p99_us = 799
p999_us = 5887
p9999_us = 9727
max_us = 459512
error_sample = -BUSY durable log staging is full, retry
inf-bench: 99786 error replies under load (99786 BUSY-retryable; first sample: -BUSY durable log staging is full, retry)
ops = 142318893
errors = 338898
busy_retryable = 338898
elapsed_s = 300.008
ops_per_sec = 474384
p50_us = 195
p99_us = 815
p999_us = 6271
p9999_us = 11519
max_us = 2174646
error_sample = -BUSY durable log staging is full, retry
inf-bench: 338898 error replies under load (338898 BUSY-retryable; first sample: -BUSY durable log staging is full, retry)
ops = 159984396
errors = 135847
busy_retryable = 135847
elapsed_s = 300.000
ops_per_sec = 533281
p50_us = 187
p99_us = 799
p999_us = 6143
p9999_us = 10495
max_us = 636683
error_sample = -BUSY durable log staging is full, retry
inf-bench: 135847 error replies under load (135847 BUSY-retryable; first sample: -BUSY durable log staging is full, retry)
ops = 142713349
errors = 136974
busy_retryable = 136974
elapsed_s = 300.000
ops_per_sec = 475710
p50_us = 211
p99_us = 895
p999_us = 6271
p9999_us = 10751
max_us = 458686
error_sample = -BUSY durable log staging is full, retry
inf-bench: 136974 error replies under load (136974 BUSY-retryable; first sample: -BUSY durable log staging is full, retry)
ops = 163002814
errors = 27855
busy_retryable = 27855
elapsed_s = 300.000
ops_per_sec = 543342
p50_us = 187
p99_us = 831
p999_us = 6015
p9999_us = 9727
max_us = 309148
error_sample = -BUSY durable log staging is full, retry
inf-bench: 27855 error replies under load (27855 BUSY-retryable; first sample: -BUSY durable log staging is full, retry)
ops = 158220086
errors = 204671
busy_retryable = 204671
elapsed_s = 300.000
ops_per_sec = 527400
p50_us = 187
p99_us = 815
p999_us = 6271
p9999_us = 11263
max_us = 495925
error_sample = -BUSY durable log staging is full, retry
inf-bench: 204671 error replies under load (204671 BUSY-retryable; first sample: -BUSY durable log staging is full, retry)
ops = 157539520
errors = 149778
busy_retryable = 149778
elapsed_s = 300.000
ops_per_sec = 525131
p50_us = 187
p99_us = 831
p999_us = 6271
p9999_us = 14335
max_us = 637835
error_sample = -BUSY durable log staging is full, retry
inf-bench: 149778 error replies under load (149778 BUSY-retryable; first sample: -BUSY durable log staging is full, retry)
ops = 158011084
errors = 88091
busy_retryable = 88091
elapsed_s = 300.000
ops_per_sec = 526703
p50_us = 195
p99_us = 847
p999_us = 6143
p9999_us = 9983
max_us = 473576
error_sample = -BUSY durable log staging is full, retry
inf-bench: 88091 error replies under load (88091 BUSY-retryable; first sample: -BUSY durable log staging is full, retry)
ops = 143829063
errors = 191899
busy_retryable = 191899
elapsed_s = 300.000
ops_per_sec = 479429
p50_us = 211
p99_us = 895
p999_us = 6271
p9999_us = 10239
max_us = 939362
error_sample = -BUSY durable log staging is full, retry
inf-bench: 191899 error replies under load (191899 BUSY-retryable; first sample: -BUSY durable log staging is full, retry)
ops = 165561975
errors = 98263
busy_retryable = 98263
elapsed_s = 300.001
ops_per_sec = 551872
p50_us = 183
p99_us = 815
p999_us = 5887
p9999_us = 9471
max_us = 397205
error_sample = -BUSY durable log staging is full, retry
inf-bench: 98263 error replies under load (98263 BUSY-retryable; first sample: -BUSY durable log staging is full, retry)
ops = 158425409
errors = 126949
busy_retryable = 126949
elapsed_s = 300.001
ops_per_sec = 528083
p50_us = 191
p99_us = 799
p999_us = 5887
p9999_us = 9983
max_us = 691649
error_sample = -BUSY durable log staging is full, retry
inf-bench: 126949 error replies under load (126949 BUSY-retryable; first sample: -BUSY durable log staging is full, retry)
ops = 151503637
errors = 192130
busy_retryable = 192130
elapsed_s = 300.000
ops_per_sec = 505011
p50_us = 195
p99_us = 895
p999_us = 6399
p9999_us = 12031
max_us = 509270
error_sample = -BUSY durable log staging is full, retry
inf-bench: 192130 error replies under load (192130 BUSY-retryable; first sample: -BUSY durable log staging is full, retry)
ops = 156914833
errors = 249476
busy_retryable = 249476
elapsed_s = 300.000
ops_per_sec = 523049
p50_us = 187
p99_us = 799
p999_us = 6399
p9999_us = 11519
max_us = 715414
error_sample = -BUSY durable log staging is full, retry
inf-bench: 249476 error replies under load (249476 BUSY-retryable; first sample: -BUSY durable log staging is full, retry)
ops = 157970334
errors = 184296
busy_retryable = 184296
elapsed_s = 300.000
ops_per_sec = 526567
p50_us = 187
p99_us = 799
p999_us = 6143
p9999_us = 11263
max_us = 667108
error_sample = -BUSY durable log staging is full, retry
inf-bench: 184296 error replies under load (184296 BUSY-retryable; first sample: -BUSY durable log staging is full, retry)
ops = 156402498
errors = 205459
busy_retryable = 205459
elapsed_s = 300.000
ops_per_sec = 521341
p50_us = 191
p99_us = 831
p999_us = 6143
p9999_us = 11007
max_us = 571152
error_sample = -BUSY durable log staging is full, retry
inf-bench: 205459 error replies under load (205459 BUSY-retryable; first sample: -BUSY durable log staging is full, retry)
ops = 150016529
errors = 232237
busy_retryable = 232237
elapsed_s = 300.000
ops_per_sec = 500054
p50_us = 199
p99_us = 831
p999_us = 6655
p9999_us = 13311
max_us = 528954
error_sample = -BUSY durable log staging is full, retry
inf-bench: 232237 error replies under load (232237 BUSY-retryable; first sample: -BUSY durable log staging is full, retry)
ops = 158704792
errors = 112287
busy_retryable = 112287
elapsed_s = 300.004
ops_per_sec = 529008
p50_us = 191
p99_us = 847
p999_us = 6143
p9999_us = 10495
max_us = 604160
error_sample = -BUSY durable log staging is full, retry
inf-bench: 112287 error replies under load (112287 BUSY-retryable; first sample: -BUSY durable log staging is full, retry)
ops = 143092744
errors = 127421
busy_retryable = 127421
elapsed_s = 300.000
ops_per_sec = 476975
p50_us = 211
p99_us = 863
p999_us = 6911
p9999_us = 11519
max_us = 599642
error_sample = -BUSY durable log staging is full, retry
inf-bench: 127421 error replies under load (127421 BUSY-retryable; first sample: -BUSY durable log staging is full, retry)
ops = 159802482
errors = 151989
busy_retryable = 151989
elapsed_s = 300.001
ops_per_sec = 532674
p50_us = 187
p99_us = 815
p999_us = 6015
p9999_us = 10751
max_us = 699851
error_sample = -BUSY durable log staging is full, retry
inf-bench: 151989 error replies under load (151989 BUSY-retryable; first sample: -BUSY durable log staging is full, retry)
ops = 155474127
errors = 152620
busy_retryable = 152620
elapsed_s = 300.000
ops_per_sec = 518247
p50_us = 191
p99_us = 815
p999_us = 6143
p9999_us = 11007
max_us = 632971
error_sample = -BUSY durable log staging is full, retry
inf-bench: 152620 error replies under load (152620 BUSY-retryable; first sample: -BUSY durable log staging is full, retry)
ops = 147869845
errors = 141080
busy_retryable = 141080
elapsed_s = 300.000
ops_per_sec = 492899
p50_us = 203
p99_us = 879
p999_us = 6143
p9999_us = 11775
max_us = 465681
error_sample = -BUSY durable log staging is full, retry
inf-bench: 141080 error replies under load (141080 BUSY-retryable; first sample: -BUSY durable log staging is full, retry)
ops = 155821320
errors = 148640
busy_retryable = 148640
elapsed_s = 300.001
ops_per_sec = 519403
p50_us = 187
p99_us = 831
p999_us = 6271
p9999_us = 13055
max_us = 472815
error_sample = -BUSY durable log staging is full, retry
inf-bench: 148640 error replies under load (148640 BUSY-retryable; first sample: -BUSY durable log staging is full, retry)
ops = 153901603
errors = 201423
busy_retryable = 201423
elapsed_s = 300.000
ops_per_sec = 513005
p50_us = 195
p99_us = 847
p999_us = 6271
p9999_us = 11775
max_us = 529728
error_sample = -BUSY durable log staging is full, retry
inf-bench: 201423 error replies under load (201423 BUSY-retryable; first sample: -BUSY durable log staging is full, retry)
ops = 146804708
errors = 75267
busy_retryable = 75267
elapsed_s = 300.000
ops_per_sec = 489348
p50_us = 215
p99_us = 879
p999_us = 6655
p9999_us = 11519
max_us = 463956
error_sample = -BUSY durable log staging is full, retry
inf-bench: 75267 error replies under load (75267 BUSY-retryable; first sample: -BUSY durable log staging is full, retry)
ops = 152469487
errors = 162840
busy_retryable = 162840
elapsed_s = 300.000
ops_per_sec = 508231
p50_us = 195
p99_us = 879
p999_us = 6143
p9999_us = 11775
max_us = 437036
error_sample = -BUSY durable log staging is full, retry
inf-bench: 162840 error replies under load (162840 BUSY-retryable; first sample: -BUSY durable log staging is full, retry)
ops = 162989943
errors = 74859
busy_retryable = 74859
elapsed_s = 300.001
ops_per_sec = 543299
p50_us = 187
p99_us = 847
p999_us = 6143
p9999_us = 10495
max_us = 517593
error_sample = -BUSY durable log staging is full, retry
inf-bench: 74859 error replies under load (74859 BUSY-retryable; first sample: -BUSY durable log staging is full, retry)
ops = 167180094
errors = 64716
busy_retryable = 64716
elapsed_s = 300.000
ops_per_sec = 557266
p50_us = 179
p99_us = 815
p999_us = 5887
p9999_us = 9983
max_us = 365349
error_sample = -BUSY durable log staging is full, retry
inf-bench: 64716 error replies under load (64716 BUSY-retryable; first sample: -BUSY durable log staging is full, retry)
ops = 155888800
errors = 173464
busy_retryable = 173464
elapsed_s = 300.000
ops_per_sec = 519629
p50_us = 191
p99_us = 831
p999_us = 6271
p9999_us = 11775
max_us = 494059
error_sample = -BUSY durable log staging is full, retry
inf-bench: 173464 error replies under load (173464 BUSY-retryable; first sample: -BUSY durable log staging is full, retry)
ops = 158895396
errors = 170951
busy_retryable = 170951
elapsed_s = 300.001
ops_per_sec = 529650
p50_us = 191
p99_us = 847
p999_us = 6143
p9999_us = 11263
max_us = 501875
error_sample = -BUSY durable log staging is full, retry
inf-bench: 170951 error replies under load (170951 BUSY-retryable; first sample: -BUSY durable log staging is full, retry)
ops = 158863398
errors = 215175
busy_retryable = 215175
elapsed_s = 300.000
ops_per_sec = 529544
p50_us = 179
p99_us = 815
p999_us = 6399
p9999_us = 17919
max_us = 590212
error_sample = -BUSY durable log staging is full, retry
inf-bench: 215175 error replies under load (215175 BUSY-retryable; first sample: -BUSY durable log staging is full, retry)
ops = 158281141
errors = 103525
busy_retryable = 103525
elapsed_s = 300.000
ops_per_sec = 527603
p50_us = 191
p99_us = 831
p999_us = 6143
p9999_us = 11519
max_us = 432676
error_sample = -BUSY durable log staging is full, retry
inf-bench: 103525 error replies under load (103525 BUSY-retryable; first sample: -BUSY durable log staging is full, retry)
ops = 155728344
errors = 179420
busy_retryable = 179420
elapsed_s = 300.000
ops_per_sec = 519094
p50_us = 195
p99_us = 831
p999_us = 6399
p9999_us = 11775
max_us = 866774
error_sample = -BUSY durable log staging is full, retry
inf-bench: 179420 error replies under load (179420 BUSY-retryable; first sample: -BUSY durable log staging is full, retry)
ops = 151055531
errors = 308316
busy_retryable = 308316
elapsed_s = 300.006
ops_per_sec = 503508
p50_us = 191
p99_us = 831
p999_us = 6399
p9999_us = 44031
max_us = 756897
error_sample = -BUSY durable log staging is full, retry
inf-bench: 308316 error replies under load (308316 BUSY-retryable; first sample: -BUSY durable log staging is full, retry)
ops = 149238654
errors = 171364
busy_retryable = 171364
elapsed_s = 300.000
ops_per_sec = 497462
p50_us = 199
p99_us = 879
p999_us = 6271
p9999_us = 14591
max_us = 509488
error_sample = -BUSY durable log staging is full, retry
inf-bench: 171364 error replies under load (171364 BUSY-retryable; first sample: -BUSY durable log staging is full, retry)
ops = 147181333
errors = 199868
busy_retryable = 199868
elapsed_s = 300.001
ops_per_sec = 490603
p50_us = 203
p99_us = 879
p999_us = 6399
p9999_us = 16895
max_us = 476097
error_sample = -BUSY durable log staging is full, retry
inf-bench: 199868 error replies under load (199868 BUSY-retryable; first sample: -BUSY durable log staging is full, retry)
ops = 147006191
errors = 359414
busy_retryable = 359414
elapsed_s = 300.001
ops_per_sec = 490019
p50_us = 187
p99_us = 863
p999_us = 6271
p9999_us = 96255
max_us = 615424
error_sample = -BUSY durable log staging is full, retry
inf-bench: 359414 error replies under load (359414 BUSY-retryable; first sample: -BUSY durable log staging is full, retry)
ops = 143280749
errors = 328314
busy_retryable = 328314
elapsed_s = 300.001
ops_per_sec = 477601
p50_us = 195
p99_us = 847
p999_us = 6527
p9999_us = 110591
max_us = 842924
error_sample = -BUSY durable log staging is full, retry
inf-bench: 328314 error replies under load (328314 BUSY-retryable; first sample: -BUSY durable log staging is full, retry)
ops = 144901242
errors = 337885
busy_retryable = 337885
elapsed_s = 300.001
ops_per_sec = 483003
p50_us = 187
p99_us = 815
p999_us = 6527
p9999_us = 114687
max_us = 720228
error_sample = -BUSY durable log staging is full, retry
inf-bench: 337885 error replies under load (337885 BUSY-retryable; first sample: -BUSY durable log staging is full, retry)
ops = 143074065
errors = 374872
busy_retryable = 374872
elapsed_s = 300.130
ops_per_sec = 476706
p50_us = 187
p99_us = 879
p999_us = 6399
p9999_us = 139263
max_us = 671681
error_sample = -BUSY durable log staging is full, retry
inf-bench: 374872 error replies under load (374872 BUSY-retryable; first sample: -BUSY durable log staging is full, retry)
ops = 150050289
errors = 468923
busy_retryable = 468923
elapsed_s = 300.000
ops_per_sec = 500167
p50_us = 183
p99_us = 863
p999_us = 6271
p9999_us = 81919
max_us = 634564
error_sample = -BUSY durable log staging is full, retry
inf-bench: 468923 error replies under load (468923 BUSY-retryable; first sample: -BUSY durable log staging is full, retry)
ops = 149100918
errors = 403783
busy_retryable = 403783
elapsed_s = 300.206
ops_per_sec = 496661
p50_us = 183
p99_us = 815
p999_us = 6399
p9999_us = 118783
max_us = 609848
error_sample = -BUSY durable log staging is full, retry
inf-bench: 403783 error replies under load (403783 BUSY-retryable; first sample: -BUSY durable log staging is full, retry)
ops = 138700730
errors = 391975
busy_retryable = 391975
elapsed_s = 300.000
ops_per_sec = 462335
p50_us = 203
p99_us = 927
p999_us = 6399
p9999_us = 122879
max_us = 596659
error_sample = -BUSY durable log staging is full, retry
inf-bench: 391975 error replies under load (391975 BUSY-retryable; first sample: -BUSY durable log staging is full, retry)
ops = 151916513
errors = 297939
busy_retryable = 297939
elapsed_s = 300.000
ops_per_sec = 506388
p50_us = 175
p99_us = 815
p999_us = 6143
p9999_us = 114687
max_us = 741946
error_sample = -BUSY durable log staging is full, retry
inf-bench: 297939 error replies under load (297939 BUSY-retryable; first sample: -BUSY durable log staging is full, retry)
ops = 148887887
errors = 400020
busy_retryable = 400020
elapsed_s = 300.049
ops_per_sec = 496212
p50_us = 175
p99_us = 815
p999_us = 6527
p9999_us = 167935
max_us = 800044
error_sample = -BUSY durable log staging is full, retry
inf-bench: 400020 error replies under load (400020 BUSY-retryable; first sample: -BUSY durable log staging is full, retry)
ops = 146325198
errors = 314516
busy_retryable = 314516
elapsed_s = 300.005
ops_per_sec = 487742
p50_us = 179
p99_us = 815
p999_us = 6271
p9999_us = 139263
max_us = 1427468
error_sample = -BUSY durable log staging is full, retry
inf-bench: 314516 error replies under load (314516 BUSY-retryable; first sample: -BUSY durable log staging is full, retry)
ops = 145422254
errors = 447227
busy_retryable = 447227
elapsed_s = 300.000
ops_per_sec = 484740
p50_us = 187
p99_us = 815
p999_us = 6399
p9999_us = 135167
max_us = 702493
error_sample = -BUSY durable log staging is full, retry
inf-bench: 447227 error replies under load (447227 BUSY-retryable; first sample: -BUSY durable log staging is full, retry)
ops = 138549919
errors = 330731
busy_retryable = 330731
elapsed_s = 300.000
ops_per_sec = 461832
p50_us = 195
p99_us = 863
p999_us = 6399
p9999_us = 172031
max_us = 607795
error_sample = -BUSY durable log staging is full, retry
inf-bench: 330731 error replies under load (330731 BUSY-retryable; first sample: -BUSY durable log staging is full, retry)
ops = 145936954
errors = 444853
busy_retryable = 444853
elapsed_s = 300.000
ops_per_sec = 486456
p50_us = 179
p99_us = 815
p999_us = 6271
p9999_us = 180223
max_us = 705050
error_sample = -BUSY durable log staging is full, retry
inf-bench: 444853 error replies under load (444853 BUSY-retryable; first sample: -BUSY durable log staging is full, retry)
ops = 144686342
errors = 444248
busy_retryable = 444248
elapsed_s = 300.005
ops_per_sec = 482279
p50_us = 183
p99_us = 831
p999_us = 6527
p9999_us = 167935
max_us = 803078
error_sample = -BUSY durable log staging is full, retry
inf-bench: 444248 error replies under load (444248 BUSY-retryable; first sample: -BUSY durable log staging is full, retry)
ops = 134621200
errors = 439235
busy_retryable = 439235
elapsed_s = 300.005
ops_per_sec = 448729
p50_us = 191
p99_us = 815
p999_us = 6527
p9999_us = 184319
max_us = 1934104
error_sample = -BUSY durable log staging is full, retry
inf-bench: 439235 error replies under load (439235 BUSY-retryable; first sample: -BUSY durable log staging is full, retry)
ops = 123494581
errors = 687235
busy_retryable = 687235
elapsed_s = 300.000
ops_per_sec = 411648
p50_us = 175
p99_us = 815
p999_us = 7167
p9999_us = 286719
max_us = 2392789
error_sample = -BUSY durable log staging is full, retry
inf-bench: 687235 error replies under load (687235 BUSY-retryable; first sample: -BUSY durable log staging is full, retry)
ops = 115419937
errors = 670006
busy_retryable = 670006
elapsed_s = 300.001
ops_per_sec = 384732
p50_us = 183
p99_us = 831
p999_us = 7167
p9999_us = 311295
max_us = 2230943
error_sample = -BUSY durable log staging is full, retry
inf-bench: 670006 error replies under load (670006 BUSY-retryable; first sample: -BUSY durable log staging is full, retry)
ops = 114470810
errors = 697186
busy_retryable = 697186
elapsed_s = 300.213
ops_per_sec = 381298
p50_us = 183
p99_us = 831
p999_us = 7551
p9999_us = 311295
max_us = 2126413
error_sample = -BUSY durable log staging is full, retry
inf-bench: 697186 error replies under load (697186 BUSY-retryable; first sample: -BUSY durable log staging is full, retry)
ops = 110018455
errors = 739221
busy_retryable = 739221
elapsed_s = 300.000
ops_per_sec = 366728
p50_us = 179
p99_us = 831
p999_us = 7423
p9999_us = 344063
max_us = 2145489
error_sample = -BUSY durable log staging is full, retry
inf-bench: 739221 error replies under load (739221 BUSY-retryable; first sample: -BUSY durable log staging is full, retry)
ops = 122328018
errors = 884678
busy_retryable = 884678
elapsed_s = 300.142
ops_per_sec = 407567
p50_us = 175
p99_us = 863
p999_us = 7167
p9999_us = 286719
max_us = 1988962
error_sample = -BUSY durable log staging is full, retry
inf-bench: 884678 error replies under load (884678 BUSY-retryable; first sample: -BUSY durable log staging is full, retry)
ops = 116132295
errors = 616169
busy_retryable = 616169
elapsed_s = 300.004
ops_per_sec = 387103
p50_us = 179
p99_us = 799
p999_us = 7167
p9999_us = 344063
max_us = 2694918
error_sample = -BUSY durable log staging is full, retry
inf-bench: 616169 error replies under load (616169 BUSY-retryable; first sample: -BUSY durable log staging is full, retry)
ops = 118218624
errors = 756378
busy_retryable = 756378
elapsed_s = 300.000
ops_per_sec = 394062
p50_us = 171
p99_us = 815
p999_us = 7295
p9999_us = 311295
max_us = 2102388
error_sample = -BUSY durable log staging is full, retry
inf-bench: 756378 error replies under load (756378 BUSY-retryable; first sample: -BUSY durable log staging is full, retry)
ops = 112601735
errors = 709981
busy_retryable = 709981
elapsed_s = 300.192
ops_per_sec = 375099
p50_us = 195
p99_us = 911
p999_us = 7935
p9999_us = 294911
max_us = 2291463
error_sample = -BUSY durable log staging is full, retry
inf-bench: 709981 error replies under load (709981 BUSY-retryable; first sample: -BUSY durable log staging is full, retry)
inf-bench: server closed connection under load
