unix_s,vmrss_kb,docs_live,doc_resident_bytes,disk_used_bytes,wa_milli_max,diskfull_refusals,ckpts,manifests,segs_live,sqes_per_submit
1785915600,75484,14224,83886080,0,0,0,0,0,8,8.2
1785915610,484128,14240,83886080,0,0,0,30,30,10,7.3
1785915620,516432,14240,83886080,0,0,0,62,62,12,7.2
1785915630,539664,14240,83886080,0,0,0,97,96,11,7.3
1785915640,559664,14240,83886080,0,0,0,128,128,13,7.2
1785915651,568340,14240,83886080,0,0,0,161,161,13,7.2
1785915661,581856,14240,83886080,0,0,0,196,196,12,7.2
1785915671,581676,14240,83886080,0,0,0,226,226,15,7.2
1785915681,588464,14240,83886080,0,0,0,259,258,15,7.2
1785915691,588364,14240,83886080,0,0,0,294,294,11,7.2
1785915701,591128,14240,83886080,0,0,0,326,326,13,7.2
1785915711,591704,14240,83886080,0,0,0,360,360,12,7.2
1785915721,593956,14240,83886080,0,0,0,392,392,13,7.2
1785915731,596216,14240,83886080,0,0,0,420,420,14,7.2
1785915741,596296,14240,83886080,0,0,0,454,454,12,7.2
1785915751,597040,14240,83886080,0,0,0,486,486,14,7.2
1785915761,598508,14240,83886080,0,0,0,519,518,14,7.2
1785915772,596332,14240,83886080,0,0,0,552,552,13,7.2
1785915782,596164,14240,83886080,0,0,0,584,584,16,7.2
1785915792,596452,14240,83886080,0,0,0,615,615,13,7.2
1785915802,597788,14240,83886080,0,0,0,647,647,15,7.2
1785915812,601968,14240,83886080,0,0,0,679,679,14,7.2
1785915822,598224,14240,83886080,0,0,0,711,711,14,7.2
1785915832,594756,14240,83886080,0,0,0,745,745,14,7.2
1785915842,595760,14240,83886080,0,0,0,777,777,12,7.2
1785915852,598456,14240,83886080,0,0,0,809,809,13,7.2
1785915862,596812,14240,83886080,0,0,0,843,843,13,7.2
1785915872,596564,14240,83886080,0,0,0,875,875,11,7.2
1785915883,602140,14240,83886080,0,0,0,907,907,14,7.2
1785915893,598296,14240,83886080,0,0,0,941,941,13,7.2
1785915903,597492,14240,83886080,0,0,0,969,969,15,7.2
1785915913,599108,14240,83886080,0,0,0,1001,1001,14,7.1
1785915923,604248,14240,83886080,0,0,0,1032,1032,14,7.0
1785915933,596816,14240,83886080,0,0,0,1063,1063,12,7.0
1785915943,600032,14240,83886080,0,0,0,1093,1093,13,6.9
1785915953,596124,14240,83886080,0,0,0,1125,1125,13,6.9
1785915963,595664,14240,83886080,0,0,0,1153,1153,14,6.8
1785915973,599600,14240,83886080,0,0,0,1185,1185,13,6.8
1785915983,596880,14240,83886080,0,0,0,1215,1215,15,6.7
1785915993,596244,14240,83886080,0,0,0,1246,1246,13,6.7
1785916003,595432,14240,83886080,0,0,0,1277,1277,12,6.7
1785916014,595676,14240,83886080,0,0,0,1309,1309,12,6.6
1785916024,596612,14240,83886080,0,0,0,1337,1337,13,6.6
1785916034,597572,14240,83886080,0,0,0,1369,1369,13,6.6
1785916044,599712,14240,83886080,0,0,0,1399,1399,14,6.5
1785916054,601172,14240,83886080,0,0,0,1431,1431,10,6.5
1785916064,597720,14240,83886080,0,0,0,1461,1461,12,6.5
1785916074,595436,14240,83886080,0,0,0,1493,1493,12,6.4
1785916084,603352,14240,83886080,0,0,0,1521,1521,13,6.4
1785916094,605868,14240,83886080,0,0,0,1551,1551,13,6.4
1785916104,601892,14240,83886080,0,0,0,1583,1583,13,6.4
1785916114,599672,14240,83886080,0,0,0,1611,1611,15,6.3
1785916124,597224,14240,83886080,0,0,0,1643,1643,14,6.3
1785916135,598992,14240,83886080,0,0,0,1674,1674,13,6.3
1785916145,599628,14240,83886080,0,0,0,1701,1701,15,6.3
1785916155,596584,14240,83886080,0,0,0,1733,1733,13,6.3
1785916165,596092,14240,83886080,0,0,0,1765,1765,13,6.3
1785916175,596600,14240,83886080,0,0,0,1795,1795,12,6.2
1785916185,596268,14240,83886080,0,0,0,1826,1826,13,6.2
1785916195,595896,14240,83886080,0,0,0,1857,1857,15,6.2
1785916205,597452,14240,83886080,0,0,0,1889,1889,11,6.2
1785916215,595864,14240,83886080,0,0,0,1921,1921,13,6.2
1785916225,597040,14240,83886080,0,0,0,1956,1956,12,6.2
1785916235,599712,14240,83886080,0,0,0,1988,1987,15,6.3
1785916245,596712,14240,83886080,0,0,0,2022,2022,13,6.3
1785916255,599592,14240,83886080,0,0,0,2054,2054,15,6.3
1785916266,596968,14240,83886080,0,0,0,2086,2086,13,6.3
1785916276,597644,14240,83886080,0,0,0,2120,2120,12,6.3
1785916286,596468,14240,83886080,0,0,0,2152,2152,13,6.3
1785916296,594732,14240,83886080,0,0,0,2186,2186,12,6.4
1785916306,596784,14240,83886080,0,0,0,2220,2220,13,6.4
1785916316,599444,14240,83886080,0,0,0,2250,2250,15,6.4
1785916326,598780,14240,83886080,0,0,0,2285,2285,14,6.4
1785916336,600792,14240,83886080,0,0,0,2318,2318,14,6.4
1785916346,606236,14240,83886080,0,0,0,2348,2348,15,6.4
1785916356,602396,14240,83886080,0,0,0,2384,2384,14,6.5
1785916366,599756,14240,83886080,0,0,0,2418,2418,12,6.5
1785916376,599788,14240,83886080,0,0,0,2447,2447,15,6.5
1785916386,595520,14240,83886080,0,0,0,2481,2481,13,6.5
1785916396,595908,14240,83886080,0,0,0,2516,2515,13,6.5
1785916406,595476,14240,83886080,0,0,0,2548,2548,12,6.5
1785916417,599804,14240,83886080,0,0,0,2580,2580,12,6.5
1785916427,601284,14240,83886080,0,0,0,2612,2612,14,6.5
1785916437,598336,14240,83886080,0,0,0,2647,2647,13,6.6
1785916447,596476,14240,83886080,0,0,0,2681,2681,12,6.6
1785916457,595752,14240,83886080,0,0,0,2709,2709,15,6.6
1785916467,597196,14240,83886080,0,0,0,2745,2745,11,6.6
1785916477,597912,14240,83886080,0,0,0,2779,2779,12,6.6
1785916487,598084,14240,83886080,0,0,0,2811,2811,13,6.6
1785916497,597228,14240,83886080,0,0,0,2843,2843,15,6.6
1785916507,605976,14240,83886080,0,0,0,2879,2879,13,6.6
1785916518,599388,14240,83886080,0,0,0,2909,2909,14,6.6
1785916528,597216,14240,83886080,0,0,0,2945,2945,12,6.7
1785916538,597712,14240,83886080,0,0,0,2979,2979,12,6.7
1785916548,596244,14240,83886080,0,0,0,3011,3011,13,6.7
1785916558,596928,14240,83886080,0,0,0,3045,3045,13,6.7
1785916568,598132,14240,83886080,0,0,0,3078,3078,13,6.7
1785916578,598656,14240,83886080,0,0,0,3112,3112,13,6.7
1785916588,597164,14240,83886080,0,0,0,3145,3145,14,6.8
1785916598,596548,14240,83886080,0,0,0,3180,3180,12,6.8
1785916608,598404,14240,83886080,0,0,0,3212,3212,15,6.8
1785916618,603500,14240,83886080,0,0,0,3247,3247,14,6.8
1785916628,598216,14240,83886080,0,0,0,3282,3282,11,6.8
1785916639,597516,14240,83886080,0,0,0,3315,3314,14,6.8
1785916649,598420,14240,83886080,0,0,0,3348,3348,16,6.9
1785916659,600600,14240,83886080,0,0,0,3382,3382,14,6.9
1785916669,599300,14240,83886080,0,0,0,3416,3416,14,6.9
1785916679,598364,14240,83886080,0,0,0,3448,3447,16,6.9
1785916689,597712,14240,83886080,0,0,0,3483,3483,13,6.9
1785916699,597664,14240,83886080,0,0,0,3517,3517,14,6.9
1785916709,599508,14240,83886080,0,0,0,3549,3549,13,6.9
1785916719,598316,14240,83886080,0,0,0,3585,3585,12,6.9
1785916729,602152,14240,83886080,0,0,0,3619,3619,12,7.0
1785916739,605140,14240,83886080,0,0,0,3651,3651,14,7.0
1785916749,601532,14240,83886080,0,0,0,3685,3685,15,7.0
1785916759,602148,14240,83886080,0,0,0,3721,3721,11,7.0
1785916770,601424,14240,83886080,0,0,0,3750,3750,14,7.0
1785916780,598028,14240,83886080,0,0,0,3785,3785,14,7.0
1785916790,601572,14240,83886080,0,0,0,3819,3819,15,7.0
1785916800,596704,14240,83886080,0,0,0,3853,3853,13,7.0
1785916810,598452,14240,83886080,0,0,0,3885,3885,13,7.0
1785916820,600436,14240,83886080,0,0,0,3917,3917,12,7.0
1785916830,597592,14240,83886080,0,0,0,3949,3949,14,7.0
1785916840,601604,14240,83886080,0,0,0,3981,3981,14,7.0
1785916850,600232,14240,83886080,0,0,0,4011,4011,12,7.0
1785916860,597360,14240,83886080,0,0,0,4043,4043,13,7.0
1785916870,598916,14240,83886080,0,0,0,4077,4077,12,7.0
1785916880,596936,14240,83886080,0,0,0,4106,4106,13,7.0
1785916890,597412,14240,83886080,0,0,0,4137,4137,14,7.0
1785916900,602952,14240,83886080,0,0,0,4169,4169,13,7.0
1785916911,597036,14240,83886080,0,0,0,4200,4200,14,7.0
1785916921,596288,14240,83886080,0,0,0,4233,4233,14,7.0
1785916931,595544,14240,83886080,0,0,0,4266,4266,14,7.0
1785916941,597952,14240,83886080,0,0,0,4295,4295,14,7.0
1785916951,598656,14240,83886080,0,0,0,4328,4328,13,7.0
1785916961,598284,14240,83886080,0,0,0,4360,4360,13,7.0
1785916971,596580,14240,83886080,0,0,0,4392,4392,13,7.0
1785916981,603144,14240,83886080,0,0,0,4423,4423,14,7.0
1785916991,599068,14240,83886080,0,0,0,4454,4454,14,7.0
1785917001,598316,14240,83886080,0,0,0,4486,4486,14,7.0
1785917011,595708,14240,83886080,0,0,0,4519,4519,13,7.0
1785917021,600736,14240,83886080,0,0,0,4549,4549,15,7.0
1785917032,603100,14240,83886080,0,0,0,4581,4581,12,7.0
1785917042,601376,14240,83886080,0,0,0,4614,4614,12,7.0
1785917052,605548,14240,83886080,0,0,0,4643,4642,17,7.0
1785917062,601716,14240,83886080,0,0,0,4675,4675,13,7.0
1785917072,598084,14240,83886080,0,0,0,4707,4707,13,7.0
1785917082,599816,14240,83886080,0,0,0,4737,4737,15,7.0
1785917092,597288,14240,83886080,0,0,0,4769,4769,13,6.9
1785917102,597292,14240,83886080,0,0,0,4801,4801,14,6.9
1785917112,599804,14240,83886080,0,0,0,4831,4831,15,7.0
1785917122,600528,14240,83886080,0,0,0,4867,4867,13,7.0
1785917132,599944,14240,83886080,0,0,0,4901,4901,14,7.0
1785917142,598084,14240,83886080,0,0,0,4929,4929,15,7.0
1785917152,600624,14240,83886080,0,0,0,4965,4965,13,7.0
1785917162,597024,14240,83886080,0,0,0,4999,4999,13,7.0
1785917173,597564,14240,83886080,0,0,0,5031,5031,13,7.0
1785917183,599640,14240,83886080,0,0,0,5065,5065,13,7.0
1785917193,597548,14240,83886080,0,0,0,5101,5101,12,7.0
1785917203,601392,14240,83886080,0,0,0,5133,5133,12,7.0
1785917213,597888,14240,83886080,0,0,0,5167,5167,12,7.1
1785917223,598200,14240,83886080,0,0,0,5197,5195,19,7.1
1785917233,598344,14240,83886080,0,0,0,5231,5231,13,7.1
1785917243,602632,14240,83886080,0,0,0,5265,5265,13,7.1
1785917253,598232,14240,83886080,0,0,0,5297,5297,15,7.1
1785917263,599372,14240,83886080,0,0,0,5333,5333,13,7.1
1785917273,604432,14240,83886080,0,0,0,5367,5367,12,7.1
1785917284,596012,14240,83886080,0,0,0,5399,5399,13,7.1
1785917294,597888,14240,83886080,0,0,0,5432,5431,13,7.1
1785917304,598088,14240,83886080,0,0,0,5465,5465,14,7.1
1785917314,597840,14240,83886080,0,0,0,5497,5497,15,7.2
1785917324,597240,14240,83886080,0,0,0,5531,5531,14,7.2
1785917334,603388,14240,83886080,0,0,0,5565,5563,17,7.2
1785917344,597340,14240,83886080,0,0,0,5599,5599,12,7.2
1785917354,597756,14240,83886080,0,0,0,5633,5633,12,7.2
1785917364,597180,14240,83886080,0,0,0,5662,5662,15,7.2
1785917374,597116,14240,83886080,0,0,0,5697,5697,11,7.2
1785917384,597232,14240,83886080,0,0,0,5729,5729,13,7.2
1785917394,604508,14240,83886080,0,0,0,5763,5763,14,7.2
1785917404,598132,14240,83886080,0,0,0,5797,5797,13,7.2
1785917415,597932,14240,83886080,0,0,0,5829,5829,14,7.2
1785917425,599516,14240,83886080,0,0,0,5861,5861,13,7.2
1785917435,597048,14240,83886080,0,0,0,5893,5893,12,7.2
1785917445,597824,14240,83886080,0,0,0,5925,5925,12,7.2
1785917455,601016,14240,83886080,0,0,0,5955,5955,13,7.2
1785917465,600292,14240,83886080,0,0,0,5987,5987,14,7.2
1785917475,598444,14240,83886080,0,0,0,6019,6019,14,7.2
1785917485,600064,14240,83886080,0,0,0,6049,6049,14,7.2
1785917495,598176,14240,83886080,0,0,0,6081,6081,13,7.2
1785917505,596884,14240,83886080,0,0,0,6113,6113,14,7.2
1785917515,598952,14240,83886080,0,0,0,6143,6143,15,7.2
1785917526,598172,14240,83886080,0,0,0,6175,6175,15,7.2
1785917536,598104,14240,83886080,0,0,0,6209,6209,11,7.2
1785917546,598628,14240,83886080,0,0,0,6235,6235,14,7.2
1785917556,600720,14240,83886080,0,0,0,6268,6268,13,7.2
1785917566,600028,14240,83886080,0,0,0,6299,6299,14,7.2
1785917576,600496,14240,83886080,0,0,0,6330,6330,12,7.2
1785917586,599460,14240,83886080,0,0,0,6363,6362,12,7.2
1785917596,599116,14240,83886080,0,0,0,6393,6393,13,7.2
1785917606,600056,14240,83886080,0,0,0,6423,6423,13,7.2
1785917616,596500,14240,83886080,0,0,0,6456,6456,13,7.2
1785917626,600164,14240,83886080,0,0,0,6487,6487,13,7.2
1785917636,595424,14240,83886080,0,0,0,6519,6519,12,7.2
1785917647,603040,14240,83886080,0,0,0,6551,6551,13,7.2
1785917657,599444,14240,83886080,0,0,0,6581,6580,15,7.2
1785917667,600028,14240,83886080,0,0,0,6613,6613,12,7.2
1785917677,598832,14240,83886080,0,0,0,6645,6645,13,7.2
1785917687,597068,14240,83886080,0,0,0,6675,6675,15,7.2
1785917697,596652,14240,83886080,0,0,0,6707,6707,15,7.2
1785917707,598112,14240,83886080,0,0,0,6739,6739,12,7.2
1785917717,598840,14240,83886080,0,0,0,6769,6769,14,7.2
1785917727,596208,14240,83886080,0,0,0,6805,6805,13,7.2
1785917737,598620,14240,83886080,0,0,0,6839,6839,12,7.2
1785917748,596552,14240,83886080,0,0,0,6867,6867,12,7.2
1785917758,603368,14240,83886080,0,0,0,6901,6901,13,7.2
1785917768,598204,14240,83886080,0,0,0,6934,6934,13,7.2
1785917778,600528,14240,83886080,0,0,0,6966,6965,13,7.2
1785917788,596340,14240,83886080,0,0,0,7000,6999,14,7.2
1785917798,601708,14240,83886080,0,0,0,7033,7033,14,7.2
1785917808,600352,14240,83886080,0,0,0,7066,7066,12,7.2
1785917818,598240,14240,83886080,0,0,0,7099,7099,13,7.3
1785917828,599444,14240,83886080,0,0,0,7132,7132,15,7.3
1785917838,595608,14240,83886080,0,0,0,7164,7164,13,7.3
1785917848,600524,14240,83886080,0,0,0,7198,7198,12,7.3
1785917859,601672,14240,83886080,0,0,0,7227,7227,17,7.3
1785917869,601152,14240,83886080,0,0,0,7261,7261,13,7.3
1785917879,598396,14240,83886080,0,0,0,7294,7294,14,7.3
1785917889,599908,14240,83886080,0,0,0,7328,7328,11,7.3
1785917899,598240,14240,83886080,0,0,0,7360,7360,14,7.3
1785917909,598184,14240,83886080,0,0,0,7394,7394,12,7.3
1785917919,598048,14240,83886080,0,0,0,7426,7426,13,7.3
1785917929,599976,14240,83886080,0,0,0,7459,7459,14,7.3
1785917939,598836,14240,83886080,0,0,0,7493,7493,14,7.3
1785917949,596308,14240,83886080,0,0,0,7524,7524,12,7.3
1785917959,597844,14240,83886080,0,0,0,7556,7556,14,7.3
1785917969,599696,14240,83886080,0,0,0,7590,7590,14,7.3
1785917979,598548,14240,83886080,0,0,0,7622,7622,13,7.3
1785917990,599420,14240,83886080,0,0,0,7654,7654,16,7.3
1785918000,599012,14240,83886080,0,0,0,7686,7685,17,7.3
1785918010,600988,14240,83886080,0,0,0,7720,7720,13,7.3
1785918020,599384,14240,83886080,0,0,0,7751,7751,14,7.3
1785918030,604816,14240,83886080,0,0,0,7783,7783,14,7.3
1785918040,598220,14240,83886080,0,0,0,7815,7815,13,7.3
1785918050,602740,14240,83886080,0,0,0,7849,7849,12,7.3
1785918060,598244,14240,83886080,0,0,0,7881,7881,12,7.3
1785918070,601876,14240,83886080,0,0,0,7913,7913,13,7.3
1785918080,600024,14240,83886080,0,0,0,7947,7947,11,7.3
1785918090,599424,14240,83886080,0,0,0,7976,7975,14,7.3
1785918100,600204,14240,83886080,0,0,0,8010,8009,13,7.3
1785918110,597556,14240,83886080,0,0,0,8042,8042,13,7.3
1785918121,598924,14240,83886080,0,0,0,8073,8073,13,7.3
1785918131,598732,14240,83886080,0,0,0,8105,8105,13,7.3
1785918141,598176,14240,83886080,0,0,0,8139,8139,13,7.3
1785918151,597076,14240,83886080,0,0,0,8168,8167,15,7.3
1785918161,600940,14240,83886080,0,0,0,8202,8202,11,7.3
1785918171,599500,14240,83886080,0,0,0,8234,8234,14,7.3
1785918181,598228,14240,83886080,0,0,0,8265,8265,13,7.3
1785918191,597780,14240,83886080,0,0,0,8299,8299,13,7.3
1785918201,599692,14240,83886080,0,0,0,8331,8331,12,7.3
1785918211,599948,14240,83886080,0,0,0,8362,8362,11,7.3
1785918221,598328,14240,83886080,0,0,0,8394,8394,13,7.3
1785918231,602216,14240,83886080,0,0,0,8426,8426,12,7.3
1785918242,597420,14240,83886080,0,0,0,8460,8460,13,7.3
1785918252,599808,14240,83886080,0,0,0,8492,8492,13,7.3
1785918262,597688,14240,83886080,0,0,0,8524,8524,12,7.3
1785918272,598388,14240,83886080,0,0,0,8556,8556,13,7.3
1785918282,598144,14240,83886080,0,0,0,8590,8590,11,7.3
1785918292,599256,14240,83886080,0,0,0,8622,8622,12,7.3
1785918302,597564,14240,83886080,0,0,0,8654,8654,13,7.3
1785918312,598580,14240,83886080,0,0,0,8688,8688,12,7.3
1785918322,602776,14240,83886080,0,0,0,8718,8717,15,7.3
1785918332,596144,14240,83886080,0,0,0,8752,8752,12,7.3
1785918342,599524,14240,83886080,0,0,0,8784,8784,14,7.3
1785918353,598996,14240,83886080,0,0,0,8815,8815,14,7.3
1785918363,598660,14240,83886080,0,0,0,8849,8849,16,7.3
1785918373,600636,14240,83886080,0,0,0,8885,8885,12,7.3
1785918383,601468,14240,83886080,0,0,0,8917,8917,12,7.3
1785918393,597416,14240,83886080,0,0,0,8950,8950,12,7.3
1785918403,603260,14240,83886080,0,0,0,8980,8979,17,7.3
1785918413,600532,14240,83886080,0,0,0,9015,9015,14,7.3
1785918423,597748,14240,83886080,0,0,0,9049,9049,12,7.3
1785918433,605288,14240,83886080,0,0,0,9081,9081,12,7.3
1785918443,597668,14240,83886080,0,0,0,9115,9113,16,7.3
1785918453,604328,14240,83886080,0,0,0,9147,9147,15,7.3
1785918463,599184,14240,83886080,0,0,0,9179,9179,12,7.4
1785918473,599740,14240,83886080,0,0,0,9212,9211,15,7.4
1785918484,602964,14240,83886080,0,0,0,9245,9245,15,7.4
1785918494,599708,14240,83886080,0,0,0,9277,9277,16,7.4
1785918504,598968,14240,83886080,0,0,0,9311,9311,14,7.4
1785918514,596756,14240,83886080,0,0,0,9346,9345,13,7.4
1785918524,597476,14240,83886080,0,0,0,9378,9378,11,7.4
1785918534,601584,14240,83886080,0,0,0,9411,9411,13,7.4
1785918544,603844,14240,83886080,0,0,0,9442,9441,16,7.4
1785918554,600576,14240,83886080,0,0,0,9477,9476,14,7.4
1785918564,601480,14240,83886080,0,0,0,9509,9509,14,7.4
1785918574,599616,14240,83886080,0,0,0,9543,9543,12,7.4
1785918584,600620,14240,83886080,0,0,0,9575,9575,13,7.4
1785918594,596748,14240,83886080,0,0,0,9610,9610,14,7.4
1785918604,597392,14240,83886080,0,0,0,9642,9642,13,7.4
1785918615,596392,14240,83886080,0,0,0,9674,9674,13,7.4
1785918625,595804,14240,83886080,0,0,0,9708,9708,12,7.4
1785918635,596656,14240,83886080,0,0,0,9740,9740,13,7.4
1785918645,595956,14240,83886080,0,0,0,9772,9772,13,7.4
1785918655,599508,14240,83886080,0,0,0,9805,9804,13,7.4
1785918665,598840,14240,83886080,0,0,0,9834,9834,13,7.4
1785918675,597452,14240,83886080,0,0,0,9866,9866,13,7.4
1785918685,596668,14240,83886080,0,0,0,9900,9900,12,7.4
1785918695,595608,14240,83886080,0,0,0,9930,9930,13,7.4
1785918705,597108,14240,83886080,0,0,0,9962,9962,13,7.4
1785918715,603716,14240,83886080,0,0,0,9994,9994,13,7.4
1785918726,596308,14240,83886080,0,0,0,10026,10026,13,7.4
1785918736,598448,14240,83886080,0,0,0,10058,10058,13,7.4
1785918746,595432,14240,83886080,0,0,0,10088,10088,14,7.4
1785918756,596504,14240,83886080,0,0,0,10120,10120,14,7.4
1785918766,596304,14240,83886080,0,0,0,10154,10154,12,7.4
1785918776,601484,14240,83886080,0,0,0,10182,10182,15,7.4
1785918786,601120,14240,83886080,0,0,0,10216,10216,14,7.4
1785918796,599960,14240,83886080,0,0,0,10248,10248,14,7.4
1785918806,596844,14240,83886080,0,0,0,10280,10280,11,7.4
1785918816,597808,14240,83886080,0,0,0,10312,10312,14,7.3
1785918826,599876,14240,83886080,0,0,0,10344,10344,12,7.3
1785918837,602284,14240,83886080,0,0,0,10373,10373,13,7.3
1785918847,598656,14240,83886080,0,0,0,10406,10406,13,7.3
1785918857,603988,14240,83886080,0,0,0,10438,10438,13,7.3
1785918867,597064,14240,83886080,0,0,0,10470,10470,12,7.3
1785918877,597024,14240,83886080,0,0,0,10502,10502,13,7.3
1785918887,604124,14240,83886080,0,0,0,10534,10534,13,7.3
1785918897,598516,14240,83886080,0,0,0,10564,10564,12,7.3
1785918907,597920,14240,83886080,0,0,0,10598,10598,12,7.3
1785918917,599492,14240,83886080,0,0,0,10630,10630,13,7.3
1785918927,599228,14240,83886080,0,0,0,10662,10662,12,7.3
1785918937,599676,14240,83886080,0,0,0,10696,10696,12,7.3
1785918947,599112,14240,83886080,0,0,0,10728,10728,12,7.3
1785918957,597956,14240,83886080,0,0,0,10760,10760,13,7.3
1785918968,599248,14240,83886080,0,0,0,10793,10793,14,7.3
1785918978,600648,14240,83886080,0,0,0,10826,10826,12,7.3
1785918988,598824,14240,83886080,0,0,0,10858,10858,13,7.3
1785918998,596692,14240,83886080,0,0,0,10890,10890,13,7.4
1785919008,601604,14240,83886080,0,0,0,10924,10924,14,7.4
1785919018,597808,14240,83886080,0,0,0,10956,10956,13,7.4
1785919028,601248,14240,83886080,0,0,0,10988,10988,13,7.4
1785919038,606672,14240,83886080,0,0,0,11018,11018,17,7.4
1785919048,597264,14240,83886080,0,0,0,11054,11054,13,7.4
1785919058,601188,14240,83886080,0,0,0,11086,11086,14,7.4
1785919068,596136,14240,83886080,0,0,0,11116,11116,16,7.4
1785919078,600348,14240,83886080,0,0,0,11150,11150,13,7.4
1785919089,601040,14240,83886080,0,0,0,11182,11182,15,7.4
1785919099,596840,14240,83886080,0,0,0,11214,11214,12,7.4
1785919109,599224,14240,83886080,0,0,0,11248,11248,13,7.4
1785919119,602244,14240,83886080,0,0,0,11280,11280,15,7.4
1785919129,597860,14240,83886080,0,0,0,11312,11312,13,7.4
1785919139,599944,14240,83886080,0,0,0,11345,11344,14,7.4
1785919149,599500,14240,83886080,0,0,0,11378,11378,14,7.4
1785919159,603680,14240,83886080,0,0,0,11406,11406,15,7.4
1785919169,600548,14240,83886080,0,0,0,11440,11440,14,7.4
1785919179,596816,14240,83886080,0,0,0,11476,11476,12,7.4
1785919190,598112,14240,83886080,0,0,0,11504,11504,15,7.4
1785919200,596768,14240,83886080,0,0,0,11538,11538,14,7.4
1785919210,597992,14240,83886080,0,0,0,11572,11572,13,7.4
1785919220,596764,14240,83886080,0,0,0,11602,11602,13,7.4
1785919230,596636,14240,83886080,0,0,0,11634,11634,14,7.4
1785919240,602684,14240,83886080,0,0,0,11668,11668,12,7.4
1785919250,599584,14240,83886080,0,0,0,11698,11698,12,7.4
1785919260,600272,14240,83886080,0,0,0,11730,11730,13,7.4
1785919270,598556,14240,83886080,0,0,0,11762,11762,14,7.4
1785919280,598032,14240,83886080,0,0,0,11794,11794,12,7.4
1785919290,601064,14240,83886080,0,0,0,11826,11826,14,7.4
1785919300,604488,14240,83886080,0,0,0,11856,11856,16,7.4
1785919310,599404,14240,83886080,0,0,0,11888,11888,13,7.4
1785919320,601800,14240,83886080,0,0,0,11922,11922,13,7.4
1785919331,597536,14240,83886080,0,0,0,11954,11954,12,7.4
1785919341,598400,14240,83886080,0,0,0,11986,11986,14,7.4
1785919351,598088,14240,83886080,0,0,0,12020,12019,13,7.4
1785919361,605796,14240,83886080,0,0,0,12048,12048,12,7.4
1785919371,598820,14240,83886080,0,0,0,12080,12080,14,7.4
1785919381,599432,14240,83886080,0,0,0,12114,12114,12,7.4
1785919391,596580,14240,83886080,0,0,0,12146,12146,11,7.4
1785919401,596080,14240,83886080,0,0,0,12178,12178,13,7.4
1785919411,598052,14240,83886080,0,0,0,12210,12210,13,7.4
1785919421,598340,14240,83886080,0,0,0,12240,12240,12,7.4
1785919431,599932,14240,83886080,0,0,0,12272,12272,13,7.4
1785919441,598476,14240,83886080,0,0,0,12304,12304,14,7.4
1785919452,599312,14240,83886080,0,0,0,12334,12334,14,7.4
1785919462,598952,14240,83886080,0,0,0,12366,12366,15,7.4
1785919472,602704,14240,83886080,0,0,0,12400,12400,12,7.4
1785919482,601040,14240,83886080,0,0,0,12431,12431,13,7.4
1785919492,599472,14240,83886080,0,0,0,12463,12463,14,7.5
1785919502,600152,14240,83886080,0,0,0,12494,12494,16,7.5
1785919512,597852,14240,83886080,0,0,0,12526,12526,13,7.5
1785919522,600756,14240,83886080,0,0,0,12558,12558,15,7.5
1785919532,600160,14240,83886080,0,0,0,12592,12592,13,7.5
1785919542,597748,14240,83886080,0,0,0,12624,12624,12,7.5
1785919552,597564,14240,83886080,0,0,0,12656,12656,13,7.5
1785919562,600768,14240,83886080,0,0,0,12687,12686,14,7.5
1785919572,599764,14240,83886080,0,0,0,12720,12719,15,7.5
1785919583,600856,14240,83886080,0,0,0,12753,12753,13,7.5
1785919593,600096,14240,83886080,0,0,0,12784,12784,13,7.5
1785919603,597088,14240,83886080,0,0,0,12816,12816,15,7.5
1785919613,597992,14240,83886080,0,0,0,12850,12850,14,7.5
1785919623,597952,14240,83886080,0,0,0,12882,12882,13,7.5
1785919633,604356,14240,83886080,0,0,0,12914,12914,13,7.5
1785919643,597456,14240,83886080,0,0,0,12948,12948,12,7.5
1785919653,602564,14240,83886080,0,0,0,12977,12977,13,7.5
1785919663,600632,14240,83886080,0,0,0,13011,13011,12,7.5
1785919673,600444,14240,83886080,0,0,0,13043,13043,13,7.5
1785919683,599968,14240,83886080,0,0,0,13075,13075,13,7.5
1785919694,596560,14240,83886080,0,0,0,13109,13109,12,7.5
1785919704,597660,14240,83886080,0,0,0,13141,13141,14,7.5
1785919714,599592,14240,83886080,0,0,0,13172,13172,12,7.5
1785919724,596472,14240,83886080,0,0,0,13205,13205,13,7.5
1785919734,602012,14240,83886080,0,0,0,13235,13235,16,7.5
1785919744,601100,14240,83886080,0,0,0,13267,13267,15,7.5
1785919754,598668,14240,83886080,0,0,0,13301,13301,13,7.5
1785919764,599244,14240,83886080,0,0,0,13331,13329,18,7.5
1785919774,597300,14240,83886080,0,0,0,13365,13365,11,7.5
1785919784,597596,14240,83886080,0,0,0,13397,13397,11,7.5
1785919795,598060,14240,83886080,0,0,0,13427,13427,14,7.5
1785919805,599148,14240,83886080,0,0,0,13461,13461,12,7.5
1785919815,599740,14240,83886080,0,0,0,13493,13493,15,7.5
1785919825,598996,14240,83886080,0,0,0,13525,13525,13,7.5
1785919835,601348,14240,83886080,0,0,0,13561,13561,12,7.5
1785919845,598836,14240,83886080,0,0,0,13595,13595,13,7.5
1785919855,598956,14240,83886080,0,0,0,13627,13627,12,7.5
1785919865,601236,14240,83886080,0,0,0,13662,13662,13,7.5
1785919875,598908,14240,83886080,0,0,0,13697,13697,12,7.5
1785919885,605972,14240,83886080,0,0,0,13729,13729,15,7.5
1785919895,602792,14240,83886080,0,0,0,13763,13763,14,7.5
1785919905,598424,14240,83886080,0,0,0,13795,13795,14,7.5
1785919916,602308,14240,83886080,0,0,0,13831,13831,12,7.5
1785919926,602276,14240,83886080,0,0,0,13865,13865,14,7.5
1785919936,597104,14240,83886080,0,0,0,13897,13897,14,7.5
1785919946,604324,14240,83886080,0,0,0,13931,13931,14,7.5
1785919956,599636,14240,83886080,0,0,0,13967,13967,12,7.5
1785919966,608332,14240,83886080,0,0,0,13997,13997,13,7.5
1785919976,602844,14240,83886080,0,0,0,14031,14031,14,7.5
1785919986,597908,14240,83886080,0,0,0,14067,14067,13,7.5
1785919996,602640,14240,83886080,0,0,0,14100,14100,14,7.5
1785920007,600896,14240,83886080,0,0,0,14137,14137,12,7.6
1785920017,604620,14240,83886080,0,0,0,14169,14169,15,7.6
1785920027,603656,14240,83886080,0,0,0,14203,14203,13,7.6
1785920037,597100,14240,83886080,0,0,0,14239,14239,12,7.6
1785920047,595940,14240,83886080,0,0,0,14271,14271,13,7.6
1785920057,598436,14240,83886080,0,0,0,14305,14305,11,7.6
1785920067,597912,14240,83886080,0,0,0,14339,14339,13,7.6
1785920077,601432,14240,83886080,0,0,0,14370,14370,14,7.6
1785920087,600180,14240,83886080,0,0,0,14405,14405,14,7.6
1785920097,600080,14240,83886080,0,0,0,14439,14439,12,7.6
1785920107,597508,14240,83886080,0,0,0,14471,14471,12,7.6
1785920117,602636,14240,83886080,0,0,0,14505,14505,14,7.6
1785920128,603856,14240,83886080,0,0,0,14538,14535,17,7.6
1785920138,602536,14240,83886080,0,0,0,14571,14571,15,7.6
1785920148,601272,14240,83886080,0,0,0,14605,14605,15,7.6
1785920158,599780,14240,83886080,0,0,0,14637,14637,13,7.6
1785920168,598272,14240,83886080,0,0,0,14673,14673,11,7.6
1785920178,597164,14240,83886080,0,0,0,14707,14707,12,7.6
1785920188,601944,14240,83886080,0,0,0,14739,14739,14,7.6
1785920198,595304,14240,83886080,0,0,0,14774,14774,13,7.6
1785920208,600612,14240,83886080,0,0,0,14808,14807,14,7.6
1785920218,599816,14240,83886080,0,0,0,14840,14840,13,7.6
1785920228,598972,14240,83886080,0,0,0,14873,14873,14,7.6
1785920238,598516,14240,83886080,0,0,0,14907,14907,12,7.6
1785920249,599856,14240,83886080,0,0,0,14940,14940,12,7.6
1785920259,597436,14240,83886080,0,0,0,14974,14974,13,7.6
1785920269,603604,14240,83886080,0,0,0,15007,15007,12,7.6
1785920279,603724,14240,83886080,0,0,0,15041,15041,14,7.6
1785920289,607060,14240,83886080,0,0,0,15075,15075,14,7.6
1785920299,602516,14240,83886080,0,0,0,15108,15108,12,7.6
1785920309,600400,14240,83886080,0,0,0,15142,15142,13,7.6
1785920319,600196,14240,83886080,0,0,0,15176,15176,13,7.6
1785920329,595420,14240,83886080,0,0,0,15210,15210,12,7.6
1785920339,599280,14240,83886080,0,0,0,15242,15242,16,7.6
1785920349,599276,14240,83886080,0,0,0,15277,15277,15,7.6
1785920360,600248,14240,83886080,0,0,0,15309,15309,12,7.6
1785920370,598204,14240,83886080,0,0,0,15343,15343,13,7.6
1785920380,597896,14240,83886080,0,0,0,15375,15375,14,7.6
1785920390,599760,14240,83886080,0,0,0,15410,15410,12,7.6
1785920400,598584,14240,83886080,0,0,0,15443,15443,13,7.6
1785920410,603648,14240,83886080,0,0,0,15467,15466,18,7.6
1785920420,597008,14240,83886080,0,0,0,15489,15489,13,7.6
1785920430,598260,14240,83886080,0,0,0,15522,15522,14,7.6
1785920441,599520,14240,83886080,0,0,0,15556,15556,14,7.6
1785920451,604948,14240,83886080,0,0,0,15588,15588,14,7.6
1785920461,600284,14240,83886080,0,0,0,15622,15622,14,7.6
1785920471,597756,14240,83886080,0,0,0,15657,15657,11,7.6
1785920481,597472,14240,83886080,0,0,0,15688,15688,14,7.6
1785920491,596676,14240,83886080,0,0,0,15721,15721,14,7.6
1785920501,606932,14240,83886080,0,0,0,15752,15752,16,7.6
1785920511,604076,14240,83886080,0,0,0,15788,15787,12,7.6
1785920521,597768,14240,83886080,0,0,0,15820,15820,13,7.6
1785920531,600364,14240,83886080,0,0,0,15850,15850,16,7.6
1785920541,597928,14240,83886080,0,0,0,15884,15884,12,7.6
1785920552,598736,14240,83886080,0,0,0,15916,15916,13,7.6
1785920562,598044,14240,83886080,0,0,0,15948,15948,12,7.6
1785920572,599184,14240,83886080,0,0,0,15980,15980,14,7.6
1785920582,602808,14240,83886080,0,0,0,16014,16014,13,7.6
1785920592,600328,14240,83886080,0,0,0,16046,16046,13,7.6
1785920602,597296,14240,83886080,0,0,0,16080,16079,13,7.6
1785920612,596532,14240,83886080,0,0,0,16114,16114,13,7.6
1785920622,597880,14240,83886080,0,0,0,16144,16144,14,7.6
1785920632,601740,14240,83886080,0,0,0,16179,16179,14,7.6
1785920642,601296,14240,83886080,0,0,0,16213,16212,14,7.6
1785920652,599456,14240,83886080,0,0,0,16244,16244,13,7.6
1785920663,598704,14240,83886080,0,0,0,16278,16278,13,7.6
1785920673,601636,14240,83886080,0,0,0,16309,16308,16,7.6
1785920683,599624,14240,83886080,0,0,0,16344,16344,12,7.6
1785920693,597256,14240,83886080,0,0,0,16376,16376,14,7.6
1785920703,598028,14240,83886080,0,0,0,16407,16407,13,7.6
1785920713,597224,14240,83886080,0,0,0,16441,16441,13,7.6
1785920723,601988,14240,83886080,0,0,0,16474,16474,13,7.6
1785920733,602068,14240,83886080,0,0,0,16505,16505,13,7.6
1785920743,600240,14240,83886080,0,0,0,16537,16537,12,7.6
1785920753,602256,14240,83886080,0,0,0,16571,16571,12,7.6
1785920764,599828,14240,83886080,0,0,0,16603,16603,11,7.6
1785920774,597908,14240,83886080,0,0,0,16635,16635,12,7.6
1785920784,600004,14240,83886080,0,0,0,16668,16668,13,7.6
1785920794,602084,14240,83886080,0,0,0,16700,16700,12,7.6
1785920804,597564,14240,83886080,0,0,0,16732,16732,13,7.6
1785920814,598348,14240,83886080,0,0,0,16767,16766,13,7.6
1785920824,598736,14240,83886080,0,0,0,16798,16798,13,7.6
1785920834,597856,14240,83886080,0,0,0,16831,16831,13,7.6
1785920844,605600,14240,83886080,0,0,0,16862,16862,15,7.6
1785920854,597292,14240,83886080,0,0,0,16894,16894,13,7.6
1785920864,603500,14240,83886080,0,0,0,16926,16926,13,7.6
1785920874,602376,14240,83886080,0,0,0,16960,16960,12,7.6
1785920885,598384,14240,83886080,0,0,0,16992,16992,13,7.6
1785920895,598428,14240,83886080,0,0,0,17026,17026,14,7.6
1785920905,602696,14240,83886080,0,0,0,17057,17057,13,7.6
1785920915,597116,14240,83886080,0,0,0,17090,17090,13,7.6
1785920925,598864,14240,83886080,0,0,0,17122,17122,14,7.6
1785920935,598796,14240,83886080,0,0,0,17153,17153,14,7.6
1785920945,599804,14240,83886080,0,0,0,17188,17187,13,7.7
1785920955,599132,14240,83886080,0,0,0,17221,17221,13,7.7
1785920965,601168,14240,83886080,0,0,0,17251,17251,12,7.7
1785920976,600472,14240,83886080,0,0,0,17283,17283,14,7.7
1785920986,597740,14240,83886080,0,0,0,17317,17317,13,7.7
1785920996,598476,14240,83886080,0,0,0,17349,17349,12,7.7
1785921006,597736,14240,83886080,0,0,0,17381,17381,13,7.7
1785921016,597344,14240,83886080,0,0,0,17415,17415,13,7.7
1785921026,598880,14240,83886080,0,0,0,17446,17446,13,7.7
1785921036,598252,14240,83886080,0,0,0,17479,17479,15,7.7
1785921046,599348,14240,83886080,0,0,0,17510,17509,18,7.7
1785921056,598160,14240,83886080,0,0,0,17545,17545,14,7.7
1785921066,597136,14240,83886080,0,0,0,17579,17579,13,7.7
1785921076,605740,14240,83886080,0,0,0,17611,17610,15,7.7
1785921086,598344,14240,83886080,0,0,0,17644,17644,15,7.7
1785921097,598872,14240,83886080,0,0,0,17678,17678,14,7.7
1785921107,596132,14240,83886080,0,0,0,17710,17710,12,7.7
1785921117,597760,14240,83886080,0,0,0,17744,17744,12,7.7
1785921127,599380,14240,83886080,0,0,0,17777,17776,15,7.7
1785921137,601048,14240,83886080,0,0,0,17808,17808,12,7.7
1785921147,603212,14240,83886080,0,0,0,17841,17841,13,7.7
1785921157,599188,14240,83886080,0,0,0,17874,17874,15,7.7
1785921167,596944,14240,83886080,0,0,0,17906,17906,12,7.7
1785921177,597232,14240,83886080,0,0,0,17940,17940,12,7.7
1785921187,597692,14240,83886080,0,0,0,17972,17972,16,7.7
1785921197,600880,14240,83886080,0,0,0,18004,18004,14,7.7
1785921208,596792,14240,83886080,0,0,0,18040,18040,12,7.7
1785921218,599076,14240,83886080,0,0,0,18071,18070,16,7.7
1785921228,600872,14240,83886080,0,0,0,18104,18104,14,7.7
1785921238,602128,14240,83886080,0,0,0,18138,18138,14,7.7
1785921248,599068,14240,83886080,0,0,0,18168,18168,18,7.7
1785921258,599856,14240,83886080,0,0,0,18204,18204,13,7.7
1785921268,598152,14240,83886080,0,0,0,18238,18238,12,7.7
1785921278,603544,14240,83886080,0,0,0,18270,18270,13,7.7
1785921288,601720,14240,83886080,0,0,0,18303,18303,13,7.7
1785921298,597620,14240,83886080,0,0,0,18337,18337,13,7.7
1785921308,599288,14240,83886080,0,0,0,18368,18368,14,7.7
1785921318,597992,14240,83886080,0,0,0,18402,18402,13,7.7
1785921329,599272,14240,83886080,0,0,0,18434,18434,14,7.7
1785921339,599172,14240,83886080,0,0,0,18462,18462,12,7.7
1785921349,599988,14240,83886080,0,0,0,18494,18493,13,7.7
1785921359,600652,14240,83886080,0,0,0,18524,18524,14,7.7
1785921369,601984,14240,83886080,0,0,0,18554,18554,13,7.7
1785921379,598592,14240,83886080,0,0,0,18586,18586,12,7.6
1785921389,598288,14240,83886080,0,0,0,18618,18618,11,7.6
1785921399,603536,14240,83886080,0,0,0,18645,18645,12,7.6
1785921409,598416,14240,83886080,0,0,0,18676,18676,13,7.6
1785921419,599212,14240,83886080,0,0,0,18708,18708,12,7.6
1785921429,597968,14240,83886080,0,0,0,18736,18736,12,7.6
1785921440,597920,14240,83886080,0,0,0,18768,18768,12,7.6
1785921450,604900,14240,83886080,0,0,0,18798,18798,16,7.6
1785921460,599532,14240,83886080,0,0,0,18830,18830,13,7.6
1785921470,602792,14240,83886080,0,0,0,18860,18860,13,7.6
1785921480,596980,14240,83886080,0,0,0,18892,18892,13,7.6
1785921490,599084,14240,83886080,0,0,0,18921,18921,15,7.6
1785921500,597032,14240,83886080,0,0,0,18953,18953,12,7.6
1785921510,598356,14240,83886080,0,0,0,18983,18983,13,7.6
1785921520,596988,14240,83886080,0,0,0,19014,19014,15,7.6
1785921530,598064,14240,83886080,0,0,0,19045,19045,14,7.6
1785921540,601324,14240,83886080,0,0,0,19076,19076,13,7.6
1785921550,601876,14240,83886080,0,0,0,19107,19107,13,7.6
1785921560,602108,14240,83886080,0,0,0,19138,19138,14,7.6
1785921570,601972,14240,83886080,0,0,0,19170,19170,14,7.6
1785921581,599380,14240,83886080,0,0,0,19199,19199,13,7.6
1785921591,604452,14240,83886080,0,0,0,19231,19231,13,7.6
1785921601,600244,14240,83886080,0,0,0,19261,19261,15,7.6
1785921611,600716,14240,83886080,0,0,0,19293,19293,13,7.6
1785921621,600700,14240,83886080,0,0,0,19325,19325,13,7.6
1785921631,601548,14240,83886080,0,0,0,19355,19355,15,7.6
1785921641,597888,14240,83886080,0,0,0,19388,19388,13,7.6
1785921651,603848,14240,83886080,0,0,0,19421,19421,12,7.6
1785921661,596152,14240,83886080,0,0,0,19453,19451,15,7.6
1785921671,601664,14240,83886080,0,0,0,19485,19485,12,7.6
1785921681,603784,14240,83886080,0,0,0,19519,19519,14,7.6
1785921691,602056,14240,83886080,0,0,0,19548,19548,16,7.6
1785921701,599444,14240,83886080,0,0,0,19583,19583,15,7.6
1785921712,596532,14240,83886080,0,0,0,19618,19618,11,7.6
1785921722,600724,14240,83886080,0,0,0,19650,19650,12,7.6
1785921732,604484,14240,83886080,0,0,0,19682,19682,13,7.6
1785921742,597928,14240,83886080,0,0,0,19716,19716,12,7.6
1785921752,598476,14240,83886080,0,0,0,19747,19747,13,7.6
1785921762,600188,14240,83886080,0,0,0,19780,19780,14,7.6
1785921772,597676,14240,83886080,0,0,0,19814,19814,13,7.6
1785921782,599728,14240,83886080,0,0,0,19843,19843,14,7.6
1785921792,600540,14240,83886080,0,0,0,19877,19877,13,7.6
1785921802,600876,14240,83886080,0,0,0,19909,19909,14,7.6
1785921812,598256,14240,83886080,0,0,0,19941,19941,14,7.6
1785921822,601652,14240,83886080,0,0,0,19975,19975,13,7.6
1785921832,600372,14240,83886080,0,0,0,20007,20007,12,7.6
1785921843,599656,14240,83886080,0,0,0,20039,20039,13,7.6
1785921853,596756,14240,83886080,0,0,0,20073,20073,13,7.6
1785921863,599700,14240,83886080,0,0,0,20105,20105,12,7.6
1785921873,598700,14240,83886080,0,0,0,20137,20137,14,7.6
1785921883,599260,14240,83886080,0,0,0,20171,20171,13,7.6
1785921893,598768,14240,83886080,0,0,0,20203,20203,14,7.6
1785921903,596308,14240,83886080,0,0,0,20237,20237,12,7.6
1785921913,599404,14240,83886080,0,0,0,20269,20269,15,7.6
1785921923,600004,14240,83886080,0,0,0,20301,20301,13,7.6
1785921933,602416,14240,83886080,0,0,0,20332,20332,12,7.6
1785921943,601384,14240,83886080,0,0,0,20363,20363,14,7.6
1785921954,596204,14240,83886080,0,0,0,20394,20394,13,7.6
1785921964,598188,14240,83886080,0,0,0,20425,20425,13,7.6
1785921974,597544,14240,83886080,0,0,0,20457,20457,11,7.6
1785921984,599404,14240,83886080,0,0,0,20485,20485,13,7.6
1785921994,597236,14240,83886080,0,0,0,20517,20517,13,7.6
1785922004,598108,14240,83886080,0,0,0,20548,20548,14,7.6
1785922014,599244,14240,83886080,0,0,0,20577,20577,14,7.6
1785922024,599952,14240,83886080,0,0,0,20609,20609,12,7.6
1785922034,597996,14240,83886080,0,0,0,20641,20641,12,7.6
1785922044,598128,14240,83886080,0,0,0,20671,20671,13,7.6
1785922055,599144,14240,83886080,0,0,0,20703,20703,14,7.6
1785922065,600324,14240,83886080,0,0,0,20735,20735,13,7.5
1785922075,597864,14240,83886080,0,0,0,20765,20765,14,7.5
1785922085,600400,14240,83886080,0,0,0,20797,20797,13,7.5
1785922095,599704,14240,83886080,0,0,0,20828,20827,14,7.5
1785922105,597336,14240,83886080,0,0,0,20858,20858,12,7.5
1785922115,597584,14240,83886080,0,0,0,20891,20890,13,7.5
1785922125,607672,14240,83886080,0,0,0,20919,20919,15,7.5
1785922135,599844,14240,83886080,0,0,0,20951,20951,11,7.5
1785922145,599732,14240,83886080,0,0,0,20981,20981,13,7.5
1785922155,603920,14240,83886080,0,0,0,21010,21009,16,7.5
1785922165,598840,14240,83886080,0,0,0,21041,21041,13,7.5
1785922176,600704,14240,83886080,0,0,0,21073,21073,13,7.5
1785922186,599940,14240,83886080,0,0,0,21103,21103,15,7.5
1785922196,601652,14240,83886080,0,0,0,21135,21135,13,7.5
1785922206,607048,14240,83886080,0,0,0,21165,21165,14,7.5
1785922216,601608,14240,83886080,0,0,0,21194,21193,16,7.5
1785922226,598516,14240,83886080,0,0,0,21227,21227,14,7.5
1785922236,602460,14240,83886080,0,0,0,21261,21261,14,7.5
1785922246,596244,14240,83886080,0,0,0,21295,21295,12,7.5
1785922256,603848,14240,83886080,0,0,0,21327,21327,13,7.5
1785922266,602040,14240,83886080,0,0,0,21361,21361,14,7.5
1785922276,598396,14240,83886080,0,0,0,21393,21393,16,7.5
1785922286,599548,14240,83886080,0,0,0,21429,21429,12,7.5
1785922297,598784,14240,83886080,0,0,0,21463,21463,13,7.5
1785922307,601504,14240,83886080,0,0,0,21491,21491,13,7.5
1785922317,600300,14240,83886080,0,0,0,21527,21527,13,7.5
1785922327,599864,14240,83886080,0,0,0,21561,21561,13,7.5
1785922337,597112,14240,83886080,0,0,0,21593,21593,13,7.5
1785922347,603928,14240,83886080,0,0,0,21627,21627,15,7.5
1785922357,598900,14240,83886080,0,0,0,21659,21659,16,7.5
1785922367,599024,14240,83886080,0,0,0,21693,21693,11,7.5
1785922377,604224,14240,83886080,0,0,0,21727,21727,13,7.5
1785922387,601320,14240,83886080,0,0,0,21757,21757,12,7.5
1785922398,598744,14240,83886080,0,0,0,21791,21791,13,7.5
1785922408,597148,14240,83886080,0,0,0,21827,21827,12,7.5
1785922418,597800,14240,83886080,0,0,0,21859,21859,13,7.5
1785922428,603784,14240,83886080,0,0,0,21891,21891,14,7.5
1785922438,598688,14240,83886080,0,0,0,21925,21925,15,7.5
1785922448,599424,14240,83886080,0,0,0,21957,21957,13,7.5
1785922458,601932,14240,83886080,0,0,0,21989,21989,13,7.5
1785922468,599032,14240,83886080,0,0,0,22023,22023,14,7.5
1785922478,597468,14240,83886080,0,0,0,22055,22055,13,7.5
1785922488,597968,14240,83886080,0,0,0,22091,22091,12,7.5
1785922499,599400,14240,83886080,0,0,0,22121,22121,16,7.6
1785922509,597996,14240,83886080,0,0,0,22157,22157,13,7.6
1785922519,598708,14240,83886080,0,0,0,22191,22191,12,7.6
1785922529,599656,14240,83886080,0,0,0,22219,22219,15,7.6
1785922539,602916,14240,83886080,0,0,0,22253,22253,13,7.6
1785922549,601652,14240,83886080,0,0,0,22285,22285,14,7.6
1785922559,599636,14240,83886080,0,0,0,22313,22313,16,7.6
1785922569,601216,14240,83886080,0,0,0,22347,22347,13,7.6
1785922579,603932,14240,83886080,0,0,0,22380,22380,13,7.6
1785922589,601156,14240,83886080,0,0,0,22411,22411,13,7.6
1785922599,598668,14240,83886080,0,0,0,22443,22443,14,7.6
1785922609,599180,14240,83886080,0,0,0,22477,22477,11,7.6
1785922619,602192,14240,83886080,0,0,0,22505,22505,14,7.6
1785922630,601788,14240,83886080,0,0,0,22539,22539,14,7.6
1785922640,599288,14240,83886080,0,0,0,22571,22571,14,7.6
1785922650,598508,14240,83886080,0,0,0,22603,22603,15,7.6
1785922660,601612,14240,83886080,0,0,0,22635,22635,15,7.6
1785922670,600284,14240,83886080,0,0,0,22669,22669,13,7.6
1785922680,599652,14240,83886080,0,0,0,22697,22697,15,7.6
1785922690,603864,14240,83886080,0,0,0,22731,22731,14,7.6
1785922700,604212,14240,83886080,0,0,0,22762,22760,16,7.6
1785922710,602236,14240,83886080,0,0,0,22795,22795,12,7.6
1785922720,599248,14240,83886080,0,0,0,22827,22827,12,7.6
1785922730,598632,14240,83886080,0,0,0,22857,22857,15,7.6
1785922740,603520,14240,83886080,0,0,0,22890,22889,15,7.6
1785922750,597188,14240,83886080,0,0,0,22923,22923,13,7.6
1785922761,599528,14240,83886080,0,0,0,22953,22952,14,7.6
1785922771,597240,14240,83886080,0,0,0,22985,22985,13,7.6
1785922781,599304,14240,83886080,0,0,0,23017,23017,14,7.6
1785922791,601580,14240,83886080,0,0,0,23049,23049,13,7.6
1785922801,598580,14240,83886080,0,0,0,23081,23081,13,7.6
1785922811,598484,14240,83886080,0,0,0,23115,23115,12,7.6
1785922821,597868,14240,83886080,0,0,0,23143,23143,13,7.6
1785922831,597992,14240,83886080,0,0,0,23175,23175,14,7.6
1785922841,599880,14240,83886080,0,0,0,23207,23207,14,7.6
1785922851,601220,14240,83886080,0,0,0,23237,23237,13,7.6
1785922862,598660,14240,83886080,0,0,0,23269,23269,12,7.6
1785922872,599256,14240,83886080,0,0,0,23302,23301,12,7.6
1785922882,605240,14240,83886080,0,0,0,23331,23331,14,7.6
1785922892,598988,14240,83886080,0,0,0,23363,23363,14,7.6
1785922902,604008,14240,83886080,0,0,0,23396,23396,12,7.6
1785922912,602656,14240,83886080,0,0,0,23425,23425,14,7.6
1785922922,599536,14240,83886080,0,0,0,23457,23457,13,7.6
1785922932,599900,14240,83886080,0,0,0,23491,23491,12,7.5
1785922942,598756,14240,83886080,0,0,0,23519,23519,14,7.5
1785922952,599712,14240,83886080,0,0,0,23551,23551,12,7.5
1785922962,601880,14240,83886080,0,0,0,23581,23581,15,7.5
1785922972,600848,14240,83886080,0,0,0,23613,23613,12,7.5
1785922982,597836,14240,83886080,0,0,0,23643,23643,14,7.5
1785922992,598884,14240,83886080,0,0,0,23675,23675,14,7.5
1785923003,601148,14240,83886080,0,0,0,23705,23705,14,7.5
1785923013,602548,14240,83886080,0,0,0,23737,23737,13,7.5
1785923023,598672,14240,83886080,0,0,0,23769,23769,14,7.5
1785923033,597684,14240,83886080,0,0,0,23797,23797,12,7.5
1785923043,598544,14240,83886080,0,0,0,23829,23829,14,7.5
1785923053,601512,14240,83886080,0,0,0,23861,23861,14,7.5
1785923063,597812,14240,83886080,0,0,0,23891,23891,13,7.5
1785923073,601336,14240,83886080,0,0,0,23923,23923,12,7.5
1785923083,604120,14240,83886080,0,0,0,23955,23955,12,7.5
1785923093,599024,14240,83886080,0,0,0,23985,23985,12,7.5
1785923103,598636,14240,83886080,0,0,0,24016,24016,14,7.5
1785923114,598172,14240,83886080,0,0,0,24048,24048,14,7.5
1785923124,597860,14240,83886080,0,0,0,24076,24076,13,7.5
1785923134,600308,14240,83886080,0,0,0,24108,24108,14,7.5
1785923144,603844,14240,83886080,0,0,0,24138,24138,16,7.5
1785923154,603440,14240,83886080,0,0,0,24170,24170,14,7.5
1785923164,600532,14240,83886080,0,0,0,24202,24202,13,7.5
1785923174,603112,14240,83886080,0,0,0,24232,24232,16,7.5
1785923184,598980,14240,83886080,0,0,0,24264,24264,14,7.5
1785923194,602200,14240,83886080,0,0,0,24296,24296,14,7.5
1785923204,598696,14240,83886080,0,0,0,24326,24326,14,7.5
1785923214,598304,14240,83886080,0,0,0,24358,24358,12,7.5
1785923224,600432,14240,83886080,0,0,0,24388,24388,15,7.5
1785923235,601340,14240,83886080,0,0,0,24419,24418,14,7.5
1785923245,602440,14240,83886080,0,0,0,24451,24450,14,7.5
1785923255,604744,14240,83886080,0,0,0,24482,24482,12,7.5
1785923265,604316,14240,83886080,0,0,0,24510,24510,16,7.5
1785923275,600432,14240,83886080,0,0,0,24542,24542,13,7.5
1785923285,597080,14240,83886080,0,0,0,24576,24576,12,7.5
1785923295,599568,14240,83886080,0,0,0,24604,24604,14,7.5
1785923305,598912,14240,83886080,0,0,0,24636,24636,13,7.5
1785923315,599784,14240,83886080,0,0,0,24668,24668,13,7.5
1785923325,600368,14240,83886080,0,0,0,24698,24698,14,7.5
1785923335,598876,14240,83886080,0,0,0,24730,24730,15,7.5
1785923345,603056,14240,83886080,0,0,0,24764,24763,13,7.5
1785923355,598492,14240,83886080,0,0,0,24792,24792,12,7.5
1785923366,598408,14240,83886080,0,0,0,24824,24824,13,7.5
1785923376,598268,14240,83886080,0,0,0,24855,24855,15,7.5
1785923386,602456,14240,83886080,0,0,0,24886,24886,13,7.5
1785923396,600116,14240,83886080,0,0,0,24918,24918,14,7.5
1785923406,598568,14240,83886080,0,0,0,24949,24949,14,7.5
1785923416,600708,14240,83886080,0,0,0,24980,24980,12,7.5
1785923426,604464,14240,83886080,0,0,0,25011,25010,14,7.5
1785923436,599652,14240,83886080,0,0,0,25044,25044,14,7.5
1785923446,598896,14240,83886080,0,0,0,25074,25074,16,7.5
1785923456,598748,14240,83886080,0,0,0,25108,25108,13,7.5
1785923466,601072,14240,83886080,0,0,0,25142,25142,11,7.5
1785923476,602716,14240,83886080,0,0,0,25172,25172,14,7.5
1785923487,596416,14240,83886080,0,0,0,25206,25206,13,7.5
1785923497,602184,14240,83886080,0,0,0,25238,25238,15,7.5
1785923507,599100,14240,83886080,0,0,0,25270,25270,13,7.5
1785923517,597696,14240,83886080,0,0,0,25304,25304,14,7.5
1785923527,596924,14240,83886080,0,0,0,25336,25333,17,7.5
1785923537,596708,14240,83886080,0,0,0,25368,25368,13,7.5
1785923547,597636,14240,83886080,0,0,0,25400,25400,14,7.5
1785923557,598396,14240,83886080,0,0,0,25434,25434,12,7.5
1785923567,599876,14240,83886080,0,0,0,25465,25465,12,7.5
1785923577,599096,14240,83886080,0,0,0,25498,25498,14,7.5
1785923587,598608,14240,83886080,0,0,0,25529,25529,13,7.5
1785923597,603840,14240,83886080,0,0,0,25561,25561,13,7.5
1785923607,602900,14240,83886080,0,0,0,25595,25595,14,7.5
1785923617,599360,14240,83886080,0,0,0,25627,25627,13,7.5
1785923628,600736,14240,83886080,0,0,0,25661,25661,12,7.5
1785923638,597560,14240,83886080,0,0,0,25694,25694,14,7.5
1785923648,600068,14240,83886080,0,0,0,25725,25725,12,7.5
1785923658,597508,14240,83886080,0,0,0,25759,25759,12,7.5
1785923668,599888,14240,83886080,0,0,0,25791,25791,13,7.5
1785923678,600456,14240,83886080,0,0,0,25823,25823,14,7.5
1785923688,599628,14240,83886080,0,0,0,25856,25855,15,7.5
1785923698,603508,14240,83886080,0,0,0,25886,25885,19,7.5
1785923708,601928,14240,83886080,0,0,0,25919,25919,14,7.5
1785923718,598028,14240,83886080,0,0,0,25953,25953,13,7.5
1785923729,599772,14240,83886080,0,0,0,25985,25985,12,7.5
1785923739,597724,14240,83886080,0,0,0,26017,26017,14,7.5
1785923749,598400,14240,83886080,0,0,0,26051,26051,13,7.5
1785923759,599212,14240,83886080,0,0,0,26081,26081,13,7.5
1785923769,598904,14240,83886080,0,0,0,26113,26113,14,7.5
1785923779,597516,14240,83886080,0,0,0,26147,26147,15,7.5
1785923789,597908,14240,83886080,0,0,0,26179,26179,14,7.5
1785923799,604672,14240,83886080,0,0,0,26211,26211,15,7.6
1785923809,599660,14240,83886080,0,0,0,26245,26245,14,7.6
1785923819,598272,14240,83886080,0,0,0,26277,26277,12,7.6
1785923829,603800,14240,83886080,0,0,0,26309,26309,13,7.6
1785923840,596728,14240,83886080,0,0,0,26343,26343,11,7.6
1785923850,598232,14240,83886080,0,0,0,26372,26372,13,7.6
1785923860,599360,14240,83886080,0,0,0,26406,26406,13,7.6
1785923870,597364,14240,83886080,0,0,0,26437,26435,15,7.6
1785923880,599580,14240,83886080,0,0,0,26469,26469,12,7.6
1785923890,598836,14240,83886080,0,0,0,26501,26501,12,7.6
1785923900,605688,14240,83886080,0,0,0,26532,26528,18,7.6
1785923910,600512,14240,83886080,0,0,0,26564,26564,11,7.6
1785923920,597724,14240,83886080,0,0,0,26597,26596,13,7.6
1785923930,599748,14240,83886080,0,0,0,26627,26627,14,7.6
1785923940,597296,14240,83886080,0,0,0,26661,26661,13,7.6
1785923951,597168,14240,83886080,0,0,0,26694,26694,12,7.6
1785923961,601592,14240,83886080,0,0,0,26725,26725,14,7.6
1785923971,597628,14240,83886080,0,0,0,26760,26760,12,7.6
1785923981,597444,14240,83886080,0,0,0,26792,26792,14,7.6
1785923991,601608,14240,83886080,0,0,0,26823,26823,14,7.6
1785924001,604804,14240,83886080,0,0,0,26855,26855,13,7.6
1785924011,602016,14240,83886080,0,0,0,26890,26890,11,7.6
1785924021,598560,14240,83886080,0,0,0,26921,26921,12,7.6
1785924031,607756,14240,83886080,0,0,0,26952,26952,13,7.6
1785924041,600680,14240,83886080,0,0,0,26984,26984,14,7.6
1785924051,604476,14240,83886080,0,0,0,27015,27015,12,7.6
1785924061,598996,14240,83886080,0,0,0,27046,27046,14,7.6
1785924071,598808,14240,83886080,0,0,0,27078,27078,13,7.6
1785924082,597180,14240,83886080,0,0,0,27108,27108,15,7.6
1785924092,600612,14240,83886080,0,0,0,27140,27140,14,7.6
1785924102,598300,14240,83886080,0,0,0,27171,27171,13,7.6
1785924112,599036,14240,83886080,0,0,0,27201,27201,13,7.6
1785924122,600160,14240,83886080,0,0,0,27233,27233,13,7.6
1785924132,600144,14240,83886080,0,0,0,27263,27263,13,7.6
1785924142,601616,14240,83886080,0,0,0,27293,27293,13,7.6
1785924152,603096,14240,83886080,0,0,0,27325,27325,13,7.6
1785924162,598744,14240,83886080,0,0,0,27357,27357,13,7.6
1785924173,599628,14240,83886080,0,0,0,27387,27387,13,7.6
1785924183,600172,14240,83886080,0,0,0,27418,27418,13,7.6
1785924193,600832,14240,83886080,0,0,0,27449,27449,14,7.6
1785924203,602720,14240,83886080,0,0,0,27477,27477,14,7.6
1785924213,598704,14240,83886080,0,0,0,27509,27509,13,7.6
1785924223,602092,14240,83886080,0,0,0,27540,27540,14,7.6
1785924233,597252,14240,83886080,0,0,0,27570,27570,14,7.6
1785924243,598632,14240,83886080,0,0,0,27602,27602,12,7.6
1785924253,597792,14240,83886080,0,0,0,27631,27631,15,7.6
1785924263,601200,14240,83886080,0,0,0,27663,27663,13,7.6
1785924274,598696,14240,83886080,0,0,0,27695,27695,13,7.6
1785924284,605972,14240,83886080,0,0,0,27724,27724,16,7.6
1785924294,598904,14240,83886080,0,0,0,27756,27756,13,7.6
1785924304,600600,14240,83886080,0,0,0,27786,27786,14,7.6
1785924314,608432,14240,83886080,0,0,0,27818,27815,16,7.6
1785924324,601732,14240,83886080,0,0,0,27848,27848,13,7.6
1785924334,599200,14240,83886080,0,0,0,27880,27880,13,7.5
1785924344,597948,14240,83886080,0,0,0,27908,27908,13,7.5
1785924354,597396,14240,83886080,0,0,0,27937,27937,13,7.5
1785924364,598632,14240,83886080,0,0,0,27966,27966,15,7.5
1785924375,603552,14240,83886080,0,0,0,27995,27995,14,7.5
1785924385,600108,14240,83886080,0,0,0,28023,28023,13,7.5
1785924395,606520,14240,83886080,0,0,0,28052,28052,13,7.5
1785924405,598520,14240,83886080,0,0,0,28084,28084,11,7.5
1785924415,597960,14240,83886080,0,0,0,28110,28110,13,7.5
1785924425,598592,14240,83886080,0,0,0,28139,28138,12,7.5
1785924435,598584,14240,83886080,0,0,0,28170,28170,12,7.5
1785924445,604432,14240,83886080,0,0,0,28194,28194,15,7.5
1785924455,606384,14240,83886080,0,0,0,28224,28224,14,7.5
1785924465,600632,14240,83886080,0,0,0,28256,28256,11,7.5
1785924475,604564,14240,83886080,0,0,0,28280,28280,14,7.5
1785924486,605704,14240,83886080,0,0,0,28312,28312,11,7.5
1785924496,598236,14240,83886080,0,0,0,28342,28342,12,7.5
1785924506,603812,14240,83886080,0,0,0,28366,28366,16,7.5
1785924516,597276,14240,83886080,0,0,0,28398,28398,10,7.5
1785924526,607344,14240,83886080,0,0,0,28426,28426,14,7.5
1785924536,598180,14240,83886080,0,0,0,28452,28452,16,7.5
1785924546,598568,14240,83886080,0,0,0,28482,28482,13,7.5
1785924556,597424,14240,83886080,0,0,0,28512,28511,11,7.5
1785924566,601796,14240,83886080,0,0,0,28538,28538,16,7.4
1785924576,599724,14240,83886080,0,0,0,28568,28568,14,7.4
1785924586,597688,14240,83886080,0,0,0,28598,28598,13,7.4
1785924597,602632,14240,83886080,0,0,0,28628,28628,13,7.4
1785924607,598072,14240,83886080,0,0,0,28654,28654,13,7.4
1785924617,602016,14240,83886080,0,0,0,28684,28684,13,7.4
1785924627,598212,14240,83886080,0,0,0,28714,28714,12,7.4
1785924637,599448,14240,83886080,0,0,0,28743,28743,13,7.4
1785924647,597988,14240,83886080,0,0,0,28778,28778,12,7.4
1785924657,600768,14240,83886080,0,0,0,28812,28812,13,7.4
1785924667,601972,14240,83886080,0,0,0,28844,28844,14,7.4
1785924677,598540,14240,83886080,0,0,0,28878,28878,15,7.4
1785924687,600904,14240,83886080,0,0,0,28910,28910,14,7.4
1785924697,599656,14240,83886080,0,0,0,28946,28946,13,7.4
1785924708,599052,14240,83886080,0,0,0,28980,28980,14,7.4
1785924718,600064,14240,83886080,0,0,0,29012,29012,12,7.4
1785924728,598152,14240,83886080,0,0,0,29044,29044,13,7.4
1785924738,601704,14240,83886080,0,0,0,29078,29078,15,7.4
1785924748,599068,14240,83886080,0,0,0,29110,29110,13,7.4
1785924758,600736,14240,83886080,0,0,0,29144,29144,15,7.4
1785924768,602836,14240,83886080,0,0,0,29180,29180,12,7.4
1785924778,599384,14240,83886080,0,0,0,29208,29208,14,7.4
1785924788,602688,14240,83886080,0,0,0,29244,29244,13,7.4
1785924798,607720,14240,83886080,0,0,0,29275,29274,16,7.4
1785924808,597044,14240,83886080,0,0,0,29310,29310,14,7.4
1785924818,599156,14240,83886080,0,0,0,29344,29344,15,7.4
1785924828,599944,14240,83886080,0,0,0,29376,29376,13,7.4
1785924838,604788,14240,83886080,0,0,0,29411,29410,14,7.4
1785924849,600236,14240,83886080,0,0,0,29446,29446,13,7.4
1785924859,598372,14240,83886080,0,0,0,29478,29478,13,7.4
1785924869,599820,14240,83886080,0,0,0,29512,29512,12,7.4
1785924879,598708,14240,83886080,0,0,0,29546,29546,13,7.4
1785924889,599080,14240,83886080,0,0,0,29576,29576,16,7.4
1785924899,602452,14240,83886080,0,0,0,29612,29612,14,7.4
1785924909,603632,14240,83886080,0,0,0,29646,29646,14,7.4
1785924919,604212,14240,83886080,0,0,0,29678,29678,12,7.4
1785924929,597616,14240,83886080,0,0,0,29712,29712,13,7.4
1785924939,604388,14240,83886080,0,0,0,29744,29744,14,7.4
1785924950,603528,14240,83886080,0,0,0,29776,29776,16,7.4
1785924960,597808,14240,83886080,0,0,0,29812,29812,14,7.4
1785924970,602844,14240,83886080,0,0,0,29838,29838,16,7.4
1785924980,597080,14240,83886080,0,0,0,29874,29874,13,7.4
1785924990,600804,14240,83886080,0,0,0,29908,29908,14,7.4
1785925000,604068,14240,83886080,0,0,0,29939,29938,12,7.4
1785925010,596588,14240,83886080,0,0,0,29972,29972,13,7.4
1785925020,596676,14240,83886080,0,0,0,30006,30006,12,7.5
1785925030,598096,14240,83886080,0,0,0,30034,30034,13,7.5
1785925040,601072,14240,83886080,0,0,0,30068,30068,14,7.5
1785925051,596848,14240,83886080,0,0,0,30100,30100,15,7.5
1785925061,605852,14240,83886080,0,0,0,30132,30132,12,7.5
1785925071,598188,14240,83886080,0,0,0,30164,30164,14,7.5
1785925081,600412,14240,83886080,0,0,0,30198,30198,13,7.5
1785925091,598264,14240,83886080,0,0,0,30230,30230,13,7.5
1785925101,597772,14240,83886080,0,0,0,30264,30264,13,7.5
1785925111,597828,14240,83886080,0,0,0,30292,30292,15,7.5
1785925121,600460,14240,83886080,0,0,0,30326,30326,13,7.5
1785925131,605752,14240,83886080,0,0,0,30358,30358,13,7.5
1785925141,600052,14240,83886080,0,0,0,30390,30390,12,7.5
1785925151,600344,14240,83886080,0,0,0,30424,30424,13,7.5
1785925161,599764,14240,83886080,0,0,0,30456,30456,15,7.5
1785925172,598760,14240,83886080,0,0,0,30488,30488,14,7.5
1785925182,599408,14240,83886080,0,0,0,30522,30522,13,7.5
1785925192,597416,14240,83886080,0,0,0,30554,30554,14,7.5
1785925202,601992,14240,83886080,0,0,0,30586,30586,14,7.5
1785925212,599276,14240,83886080,0,0,0,30620,30620,13,7.5
1785925222,599096,14240,83886080,0,0,0,30652,30652,13,7.5
1785925232,598352,14240,83886080,0,0,0,30684,30684,12,7.5
1785925242,602420,14240,83886080,0,0,0,30716,30716,13,7.5
1785925252,600968,14240,83886080,0,0,0,30750,30750,12,7.5
1785925262,602036,14240,83886080,0,0,0,30778,30778,13,7.5
1785925272,601468,14240,83886080,0,0,0,30811,30811,13,7.5
1785925282,598276,14240,83886080,0,0,0,30844,30844,12,7.5
1785925292,602148,14240,83886080,0,0,0,30874,30874,14,7.5
1785925302,597496,14240,83886080,0,0,0,30906,30906,13,7.5
1785925313,599036,14240,83886080,0,0,0,30938,30938,14,7.5
1785925323,599356,14240,83886080,0,0,0,30970,30970,12,7.5
1785925333,597632,14240,83886080,0,0,0,31002,31002,13,7.5
1785925343,597272,14240,83886080,0,0,0,31036,31036,11,7.5
1785925353,603052,14240,83886080,0,0,0,31065,31065,12,7.5
1785925363,603040,14240,83886080,0,0,0,31098,31098,13,7.5
1785925373,599884,14240,83886080,0,0,0,31130,31130,12,7.5
1785925383,603556,14240,83886080,0,0,0,31162,31162,13,7.5
1785925393,598880,14240,83886080,0,0,0,31194,31194,14,7.5
1785925403,600096,14240,83886080,0,0,0,31224,31224,15,7.5
1785925413,599180,14240,83886080,0,0,0,31256,31256,14,7.5
1785925423,598664,14240,83886080,0,0,0,31290,31290,12,7.5
1785925434,604400,14240,83886080,0,0,0,31319,31318,17,7.5
1785925444,602352,14240,83886080,0,0,0,31352,31352,12,7.5
1785925454,598692,14240,83886080,0,0,0,31384,31384,12,7.5
1785925464,595520,14240,83886080,0,0,0,31416,31416,12,7.5
1785925474,597188,14240,83886080,0,0,0,31448,31448,14,7.5
1785925484,598164,14240,83886080,0,0,0,31480,31478,16,7.5
1785925494,602984,14240,83886080,0,0,0,31510,31510,12,7.5
1785925504,596660,14240,83886080,0,0,0,31542,31542,14,7.5
1785925514,598260,14240,83886080,0,0,0,31576,31576,12,7.5
1785925524,598244,14240,83886080,0,0,0,31604,31604,15,7.5
1785925534,599052,14240,83886080,0,0,0,31638,31638,11,7.5
1785925544,599152,14240,83886080,0,0,0,31670,31670,13,7.5
1785925555,599012,14240,83886080,0,0,0,31702,31702,12,7.5
1785925565,597928,14240,83886080,0,0,0,31734,31734,14,7.5
1785925575,602084,14240,83886080,0,0,0,31768,31768,12,7.5
1785925585,600876,14240,83886080,0,0,0,31799,31799,12,7.5
1785925595,598252,14240,83886080,0,0,0,31831,31831,14,7.5
1785925605,598272,14240,83886080,0,0,0,31863,31863,12,7.5
1785925615,597520,14240,83886080,0,0,0,31895,31895,13,7.5
1785925625,595820,14240,83886080,0,0,0,31929,31929,12,7.5
1785925635,601812,14240,83886080,0,0,0,31961,31961,13,7.5
1785925645,600556,14240,83886080,0,0,0,31991,31991,13,7.5
1785925655,601228,14240,83886080,0,0,0,32024,32024,12,7.5
1785925665,600972,14240,83886080,0,0,0,32056,32053,16,7.5
1785925676,601664,14240,83886080,0,0,0,32088,32088,12,7.5
1785925686,599264,14240,83886080,0,0,0,32121,32121,11,7.5
1785925696,599436,14240,83886080,0,0,0,32151,32151,14,7.5
1785925706,597020,14240,83886080,0,0,0,32184,32184,15,7.5
1785925716,602500,14240,83886080,0,0,0,32216,32216,16,7.5
1785925726,599488,14240,83886080,0,0,0,32249,32249,12,7.5
1785925736,601360,14240,83886080,0,0,0,32281,32281,12,7.5
1785925746,601048,14240,83886080,0,0,0,32314,32314,12,7.5
1785925756,606324,14240,83886080,0,0,0,32343,32343,13,7.5
1785925766,600776,14240,83886080,0,0,0,32376,32376,14,7.5
1785925776,598400,14240,83886080,0,0,0,32409,32409,15,7.5
1785925787,602968,14240,83886080,0,0,0,32438,32438,13,7.5
1785925797,600552,14240,83886080,0,0,0,32471,32471,14,7.5
1785925807,599552,14240,83886080,0,0,0,32503,32503,15,7.5
1785925817,601252,14240,83886080,0,0,0,32535,32535,15,7.5
1785925827,599960,14240,83886080,0,0,0,32568,32567,15,7.5
1785925837,603976,14240,83886080,0,0,0,32601,32601,12,7.5
1785925847,602908,14240,83886080,0,0,0,32633,32633,14,7.5
1785925857,596316,14240,83886080,0,0,0,32668,32668,14,7.5
1785925867,601632,14240,83886080,0,0,0,32701,32699,15,7.5
1785925878,597728,14240,83886080,0,0,0,32735,32735,13,7.5
1785925888,597612,14240,83886080,0,0,0,32769,32769,13,7.5
1785925898,600804,14240,83886080,0,0,0,32802,32802,13,7.5
1785925908,598856,14240,83886080,0,0,0,32837,32837,12,7.5
1785925918,598176,14240,83886080,0,0,0,32870,32870,15,7.5
1785925928,605584,14240,83886080,0,0,0,32904,32904,13,7.5
1785925938,598444,14240,83886080,0,0,0,32938,32938,14,7.5
1785925948,597036,14240,83886080,0,0,0,32974,32974,11,7.5
1785925958,603680,14240,83886080,0,0,0,33006,33006,13,7.5
1785925968,597776,14240,83886080,0,0,0,33041,33040,13,7.5
1785925978,605328,14240,83886080,0,0,0,33073,33070,17,7.5
1785925988,599624,14240,83886080,0,0,0,33107,33107,15,7.5
1785925998,599112,14240,83886080,0,0,0,33141,33140,16,7.5
1785926009,598876,14240,83886080,0,0,0,33176,33176,11,7.5
1785926019,598576,14240,83886080,0,0,0,33210,33209,12,7.5
1785926029,598740,14240,83886080,0,0,0,33244,33244,13,7.5
1785926039,601264,14240,83886080,0,0,0,33276,33276,14,7.5
1785926049,600396,14240,83886080,0,0,0,33310,33310,15,7.5
1785926059,602948,14240,83886080,0,0,0,33344,33344,16,7.5
1785926069,596704,14240,83886080,0,0,0,33378,33378,12,7.5
1785926079,600588,14240,83886080,0,0,0,33412,33412,12,7.5
1785926089,599568,14240,83886080,0,0,0,33446,33446,13,7.5
1785926099,602504,14240,83886080,0,0,0,33478,33478,15,7.5
1785926109,600096,14240,83886080,0,0,0,33512,33512,14,7.5
1785926119,604676,14240,83886080,0,0,0,33544,33544,16,7.5
1785926129,598000,14240,83886080,0,0,0,33578,33578,13,7.5
1785926139,601248,14240,83886080,0,0,0,33611,33610,14,7.5
1785926150,601108,14240,83886080,0,0,0,33639,33638,17,7.5
1785926160,603408,14240,83886080,0,0,0,33670,33670,15,7.5
1785926170,601232,14240,83886080,0,0,0,33702,33702,14,7.5
1785926180,598252,14240,83886080,0,0,0,33732,33732,14,7.5
1785926190,596656,14240,83886080,0,0,0,33764,33764,14,7.5
1785926200,598228,14240,83886080,0,0,0,33794,33794,14,7.5
1785926210,598552,14240,83886080,0,0,0,33824,33822,16,7.5
1785926220,602124,14240,83886080,0,0,0,33856,33856,13,7.5
1785926230,603796,14240,83886080,0,0,0,33886,33886,14,7.5
1785926240,599376,14240,83886080,0,0,0,33916,33916,14,7.5
1785926250,599404,14240,83886080,0,0,0,33948,33948,12,7.5
1785926261,598448,14240,83886080,0,0,0,33978,33978,14,7.5
1785926271,600532,14240,83886080,0,0,0,34010,34006,17,7.5
1785926281,598076,14240,83886080,0,0,0,34038,34038,13,7.5
1785926291,597020,14240,83886080,0,0,0,34070,34070,12,7.5
1785926301,599796,14240,83886080,0,0,0,34100,34100,13,7.5
1785926311,596044,14240,83886080,0,0,0,34132,34132,12,7.5
1785926321,602932,14240,83886080,0,0,0,34162,34162,13,7.5
1785926331,597756,14240,83886080,0,0,0,34194,34194,13,7.5
1785926341,604072,14240,83886080,0,0,0,34223,34222,15,7.5
1785926351,602584,14240,83886080,0,0,0,34256,34256,12,7.5
1785926361,602600,14240,83886080,0,0,0,34286,34285,13,7.5
1785926371,599400,14240,83886080,0,0,0,34315,34315,11,7.5
1785926381,599556,14240,83886080,0,0,0,34346,34346,12,7.5
1785926392,599332,14240,83886080,0,0,0,34378,34378,11,7.5
1785926402,603312,14240,83886080,0,0,0,34406,34406,13,7.5
1785926412,597664,14240,83886080,0,0,0,34438,34438,14,7.5
1785926422,600184,14240,83886080,0,0,0,34468,34468,16,7.5
1785926432,603784,14240,83886080,0,0,0,34497,34497,13,7.5
1785926442,600500,14240,83886080,0,0,0,34530,34530,12,7.5
1785926452,598120,14240,83886080,0,0,0,34562,34562,13,7.5
1785926462,597700,14240,83886080,0,0,0,34594,34594,13,7.5
1785926472,596716,14240,83886080,0,0,0,34626,34626,14,7.5
1785926482,598736,14240,83886080,0,0,0,34660,34660,12,7.5
1785926492,601948,14240,83886080,0,0,0,34688,34688,16,7.5
1785926502,599732,14240,83886080,0,0,0,34722,34722,14,7.5
1785926513,598704,14240,83886080,0,0,0,34754,34754,15,7.5
1785926523,603996,14240,83886080,0,0,0,34786,34786,14,7.5
1785926533,601536,14240,83886080,0,0,0,34818,34818,13,7.5
1785926543,597760,14240,83886080,0,0,0,34848,34848,16,7.5
1785926553,598440,14240,83886080,0,0,0,34882,34882,13,7.5
1785926563,602556,14240,83886080,0,0,0,34915,34915,13,7.5
1785926573,598076,14240,83886080,0,0,0,34946,34946,14,7.5
1785926583,600168,14240,83886080,0,0,0,34981,34980,11,7.5
1785926593,597600,14240,83886080,0,0,0,35013,35013,12,7.5
1785926603,600216,14240,83886080,0,0,0,35044,35044,13,7.5
1785926613,601428,14240,83886080,0,0,0,35077,35077,14,7.5
1785926623,597524,14240,83886080,0,0,0,35110,35110,14,7.5
1785926634,598520,14240,83886080,0,0,0,35142,35142,14,7.5
1785926644,598808,14240,83886080,0,0,0,35174,35174,15,7.5
1785926654,601368,14240,83886080,0,0,0,35208,35208,14,7.5
1785926664,597208,14240,83886080,0,0,0,35238,35237,14,7.5
1785926674,598736,14240,83886080,0,0,0,35272,35271,14,7.5
1785926684,610900,14240,83886080,0,0,0,35302,35302,14,7.5
1785926694,600752,14240,83886080,0,0,0,35334,35334,13,7.5
1785926704,605940,14240,83886080,0,0,0,35368,35368,12,7.5
1785926714,603192,14240,83886080,0,0,0,35400,35400,14,7.5
1785926724,598716,14240,83886080,0,0,0,35432,35432,13,7.5
1785926734,602048,14240,83886080,0,0,0,35464,35464,14,7.5
1785926744,602736,14240,83886080,0,0,0,35495,35494,17,7.5
1785926755,598696,14240,83886080,0,0,0,35530,35530,13,7.5
1785926765,598120,14240,83886080,0,0,0,35564,35564,14,7.5
1785926775,602332,14240,83886080,0,0,0,35592,35592,18,7.5
1785926785,599676,14240,83886080,0,0,0,35628,35628,13,7.5
1785926795,601344,14240,83886080,0,0,0,35662,35662,14,7.5
1785926805,599036,14240,83886080,0,0,0,35694,35694,12,7.5
1785926815,601124,14240,83886080,0,0,0,35726,35726,13,7.5
1785926825,601924,14240,83886080,0,0,0,35760,35760,13,7.5
1785926835,597772,14240,83886080,0,0,0,35792,35792,11,7.5
1785926845,603964,14240,83886080,0,0,0,35824,35824,14,7.5
1785926856,597036,14240,83886080,0,0,0,35858,35858,12,7.5
1785926866,597668,14240,83886080,0,0,0,35886,35886,15,7.5
1785926876,598816,14240,83886080,0,0,0,35922,35922,13,7.5
1785926886,596644,14240,83886080,0,0,0,35956,35956,13,7.5
1785926896,600292,14240,83886080,0,0,0,35984,35984,15,7.5
1785926906,601072,14240,83886080,0,0,0,36020,36020,12,7.5
1785926916,602124,14240,83886080,0,0,0,36054,36054,12,7.5
1785926926,601324,14240,83886080,0,0,0,36082,36082,13,7.5
1785926936,597672,14240,83886080,0,0,0,36116,36116,14,7.5
1785926946,600108,14240,83886080,0,0,0,36150,36150,13,7.5
1785926956,602428,14240,83886080,0,0,0,36180,36180,13,7.5
1785926966,596920,14240,83886080,0,0,0,36214,36214,13,7.5
1785926976,600208,14240,83886080,0,0,0,36246,36246,15,7.5
1785926987,598184,14240,83886080,0,0,0,36277,36275,15,7.5
1785926997,597408,14240,83886080,0,0,0,36310,36310,13,7.5
1785927007,610612,14240,83886080,0,0,0,36340,36340,17,7.5
1785927017,599692,14240,83886080,0,0,0,36374,36374,11,7.5
1785927027,600776,14240,83886080,0,0,0,36408,36408,13,7.5
1785927037,601524,14240,83886080,0,0,0,36438,36438,16,7.5
1785927047,598780,14240,83886080,0,0,0,36474,36474,12,7.5
1785927057,597920,14240,83886080,0,0,0,36508,36508,11,7.5
1785927067,600172,14240,83886080,0,0,0,36536,36536,15,7.5
1785927077,596860,14240,83886080,0,0,0,36572,36572,13,7.5
1785927088,601564,14240,83886080,0,0,0,36606,36606,15,7.5
1785927098,595972,14240,83886080,0,0,0,36638,36638,11,7.5
1785927108,602820,14240,83886080,0,0,0,36670,36670,13,7.5
1785927118,599440,14240,83886080,0,0,0,36704,36704,15,7.5
1785927128,599992,14240,83886080,0,0,0,36735,36735,13,7.5
1785927138,599532,14240,83886080,0,0,0,36768,36768,13,7.5
1785927148,598512,14240,83886080,0,0,0,36802,36802,14,7.5
1785927158,604724,14240,83886080,0,0,0,36834,36833,13,7.5
1785927168,597336,14240,83886080,0,0,0,36866,36866,13,7.5
1785927178,605480,14240,83886080,0,0,0,36900,36900,15,7.5
1785927188,599392,14240,83886080,0,0,0,36931,36931,13,7.5
1785927198,599240,14240,83886080,0,0,0,36964,36964,14,7.5
1785927208,599776,14240,83886080,0,0,0,36998,36998,14,7.5
1785927219,596412,14240,83886080,0,0,0,37030,37030,12,7.5
1785927229,603276,14240,83886080,0,0,0,37064,37064,12,7.5
1785927239,600312,14240,83886080,0,0,0,37094,37093,15,7.5
1785927249,597524,14240,83886080,0,0,0,37128,37128,12,7.5
1785927259,598536,14240,83886080,0,0,0,37163,37163,13,7.5
1785927269,597576,14240,83886080,0,0,0,37195,37195,12,7.5
1785927279,600312,14240,83886080,0,0,0,37227,37227,13,7.5
1785927289,598220,14240,83886080,0,0,0,37262,37262,14,7.5
1785927299,598916,14240,83886080,0,0,0,37294,37294,13,7.5
1785927309,597704,14240,83886080,0,0,0,37328,37328,12,7.5
1785927320,600416,14240,83886080,0,0,0,37360,37360,14,7.5
1785927330,603468,14240,83886080,0,0,0,37393,37393,13,7.5
1785927340,600564,14240,83886080,0,0,0,37428,37428,13,7.5
1785927350,596748,14240,83886080,0,0,0,37461,37461,13,7.5
1785927360,600152,14240,83886080,0,0,0,37490,37490,13,7.5
1785927370,597068,14240,83886080,0,0,0,37522,37522,14,7.5
1785927380,597988,14240,83886080,0,0,0,37556,37556,12,7.5
1785927390,599208,14240,83886080,0,0,0,37586,37586,12,7.5
1785927400,598472,14240,83886080,0,0,0,37618,37618,13,7.5
1785927410,599172,14240,83886080,0,0,0,37650,37650,13,7.5
1785927420,602292,14240,83886080,0,0,0,37678,37678,12,7.5
1785927430,598784,14240,83886080,0,0,0,37712,37712,12,7.5
1785927441,600900,14240,83886080,0,0,0,37741,37741,15,7.5
1785927451,600060,14240,83886080,0,0,0,37773,37773,12,7.5
1785927461,598596,14240,83886080,0,0,0,37807,37807,11,7.5
1785927471,602088,14240,83886080,0,0,0,37834,37834,16,7.5
1785927481,599720,14240,83886080,0,0,0,37849,37849,13,7.5
1785927491,597336,14240,83886080,0,0,0,37881,37881,13,7.5
1785927501,598408,14240,83886080,0,0,0,37913,37913,14,7.5
1785927511,600384,14240,83886080,0,0,0,37944,37944,14,7.5
1785927521,600136,14240,83886080,0,0,0,37977,37977,13,7.5
1785927531,599584,14240,83886080,0,0,0,38010,38010,13,7.5
1785927541,599256,14240,83886080,0,0,0,38040,38040,13,7.5
1785927552,599216,14240,83886080,0,0,0,38072,38072,13,7.5
1785927562,597876,14240,83886080,0,0,0,38104,38104,14,7.5
1785927572,598920,14240,83886080,0,0,0,38136,38136,15,7.5
1785927582,598904,14240,83886080,0,0,0,38169,38169,14,7.5
1785927592,597116,14240,83886080,0,0,0,38202,38202,13,7.5
1785927602,598888,14240,83886080,0,0,0,38230,38230,14,7.5
1785927612,599004,14240,83886080,0,0,0,38264,38264,12,7.5
1785927622,601604,14240,83886080,0,0,0,38296,38296,12,7.5
1785927632,597932,14240,83886080,0,0,0,38328,38328,12,7.5
1785927642,597884,14240,83886080,0,0,0,38360,38360,11,7.5
1785927652,603076,14240,83886080,0,0,0,38390,38390,13,7.5
1785927662,601324,14240,83886080,0,0,0,38422,38422,14,7.5
1785927672,599764,14240,83886080,0,0,0,38454,38454,13,7.5
1785927683,601780,14240,83886080,0,0,0,38485,38485,12,7.5
1785927693,602356,14240,83886080,0,0,0,38516,38516,15,7.5
1785927703,598748,14240,83886080,0,0,0,38549,38549,14,7.5
1785927713,602372,14240,83886080,0,0,0,38579,38579,16,7.5
1785927723,596900,14240,83886080,0,0,0,38613,38613,14,7.5
1785927733,598440,14240,83886080,0,0,0,38645,38645,12,7.5
1785927743,601968,14240,83886080,0,0,0,38673,38673,16,7.5
1785927753,602516,14240,83886080,0,0,0,38705,38705,16,7.5
1785927763,598428,14240,83886080,0,0,0,38739,38739,14,7.5
1785927773,598404,14240,83886080,0,0,0,38771,38771,14,7.5
1785927783,599860,14240,83886080,0,0,0,38803,38803,15,7.5
1785927794,599656,14240,83886080,0,0,0,38835,38835,15,7.5
1785927804,597988,14240,83886080,0,0,0,38865,38865,15,7.5
1785927814,599236,14240,83886080,0,0,0,38899,38899,11,7.5
1785927824,598228,14240,83886080,0,0,0,38931,38931,12,7.5
1785927834,597232,14240,83886080,0,0,0,38963,38963,12,7.5
1785927844,596916,14240,83886080,0,0,0,38995,38995,12,7.5
1785927854,598156,14240,83886080,0,0,0,39027,39027,14,7.5
1785927864,603184,14240,83886080,0,0,0,39057,39057,12,7.5
1785927874,599108,14240,83886080,0,0,0,39089,39089,13,7.5
1785927884,598560,14240,83886080,0,0,0,39123,39123,12,7.5
1785927894,602036,14240,83886080,0,0,0,39151,39151,14,7.5
1785927905,598256,14240,83886080,0,0,0,39185,39185,10,7.5
1785927915,604004,14240,83886080,0,0,0,39217,39217,12,7.5
1785927925,598616,14240,83886080,0,0,0,39247,39247,14,7.5
1785927935,597128,14240,83886080,0,0,0,39279,39279,13,7.5
1785927945,602420,14240,83886080,0,0,0,39311,39311,15,7.5
1785927955,602544,14240,83886080,0,0,0,39341,39341,13,7.5
1785927965,600756,14240,83886080,0,0,0,39373,39373,13,7.5
1785927975,600232,14240,83886080,0,0,0,39405,39405,15,7.5
1785927985,598144,14240,83886080,0,0,0,39440,39440,10,7.5
1785927995,598808,14240,83886080,0,0,0,39472,39472,13,7.5
1785928005,598024,14240,83886080,0,0,0,39503,39503,15,7.5
1785928015,595724,14240,83886080,0,0,0,39537,39537,14,7.5
1785928026,597556,14240,83886080,0,0,0,39569,39569,16,7.5
1785928036,597188,14240,83886080,0,0,0,39601,39601,13,7.5
1785928046,601400,14240,83886080,0,0,0,39635,39635,12,7.5
1785928056,605364,14240,83886080,0,0,0,39667,39667,15,7.5
1785928066,598904,14240,83886080,0,0,0,39699,39699,11,7.5
1785928076,599568,14240,83886080,0,0,0,39731,39731,13,7.5
1785928086,600176,14240,83886080,0,0,0,39765,39765,13,7.5
1785928096,599036,14240,83886080,0,0,0,39797,39797,12,7.5
1785928106,603096,14240,83886080,0,0,0,39830,39830,13,7.5
1785928116,597504,14240,83886080,0,0,0,39863,39863,15,7.5
1785928126,600128,14240,83886080,0,0,0,39893,39893,12,7.5
1785928137,599232,14240,83886080,0,0,0,39927,39927,14,7.5
1785928147,601480,14240,83886080,0,0,0,39957,39957,15,7.5
1785928157,599116,14240,83886080,0,0,0,39991,39991,14,7.5
1785928167,597460,14240,83886080,0,0,0,40025,40025,13,7.5
1785928177,598444,14240,83886080,0,0,0,40055,40055,12,7.5
1785928187,596516,14240,83886080,0,0,0,40087,40087,13,7.5
1785928197,597404,14240,83886080,0,0,0,40121,40121,14,7.5
1785928207,598468,14240,83886080,0,0,0,40153,40153,12,7.5
1785928217,598052,14240,83886080,0,0,0,40185,40185,13,7.5
1785928227,598868,14240,83886080,0,0,0,40219,40219,13,7.5
1785928237,598784,14240,83886080,0,0,0,40247,40247,15,7.5
1785928247,598180,14240,83886080,0,0,0,40281,40281,14,7.5
1785928258,598644,14240,83886080,0,0,0,40313,40313,13,7.5
1785928268,596868,14240,83886080,0,0,0,40345,40345,11,7.5
1785928278,598044,14240,83886080,0,0,0,40376,40376,12,7.5
1785928288,599668,14240,83886080,0,0,0,40408,40408,13,7.5
1785928298,601864,14240,83886080,0,0,0,40439,40439,15,7.5
1785928308,598524,14240,83886080,0,0,0,40473,40473,13,7.5
1785928318,600804,14240,83886080,0,0,0,40505,40505,12,7.5
1785928328,603132,14240,83886080,0,0,0,40533,40533,12,7.5
1785928338,598164,14240,83886080,0,0,0,40567,40567,12,7.5
1785928348,597060,14240,83886080,0,0,0,40599,40599,13,7.5
1785928358,597016,14240,83886080,0,0,0,40631,40631,11,7.5
1785928369,603708,14240,83886080,0,0,0,40663,40662,12,7.5
1785928379,596940,14240,83886080,0,0,0,40693,40690,15,7.5
1785928389,600508,14240,83886080,0,0,0,40725,40725,12,7.5
1785928399,604464,14240,83886080,0,0,0,40757,40756,13,7.5
1785928409,600340,14240,83886080,0,0,0,40787,40787,12,7.5
1785928419,600224,14240,83886080,0,0,0,40819,40819,14,7.5
1785928429,596684,14240,83886080,0,0,0,40853,40853,12,7.5
1785928439,602260,14240,83886080,0,0,0,40882,40881,14,7.5
1785928449,599400,14240,83886080,0,0,0,40915,40915,13,7.5
1785928459,597160,14240,83886080,0,0,0,40947,40947,13,7.5
1785928470,604328,14240,83886080,0,0,0,40976,40976,12,7.5
1785928480,600864,14240,83886080,0,0,0,41008,41008,13,7.5
1785928490,596676,14240,83886080,0,0,0,41042,41042,12,7.5
1785928500,599512,14240,83886080,0,0,0,41071,41071,13,7.5
1785928510,599448,14240,83886080,0,0,0,41103,41103,12,7.5
1785928520,598828,14240,83886080,0,0,0,41136,41136,12,7.5
1785928530,599768,14240,83886080,0,0,0,41165,41165,12,7.5
1785928540,601048,14240,83886080,0,0,0,41197,41197,13,7.5
1785928550,602192,14240,83886080,0,0,0,41231,41231,11,7.5
1785928560,599924,14240,83886080,0,0,0,41260,41259,15,7.5
1785928570,600184,14240,83886080,0,0,0,41295,41295,11,7.5
1785928580,602036,14240,83886080,0,0,0,41329,41329,12,7.5
1785928591,599900,14240,83886080,0,0,0,41361,41361,12,7.5
1785928601,598640,14240,83886080,0,0,0,41393,41393,13,7.5
1785928611,597584,14240,83886080,0,0,0,41427,41424,16,7.5
1785928621,600344,14240,83886080,0,0,0,41459,41459,15,7.5
1785928631,598348,14240,83886080,0,0,0,41494,41494,12,7.5
1785928641,597920,14240,83886080,0,0,0,41525,41525,13,7.5
1785928651,597760,14240,83886080,0,0,0,41560,41560,13,7.5
1785928661,605404,14240,83886080,0,0,0,41593,41593,14,7.5
1785928671,600372,14240,83886080,0,0,0,41624,41624,13,7.5
1785928681,597184,14240,83886080,0,0,0,41659,41659,13,7.5
1785928691,599468,14240,83886080,0,0,0,41694,41693,13,7.5
1785928701,598604,14240,83886080,0,0,0,41726,41726,12,7.5
1785928712,602780,14240,83886080,0,0,0,41758,41758,14,7.5
1785928722,599056,14240,83886080,0,0,0,41792,41792,14,7.5
1785928732,598580,14240,83886080,0,0,0,41824,41824,12,7.5
1785928742,599596,14240,83886080,0,0,0,41858,41858,12,7.5
1785928752,598092,14240,83886080,0,0,0,41890,41886,18,7.5
1785928762,598652,14240,83886080,0,0,0,41922,41922,13,7.5
1785928772,600704,14240,83886080,0,0,0,41956,41956,12,7.5
1785928782,598952,14240,83886080,0,0,0,41988,41988,13,7.5
1785928792,603284,14240,83886080,0,0,0,42022,42022,13,7.5
1785928802,598428,14240,83886080,0,0,0,42056,42056,14,7.5
1785928812,601744,14240,83886080,0,0,0,42086,42086,13,7.5
1785928823,601996,14240,83886080,0,0,0,42120,42118,15,7.5
1785928833,600940,14240,83886080,0,0,0,42152,42152,13,7.5
1785928843,600116,14240,83886080,0,0,0,42184,42184,14,7.5
1785928853,598024,14240,83886080,0,0,0,42218,42218,12,7.5
1785928863,599932,14240,83886080,0,0,0,42250,42250,13,7.5
1785928873,599028,14240,83886080,0,0,0,42278,42278,14,7.5
1785928883,600580,14240,83886080,0,0,0,42312,42312,12,7.5
1785928893,600900,14240,83886080,0,0,0,42344,42344,14,7.5
1785928903,602020,14240,83886080,0,0,0,42374,42374,14,7.5
1785928913,600912,14240,83886080,0,0,0,42407,42407,12,7.5
1785928923,603336,14240,83886080,0,0,0,42438,42438,14,7.5
1785928933,599636,14240,83886080,0,0,0,42471,42471,12,7.5
1785928943,598808,14240,83886080,0,0,0,42503,42503,12,7.5
1785928954,599308,14240,83886080,0,0,0,42533,42531,16,7.5
1785928964,600168,14240,83886080,0,0,0,42565,42565,13,7.5
1785928974,604644,14240,83886080,0,0,0,42597,42597,14,7.5
1785928984,599204,14240,83886080,0,0,0,42627,42627,14,7.5
1785928994,604548,14240,83886080,0,0,0,42659,42659,14,7.5
1785929004,596164,14240,83886080,0,0,0,42693,42693,13,7.5
1785929014,599432,14240,83886080,0,0,0,42725,42725,12,7.5
1785929024,601992,14240,83886080,0,0,0,42757,42757,12,7.5
1785929034,600672,14240,83886080,0,0,0,42787,42787,14,7.5
1785929044,601732,14240,83886080,0,0,0,42819,42819,13,7.5
1785929054,605924,14240,83886080,0,0,0,42851,42851,14,7.5
1785929064,599288,14240,83886080,0,0,0,42885,42885,11,7.5
1785929075,599396,14240,83886080,0,0,0,42913,42913,14,7.5
1785929085,602268,14240,83886080,0,0,0,42945,42945,14,7.5
1785929095,600496,14240,83886080,0,0,0,42979,42979,12,7.5
1785929105,598020,14240,83886080,0,0,0,43007,43007,14,7.5
1785929115,601828,14240,83886080,0,0,0,43041,43041,13,7.5
1785929125,601300,14240,83886080,0,0,0,43073,43073,12,7.5
1785929135,601916,14240,83886080,0,0,0,43101,43101,14,7.5
1785929145,599656,14240,83886080,0,0,0,43135,43135,12,7.5
1785929155,600984,14240,83886080,0,0,0,43167,43167,14,7.5
1785929165,600136,14240,83886080,0,0,0,43199,43199,14,7.5
1785929175,598376,14240,83886080,0,0,0,43233,43233,15,7.5
1785929185,601860,14240,83886080,0,0,0,43265,43265,15,7.5
1785929196,605232,14240,83886080,0,0,0,43297,43297,14,7.5
1785929206,598192,14240,83886080,0,0,0,43331,43331,12,7.5
1785929216,601072,14240,83886080,0,0,0,43363,43363,11,7.5
1785929226,598232,14240,83886080,0,0,0,43395,43395,12,7.5
1785929236,596728,14240,83886080,0,0,0,43429,43429,12,7.5
1785929246,598936,14240,83886080,0,0,0,43461,43461,13,7.5
1785929256,597996,14240,83886080,0,0,0,43493,43493,13,7.5
1785929266,599464,14240,83886080,0,0,0,43527,43527,12,7.5
1785929276,602292,14240,83886080,0,0,0,43559,43559,12,7.5
1785929286,600236,14240,83886080,0,0,0,43591,43591,11,7.5
1785929296,599184,14240,83886080,0,0,0,43625,43625,12,7.5
1785929306,597964,14240,83886080,0,0,0,43655,43655,14,7.5
1785929316,598032,14240,83886080,0,0,0,43689,43689,12,7.5
1785929327,600152,14240,83886080,0,0,0,43723,43723,12,7.5
1785929337,602636,14240,83886080,0,0,0,43751,43751,14,7.5
1785929347,600956,14240,83886080,0,0,0,43786,43786,13,7.5
1785929357,598620,14240,83886080,0,0,0,43818,43817,13,7.5
1785929367,601528,14240,83886080,0,0,0,43851,43850,14,7.5
1785929377,601496,14240,83886080,0,0,0,43884,43884,15,7.5
1785929387,601404,14240,83886080,0,0,0,43913,43913,18,7.5
1785929397,600668,14240,83886080,0,0,0,43948,43948,13,7.5
1785929407,601112,14240,83886080,0,0,0,43982,43982,12,7.5
1785929417,596916,14240,83886080,0,0,0,44014,44014,12,7.5
1785929428,601412,14240,83886080,0,0,0,44046,44046,15,7.5
1785929438,598612,14240,83886080,0,0,0,44079,44079,14,7.5
1785929448,599048,14240,83886080,0,0,0,44112,44112,13,7.5
1785929458,600540,14240,83886080,0,0,0,44144,44144,15,7.5
1785929468,599108,14240,83886080,0,0,0,44179,44179,15,7.5
1785929478,598400,14240,83886080,0,0,0,44213,44213,12,7.5
1785929488,599644,14240,83886080,0,0,0,44246,44246,13,7.5
1785929498,600040,14240,83886080,0,0,0,44278,44277,16,7.5
1785929508,604020,14240,83886080,0,0,0,44313,44313,12,7.5
1785929519,598720,14240,83886080,0,0,0,44347,44347,12,7.5
1785929529,598508,14240,83886080,0,0,0,44379,44379,11,7.5
1785929539,603220,14240,83886080,0,0,0,44411,44411,12,7.5
1785929549,599532,14240,83886080,0,0,0,44445,44445,12,7.5
1785929559,598968,14240,83886080,0,0,0,44477,44477,12,7.5
1785929569,600788,14240,83886080,0,0,0,44511,44511,13,7.5
1785929579,605560,14240,83886080,0,0,0,44544,44544,14,7.5
1785929589,596808,14240,83886080,0,0,0,44575,44575,13,7.5
1785929599,602288,14240,83886080,0,0,0,44607,44607,13,7.5
1785929609,600696,14240,83886080,0,0,0,44641,44641,15,7.5
1785929619,602212,14240,83886080,0,0,0,44673,44673,15,7.5
1785929629,599172,14240,83886080,0,0,0,44707,44707,14,7.5
1785929639,607640,14240,83886080,0,0,0,44739,44739,16,7.5
1785929650,599540,14240,83886080,0,0,0,44771,44771,15,7.5
1785929660,600596,14240,83886080,0,0,0,44805,44805,15,7.5
1785929670,599912,14240,83886080,0,0,0,44837,44837,15,7.5
1785929680,609232,14240,83886080,0,0,0,44873,44873,12,7.5
1785929690,602276,14240,83886080,0,0,0,44907,44907,12,7.5
1785929700,601440,14240,83886080,0,0,0,44939,44939,13,7.5
1785929710,601680,14240,83886080,0,0,0,44971,44971,14,7.5
1785929720,597936,14240,83886080,0,0,0,45006,45006,13,7.5
1785929730,602808,14240,83886080,0,0,0,45037,45037,13,7.5
1785929740,600492,14240,83886080,0,0,0,45071,45071,13,7.5
1785929750,599288,14240,83886080,0,0,0,45105,45105,14,7.5
1785929761,599140,14240,83886080,0,0,0,45137,45137,13,7.5
1785929771,598800,14240,83886080,0,0,0,45171,45171,13,7.5
1785929781,598860,14240,83886080,0,0,0,45203,45202,15,7.5
1785929791,601072,14240,83886080,0,0,0,45237,45237,13,7.5
1785929801,596940,14240,83886080,0,0,0,45270,45270,14,7.5
1785929811,602424,14240,83886080,0,0,0,45301,45301,15,7.5
1785929821,600536,14240,83886080,0,0,0,45336,45336,13,7.5
1785929831,598124,14240,83886080,0,0,0,45370,45370,12,7.5
1785929841,603320,14240,83886080,0,0,0,45399,45399,14,7.5
1785929851,598332,14240,83886080,0,0,0,45435,45435,11,7.5
1785929861,599612,14240,83886080,0,0,0,45469,45469,12,7.5
1785929871,596892,14240,83886080,0,0,0,45501,45501,13,7.5
1785929881,605108,14240,83886080,0,0,0,45533,45533,14,7.5
1785929892,598976,14240,83886080,0,0,0,45567,45567,14,7.5
1785929902,596552,14240,83886080,0,0,0,45599,45599,13,7.5
1785929912,598344,14240,83886080,0,0,0,45633,45633,12,7.5
1785929922,596412,14240,83886080,0,0,0,45665,45665,14,7.5
1785929932,598108,14240,83886080,0,0,0,45697,45697,14,7.5
1785929942,597304,14240,83886080,0,0,0,45731,45731,13,7.5
1785929952,598024,14240,83886080,0,0,0,45759,45759,17,7.5
1785929962,604624,14240,83886080,0,0,0,45795,45795,12,7.5
1785929972,596544,14240,83886080,0,0,0,45828,45828,13,7.5
1785929982,598844,14240,83886080,0,0,0,45860,45860,13,7.5
1785929992,598336,14240,83886080,0,0,0,45893,45893,14,7.5
1785930002,598860,14240,83886080,0,0,0,45927,45927,14,7.5
1785930013,599572,14240,83886080,0,0,0,45959,45959,13,7.5
1785930023,597684,14240,83886080,0,0,0,45992,45992,13,7.5
1785930033,597228,14240,83886080,0,0,0,46026,46026,13,7.5
1785930043,600188,14240,83886080,0,0,0,46058,46058,14,7.5
1785930053,599340,14240,83886080,0,0,0,46093,46093,11,7.5
1785930063,599548,14240,83886080,0,0,0,46124,46124,13,7.5
1785930073,603376,14240,83886080,0,0,0,46154,46154,13,7.5
1785930083,598064,14240,83886080,0,0,0,46187,46187,13,7.5
1785930093,597760,14240,83886080,0,0,0,46217,46216,16,7.5
1785930104,600136,14240,83886080,0,0,0,46250,46250,11,7.5
1785930114,599680,14240,83886080,0,0,0,46281,46281,12,7.5
1785930124,605632,14240,83886080,0,0,0,46311,46309,16,7.5
1785930134,596980,14240,83886080,0,0,0,46343,46343,13,7.5
1785930144,599856,14240,83886080,0,0,0,46375,46375,13,7.5
1785930154,599716,14240,83886080,0,0,0,46403,46403,16,7.5
1785930164,595632,14240,83886080,0,0,0,46437,46437,12,7.5
1785930174,602436,14240,83886080,0,0,0,46469,46469,12,7.5
1785930184,601292,14240,83886080,0,0,0,46499,46498,15,7.5
1785930194,599388,14240,83886080,0,0,0,46531,46531,14,7.5
1785930204,601456,14240,83886080,0,0,0,46563,46563,14,7.5
1785930214,596472,14240,83886080,0,0,0,46595,46595,12,7.5
1785930224,598956,14240,83886080,0,0,0,46627,46627,11,7.5
1785930235,599332,14240,83886080,0,0,0,46657,46657,15,7.5
1785930245,597632,14240,83886080,0,0,0,46689,46689,13,7.5
1785930255,597272,14240,83886080,0,0,0,46721,46721,13,7.5
1785930265,599052,14240,83886080,0,0,0,46753,46753,12,7.5
1785930275,602176,14240,83886080,0,0,0,46781,46780,15,7.5
1785930285,596348,14240,83886080,0,0,0,46813,46813,13,7.5
1785930295,600196,14240,83886080,0,0,0,46845,46845,13,7.5
1785930305,599432,14240,83886080,0,0,0,46875,46875,15,7.5
1785930315,597352,14240,83886080,0,0,0,46908,46908,12,7.5
1785930326,601116,14240,83886080,0,0,0,46940,46940,15,7.5
1785930336,597764,14240,83886080,0,0,0,46969,46969,12,7.5
1785930346,602960,14240,83886080,0,0,0,47002,47002,12,7.5
1785930356,596812,14240,83886080,0,0,0,47034,47034,12,7.5
1785930366,596708,14240,83886080,0,0,0,47062,47062,15,7.5
1785930376,596116,14240,83886080,0,0,0,47096,47096,13,7.5
1785930386,595840,14240,83886080,0,0,0,47128,47128,12,7.5
1785930396,598484,14240,83886080,0,0,0,47156,47156,13,7.5
1785930406,598412,14240,83886080,0,0,0,47190,47190,12,7.5
1785930416,598836,14240,83886080,0,0,0,47222,47222,12,7.5
1785930426,598216,14240,83886080,0,0,0,47250,47248,14,7.5
1785930437,603860,14240,83886080,0,0,0,47280,47280,13,7.5
1785930447,598392,14240,83886080,0,0,0,47312,47312,13,7.5
1785930457,597384,14240,83886080,0,0,0,47342,47342,12,7.5
1785930467,599056,14240,83886080,0,0,0,47374,47374,14,7.5
1785930477,600504,14240,83886080,0,0,0,47406,47406,13,7.5
1785930487,601564,14240,83886080,0,0,0,47435,47435,14,7.5
1785930497,601524,14240,83886080,0,0,0,47468,47468,12,7.5
1785930507,599044,14240,83886080,0,0,0,47500,47500,12,7.5
1785930517,598960,14240,83886080,0,0,0,47529,47529,14,7.5
1785930527,596908,14240,83886080,0,0,0,47562,47562,12,7.5
1785930537,603040,14240,83886080,0,0,0,47592,47591,13,7.5
1785930547,601628,14240,83886080,0,0,0,47623,47623,12,7.5
1785930557,598656,14240,83886080,0,0,0,47655,47655,14,7.5
1785930568,601264,14240,83886080,0,0,0,47685,47685,16,7.5
1785930578,600712,14240,83886080,0,0,0,47717,47717,11,7.5
1785930588,598552,14240,83886080,0,0,0,47747,47747,13,7.5
1785930598,604688,14240,83886080,0,0,0,47775,47775,17,7.5
1785930608,603880,14240,83886080,0,0,0,47809,47809,12,7.5
1785930618,600316,14240,83886080,0,0,0,47841,47841,14,7.5
1785930628,614644,14240,83886080,0,0,0,47869,47869,16,7.5
1785930638,598392,14240,83886080,0,0,0,47901,47901,14,7.5
1785930648,597596,14240,83886080,0,0,0,47933,47933,14,7.5
1785930658,600904,14240,83886080,0,0,0,47964,47963,18,7.5
1785930668,603260,14240,83886080,0,0,0,47999,47999,12,7.5
1785930678,600340,14240,83886080,0,0,0,48033,48033,13,7.5
1785930689,599816,14240,83886080,0,0,0,48061,48061,17,7.5
1785930699,596944,14240,83886080,0,0,0,48097,48097,12,7.5
1785930709,600232,14240,83886080,0,0,0,48131,48131,12,7.5
1785930719,601216,14240,83886080,0,0,0,48159,48159,15,7.5
1785930729,599864,14240,83886080,0,0,0,48195,48195,13,7.5
1785930739,598204,14240,83886080,0,0,0,48229,48229,12,7.5
1785930749,600628,14240,83886080,0,0,0,48257,48257,13,7.5
1785930759,598920,14240,83886080,0,0,0,48291,48291,12,7.5
1785930769,600884,14240,83886080,0,0,0,48323,48323,14,7.5
1785930779,601424,14240,83886080,0,0,0,48355,48355,15,7.5
1785930789,600640,14240,83886080,0,0,0,48389,48389,13,7.5
1785930800,601240,14240,83886080,0,0,0,48421,48421,15,7.5
1785930810,603884,14240,83886080,0,0,0,48453,48453,14,7.5
1785930820,598496,14240,83886080,0,0,0,48487,48487,14,7.5
1785930830,598772,14240,83886080,0,0,0,48519,48519,15,7.5
1785930840,597404,14240,83886080,0,0,0,48551,48551,12,7.5
1785930850,599488,14240,83886080,0,0,0,48583,48583,14,7.5
1785930860,598104,14240,83886080,0,0,0,48617,48617,14,7.5
1785930870,598944,14240,83886080,0,0,0,48647,48647,14,7.5
1785930880,599848,14240,83886080,0,0,0,48681,48681,13,7.5
1785930890,603468,14240,83886080,0,0,0,48715,48715,12,7.5
1785930900,605480,14240,83886080,0,0,0,48743,48743,13,7.5
1785930910,606596,14240,83886080,0,0,0,48778,48778,13,7.5
1785930920,607644,14240,83886080,0,0,0,48809,48809,16,7.5
1785930931,605448,14240,83886080,0,0,0,48841,48841,14,7.5
1785930941,599744,14240,83886080,0,0,0,48875,48875,12,7.5
1785930951,605816,14240,83886080,0,0,0,48904,48903,16,7.5
1785930961,600696,14240,83886080,0,0,0,48939,48939,12,7.5
1785930971,604640,14240,83886080,0,0,0,48972,48971,13,7.5
1785930981,599456,14240,83886080,0,0,0,49001,49001,16,7.5
1785930991,602808,14240,83886080,0,0,0,49033,49033,12,7.5
1785931001,599372,14240,83886080,0,0,0,49067,49067,13,7.5
1785931011,604512,14240,83886080,0,0,0,49099,49099,14,7.5
1785931021,599968,14240,83886080,0,0,0,49133,49133,13,7.5
1785931031,602880,14240,83886080,0,0,0,49167,49167,13,7.5
1785931041,601472,14240,83886080,0,0,0,49197,49197,12,7.5
1785931052,600408,14240,83886080,0,0,0,49231,49231,13,7.5
1785931062,598376,14240,83886080,0,0,0,49264,49264,14,7.5
1785931072,600200,14240,83886080,0,0,0,49295,49295,15,7.5
1785931082,598336,14240,83886080,0,0,0,49331,49331,11,7.5
1785931092,599732,14240,83886080,0,0,0,49365,49365,13,7.5
1785931102,604300,14240,83886080,0,0,0,49393,49393,14,7.5
1785931112,603532,14240,83886080,0,0,0,49429,49429,13,7.5
1785931122,604076,14240,83886080,0,0,0,49459,49459,16,7.5
1785931132,597484,14240,83886080,0,0,0,49492,49492,13,7.5
1785931142,598896,14240,83886080,0,0,0,49527,49526,14,7.5
1785931152,604528,14240,83886080,0,0,0,49557,49557,16,7.5
1785931162,603924,14240,83886080,0,0,0,49589,49589,15,7.5
1785931173,601176,14240,83886080,0,0,0,49625,49625,11,7.5
1785931183,599116,14240,83886080,0,0,0,49655,49655,14,7.5
1785931193,602732,14240,83886080,0,0,0,49690,49690,14,7.5
1785931203,603660,14240,83886080,0,0,0,49723,49723,14,7.5
1785931213,604052,14240,83886080,0,0,0,49756,49755,13,7.5
1785931223,598188,14240,83886080,0,0,0,49789,49789,12,7.5
1785931233,599608,14240,83886080,0,0,0,49823,49823,13,7.5
1785931243,599092,14240,83886080,0,0,0,49854,49854,14,7.5
1785931253,600900,14240,83886080,0,0,0,49888,49888,11,7.5
1785931263,603148,14240,83886080,0,0,0,49918,49918,16,7.5
1785931274,598016,14240,83886080,0,0,0,49930,49930,12,7.5
1785931284,603024,14240,83886080,0,0,0,49962,49962,13,7.5
1785931294,598440,14240,83886080,0,0,0,49996,49996,12,7.5
1785931304,602148,14240,83886080,0,0,0,50024,50024,14,7.5
1785931314,598036,14240,83886080,0,0,0,50058,50058,14,7.5
1785931324,600912,14240,83886080,0,0,0,50090,50090,15,7.5
1785931334,600744,14240,83886080,0,0,0,50122,50122,12,7.5
1785931344,603032,14240,83886080,0,0,0,50154,50154,13,7.5
1785931354,601944,14240,83886080,0,0,0,50188,50188,12,7.5
1785931364,604988,14240,83886080,0,0,0,50200,50200,24,7.5
1785931375,600924,14240,83886080,0,0,0,50232,50232,12,7.5
1785931385,598680,14240,83886080,0,0,0,50264,50264,13,7.5
1785931395,600588,14240,83886080,0,0,0,50290,50290,19,7.5
1785931405,601668,14240,83886080,0,0,0,50306,50306,14,7.5
1785931415,601992,14240,83886080,0,0,0,50340,50340,12,7.5
1785931425,600340,14240,83886080,0,0,0,50372,50372,15,7.5
1785931435,602164,14240,83886080,0,0,0,50388,50388,23,7.5
1785931446,600960,14240,83886080,0,0,0,50416,50416,13,7.5
1785931456,599488,14240,83886080,0,0,0,50448,50448,14,7.5
1785931466,601372,14240,83886080,0,0,0,50478,50478,17,7.5
1785931476,600112,14240,83886080,0,0,0,50512,50512,13,7.5
1785931486,598948,14240,83886080,0,0,0,50544,50544,15,7.5
1785931496,599204,14240,83886080,0,0,0,50573,50573,17,7.5
1785931506,598928,14240,83886080,0,0,0,50608,50608,12,7.5
1785931516,605412,14240,83886080,0,0,0,50640,50640,14,7.5
1785931526,599700,14240,83886080,0,0,0,50670,50670,14,7.5
1785931536,598932,14240,83886080,0,0,0,50704,50704,13,7.5
1785931546,598828,14240,83886080,0,0,0,50736,50736,13,7.5
1785931556,599384,14240,83886080,0,0,0,50768,50768,13,7.5
1785931567,606224,14240,83886080,0,0,0,50800,50800,14,7.5
1785931577,600516,14240,83886080,0,0,0,50835,50835,13,7.5
1785931587,602596,14240,83886080,0,0,0,50866,50866,13,7.5
1785931597,600352,14240,83886080,0,0,0,50899,50899,12,7.5
1785931607,600200,14240,83886080,0,0,0,50933,50933,12,7.5
1785931617,598656,14240,83886080,0,0,0,50961,50961,16,7.5
1785931627,601744,14240,83886080,0,0,0,50995,50995,11,7.5
1785931637,602848,14240,83886080,0,0,0,51027,51027,13,7.5
1785931647,601512,14240,83886080,0,0,0,51059,51059,12,7.5
1785931657,606652,14240,83886080,0,0,0,51091,51091,14,7.5
1785931667,598096,14240,83886080,0,0,0,51124,51122,15,7.5
1785931677,597596,14240,83886080,0,0,0,51157,51157,14,7.5
1785931688,598500,14240,83886080,0,0,0,51189,51188,13,7.5
1785931698,603804,14240,83886080,0,0,0,51219,51219,13,7.5
1785931708,599144,14240,83886080,0,0,0,51253,51252,15,7.5
1785931718,600800,14240,83886080,0,0,0,51287,51287,12,7.5
1785931728,598728,14240,83886080,0,0,0,51317,51317,15,7.5
1785931738,600644,14240,83886080,0,0,0,51349,51349,15,7.5
1785931748,602452,14240,83886080,0,0,0,51383,51383,15,7.5
1785931758,598300,14240,83886080,0,0,0,51415,51415,13,7.5
1785931768,600476,14240,83886080,0,0,0,51448,51448,13,7.5
1785931778,603088,14240,83886080,0,0,0,51482,51482,13,7.5
1785931788,602800,14240,83886080,0,0,0,51513,51513,13,7.5
1785931798,600348,14240,83886080,0,0,0,51546,51546,13,7.5
1785931809,599636,14240,83886080,0,0,0,51580,51580,12,7.5
1785931819,598784,14240,83886080,0,0,0,51609,51609,11,7.5
1785931829,596532,14240,83886080,0,0,0,51643,51643,12,7.5
1785931839,607388,14240,83886080,0,0,0,51674,51674,13,7.5
1785931849,606376,14240,83886080,0,0,0,51707,51707,13,7.5
1785931859,599336,14240,83886080,0,0,0,51741,51741,11,7.5
1785931869,597344,14240,83886080,0,0,0,51769,51769,16,7.5
1785931879,599220,14240,83886080,0,0,0,51802,51802,13,7.5
1785931889,601388,14240,83886080,0,0,0,51835,51835,14,7.5
1785931899,599960,14240,83886080,0,0,0,51867,51867,14,7.5
1785931909,601168,14240,83886080,0,0,0,51899,51899,15,7.5
1785931919,602384,14240,83886080,0,0,0,51933,51933,14,7.5
1785931930,597328,14240,83886080,0,0,0,51961,51961,14,7.5
1785931940,600060,14240,83886080,0,0,0,51996,51996,13,7.5
1785931950,598980,14240,83886080,0,0,0,52029,52029,13,7.5
1785931960,600696,14240,83886080,0,0,0,52060,52060,14,7.5
1785931970,598136,14240,83886080,0,0,0,52094,52094,14,7.5
1785931980,598852,14240,83886080,0,0,0,52127,52127,13,7.5
1785931990,603408,14240,83886080,0,0,0,52138,52137,24,7.5
1785932000,601540,14240,83886080,0,0,0,52169,52169,13,7.5
1785932010,603120,14240,83886080,0,0,0,52203,52202,13,7.5
1785932020,599168,14240,83886080,0,0,0,52231,52231,16,7.5
1785932030,601620,14240,83886080,0,0,0,52266,52266,11,7.5
1785932040,603264,14240,83886080,0,0,0,52299,52298,15,7.5
1785932051,603708,14240,83886080,0,0,0,52330,52330,12,7.5
1785932061,600552,14240,83886080,0,0,0,52364,52364,13,7.5
1785932071,600616,14240,83886080,0,0,0,52396,52396,13,7.5
1785932081,599496,14240,83886080,0,0,0,52427,52427,14,7.5
1785932091,600508,14240,83886080,0,0,0,52461,52461,13,7.5
1785932101,605124,14240,83886080,0,0,0,52493,52493,15,7.5
1785932111,599828,14240,83886080,0,0,0,52525,52525,13,7.5
1785932121,598028,14240,83886080,0,0,0,52557,52557,14,7.5
1785932131,600352,14240,83886080,0,0,0,52591,52591,12,7.5
1785932141,600308,14240,83886080,0,0,0,52619,52619,15,7.5
1785932152,598764,14240,83886080,0,0,0,52653,52653,13,7.5
1785932162,606664,14240,83886080,0,0,0,52685,52685,13,7.5
1785932172,600492,14240,83886080,0,0,0,52719,52719,14,7.5
1785932182,599316,14240,83886080,0,0,0,52753,52753,14,7.5
1785932192,603104,14240,83886080,0,0,0,52783,52783,16,7.5
1785932202,604988,14240,83886080,0,0,0,52817,52817,12,7.5
1785932212,603468,14240,83886080,0,0,0,52849,52849,15,7.5
1785932222,599796,14240,83886080,0,0,0,52881,52881,16,7.5
1785932232,599968,14240,83886080,0,0,0,52917,52917,13,7.5
1785932242,598792,14240,83886080,0,0,0,52951,52951,12,7.5
1785932253,600732,14240,83886080,0,0,0,52980,52980,14,7.5
1785932263,597876,14240,83886080,0,0,0,53015,53015,12,7.5
1785932273,599308,14240,83886080,0,0,0,53049,53049,12,7.5
1785932283,599608,14240,83886080,0,0,0,53081,53081,14,7.5
1785932293,602464,14240,83886080,0,0,0,53113,53113,14,7.5
1785932303,600012,14240,83886080,0,0,0,53147,53147,13,7.5
1785932313,597852,14240,83886080,0,0,0,53179,53179,13,7.5
1785932323,600564,14240,83886080,0,0,0,53212,53212,11,7.5
1785932333,601760,14240,83886080,0,0,0,53243,53243,15,7.5
1785932343,598756,14240,83886080,0,0,0,53278,53278,14,7.5
1785932353,600444,14240,83886080,0,0,0,53312,53312,13,7.5
1785932363,603592,14240,83886080,0,0,0,53341,53341,14,7.5
1785932373,601624,14240,83886080,0,0,0,53377,53377,12,7.5
1785932383,598952,14240,83886080,0,0,0,53411,53411,13,7.5
1785932394,602892,14240,83886080,0,0,0,53441,53441,14,7.5
1785932404,606812,14240,83886080,0,0,0,53475,53475,14,7.5
1785932414,601796,14240,83886080,0,0,0,53509,53509,15,7.5
1785932424,599812,14240,83886080,0,0,0,53541,53541,12,7.5
1785932434,600776,14240,83886080,0,0,0,53573,53573,14,7.5
1785932444,599508,14240,83886080,0,0,0,53607,53607,13,7.5
1785932454,604960,14240,83886080,0,0,0,53639,53639,14,7.5
1785932464,603736,14240,83886080,0,0,0,53671,53671,15,7.5
1785932474,600612,14240,83886080,0,0,0,53702,53702,14,7.5
1785932485,600444,14240,83886080,0,0,0,53731,53731,15,7.5
1785932495,604652,14240,83886080,0,0,0,53762,53762,15,7.5
1785932505,598664,14240,83886080,0,0,0,53793,53793,15,7.5
1785932515,600452,14240,83886080,0,0,0,53823,53823,12,7.5
1785932525,602100,14240,83886080,0,0,0,53855,53855,12,7.5
1785932535,603420,14240,83886080,0,0,0,53883,53883,16,7.5
1785932545,602276,14240,83886080,0,0,0,53915,53915,12,7.5
1785932555,600100,14240,83886080,0,0,0,53945,53945,13,7.5
1785932565,599732,14240,83886080,0,0,0,53977,53977,13,7.5
1785932575,600956,14240,83886080,0,0,0,54007,54007,11,7.5
1785932585,604128,14240,83886080,0,0,0,54039,54039,12,7.5
1785932595,605524,14240,83886080,0,0,0,54067,54067,16,7.5
1785932605,603108,14240,83886080,0,0,0,54095,54095,14,7.5
1785932615,600896,14240,83886080,0,0,0,54127,54126,14,7.5
1785932626,604540,14240,83886080,0,0,0,54157,54157,13,7.5
1785932636,604352,14240,83886080,0,0,0,54165,54165,19,7.5
1785932646,600124,14240,83886080,0,0,0,54197,54197,14,7.5
1785932656,598684,14240,83886080,0,0,0,54227,54227,16,7.5
1785932666,599884,14240,83886080,0,0,0,54255,54255,18,7.5
1785932676,604232,14240,83886080,0,0,0,54287,54287,14,7.5
1785932686,605264,14240,83886080,0,0,0,54319,54319,14,7.5
1785932696,598776,14240,83886080,0,0,0,54349,54349,12,7.5
1785932706,604000,14240,83886080,0,0,0,54379,54379,13,7.5
1785932717,600380,14240,83886080,0,0,0,54411,54411,13,7.5
1785932727,603104,14240,83886080,0,0,0,54435,54435,19,7.5
1785932737,600208,14240,83886080,0,0,0,54453,54453,13,7.5
1785932747,597948,14240,83886080,0,0,0,54485,54485,11,7.5
1785932757,598360,14240,83886080,0,0,0,54515,54515,11,7.5
1785932767,598920,14240,83886080,0,0,0,54545,54545,13,7.5
1785932777,599584,14240,83886080,0,0,0,54579,54579,12,7.5
1785932787,600692,14240,83886080,0,0,0,54611,54611,12,7.5
1785932797,600820,14240,83886080,0,0,0,54643,54643,14,7.5
1785932808,601632,14240,83886080,0,0,0,54675,54675,14,7.5
1785932818,600248,14240,83886080,0,0,0,54710,54710,14,7.5
1785932828,604560,14240,83886080,0,0,0,54741,54741,13,7.5
1785932838,598556,14240,83886080,0,0,0,54776,54776,12,7.5
1785932848,605204,14240,83886080,0,0,0,54805,54804,16,7.5
1785932858,600436,14240,83886080,0,0,0,54839,54839,12,7.5
1785932868,605012,14240,83886080,0,0,0,54872,54872,13,7.5
1785932878,608524,14240,83886080,0,0,0,54903,54903,15,7.5
1785932888,597240,14240,83886080,0,0,0,54938,54938,12,7.5
1785932898,600008,14240,83886080,0,0,0,54972,54971,13,7.5
1785932908,602112,14240,83886080,0,0,0,55000,55000,13,7.5
1785932919,601228,14240,83886080,0,0,0,55033,55033,13,7.5
1785932929,598280,14240,83886080,0,0,0,55067,55067,12,7.5
1785932939,602068,14240,83886080,0,0,0,55099,55099,14,7.5
1785932949,601296,14240,83886080,0,0,0,55133,55133,12,7.5
1785932959,598240,14240,83886080,0,0,0,55165,55165,15,7.5
1785932969,599624,14240,83886080,0,0,0,55193,55193,14,7.5
1785932979,598008,14240,83886080,0,0,0,55228,55228,14,7.5
1785932989,600076,14240,83886080,0,0,0,55261,55261,13,7.5
1785932999,599936,14240,83886080,0,0,0,55294,55294,13,7.5
1785933009,599488,14240,83886080,0,0,0,55326,55326,12,7.5
1785933019,601020,14240,83886080,0,0,0,55358,55358,14,7.5
1785933029,601016,14240,83886080,0,0,0,55370,55370,12,7.5
1785933039,599640,14240,83886080,0,0,0,55403,55403,13,7.5
1785933049,600208,14240,83886080,0,0,0,55436,55436,14,7.5
1785933060,605580,14240,83886080,0,0,0,55464,55464,14,7.5
1785933070,606624,14240,83886080,0,0,0,55500,55500,13,7.5
1785933080,599832,14240,83886080,0,0,0,55534,55534,12,7.5
1785933090,598216,14240,83886080,0,0,0,55562,55562,13,7.5
1785933100,600032,14240,83886080,0,0,0,55596,55596,13,7.5
1785933110,599116,14240,83886080,0,0,0,55629,55629,13,7.5
1785933120,599400,14240,83886080,0,0,0,55660,55660,14,7.5
1785933130,598228,14240,83886080,0,0,0,55694,55694,13,7.5
1785933140,603748,14240,83886080,0,0,0,55726,55726,14,7.5
1785933150,605500,14240,83886080,0,0,0,55758,55758,14,7.5
1785933160,598460,14240,83886080,0,0,0,55792,55792,15,7.5
1785933170,600572,14240,83886080,0,0,0,55824,55820,19,7.5
1785933181,599520,14240,83886080,0,0,0,55856,55856,14,7.5
1785933191,599728,14240,83886080,0,0,0,55890,55890,14,7.5
1785933201,598492,14240,83886080,0,0,0,55922,55922,12,7.5
1785933211,599960,14240,83886080,0,0,0,55954,55954,11,7.5
1785933221,598268,14240,83886080,0,0,0,55988,55988,12,7.5
1785933231,599104,14240,83886080,0,0,0,56020,56020,12,7.5
1785933241,602972,14240,83886080,0,0,0,56052,56052,12,7.5
1785933251,601744,14240,83886080,0,0,0,56086,56086,13,7.5
1785933261,599024,14240,83886080,0,0,0,56118,56118,12,7.5
1785933271,599184,14240,83886080,0,0,0,56152,56152,13,7.5
1785933281,599636,14240,83886080,0,0,0,56184,56184,16,7.5
1785933291,599248,14240,83886080,0,0,0,56216,56216,12,7.5
1785933301,606872,14240,83886080,0,0,0,56248,56248,14,7.5
1785933312,600160,14240,83886080,0,0,0,56279,56279,15,7.5
1785933322,602308,14240,83886080,0,0,0,56314,56314,12,7.5
1785933332,600240,14240,83886080,0,0,0,56347,56347,14,7.5
1785933342,602292,14240,83886080,0,0,0,56378,56377,15,7.5
1785933352,603104,14240,83886080,0,0,0,56412,56412,14,7.5
1785933362,601436,14240,83886080,0,0,0,56446,56446,11,7.5
1785933372,599976,14240,83886080,0,0,0,56474,56474,14,7.5
1785933382,600308,14240,83886080,0,0,0,56510,56510,13,7.5
1785933392,599972,14240,83886080,0,0,0,56544,56544,12,7.5
1785933402,599276,14240,83886080,0,0,0,56576,56576,10,7.5
1785933412,601344,14240,83886080,0,0,0,56608,56608,13,7.5
1785933423,608352,14240,83886080,0,0,0,56642,56642,13,7.5
1785933433,598572,14240,83886080,0,0,0,56674,56674,14,7.5
1785933443,603324,14240,83886080,0,0,0,56708,56708,13,7.5
1785933453,602304,14240,83886080,0,0,0,56740,56740,15,7.5
1785933463,601240,14240,83886080,0,0,0,56772,56772,13,7.5
1785933473,604264,14240,83886080,0,0,0,56806,56806,15,7.5
1785933483,608396,14240,83886080,0,0,0,56838,56835,18,7.5
1785933493,605704,14240,83886080,0,0,0,56870,56870,13,7.5
1785933503,601100,14240,83886080,0,0,0,56904,56904,14,7.5
1785933514,601664,14240,83886080,0,0,0,56933,56933,14,7.5
1785933524,605368,14240,83886080,0,0,0,56968,56968,14,7.5
1785933534,600852,14240,83886080,0,0,0,57003,57003,11,7.5
1785933544,601444,14240,83886080,0,0,0,57035,57035,13,7.5
1785933554,600768,14240,83886080,0,0,0,57067,57067,14,7.5
1785933564,601196,14240,83886080,0,0,0,57101,57101,13,7.5
1785933574,600924,14240,83886080,0,0,0,57133,57133,12,7.5
1785933584,599976,14240,83886080,0,0,0,57166,57166,14,7.5
1785933594,600636,14240,83886080,0,0,0,57200,57200,12,7.5
1785933604,598340,14240,83886080,0,0,0,57232,57232,13,7.5
1785933614,601216,14240,83886080,0,0,0,57266,57266,14,7.5
1785933624,598760,14240,83886080,0,0,0,57298,57298,14,7.5
1785933634,598588,14240,83886080,0,0,0,57331,57331,14,7.5
1785933645,600760,14240,83886080,0,0,0,57365,57365,13,7.5
1785933655,599980,14240,83886080,0,0,0,57394,57393,17,7.5
1785933665,601336,14240,83886080,0,0,0,57429,57429,13,7.5
1785933675,601724,14240,83886080,0,0,0,57463,57463,12,7.5
1785933685,600116,14240,83886080,0,0,0,57491,57491,13,7.5
1785933695,600196,14240,83886080,0,0,0,57525,57525,13,7.5
1785933705,600568,14240,83886080,0,0,0,57557,57557,14,7.5
1785933715,604788,14240,83886080,0,0,0,57585,57585,15,7.5
1785933725,599612,14240,83886080,0,0,0,57620,57620,13,7.5
1785933735,604580,14240,83886080,0,0,0,57653,57653,13,7.5
1785933745,598868,14240,83886080,0,0,0,57685,57685,14,7.5
1785933756,601684,14240,83886080,0,0,0,57719,57719,13,7.5
1785933766,601952,14240,83886080,0,0,0,57753,57753,12,7.6
1785933776,604380,14240,83886080,0,0,0,57781,57781,12,7.6
1785933786,597632,14240,83886080,0,0,0,57815,57815,13,7.6
1785933796,600500,14240,83886080,0,0,0,57847,57847,14,7.6
1785933806,605400,14240,83886080,0,0,0,57879,57879,13,7.6
1785933816,601184,14240,83886080,0,0,0,57911,57911,15,7.6
1785933826,602344,14240,83886080,0,0,0,57941,57941,17,7.6
1785933836,604788,14240,83886080,0,0,0,57975,57975,14,7.6
1785933846,599100,14240,83886080,0,0,0,58009,58009,13,7.6
1785933856,600224,14240,83886080,0,0,0,58032,58031,19,7.6
1785933867,599536,14240,83886080,0,0,0,58054,58054,12,7.6
1785933877,597296,14240,83886080,0,0,0,58087,58087,13,7.6
1785933887,602404,14240,83886080,0,0,0,58120,58120,12,7.6
1785933897,602696,14240,83886080,0,0,0,58152,58152,13,7.6
1785933907,600616,14240,83886080,0,0,0,58185,58185,12,7.6
1785933917,600420,14240,83886080,0,0,0,58219,58218,13,7.6
1785933927,600396,14240,83886080,0,0,0,58250,58250,12,7.6
1785933937,599432,14240,83886080,0,0,0,58284,58284,12,7.6
1785933947,600732,14240,83886080,0,0,0,58316,58316,14,7.6
1785933957,600508,14240,83886080,0,0,0,58345,58345,15,7.6
1785933967,599136,14240,83886080,0,0,0,58379,58379,14,7.6
1785933977,608232,14240,83886080,0,0,0,58411,58411,15,7.6
1785933988,602712,14240,83886080,0,0,0,58443,58443,13,7.6
1785933998,599364,14240,83886080,0,0,0,58477,58477,14,7.6
1785934008,601368,14240,83886080,0,0,0,58508,58505,20,7.6
1785934018,602312,14240,83886080,0,0,0,58541,58541,12,7.6
1785934028,601708,14240,83886080,0,0,0,58573,58573,14,7.6
1785934038,604960,14240,83886080,0,0,0,58603,58603,17,7.6
1785934048,602780,14240,83886080,0,0,0,58639,58639,12,7.6
1785934058,597376,14240,83886080,0,0,0,58673,58673,12,7.6
1785934068,600016,14240,83886080,0,0,0,58701,58701,15,7.6
1785934078,600976,14240,83886080,0,0,0,58736,58736,12,7.6
1785934088,601136,14240,83886080,0,0,0,58771,58770,13,7.6
1785934098,610052,14240,83886080,0,0,0,58799,58799,14,7.6
1785934109,603832,14240,83886080,0,0,0,58833,58833,15,7.6
1785934119,601260,14240,83886080,0,0,0,58866,58865,14,7.6
1785934129,602912,14240,83886080,0,0,0,58885,58885,20,7.6
1785934139,601672,14240,83886080,0,0,0,58909,58909,12,7.6
1785934149,599424,14240,83886080,0,0,0,58943,58943,12,7.6
1785934159,598984,14240,83886080,0,0,0,58974,58971,17,7.6
1785934169,602948,14240,83886080,0,0,0,59007,59007,13,7.6
1785934179,601884,14240,83886080,0,0,0,59041,59041,12,7.6
1785934189,600244,14240,83886080,0,0,0,59070,59069,16,7.6
1785934199,599476,14240,83886080,0,0,0,59105,59105,12,7.6
1785934209,602100,14240,83886080,0,0,0,59138,59137,12,7.6
1785934219,600840,14240,83886080,0,0,0,59168,59167,15,7.6
1785934229,598524,14240,83886080,0,0,0,59203,59203,14,7.6
1785934239,598732,14240,83886080,0,0,0,59237,59237,12,7.6
1785934250,599908,14240,83886080,0,0,0,59254,59253,23,7.6
1785934260,599088,14240,83886080,0,0,0,59281,59281,12,7.6
1785934270,601068,14240,83886080,0,0,0,59315,59315,13,7.6
1785934280,603132,14240,83886080,0,0,0,59348,59348,15,7.6
1785934290,600400,14240,83886080,0,0,0,59380,59380,13,7.6
1785934300,606248,14240,83886080,0,0,0,59415,59415,13,7.6
1785934310,606256,14240,83886080,0,0,0,59446,59446,15,7.6
1785934320,599248,14240,83886080,0,0,0,59481,59481,14,7.6
1785934331,599812,14240,83886080,0,0,0,59516,59516,12,7.6
1785934341,602220,14240,83886080,0,0,0,59545,59545,14,7.6
1785934351,598912,14240,83886080,0,0,0,59580,59580,15,7.6
1785934361,600432,14240,83886080,0,0,0,59615,59615,13,7.6
1785934371,602520,14240,83886080,0,0,0,59646,59646,13,7.6
1785934381,600040,14240,83886080,0,0,0,59681,59681,14,7.6
1785934391,602032,14240,83886080,0,0,0,59716,59716,12,7.6
1785934401,598876,14240,83886080,0,0,0,59748,59748,14,7.6
1785934411,598508,14240,83886080,0,0,0,59781,59781,15,7.6
1785934421,601420,14240,83886080,0,0,0,59816,59816,13,7.6
1785934431,597548,14240,83886080,0,0,0,59824,59824,17,7.6
1785934441,598716,14240,83886080,0,0,0,59858,59858,14,7.6
1785934451,597984,14240,83886080,0,0,0,59893,59893,13,7.6
1785934462,600328,14240,83886080,0,0,0,59914,59914,20,7.6
1785934472,605496,14240,83886080,0,0,0,59934,59934,15,7.6
1785934482,603588,14240,83886080,0,0,0,59970,59970,14,7.6
1785934492,604768,14240,83886080,0,0,0,60004,60004,14,7.6
1785934502,606800,14240,83886080,0,0,0,60035,60035,13,7.6
1785934512,602772,14240,83886080,0,0,0,60068,60068,14,7.6
1785934522,610320,14240,83886080,0,0,0,60102,60102,14,7.6
1785934532,605600,14240,83886080,0,0,0,60134,60134,15,7.6
1785934542,602116,14240,83886080,0,0,0,60168,60168,14,7.6
1785934552,603784,14240,83886080,0,0,0,60200,60200,13,7.6
1785934562,599672,14240,83886080,0,0,0,60236,60236,11,7.6
1785934572,601540,14240,83886080,0,0,0,60268,60268,13,7.6
1785934583,598688,14240,83886080,0,0,0,60298,60298,12,7.6
1785934593,599468,14240,83886080,0,0,0,60330,60330,13,7.6
1785934603,604124,14240,83886080,0,0,0,60364,60364,12,7.6
1785934613,599248,14240,83886080,0,0,0,60392,60392,12,7.6
1785934623,599952,14240,83886080,0,0,0,60424,60424,13,7.6
1785934633,598728,14240,83886080,0,0,0,60458,60458,12,7.6
1785934643,600016,14240,83886080,0,0,0,60488,60487,14,7.6
1785934653,602332,14240,83886080,0,0,0,60521,60521,12,7.6
1785934663,599460,14240,83886080,0,0,0,60553,60553,13,7.6
1785934673,600184,14240,83886080,0,0,0,60584,60584,13,7.6
1785934683,599080,14240,83886080,0,0,0,60616,60616,13,7.6
1785934693,599568,14240,83886080,0,0,0,60647,60647,14,7.6
1785934704,600852,14240,83886080,0,0,0,60679,60679,13,7.6
1785934714,600680,14240,83886080,0,0,0,60712,60711,14,7.6
1785934724,604328,14240,83886080,0,0,0,60742,60741,16,7.6
1785934734,598196,14240,83886080,0,0,0,60774,60774,14,7.6
1785934744,599020,14240,83886080,0,0,0,60807,60807,13,7.6
1785934754,601848,14240,83886080,0,0,0,60836,60836,16,7.6
1785934764,600440,14240,83886080,0,0,0,60869,60869,14,7.6
1785934774,599148,14240,83886080,0,0,0,60902,60902,14,7.6
1785934784,601028,14240,83886080,0,0,0,60931,60931,15,7.6
1785934794,598416,14240,83886080,0,0,0,60965,60965,11,7.6
1785934805,597876,14240,83886080,0,0,0,60997,60997,12,7.6
1785934815,599480,14240,83886080,0,0,0,61029,61029,11,7.6
1785934825,597416,14240,83886080,0,0,0,61060,61060,13,7.6
1785934835,600512,14240,83886080,0,0,0,61093,61093,13,7.6
1785934845,599872,14240,83886080,0,0,0,61125,61125,11,7.6
1785934855,601996,14240,83886080,0,0,0,61156,61156,13,7.6
1785934865,601036,14240,83886080,0,0,0,61187,61187,15,7.6
1785934875,599136,14240,83886080,0,0,0,61219,61219,12,7.6
1785934885,599864,14240,83886080,0,0,0,61253,61253,14,7.6
1785934895,602940,14240,83886080,0,0,0,61287,61287,14,7.6
1785934905,600968,14240,83886080,0,0,0,61317,61317,14,7.6
1785934915,600084,14240,83886080,0,0,0,61351,61351,13,7.6
1785934926,602512,14240,83886080,0,0,0,61386,61383,14,7.6
1785934936,597996,14240,83886080,0,0,0,61416,61416,13,7.6
1785934946,597272,14240,83886080,0,0,0,61451,61451,13,7.6
1785934956,602948,14240,83886080,0,0,0,61485,61485,14,7.6
1785934966,604104,14240,83886080,0,0,0,61515,61515,13,7.6
1785934976,603152,14240,83886080,0,0,0,61549,61549,13,7.6
1785934986,606832,14240,83886080,0,0,0,61580,61579,18,7.6
1785934996,600248,14240,83886080,0,0,0,61615,61615,12,7.6
1785935006,598072,14240,83886080,0,0,0,61649,61649,13,7.6
1785935016,606696,14240,83886080,0,0,0,61677,61677,17,7.6
1785935026,599580,14240,83886080,0,0,0,61713,61713,13,7.6
1785935036,597572,14240,83886080,0,0,0,61747,61747,13,7.6
1785935047,605696,14240,83886080,0,0,0,61776,61776,13,7.6
1785935057,598312,14240,83886080,0,0,0,61812,61812,12,7.6
1785935067,601448,14240,83886080,0,0,0,61846,61846,13,7.6
1785935077,596404,14240,83886080,0,0,0,61878,61878,12,7.6
1785935087,601488,14240,83886080,0,0,0,61911,61910,12,7.6
1785935097,599016,14240,83886080,0,0,0,61944,61944,13,7.6
1785935107,599968,14240,83886080,0,0,0,61975,61975,12,7.6
1785935117,597688,14240,83886080,0,0,0,62008,62008,14,7.6
1785935127,605060,14240,83886080,0,0,0,62042,62042,14,7.6
1785935137,598744,14240,83886080,0,0,0,62074,62074,12,7.6
1785935147,599004,14240,83886080,0,0,0,62108,62108,13,7.6
1785935158,596852,14240,83886080,0,0,0,62142,62142,14,7.6
1785935168,598756,14240,83886080,0,0,0,62172,62172,12,7.6
1785935178,599620,14240,83886080,0,0,0,62206,62206,13,7.6
1785935188,598364,14240,83886080,0,0,0,62238,62238,15,7.6
1785935198,599028,14240,83886080,0,0,0,62270,62270,14,7.6
1785935208,602588,14240,83886080,0,0,0,62304,62304,15,7.6
1785935218,597340,14240,83886080,0,0,0,62336,62333,17,7.6
1785935228,601084,14240,83886080,0,0,0,62368,62368,13,7.6
1785935238,598448,14240,83886080,0,0,0,62402,62402,13,7.6
1785935248,603856,14240,83886080,0,0,0,62431,62431,18,7.6
1785935258,600416,14240,83886080,0,0,0,62466,62466,13,7.6
1785935268,601948,14240,83886080,0,0,0,62500,62500,13,7.6
1785935279,601028,14240,83886080,0,0,0,62529,62529,16,7.6
1785935289,602336,14240,83886080,0,0,0,62565,62565,14,7.6
1785935299,600748,14240,83886080,0,0,0,62599,62599,12,7.6
1785935309,600552,14240,83886080,0,0,0,62628,62628,14,7.6
1785935319,597928,14240,83886080,0,0,0,62663,62663,13,7.6
1785935329,599008,14240,83886080,0,0,0,62697,62697,13,7.6
1785935339,598812,14240,83886080,0,0,0,62725,62725,15,7.6
1785935349,600616,14240,83886080,0,0,0,62761,62761,12,7.6
1785935359,601812,14240,83886080,0,0,0,62795,62795,12,7.6
1785935369,600876,14240,83886080,0,0,0,62827,62827,12,7.6
1785935379,602476,14240,83886080,0,0,0,62859,62859,13,7.6
1785935389,600888,14240,83886080,0,0,0,62893,62893,13,7.6
1785935400,600096,14240,83886080,0,0,0,62925,62925,15,7.6
1785935410,597368,14240,83886080,0,0,0,62960,62960,12,7.6
1785935420,604996,14240,83886080,0,0,0,62992,62992,14,7.6
1785935430,597280,14240,83886080,0,0,0,63024,63024,13,7.6
1785935440,600288,14240,83886080,0,0,0,63058,63058,14,7.6
1785935450,601244,14240,83886080,0,0,0,63089,63086,18,7.6
1785935460,603516,14240,83886080,0,0,0,63122,63122,13,7.6
1785935470,603784,14240,83886080,0,0,0,63156,63156,14,7.6
1785935480,600844,14240,83886080,0,0,0,63186,63185,16,7.6
1785935490,605848,14240,83886080,0,0,0,63219,63219,13,7.6
1785935500,601892,14240,83886080,0,0,0,63252,63252,14,7.6
1785935511,598272,14240,83886080,0,0,0,63282,63282,12,7.6
1785935521,599764,14240,83886080,0,0,0,63314,63314,14,7.6
1785935531,599900,14240,83886080,0,0,0,63348,63348,13,7.6
1785935541,604640,14240,83886080,0,0,0,63372,63369,21,7.6
1785935551,603632,14240,83886080,0,0,0,63392,63392,12,7.6
1785935561,600324,14240,83886080,0,0,0,63424,63424,14,7.6
1785935571,599736,14240,83886080,0,0,0,63458,63458,13,7.6
1785935581,598252,14240,83886080,0,0,0,63489,63489,12,7.6
1785935591,600988,14240,83886080,0,0,0,63522,63522,15,7.6
1785935602,607072,14240,83886080,0,0,0,63553,63553,14,7.6
1785935612,602584,14240,83886080,0,0,0,63585,63585,16,7.6
1785935622,599584,14240,83886080,0,0,0,63619,63619,15,7.6
1785935632,602204,14240,83886080,0,0,0,63651,63651,15,7.6
1785935642,599876,14240,83886080,0,0,0,63683,63683,14,7.6
1785935652,601592,14240,83886080,0,0,0,63717,63717,13,7.6
1785935662,600184,14240,83886080,0,0,0,63749,63749,14,7.6
1785935672,598144,14240,83886080,0,0,0,63782,63782,13,7.6
1785935682,605768,14240,83886080,0,0,0,63816,63816,13,7.6
1785935692,599588,14240,83886080,0,0,0,63848,63848,14,7.6
1785935702,601508,14240,83886080,0,0,0,63882,63882,13,7.6
1785935712,599440,14240,83886080,0,0,0,63914,63914,13,7.6
1785935723,604056,14240,83886080,0,0,0,63945,63945,13,7.6
1785935733,603168,14240,83886080,0,0,0,63977,63977,15,7.6
1785935743,601608,14240,83886080,0,0,0,64011,64011,12,7.6
1785935753,597288,14240,83886080,0,0,0,64043,64043,12,7.6
1785935763,598128,14240,83886080,0,0,0,64075,64075,14,7.6
1785935773,601264,14240,83886080,0,0,0,64109,64109,13,7.6
1785935783,604188,14240,83886080,0,0,0,64139,64138,15,7.6
1785935793,602328,14240,83886080,0,0,0,64173,64173,13,7.6
1785935803,600128,14240,83886080,0,0,0,64205,64205,14,7.6
1785935813,597816,14240,83886080,0,0,0,64235,64235,13,7.6
1785935823,600664,14240,83886080,0,0,0,64269,64269,13,7.6
1785935833,600968,14240,83886080,0,0,0,64301,64301,15,7.6
1785935844,598912,14240,83886080,0,0,0,64333,64333,12,7.6
1785935854,601784,14240,83886080,0,0,0,64367,64367,12,7.6
1785935864,608372,14240,83886080,0,0,0,64399,64399,16,7.6
1785935874,598692,14240,83886080,0,0,0,64431,64431,12,7.6
1785935884,600684,14240,83886080,0,0,0,64465,64465,12,7.6
1785935894,599768,14240,83886080,0,0,0,64497,64497,15,7.6
1785935904,599248,14240,83886080,0,0,0,64529,64529,11,7.6
1785935914,598848,14240,83886080,0,0,0,64563,64563,12,7.6
1785935924,598516,14240,83886080,0,0,0,64592,64591,16,7.6
1785935934,599208,14240,83886080,0,0,0,64626,64626,11,7.6
1785935944,602488,14240,83886080,0,0,0,64659,64659,14,7.6
1785935954,599364,14240,83886080,0,0,0,64689,64689,16,7.6
1785935964,599892,14240,83886080,0,0,0,64725,64725,12,7.6
1785935975,604552,14240,83886080,0,0,0,64757,64757,14,7.6
1785935985,599728,14240,83886080,0,0,0,64787,64787,15,7.6
1785935995,599492,14240,83886080,0,0,0,64821,64821,14,7.6
1785936005,600316,14240,83886080,0,0,0,64855,64855,13,7.6
1785936015,600360,14240,83886080,0,0,0,64885,64885,12,7.6
1785936025,604080,14240,83886080,0,0,0,64919,64918,12,7.6
1785936035,597880,14240,83886080,0,0,0,64951,64951,15,7.6
1785936045,601892,14240,83886080,0,0,0,64983,64983,14,7.6
1785936055,599004,14240,83886080,0,0,0,65018,65018,12,7.6
1785936065,598840,14240,83886080,0,0,0,65053,65052,14,7.6
1785936075,599764,14240,83886080,0,0,0,65082,65081,13,7.6
1785936085,606172,14240,83886080,0,0,0,65115,65115,14,7.6
1785936096,605008,14240,83886080,0,0,0,65148,65148,15,7.6
1785936106,597588,14240,83886080,0,0,0,65179,65179,13,7.6
1785936116,600856,14240,83886080,0,0,0,65211,65211,12,7.6
1785936126,605056,14240,83886080,0,0,0,65245,65244,13,7.6
1785936136,604172,14240,83886080,0,0,0,65273,65273,15,7.6
1785936146,601712,14240,83886080,0,0,0,65307,65307,14,7.6
1785936156,605492,14240,83886080,0,0,0,65339,65339,14,7.6
1785936166,600556,14240,83886080,0,0,0,65371,65371,14,7.6
1785936176,603104,14240,83886080,0,0,0,65405,65404,13,7.6
1785936186,601992,14240,83886080,0,0,0,65437,65437,14,7.6
1785936197,601864,14240,83886080,0,0,0,65445,65445,18,7.6
1785936207,603620,14240,83886080,0,0,0,65481,65480,13,7.6
1785936217,602016,14240,83886080,0,0,0,65513,65513,13,7.6
1785936227,598320,14240,83886080,0,0,0,65543,65539,19,7.6
1785936237,597084,14240,83886080,0,0,0,65575,65575,12,7.6
1785936247,599224,14240,83886080,0,0,0,65608,65607,13,7.6
1785936257,600152,14240,83886080,0,0,0,65637,65637,16,7.6
1785936267,603512,14240,83886080,0,0,0,65671,65669,14,7.6
1785936277,598696,14240,83886080,0,0,0,65703,65703,12,7.6
1785936287,599060,14240,83886080,0,0,0,65735,65735,11,7.6
1785936297,600552,14240,83886080,0,0,0,65767,65767,13,7.6
1785936307,599544,14240,83886080,0,0,0,65801,65801,12,7.6
1785936317,598304,14240,83886080,0,0,0,65829,65829,14,7.6
1785936328,600576,14240,83886080,0,0,0,65863,65863,14,7.6
1785936338,605264,14240,83886080,0,0,0,65895,65895,15,7.6
1785936348,600476,14240,83886080,0,0,0,65923,65923,14,7.6
1785936358,601812,14240,83886080,0,0,0,65959,65959,12,7.6
1785936368,600048,14240,83886080,0,0,0,65991,65991,14,7.6
1785936378,600664,14240,83886080,0,0,0,66021,66021,14,7.6
1785936388,598784,14240,83886080,0,0,0,66055,66055,13,7.6
1785936398,603452,14240,83886080,0,0,0,66087,66087,13,7.6
1785936408,598116,14240,83886080,0,0,0,66119,66119,12,7.6
1785936418,599064,14240,83886080,0,0,0,66151,66151,13,7.6
1785936428,600460,14240,83886080,0,0,0,66185,66185,11,7.6
1785936438,599192,14240,83886080,0,0,0,66213,66213,13,7.6
1785936449,599224,14240,83886080,0,0,0,66245,66245,14,7.6
1785936459,601904,14240,83886080,0,0,0,66279,66279,14,7.6
1785936469,608512,14240,83886080,0,0,0,66295,66295,23,7.6
1785936479,599656,14240,83886080,0,0,0,66323,66323,14,7.6
1785936489,598760,14240,83886080,0,0,0,66357,66357,10,7.6
1785936499,601612,14240,83886080,0,0,0,66389,66389,13,7.6
1785936509,597716,14240,83886080,0,0,0,66421,66421,12,7.6
1785936519,608744,14240,83886080,0,0,0,66454,66454,13,7.6
1785936530,606012,14240,83886080,0,0,0,66484,66483,17,7.6
1785936540,600228,14240,83886080,0,0,0,66519,66519,13,7.6
1785936550,602596,14240,83886080,0,0,0,66551,66551,13,7.6
1785936560,600516,14240,83886080,0,0,0,66581,66581,17,7.6
1785936570,597656,14240,83886080,0,0,0,66615,66615,14,7.6
1785936580,600680,14240,83886080,0,0,0,66647,66647,15,7.6
1785936590,600520,14240,83886080,0,0,0,66679,66679,12,7.6
1785936600,599508,14240,83886080,0,0,0,66711,66711,13,7.6
1785936611,606452,14240,83886080,0,0,0,66745,66745,12,7.6
1785936621,602940,14240,83886080,0,0,0,66773,66773,15,7.6
1785936631,599812,14240,83886080,0,0,0,66809,66809,12,7.6
1785936641,598292,14240,83886080,0,0,0,66841,66841,13,7.6
1785936651,599260,14240,83886080,0,0,0,66871,66871,13,7.6
1785936661,606260,14240,83886080,0,0,0,66903,66903,16,7.6
1785936671,603344,14240,83886080,0,0,0,66937,66937,13,7.6
1785936681,602408,14240,83886080,0,0,0,66965,66965,15,7.6
1785936691,600500,14240,83886080,0,0,0,67000,67000,13,7.6
1785936701,600080,14240,83886080,0,0,0,67033,67033,13,7.6
1785936711,600472,14240,83886080,0,0,0,67063,67063,16,7.6
1785936721,599500,14240,83886080,0,0,0,67097,67097,15,7.6
1785936731,601716,14240,83886080,0,0,0,67129,67129,14,7.6
1785936742,599628,14240,83886080,0,0,0,67160,67160,13,7.6
1785936752,600056,14240,83886080,0,0,0,67192,67192,13,7.6
1785936762,599720,14240,83886080,0,0,0,67224,67224,14,7.6
1785936772,600632,14240,83886080,0,0,0,67255,67255,14,7.6
1785936782,606036,14240,83886080,0,0,0,67287,67287,15,7.6
1785936792,609432,14240,83886080,0,0,0,67321,67317,18,7.6
1785936802,604356,14240,83886080,0,0,0,67353,67353,13,7.6
1785936812,598892,14240,83886080,0,0,0,67387,67387,12,7.6
1785936822,606984,14240,83886080,0,0,0,67412,67411,17,7.6
1785936832,600628,14240,83886080,0,0,0,67431,67431,13,7.6
1785936842,603388,14240,83886080,0,0,0,67463,67463,14,7.6
1785936853,607568,14240,83886080,0,0,0,67497,67497,14,7.6
1785936863,599516,14240,83886080,0,0,0,67525,67525,15,7.6
1785936873,605248,14240,83886080,0,0,0,67559,67559,14,7.6
1785936883,600924,14240,83886080,0,0,0,67591,67591,16,7.6
1785936893,597632,14240,83886080,0,0,0,67623,67623,12,7.6
1785936903,600320,14240,83886080,0,0,0,67655,67655,13,7.6
1785936913,598700,14240,83886080,0,0,0,67689,67689,12,7.6
1785936923,600376,14240,83886080,0,0,0,67719,67719,12,7.6
1785936933,600804,14240,83886080,0,0,0,67751,67751,13,7.6
1785936943,601960,14240,83886080,0,0,0,67780,67779,18,7.6
1785936953,600692,14240,83886080,0,0,0,67813,67813,13,7.6
1785936964,600192,14240,83886080,0,0,0,67845,67845,14,7.6
1785936974,602416,14240,83886080,0,0,0,67877,67877,13,7.6
1785936984,598624,14240,83886080,0,0,0,67909,67909,13,7.6
1785936994,599140,14240,83886080,0,0,0,67941,67941,12,7.6
1785937004,597852,14240,83886080,0,0,0,67972,67972,13,7.6
1785937014,598244,14240,83886080,0,0,0,68006,68006,11,7.6
1785937024,597172,14240,83886080,0,0,0,68038,68038,13,7.6
1785937034,602128,14240,83886080,0,0,0,68068,68068,11,7.6
1785937044,601536,14240,83886080,0,0,0,68100,68100,13,7.6
1785937054,599156,14240,83886080,0,0,0,68132,68132,12,7.6
1785937064,601932,14240,83886080,0,0,0,68162,68161,15,7.6
1785937074,605004,14240,83886080,0,0,0,68194,68194,15,7.6
1785937084,598528,14240,83886080,0,0,0,68226,68226,15,7.6
1785937095,603592,14240,83886080,0,0,0,68258,68258,12,7.6
1785937105,602852,14240,83886080,0,0,0,68291,68290,14,7.6
1785937115,606868,14240,83886080,0,0,0,68324,68324,12,7.6
1785937125,601156,14240,83886080,0,0,0,68352,68352,13,7.6
1785937135,602140,14240,83886080,0,0,0,68386,68386,13,7.6
1785937145,601872,14240,83886080,0,0,0,68418,68418,12,7.6
1785937155,604512,14240,83886080,0,0,0,68450,68450,12,7.6
1785937165,600648,14240,83886080,0,0,0,68482,68482,14,7.6
1785937175,603596,14240,83886080,0,0,0,68513,68512,16,7.6
1785937185,605804,14240,83886080,0,0,0,68544,68544,15,7.6
1785937196,598980,14240,83886080,0,0,0,68579,68579,13,7.6
1785937206,605556,14240,83886080,0,0,0,68610,68610,14,7.6
1785937216,601748,14240,83886080,0,0,0,68642,68642,13,7.6
1785937226,597960,14240,83886080,0,0,0,68674,68674,15,7.6
1785937236,602544,14240,83886080,0,0,0,68705,68705,13,7.6
1785937246,599024,14240,83886080,0,0,0,68737,68737,12,7.6
1785937256,600580,14240,83886080,0,0,0,68771,68771,10,7.6
1785937266,600768,14240,83886080,0,0,0,68801,68801,12,7.6
1785937276,601888,14240,83886080,0,0,0,68833,68833,13,7.6
1785937286,600256,14240,83886080,0,0,0,68866,68866,12,7.6
1785937296,598560,14240,83886080,0,0,0,68896,68896,12,7.6
1785937306,600320,14240,83886080,0,0,0,68928,68928,14,7.6
1785937317,601944,14240,83886080,0,0,0,68959,68959,13,7.6
1785937327,601188,14240,83886080,0,0,0,68989,68989,14,7.6
1785937337,598152,14240,83886080,0,0,0,69022,69022,14,7.6
1785937347,599572,14240,83886080,0,0,0,69054,69054,13,7.6
1785937357,602896,14240,83886080,0,0,0,69085,69085,13,7.6
1785937367,599804,14240,83886080,0,0,0,69117,69117,12,7.6
1785937377,606044,14240,83886080,0,0,0,69150,69150,12,7.6
1785937387,601092,14240,83886080,0,0,0,69180,69180,12,7.6
1785937397,600484,14240,83886080,0,0,0,69213,69213,12,7.6
1785937407,597416,14240,83886080,0,0,0,69246,69246,12,7.6
1785937417,599672,14240,83886080,0,0,0,69276,69276,12,7.6
1785937427,601980,14240,83886080,0,0,0,69308,69307,13,7.6
1785937437,599980,14240,83886080,0,0,0,69338,69338,13,7.6
1785937448,598056,14240,83886080,0,0,0,69370,69370,13,7.6
1785937458,599024,14240,83886080,0,0,0,69402,69402,14,7.6
1785937468,603668,14240,83886080,0,0,0,69432,69432,16,7.6
1785937478,607792,14240,83886080,0,0,0,69464,69464,12,7.6
1785937488,600200,14240,83886080,0,0,0,69495,69494,13,7.6
1785937498,601576,14240,83886080,0,0,0,69522,69522,18,7.6
1785937508,597856,14240,83886080,0,0,0,69554,69554,14,7.6
1785937518,597920,14240,83886080,0,0,0,69587,69586,14,7.6
1785937528,609948,14240,83886080,0,0,0,69612,69612,18,7.6
1785937538,601592,14240,83886080,0,0,0,69625,69625,14,7.6
1785937549,600404,14240,83886080,0,0,0,69659,69659,11,7.6
1785937559,597492,14240,83886080,0,0,0,69690,69690,13,7.6
1785937569,601736,14240,83886080,0,0,0,69718,69718,13,7.6
1785937579,597088,14240,83886080,0,0,0,69750,69750,14,7.6
1785937589,600708,14240,83886080,0,0,0,69784,69784,12,7.6
1785937599,600556,14240,83886080,0,0,0,69812,69812,12,7.6
1785937609,607272,14240,83886080,0,0,0,69844,69843,12,7.6
1785937619,600472,14240,83886080,0,0,0,69874,69874,15,7.6
1785937629,601968,14240,83886080,0,0,0,69906,69906,11,7.6
1785937639,604072,14240,83886080,0,0,0,69936,69936,14,7.6
1785937649,599780,14240,83886080,0,0,0,69968,69968,13,7.6
1785937659,600764,14240,83886080,0,0,0,69996,69996,15,7.6
1785937669,598512,14240,83886080,0,0,0,70030,70030,12,7.6
1785937679,599964,14240,83886080,0,0,0,70060,70060,14,7.6
1785937690,598964,14240,83886080,0,0,0,70090,70090,12,7.6
1785937700,601180,14240,83886080,0,0,0,70121,70121,13,7.6
1785937710,599864,14240,83886080,0,0,0,70152,70152,13,7.6
1785937720,602304,14240,83886080,0,0,0,70184,70184,12,7.6
1785937730,604320,14240,83886080,0,0,0,70215,70215,13,7.6
1785937740,603048,14240,83886080,0,0,0,70246,70246,14,7.6
1785937750,601268,14240,83886080,0,0,0,70274,70274,15,7.6
1785937760,602664,14240,83886080,0,0,0,70308,70308,13,7.6
1785937770,598652,14240,83886080,0,0,0,70340,70340,12,7.6
1785937780,599004,14240,83886080,0,0,0,70369,70369,13,7.6
1785937790,599376,14240,83886080,0,0,0,70402,70402,13,7.6
1785937800,597948,14240,83886080,0,0,0,70434,70434,12,7.6
1785937810,601196,14240,83886080,0,0,0,70462,70462,13,7.6
1785937820,597724,14240,83886080,0,0,0,70494,70494,14,7.6
1785937830,598648,14240,83886080,0,0,0,70527,70527,13,7.6
1785937841,601288,14240,83886080,0,0,0,70554,70554,12,7.6
1785937851,597404,14240,83886080,0,0,0,70587,70587,13,7.6
1785937861,599776,14240,83886080,0,0,0,70619,70619,13,7.6
1785937871,600384,14240,83886080,0,0,0,70649,70649,11,7.6
1785937881,598440,14240,83886080,0,0,0,70681,70681,13,7.6
1785937891,599788,14240,83886080,0,0,0,70714,70713,15,7.6
1785937901,601960,14240,83886080,0,0,0,70746,70746,14,7.6
1785937911,604468,14240,83886080,0,0,0,70780,70780,13,7.6
1785937922,602004,14240,83886080,0,0,0,70808,70807,18,7.6
1785937932,598284,14240,83886080,0,0,0,70827,70827,12,7.6
1785937942,604048,14240,83886080,0,0,0,70861,70861,13,7.6
1785937952,604048,14240,83886080,0,0,0,70893,70893,15,7.6
1785937962,601060,14240,83886080,0,0,0,70925,70925,12,7.6
1785937972,602608,14240,83886080,0,0,0,70959,70959,12,7.6
1785937982,604024,14240,83886080,0,0,0,70991,70991,14,7.6
1785937992,598312,14240,83886080,0,0,0,71023,71023,14,7.6
1785938002,601128,14240,83886080,0,0,0,71057,71057,12,7.6
1785938012,605176,14240,83886080,0,0,0,71086,71085,16,7.6
1785938022,601236,14240,83886080,0,0,0,71121,71121,11,7.6
1785938033,598692,14240,83886080,0,0,0,71155,71155,13,7.6
1785938043,599392,14240,83886080,0,0,0,71183,71183,17,7.6
1785938053,600236,14240,83886080,0,0,0,71219,71219,12,7.6
1785938063,600736,14240,83886080,0,0,0,71253,71253,14,7.6
1785938073,599360,14240,83886080,0,0,0,71285,71285,13,7.6
1785938083,604408,14240,83886080,0,0,0,71319,71319,12,7.6
1785938093,599976,14240,83886080,0,0,0,71351,71351,13,7.6
1785938103,600188,14240,83886080,0,0,0,71383,71383,15,7.6
1785938113,598936,14240,83886080,0,0,0,71417,71417,14,7.6
1785938123,598744,14240,83886080,0,0,0,71453,71453,12,7.6
1785938134,600896,14240,83886080,0,0,0,71485,71485,11,7.6
1785938144,599108,14240,83886080,0,0,0,71517,71517,13,7.6
1785938154,602944,14240,83886080,0,0,0,71549,71548,15,7.6
1785938164,598812,14240,83886080,0,0,0,71580,71580,14,7.6
1785938174,598512,14240,83886080,0,0,0,71615,71615,12,7.6
1785938184,600944,14240,83886080,0,0,0,71642,71641,17,7.6
1785938194,600708,14240,83886080,0,0,0,71658,71658,14,7.6
1785938204,602740,14240,83886080,0,0,0,71692,71692,13,7.6
1785938214,601576,14240,83886080,0,0,0,71724,71724,12,7.6
1785938224,598760,14240,83886080,0,0,0,71754,71754,14,7.6
1785938234,600592,14240,83886080,0,0,0,71788,71788,11,7.6
1785938245,599692,14240,83886080,0,0,0,71821,71821,13,7.6
1785938255,601180,14240,83886080,0,0,0,71849,71848,13,7.6
1785938265,604128,14240,83886080,0,0,0,71880,71880,13,7.6
1785938275,599756,14240,83886080,0,0,0,71914,71914,13,7.6
1785938285,598288,14240,83886080,0,0,0,71944,71944,13,7.6
1785938295,605964,14240,83886080,0,0,0,71976,71976,13,7.6
1785938305,599624,14240,83886080,0,0,0,72010,72010,11,7.6
1785938315,598932,14240,83886080,0,0,0,72040,72040,13,7.6
1785938325,603064,14240,83886080,0,0,0,72072,72072,13,7.6
1785938335,607372,14240,83886080,0,0,0,72103,72100,18,7.6
1785938345,597984,14240,83886080,0,0,0,72134,72134,15,7.6
1785938355,598672,14240,83886080,0,0,0,72168,72168,13,7.6
1785938366,605200,14240,83886080,0,0,0,72198,72198,13,7.6
1785938376,607548,14240,83886080,0,0,0,72230,72230,15,7.6
1785938386,599412,14240,83886080,0,0,0,72264,72264,13,7.6
1785938396,605452,14240,83886080,0,0,0,72295,72295,12,7.6
1785938406,601168,14240,83886080,0,0,0,72328,72328,12,7.6
1785938416,602240,14240,83886080,0,0,0,72360,72360,13,7.6
1785938426,600336,14240,83886080,0,0,0,72390,72390,14,7.6
1785938436,600792,14240,83886080,0,0,0,72422,72422,13,7.6
1785938446,599052,14240,83886080,0,0,0,72456,72456,12,7.6
1785938456,600244,14240,83886080,0,0,0,72484,72484,15,7.6
1785938466,600180,14240,83886080,0,0,0,72518,72518,14,7.6
1785938477,597728,14240,83886080,0,0,0,72550,72550,14,7.6
1785938487,601136,14240,83886080,0,0,0,72582,72582,13,7.6
1785938497,600440,14240,83886080,0,0,0,72614,72614,14,7.6
1785938507,602476,14240,83886080,0,0,0,72648,72648,13,7.6
1785938517,600808,14240,83886080,0,0,0,72680,72680,14,7.6
1785938527,600232,14240,83886080,0,0,0,72714,72714,13,7.6
1785938537,603172,14240,83886080,0,0,0,72743,72743,16,7.6
1785938547,601840,14240,83886080,0,0,0,72775,72775,13,7.6
1785938557,598240,14240,83886080,0,0,0,72809,72809,12,7.6
1785938567,598680,14240,83886080,0,0,0,72841,72841,11,7.6
1785938577,601000,14240,83886080,0,0,0,72873,72873,13,7.6
1785938587,598692,14240,83886080,0,0,0,72908,72908,13,7.6
1785938598,601408,14240,83886080,0,0,0,72931,72931,18,7.6
1785938608,601308,14240,83886080,0,0,0,72950,72950,12,7.6
1785938618,600548,14240,83886080,0,0,0,72983,72983,13,7.6
1785938628,601956,14240,83886080,0,0,0,73017,73017,12,7.6
1785938638,600272,14240,83886080,0,0,0,73048,73046,15,7.6
1785938648,600624,14240,83886080,0,0,0,73081,73081,12,7.6
1785938658,601204,14240,83886080,0,0,0,73113,73113,13,7.6
1785938668,598760,14240,83886080,0,0,0,73123,73123,16,7.6
1785938678,604452,14240,83886080,0,0,0,73157,73157,14,7.6
1785938688,600872,14240,83886080,0,0,0,73191,73191,13,7.6
1785938698,599500,14240,83886080,0,0,0,73221,73221,16,7.6
1785938708,597852,14240,83886080,0,0,0,73255,73255,13,7.6
1785938719,601160,14240,83886080,0,0,0,73287,73287,14,7.6
1785938729,602544,14240,83886080,0,0,0,73319,73319,13,7.6
1785938739,603148,14240,83886080,0,0,0,73351,73351,12,7.6
1785938749,600564,14240,83886080,0,0,0,73383,73383,13,7.6
1785938759,602064,14240,83886080,0,0,0,73413,73413,13,7.6
1785938769,599384,14240,83886080,0,0,0,73443,73443,12,7.6
1785938779,602060,14240,83886080,0,0,0,73473,73473,12,7.6
1785938789,601772,14240,83886080,0,0,0,73503,73503,12,7.6
1785938799,601900,14240,83886080,0,0,0,73535,73535,15,7.6
1785938809,599224,14240,83886080,0,0,0,73569,73569,13,7.6
1785938819,602824,14240,83886080,0,0,0,73601,73601,13,7.6
1785938829,601192,14240,83886080,0,0,0,73635,73635,12,7.6
1785938839,597676,14240,83886080,0,0,0,73667,73667,13,7.6
1785938849,599336,14240,83886080,0,0,0,73699,73699,13,7.6
1785938860,600736,14240,83886080,0,0,0,73732,73732,13,7.6
1785938870,597220,14240,83886080,0,0,0,73765,73762,16,7.6
1785938880,598104,14240,83886080,0,0,0,73797,73797,14,7.6
1785938890,604612,14240,83886080,0,0,0,73831,73831,14,7.6
1785938900,600636,14240,83886080,0,0,0,73863,73863,15,7.6
1785938910,599268,14240,83886080,0,0,0,73895,73895,14,7.6
1785938920,598420,14240,83886080,0,0,0,73929,73929,15,7.6
1785938930,599412,14240,83886080,0,0,0,73961,73961,13,7.6
1785938940,599808,14240,83886080,0,0,0,73993,73993,14,7.6
1785938950,600592,14240,83886080,0,0,0,74027,74027,13,7.6
1785938960,597300,14240,83886080,0,0,0,74059,74059,12,7.6
1785938970,598900,14240,83886080,0,0,0,74091,74091,14,7.6
1785938980,600508,14240,83886080,0,0,0,74125,74125,15,7.6
1785938991,602152,14240,83886080,0,0,0,74157,74157,12,7.6
1785939001,597980,14240,83886080,0,0,0,74189,74189,13,7.6
1785939011,600472,14240,83886080,0,0,0,74221,74220,16,7.6
1785939021,598956,14240,83886080,0,0,0,74255,74255,12,7.6
1785939031,604900,14240,83886080,0,0,0,74288,74288,14,7.6
1785939041,598652,14240,83886080,0,0,0,74317,74317,17,7.6
1785939051,606768,14240,83886080,0,0,0,74352,74352,13,7.6
1785939061,599656,14240,83886080,0,0,0,74383,74383,14,7.6
1785939071,598380,14240,83886080,0,0,0,74415,74415,14,7.6
1785939081,599348,14240,83886080,0,0,0,74449,74449,12,7.6
1785939091,597844,14240,83886080,0,0,0,74481,74481,12,7.6
1785939101,596172,14240,83886080,0,0,0,74501,74497,21,7.6
1785939112,603680,14240,83886080,0,0,0,74521,74521,10,7.6
1785939122,602608,14240,83886080,0,0,0,74551,74551,12,7.6
1785939132,604740,14240,83886080,0,0,0,74583,74583,12,7.6
1785939142,614276,14240,83886080,0,0,0,74596,74595,22,7.6
1785939152,605224,14240,83886080,0,0,0,74623,74623,12,7.6
1785939162,603592,14240,83886080,0,0,0,74653,74653,14,7.6
1785939172,603876,14240,83886080,0,0,0,74685,74685,12,7.6
1785939182,608704,14240,83886080,0,0,0,74713,74713,12,7.6
1785939192,604496,14240,83886080,0,0,0,74745,74745,11,7.6
1785939202,602928,14240,83886080,0,0,0,74775,74775,13,7.6
1785939213,604816,14240,83886080,0,0,0,74804,74804,13,7.6
1785939223,606824,14240,83886080,0,0,0,74835,74835,13,7.6
1785939233,607048,14240,83886080,0,0,0,74866,74866,14,7.6
1785939243,605296,14240,83886080,0,0,0,74897,74897,11,7.6
1785939253,602308,14240,83886080,0,0,0,74928,74928,12,7.6
1785939263,604072,14240,83886080,0,0,0,74960,74960,11,7.6
1785939273,601240,14240,83886080,0,0,0,74988,74988,13,7.6
1785939283,607804,14240,83886080,0,0,0,75018,75018,15,7.6
1785939293,601160,14240,83886080,0,0,0,75050,75050,14,7.6
1785939303,601588,14240,83886080,0,0,0,75059,75059,16,7.6
1785939313,603816,14240,83886080,0,0,0,75091,75091,14,7.6
1785939323,606480,14240,83886080,0,0,0,75123,75122,13,7.6
1785939333,602804,14240,83886080,0,0,0,75152,75152,13,7.6
1785939344,601820,14240,83886080,0,0,0,75182,75182,15,7.6
1785939354,609504,14240,83886080,0,0,0,75214,75214,14,7.6
1785939364,605100,14240,83886080,0,0,0,75243,75243,13,7.6
1785939374,601724,14240,83886080,0,0,0,75274,75274,14,7.6
1785939384,601924,14240,83886080,0,0,0,75305,75305,13,7.6
1785939394,607272,14240,83886080,0,0,0,75335,75335,13,7.6
1785939404,601616,14240,83886080,0,0,0,75367,75367,13,7.6
1785939414,603940,14240,83886080,0,0,0,75399,75399,12,7.6
1785939424,602772,14240,83886080,0,0,0,75431,75431,13,7.6
1785939434,605012,14240,83886080,0,0,0,75463,75463,13,7.6
1785939444,604824,14240,83886080,0,0,0,75495,75495,13,7.6
1785939454,601692,14240,83886080,0,0,0,75524,75524,14,7.6
1785939464,606108,14240,83886080,0,0,0,75556,75556,15,7.6
1785939475,603348,14240,83886080,0,0,0,75588,75588,14,7.6
1785939485,604852,14240,83886080,0,0,0,75620,75620,12,7.6
1785939495,603340,14240,83886080,0,0,0,75651,75651,13,7.6
1785939505,606128,14240,83886080,0,0,0,75683,75683,12,7.6
1785939515,602868,14240,83886080,0,0,0,75713,75713,12,7.6
1785939525,603080,14240,83886080,0,0,0,75744,75744,14,7.6
1785939535,601468,14240,83886080,0,0,0,75776,75776,12,7.6
1785939545,603080,14240,83886080,0,0,0,75806,75806,14,7.6
1785939555,608524,14240,83886080,0,0,0,75838,75838,14,7.6
1785939565,605232,14240,83886080,0,0,0,75870,75870,15,7.6
1785939575,604652,14240,83886080,0,0,0,75902,75902,11,7.6
1785939585,604808,14240,83886080,0,0,0,75934,75934,11,7.6
1785939596,600576,14240,83886080,0,0,0,75964,75964,12,7.6
1785939606,605056,14240,83886080,0,0,0,75992,75992,15,7.6
1785939616,604376,14240,83886080,0,0,0,76026,76026,12,7.6
1785939626,602596,14240,83886080,0,0,0,76056,76056,14,7.6
1785939636,601832,14240,83886080,0,0,0,76088,76088,13,7.6
1785939646,602672,14240,83886080,0,0,0,76121,76121,12,7.6
1785939656,604380,14240,83886080,0,0,0,76151,76149,16,7.6
1785939666,603588,14240,83886080,0,0,0,76184,76184,11,7.6
1785939676,604260,14240,83886080,0,0,0,76215,76215,12,7.6
1785939686,601044,14240,83886080,0,0,0,76246,76246,12,7.6
1785939697,603416,14240,83886080,0,0,0,76278,76278,12,7.6
1785939707,610896,14240,83886080,0,0,0,76310,76310,14,7.6
1785939717,609536,14240,83886080,0,0,0,76340,76340,12,7.6
1785939727,608840,14240,83886080,0,0,0,76372,76372,11,7.6
1785939737,609576,14240,83886080,0,0,0,76404,76404,12,7.6
1785939747,602420,14240,83886080,0,0,0,76434,76434,13,7.6
1785939757,612144,14240,83886080,0,0,0,76466,76466,12,7.6
1785939767,607332,14240,83886080,0,0,0,76497,76497,13,7.6
1785939777,601812,14240,83886080,0,0,0,76529,76529,14,7.6
1785939788,603328,14240,83886080,0,0,0,76562,76561,15,7.6
1785939798,604464,14240,83886080,0,0,0,76594,76594,14,7.6
1785939808,603860,14240,83886080,0,0,0,76611,76611,22,7.6
1785939818,603432,14240,83886080,0,0,0,76636,76636,13,7.6
1785939828,609016,14240,83886080,0,0,0,76668,76668,13,7.6
1785939838,602656,14240,83886080,0,0,0,76701,76701,11,7.6
1785939848,601136,14240,83886080,0,0,0,76730,76730,12,7.6
1785939858,603584,14240,83886080,0,0,0,76762,76762,13,7.6
1785939868,601952,14240,83886080,0,0,0,76794,76794,14,7.6
1785939878,603524,14240,83886080,0,0,0,76824,76824,13,7.6
1785939888,604456,14240,83886080,0,0,0,76856,76856,14,7.6
1785939898,600200,14240,83886080,0,0,0,76888,76886,16,7.6
1785939909,605100,14240,83886080,0,0,0,76920,76920,13,7.6
1785939919,602796,14240,83886080,0,0,0,76953,76952,14,7.6
1785939929,602396,14240,83886080,0,0,0,76982,76981,15,7.6
1785939939,601708,14240,83886080,0,0,0,77014,77014,12,7.6
1785939949,605132,14240,83886080,0,0,0,77046,77044,15,7.6
1785939959,601836,14240,83886080,0,0,0,77076,77076,13,7.6
1785939969,605180,14240,83886080,0,0,0,77109,77109,12,7.6
1785939979,605228,14240,83886080,0,0,0,77141,77140,13,7.6
1785939989,601528,14240,83886080,0,0,0,77170,77170,12,7.6
1785939999,602824,14240,83886080,0,0,0,77200,77200,14,7.6
1785940009,606960,14240,83886080,0,0,0,77232,77232,12,7.6
1785940019,601728,14240,83886080,0,0,0,77260,77260,14,7.6
1785940030,600248,14240,83886080,0,0,0,77292,77292,12,7.6
1785940040,604580,14240,83886080,0,0,0,77322,77322,15,7.6
1785940050,603484,14240,83886080,0,0,0,77354,77354,12,7.6
1785940060,603668,14240,83886080,0,0,0,77384,77384,12,7.6
1785940070,603196,14240,83886080,0,0,0,77416,77416,12,7.6
1785940080,605564,14240,83886080,0,0,0,77440,77437,19,7.6
1785940090,606392,14240,83886080,0,0,0,77457,77457,12,7.6
1785940100,604184,14240,83886080,0,0,0,77489,77489,12,7.6
1785940110,604308,14240,83886080,0,0,0,77519,77519,14,7.6
1785940120,604316,14240,83886080,0,0,0,77548,77547,15,7.6
1785940130,602440,14240,83886080,0,0,0,77580,77580,12,7.6
1785940140,604480,14240,83886080,0,0,0,77610,77610,14,7.6
1785940151,602536,14240,83886080,0,0,0,77641,77640,12,7.6
1785940161,603804,14240,83886080,0,0,0,77671,77671,14,7.6
1785940171,603092,14240,83886080,0,0,0,77703,77703,13,7.6
1785940181,603748,14240,83886080,0,0,0,77732,77732,15,7.6
1785940191,609252,14240,83886080,0,0,0,77764,77764,14,7.6
1785940201,607004,14240,83886080,0,0,0,77794,77794,14,7.6
1785940211,604876,14240,83886080,0,0,0,77823,77823,13,7.6
1785940221,608352,14240,83886080,0,0,0,77855,77855,12,7.6
1785940231,601828,14240,83886080,0,0,0,77886,77886,13,7.6
1785940241,603116,14240,83886080,0,0,0,77917,77917,12,7.6
1785940251,602600,14240,83886080,0,0,0,77948,77948,14,7.6
1785940262,604544,14240,83886080,0,0,0,77979,77979,14,7.6
1785940272,603532,14240,83886080,0,0,0,78007,78007,14,7.6
1785940282,604712,14240,83886080,0,0,0,78039,78039,13,7.6
1785940292,602852,14240,83886080,0,0,0,78073,78073,15,7.6
1785940302,606388,14240,83886080,0,0,0,78105,78105,12,7.6
1785940312,607372,14240,83886080,0,0,0,78138,78138,14,7.6
1785940322,611652,14240,83886080,0,0,0,78172,78172,11,7.6
1785940332,605244,14240,83886080,0,0,0,78188,78188,22,7.6
1785940342,603956,14240,83886080,0,0,0,78216,78216,12,7.5
1785940352,601500,14240,83886080,0,0,0,78250,78250,12,7.5
1785940362,605516,14240,83886080,0,0,0,78279,78278,18,7.5
1785940372,602224,14240,83886080,0,0,0,78314,78314,11,7.5
1785940383,606072,14240,83886080,0,0,0,78348,78348,12,7.5
1785940393,608548,14240,83886080,0,0,0,78380,78380,12,7.5
1785940403,601956,14240,83886080,0,0,0,78412,78412,13,7.5
1785940413,612816,14240,83886080,0,0,0,78446,78446,14,7.5
1785940423,605320,14240,83886080,0,0,0,78478,78478,12,7.5
1785940433,602396,14240,83886080,0,0,0,78510,78510,14,7.5
1785940443,608460,14240,83886080,0,0,0,78544,78544,14,7.5
1785940453,602524,14240,83886080,0,0,0,78576,78576,12,7.5
1785940463,604296,14240,83886080,0,0,0,78608,78608,15,7.5
1785940473,605464,14240,83886080,0,0,0,78642,78642,12,7.5
1785940483,607312,14240,83886080,0,0,0,78672,78671,14,7.5
1785940494,602308,14240,83886080,0,0,0,78706,78706,13,7.5
1785940504,601460,14240,83886080,0,0,0,78740,78740,12,7.5
1785940514,602804,14240,83886080,0,0,0,78772,78772,13,7.5
1785940524,602112,14240,83886080,0,0,0,78806,78806,15,7.5
1785940534,602744,14240,83886080,0,0,0,78838,78838,12,7.5
1785940544,603000,14240,83886080,0,0,0,78872,78870,14,7.5
1785940554,603972,14240,83886080,0,0,0,78904,78904,15,7.5
1785940564,600984,14240,83886080,0,0,0,78936,78936,15,7.5
1785940574,603208,14240,83886080,0,0,0,78970,78970,14,7.5
1785940584,602616,14240,83886080,0,0,0,79004,79004,11,7.5
1785940594,601760,14240,83886080,0,0,0,79035,79035,13,7.5
1785940604,601396,14240,83886080,0,0,0,79069,79069,13,7.5
1785940615,602616,14240,83886080,0,0,0,79102,79102,13,7.5
1785940625,602200,14240,83886080,0,0,0,79133,79133,15,7.5
1785940635,605620,14240,83886080,0,0,0,79167,79167,14,7.5
1785940645,603332,14240,83886080,0,0,0,79199,79199,16,7.5
1785940655,603032,14240,83886080,0,0,0,79231,79231,12,7.5
1785940665,599600,14240,83886080,0,0,0,79265,79265,12,7.5
1785940675,601520,14240,83886080,0,0,0,79295,79294,16,7.5
1785940685,604960,14240,83886080,0,0,0,79329,79329,14,7.5
1785940695,603564,14240,83886080,0,0,0,79364,79364,14,7.5
1785940705,603584,14240,83886080,0,0,0,79396,79396,11,7.5
1785940715,603292,14240,83886080,0,0,0,79428,79428,13,7.5
1785940725,600868,14240,83886080,0,0,0,79462,79462,12,7.5
1785940735,603052,14240,83886080,0,0,0,79494,79494,15,7.5
1785940746,606636,14240,83886080,0,0,0,79528,79528,14,7.5
1785940756,603252,14240,83886080,0,0,0,79560,79560,16,7.5
1785940766,606832,14240,83886080,0,0,0,79593,79593,12,7.5
1785940776,603224,14240,83886080,0,0,0,79625,79625,12,7.5
1785940786,605788,14240,83886080,0,0,0,79659,79659,14,7.5
1785940796,609924,14240,83886080,0,0,0,79691,79691,14,7.5
1785940806,605840,14240,83886080,0,0,0,79725,79725,13,7.5
1785940816,602128,14240,83886080,0,0,0,79757,79757,14,7.5
1785940826,602160,14240,83886080,0,0,0,79789,79789,16,7.5
1785940836,603432,14240,83886080,0,0,0,79823,79823,14,7.5
1785940846,602196,14240,83886080,0,0,0,79855,79855,13,7.5
1785940857,602424,14240,83886080,0,0,0,79889,79889,15,7.5
1785940867,602508,14240,83886080,0,0,0,79924,79924,13,7.5
1785940877,606416,14240,83886080,0,0,0,79953,79953,15,7.5
1785940887,606704,14240,83886080,0,0,0,79989,79989,13,7.5
1785940897,601472,14240,83886080,0,0,0,80023,80023,11,7.5
1785940907,606572,14240,83886080,0,0,0,80051,80051,14,7.5
1785940917,601896,14240,83886080,0,0,0,80085,80085,15,7.5
1785940927,600876,14240,83886080,0,0,0,80118,80118,13,7.5
1785940937,602608,14240,83886080,0,0,0,80152,80152,13,7.5
1785940947,602308,14240,83886080,0,0,0,80185,80185,11,7.5
1785940957,603224,14240,83886080,0,0,0,80216,80216,15,7.5
1785940967,601740,14240,83886080,0,0,0,80248,80248,14,7.5
1785940978,605712,14240,83886080,0,0,0,80283,80283,12,7.5
1785940988,604628,14240,83886080,0,0,0,80314,80314,14,7.5
1785940998,607568,14240,83886080,0,0,0,80346,80346,14,7.5
1785941008,601348,14240,83886080,0,0,0,80380,80380,15,7.5
1785941018,602632,14240,83886080,0,0,0,80412,80412,13,7.5
1785941028,606508,14240,83886080,0,0,0,80445,80445,13,7.5
1785941038,605576,14240,83886080,0,0,0,80479,80479,13,7.5
1785941048,604124,14240,83886080,0,0,0,80510,80510,12,7.5
1785941058,604800,14240,83886080,0,0,0,80542,80542,14,7.5
1785941068,607396,14240,83886080,0,0,0,80576,80576,14,7.5
1785941078,603372,14240,83886080,0,0,0,80608,80608,15,7.5
1785941088,602900,14240,83886080,0,0,0,80642,80642,12,7.5
1785941098,604288,14240,83886080,0,0,0,80676,80675,14,7.5
1785941109,609032,14240,83886080,0,0,0,80706,80706,12,7.5
1785941119,604352,14240,83886080,0,0,0,80738,80738,14,7.5
1785941129,602700,14240,83886080,0,0,0,80772,80769,16,7.5
1785941139,602644,14240,83886080,0,0,0,80804,80804,12,7.5
1785941149,603960,14240,83886080,0,0,0,80838,80838,14,7.5
1785941159,603572,14240,83886080,0,0,0,80866,80866,18,7.5
1785941169,602744,14240,83886080,0,0,0,80901,80901,14,7.5
1785941179,603068,14240,83886080,0,0,0,80934,80934,14,7.5
1785941189,602832,14240,83886080,0,0,0,80966,80966,13,7.5
1785941199,607364,14240,83886080,0,0,0,81000,81000,14,7.5
1785941209,601660,14240,83886080,0,0,0,81033,81032,13,7.5
1785941219,604672,14240,83886080,0,0,0,81065,81063,15,7.5
1785941230,608468,14240,83886080,0,0,0,81098,81098,12,7.5
1785941240,600364,14240,83886080,0,0,0,81132,81132,13,7.5
1785941250,602540,14240,83886080,0,0,0,81164,81164,12,7.5
1785941260,603140,14240,83886080,0,0,0,81196,81196,14,7.5
1785941270,603528,14240,83886080,0,0,0,81230,81230,14,7.5
1785941280,602524,14240,83886080,0,0,0,81262,81262,12,7.5
1785941290,604596,14240,83886080,0,0,0,81294,81294,13,7.5
1785941300,605172,14240,83886080,0,0,0,81325,81324,16,7.5
1785941310,601100,14240,83886080,0,0,0,81358,81358,12,7.5
1785941320,602756,14240,83886080,0,0,0,81392,81392,12,7.5
1785941330,605080,14240,83886080,0,0,0,81424,81424,13,7.5
1785941340,601104,14240,83886080,0,0,0,81458,81458,12,7.5
1785941350,602608,14240,83886080,0,0,0,81490,81490,12,7.5
1785941361,601728,14240,83886080,0,0,0,81512,81510,21,7.5
1785941371,607996,14240,83886080,0,0,0,81532,81532,14,7.5
1785941381,600288,14240,83886080,0,0,0,81566,81566,13,7.5
1785941391,603488,14240,83886080,0,0,0,81599,81599,13,7.5
1785941401,605956,14240,83886080,0,0,0,81630,81630,12,7.5
1785941411,602824,14240,83886080,0,0,0,81662,81662,14,7.5
1785941421,603188,14240,83886080,0,0,0,81696,81696,15,7.5
1785941431,602752,14240,83886080,0,0,0,81728,81728,12,7.5
1785941441,605528,14240,83886080,0,0,0,81760,81760,13,7.5
1785941451,606056,14240,83886080,0,0,0,81794,81794,12,7.5
1785941461,606856,14240,83886080,0,0,0,81824,81824,14,7.5
1785941471,603696,14240,83886080,0,0,0,81858,81858,12,7.5
1785941481,609264,14240,83886080,0,0,0,81888,81888,15,7.5
1785941492,602112,14240,83886080,0,0,0,81924,81923,12,7.5
1785941502,602448,14240,83886080,0,0,0,81956,81956,14,7.5
1785941512,603312,14240,83886080,0,0,0,81988,81988,12,7.5
1785941522,603404,14240,83886080,0,0,0,82020,82020,14,7.6
1785941532,604416,14240,83886080,0,0,0,82054,82054,15,7.6
1785941542,606652,14240,83886080,0,0,0,82082,82082,15,7.6
1785941552,602796,14240,83886080,0,0,0,82118,82118,14,7.6
1785941562,600412,14240,83886080,0,0,0,82152,82152,12,7.6
1785941572,601264,14240,83886080,0,0,0,82180,82180,14,7.6
1785941582,607380,14240,83886080,0,0,0,82215,82214,13,7.6
1785941592,600220,14240,83886080,0,0,0,82250,82250,12,7.6
1785941602,602992,14240,83886080,0,0,0,82278,82278,13,7.6
1785941613,601584,14240,83886080,0,0,0,82312,82312,12,7.6
1785941623,602128,14240,83886080,0,0,0,82345,82344,15,7.6
1785941633,602768,14240,83886080,0,0,0,82376,82376,12,7.6
1785941643,600684,14240,83886080,0,0,0,82410,82410,13,7.6
1785941653,608244,14240,83886080,0,0,0,82442,82442,13,7.6
1785941663,604244,14240,83886080,0,0,0,82472,82472,14,7.6
1785941673,604112,14240,83886080,0,0,0,82505,82505,13,7.6
1785941683,602128,14240,83886080,0,0,0,82540,82539,13,7.6
1785941693,606380,14240,83886080,0,0,0,82568,82568,13,7.6
1785941703,604388,14240,83886080,0,0,0,82602,82602,14,7.6
1785941713,604676,14240,83886080,0,0,0,82635,82635,14,7.6
1785941723,601572,14240,83886080,0,0,0,82666,82666,13,7.6
1785941733,601128,14240,83886080,0,0,0,82700,82700,11,7.6
1785941743,605392,14240,83886080,0,0,0,82732,82732,14,7.6
1785941754,601456,14240,83886080,0,0,0,82764,82764,14,7.6
1785941764,602096,14240,83886080,0,0,0,82798,82798,12,7.6
1785941774,603296,14240,83886080,0,0,0,82827,82826,17,7.6
1785941784,602764,14240,83886080,0,0,0,82862,82862,12,7.6
1785941794,603584,14240,83886080,0,0,0,82894,82894,13,7.6
1785941804,603348,14240,83886080,0,0,0,82924,82924,14,7.6
1785941814,602540,14240,83886080,0,0,0,82956,82956,14,7.6
1785941824,602408,14240,83886080,0,0,0,82988,82988,13,7.6
1785941834,604776,14240,83886080,0,0,0,83018,83018,16,7.6
1785941844,605916,14240,83886080,0,0,0,83050,83050,16,7.6
1785941854,604056,14240,83886080,0,0,0,83084,83084,13,7.6
1785941865,611620,14240,83886080,0,0,0,83108,83108,19,7.6
1785941875,601996,14240,83886080,0,0,0,83128,83128,12,7.6
1785941885,601468,14240,83886080,0,0,0,83160,83160,13,7.6
1785941895,604836,14240,83886080,0,0,0,83194,83194,12,7.6
1785941905,604460,14240,83886080,0,0,0,83226,83226,12,7.6
1785941915,603280,14240,83886080,0,0,0,83258,83258,13,7.6
1785941925,605712,14240,83886080,0,0,0,83292,83292,12,7.6
1785941935,601840,14240,83886080,0,0,0,83320,83320,14,7.6
1785941945,607372,14240,83886080,0,0,0,83354,83354,13,7.6
1785941955,608728,14240,83886080,0,0,0,83386,83386,13,7.6
1785941966,608176,14240,83886080,0,0,0,83418,83418,13,7.6
1785941976,603320,14240,83886080,0,0,0,83450,83450,12,7.6
1785941986,614040,14240,83886080,0,0,0,83480,83480,16,7.6
1785941996,608164,14240,83886080,0,0,0,83514,83514,13,7.6
1785942006,601864,14240,83886080,0,0,0,83546,83546,14,7.6
1785942016,612128,14240,83886080,0,0,0,83574,83574,19,7.6
1785942026,604380,14240,83886080,0,0,0,83590,83590,12,7.6
1785942036,602488,14240,83886080,0,0,0,83622,83622,12,7.6
1785942046,604828,14240,83886080,0,0,0,83655,83654,13,7.6
1785942056,600988,14240,83886080,0,0,0,83684,83684,14,7.6
1785942066,605248,14240,83886080,0,0,0,83716,83716,13,7.6
1785942076,608684,14240,83886080,0,0,0,83750,83750,12,7.6
1785942087,603560,14240,83886080,0,0,0,83779,83779,13,7.6
1785942097,601092,14240,83886080,0,0,0,83813,83813,12,7.6
1785942107,602456,14240,83886080,0,0,0,83845,83845,12,7.6
1785942117,603520,14240,83886080,0,0,0,83877,83877,13,7.6
1785942127,602312,14240,83886080,0,0,0,83909,83909,15,7.6
1785942137,603064,14240,83886080,0,0,0,83943,83943,13,7.6
1785942147,605016,14240,83886080,0,0,0,83971,83971,13,7.6
1785942157,601636,14240,83886080,0,0,0,84005,84005,14,7.6
1785942167,604904,14240,83886080,0,0,0,84037,84037,15,7.6
1785942177,605528,14240,83886080,0,0,0,84069,84069,13,7.6
1785942187,603836,14240,83886080,0,0,0,84101,84101,13,7.6
1785942197,603068,14240,83886080,0,0,0,84135,84135,12,7.6
1785942207,601252,14240,83886080,0,0,0,84165,84165,14,7.6
1785942218,603996,14240,83886080,0,0,0,84199,84199,14,7.6
1785942228,609392,14240,83886080,0,0,0,84229,84229,15,7.6
1785942238,604432,14240,83886080,0,0,0,84262,84261,14,7.6
1785942248,604812,14240,83886080,0,0,0,84295,84295,15,7.6
1785942258,601636,14240,83886080,0,0,0,84327,84323,20,7.6
1785942268,605172,14240,83886080,0,0,0,84359,84359,12,7.6
1785942278,604376,14240,83886080,0,0,0,84393,84393,12,7.6
1785942288,606328,14240,83886080,0,0,0,84421,84421,16,7.6
1785942298,602744,14240,83886080,0,0,0,84455,84455,12,7.6
1785942308,606328,14240,83886080,0,0,0,84489,84489,13,7.6
1785942318,602396,14240,83886080,0,0,0,84519,84519,12,7.6
1785942328,604568,14240,83886080,0,0,0,84551,84551,14,7.6
1785942339,603044,14240,83886080,0,0,0,84585,84585,14,7.6
1785942349,603600,14240,83886080,0,0,0,84613,84613,16,7.6
1785942359,604268,14240,83886080,0,0,0,84649,84649,14,7.6
1785942369,607040,14240,83886080,0,0,0,84683,84683,11,7.6
1785942379,604560,14240,83886080,0,0,0,84711,84711,14,7.6
1785942389,601316,14240,83886080,0,0,0,84745,84745,12,7.6
1785942399,601892,14240,83886080,0,0,0,84779,84779,12,7.6
1785942409,603128,14240,83886080,0,0,0,84797,84797,22,7.6
1785942419,601912,14240,83886080,0,0,0,84821,84821,12,7.6
1785942429,602228,14240,83886080,0,0,0,84855,84855,12,7.6
1785942439,603844,14240,83886080,0,0,0,84888,84887,14,7.6
1785942449,603524,14240,83886080,0,0,0,84919,84919,16,7.6
1785942460,601672,14240,83886080,0,0,0,84953,84953,14,7.6
1785942470,603880,14240,83886080,0,0,0,84985,84985,16,7.6
1785942480,599468,14240,83886080,0,0,0,85019,85019,12,7.6
1785942490,606064,14240,83886080,0,0,0,85053,85053,13,7.6
1785942500,602948,14240,83886080,0,0,0,85083,85083,16,7.6
1785942510,605776,14240,83886080,0,0,0,85117,85117,13,7.6
1785942520,603288,14240,83886080,0,0,0,85151,85151,12,7.6
1785942530,601904,14240,83886080,0,0,0,85181,85181,14,7.6
1785942540,601440,14240,83886080,0,0,0,85215,85215,14,7.6
1785942550,602968,14240,83886080,0,0,0,85249,85249,14,7.6
1785942560,602408,14240,83886080,0,0,0,85279,85279,13,7.6
1785942570,601672,14240,83886080,0,0,0,85313,85313,13,7.6
1785942581,603916,14240,83886080,0,0,0,85348,85348,13,7.6
1785942591,606700,14240,83886080,0,0,0,85377,85377,14,7.6
1785942601,602688,14240,83886080,0,0,0,85411,85411,13,7.6
1785942611,601592,14240,83886080,0,0,0,85443,85443,15,7.6
1785942621,603868,14240,83886080,0,0,0,85475,85475,12,7.6
1785942631,604032,14240,83886080,0,0,0,85507,85507,15,7.6
1785942641,604508,14240,83886080,0,0,0,85541,85541,15,7.6
1785942651,603080,14240,83886080,0,0,0,85573,85573,14,7.6
1785942661,604340,14240,83886080,0,0,0,85607,85607,13,7.6
1785942671,604528,14240,83886080,0,0,0,85639,85639,15,7.6
1785942682,608148,14240,83886080,0,0,0,85671,85671,13,7.6
1785942692,602800,14240,83886080,0,0,0,85705,85705,13,7.6
1785942702,604128,14240,83886080,0,0,0,85735,85735,15,7.6
1785942712,600856,14240,83886080,0,0,0,85769,85769,12,7.6
1785942722,606744,14240,83886080,0,0,0,85801,85801,14,7.6
1785942732,601892,14240,83886080,0,0,0,85833,85833,12,7.6
1785942742,601264,14240,83886080,0,0,0,85865,85865,14,7.6
1785942752,611848,14240,83886080,0,0,0,85899,85899,12,7.6
1785942762,603472,14240,83886080,0,0,0,85927,85927,14,7.6
1785942772,607992,14240,83886080,0,0,0,85961,85961,14,7.6
1785942782,610292,14240,83886080,0,0,0,85993,85993,14,7.6
1785942792,603228,14240,83886080,0,0,0,86025,86025,12,7.6
1785942802,610524,14240,83886080,0,0,0,86057,86057,14,7.6
1785942813,602036,14240,83886080,0,0,0,86091,86091,13,7.6
1785942823,605768,14240,83886080,0,0,0,86119,86119,14,7.6
1785942833,602496,14240,83886080,0,0,0,86154,86154,13,7.6
1785942843,603148,14240,83886080,0,0,0,86188,86188,13,7.6
1785942853,603992,14240,83886080,0,0,0,86217,86217,12,7.6
1785942863,600268,14240,83886080,0,0,0,86251,86251,12,7.6
1785942873,600212,14240,83886080,0,0,0,86283,86283,15,7.6
1785942883,602696,14240,83886080,0,0,0,86315,86315,12,7.6
1785942893,600532,14240,83886080,0,0,0,86347,86347,14,7.6
1785942903,601376,14240,83886080,0,0,0,86381,86381,13,7.6
1785942914,601948,14240,83886080,0,0,0,86409,86409,14,7.6
1785942924,603272,14240,83886080,0,0,0,86443,86443,13,7.6
1785942934,603500,14240,83886080,0,0,0,86475,86475,15,7.6
1785942944,601352,14240,83886080,0,0,0,86507,86507,12,7.6
1785942954,607572,14240,83886080,0,0,0,86539,86539,14,7.6
1785942964,605608,14240,83886080,0,0,0,86573,86573,12,7.6
1785942974,609124,14240,83886080,0,0,0,86583,86581,26,7.6
1785942984,603528,14240,83886080,0,0,0,86617,86617,12,7.6
1785942994,610120,14240,83886080,0,0,0,86651,86651,13,7.6
1785943004,609796,14240,83886080,0,0,0,86676,86675,18,7.6
1785943015,605848,14240,83886080,0,0,0,86695,86695,12,7.6
1785943025,609180,14240,83886080,0,0,0,86728,86728,13,7.6
1785943035,605600,14240,83886080,0,0,0,86761,86761,14,7.6
1785943045,603636,14240,83886080,0,0,0,86793,86793,15,7.6
1785943055,602952,14240,83886080,0,0,0,86827,86827,13,7.6
1785943065,602412,14240,83886080,0,0,0,86863,86863,12,7.6
1785943075,602368,14240,83886080,0,0,0,86891,86891,15,7.6
1785943085,602284,14240,83886080,0,0,0,86925,86925,13,7.6
1785943095,603076,14240,83886080,0,0,0,86959,86959,14,7.6
1785943105,602588,14240,83886080,0,0,0,86990,86989,13,7.6
1785943115,605096,14240,83886080,0,0,0,87025,87025,11,7.6
1785943126,602180,14240,83886080,0,0,0,87056,87055,16,7.6
1785943136,605120,14240,83886080,0,0,0,87090,87090,13,7.6
1785943146,607440,14240,83886080,0,0,0,87123,87123,14,7.6
1785943156,603728,14240,83886080,0,0,0,87153,87153,16,7.6
1785943166,604268,14240,83886080,0,0,0,87189,87189,12,7.6
1785943176,605452,14240,83886080,0,0,0,87223,87223,12,7.6
1785943186,605816,14240,83886080,0,0,0,87252,87252,15,7.6
1785943196,603976,14240,83886080,0,0,0,87287,87287,13,7.6
1785943206,602768,14240,83886080,0,0,0,87321,87321,13,7.6
1785943216,604052,14240,83886080,0,0,0,87353,87353,12,7.6
1785943227,604284,14240,83886080,0,0,0,87361,87361,12,7.6
1785943237,606220,14240,83886080,0,0,0,87393,87393,13,7.6
1785943247,601164,14240,83886080,0,0,0,87427,87427,13,7.6
1785943257,604364,14240,83886080,0,0,0,87447,87447,20,7.6
1785943267,606260,14240,83886080,0,0,0,87471,87471,12,7.6
1785943277,605012,14240,83886080,0,0,0,87505,87505,13,7.6
1785943287,602156,14240,83886080,0,0,0,87537,87537,15,7.6
1785943297,600568,14240,83886080,0,0,0,87569,87569,14,7.6
1785943307,608248,14240,83886080,0,0,0,87601,87601,13,7.6
1785943318,601424,14240,83886080,0,0,0,87635,87635,12,7.6
1785943328,603464,14240,83886080,0,0,0,87643,87643,17,7.6
1785943338,608400,14240,83886080,0,0,0,87675,87675,13,7.6
1785943348,602960,14240,83886080,0,0,0,87709,87709,12,7.6
1785943358,603036,14240,83886080,0,0,0,87737,87737,14,7.6
1785943368,600564,14240,83886080,0,0,0,87769,87769,14,7.6
1785943378,602972,14240,83886080,0,0,0,87801,87801,13,7.6
1785943388,603972,14240,83886080,0,0,0,87831,87831,12,7.6
1785943398,610396,14240,83886080,0,0,0,87861,87861,13,7.6
1785943408,603420,14240,83886080,0,0,0,87893,87893,14,7.6
1785943418,601708,14240,83886080,0,0,0,87925,87925,12,7.6
1785943428,601008,14240,83886080,0,0,0,87957,87957,13,7.6
1785943438,603588,14240,83886080,0,0,0,87989,87988,15,7.6
1785943449,601800,14240,83886080,0,0,0,88019,88019,11,7.6
1785943459,604132,14240,83886080,0,0,0,88050,88050,12,7.6
1785943469,602044,14240,83886080,0,0,0,88081,88081,14,7.6
1785943479,604452,14240,83886080,0,0,0,88113,88113,15,7.6
1785943489,601488,14240,83886080,0,0,0,88145,88145,14,7.6
1785943499,603276,14240,83886080,0,0,0,88177,88177,11,7.6
1785943509,602404,14240,83886080,0,0,0,88203,88203,15,7.6
1785943519,604024,14240,83886080,0,0,0,88237,88237,10,7.6
1785943529,603036,14240,83886080,0,0,0,88269,88269,12,7.6
1785943539,602012,14240,83886080,0,0,0,88297,88297,14,7.6
1785943549,601904,14240,83886080,0,0,0,88329,88329,14,7.6
1785943559,604884,14240,83886080,0,0,0,88361,88361,13,7.6
1785943569,605472,14240,83886080,0,0,0,88390,88390,13,7.6
1785943580,602384,14240,83886080,0,0,0,88423,88423,11,7.6
1785943590,604576,14240,83886080,0,0,0,88453,88453,14,7.6
1785943600,600288,14240,83886080,0,0,0,88484,88484,12,7.6
1785943610,603992,14240,83886080,0,0,0,88517,88517,13,7.6
1785943620,603132,14240,83886080,0,0,0,88549,88548,15,7.6
1785943630,605296,14240,83886080,0,0,0,88562,88562,13,7.6
1785943640,602548,14240,83886080,0,0,0,88595,88595,13,7.6
1785943650,600156,14240,83886080,0,0,0,88631,88631,12,7.6
1785943661,615048,14240,83886080,0,0,0,88649,88648,20,7.6
1785943671,601644,14240,83886080,0,0,0,88674,88674,14,7.6
1785943681,602596,14240,83886080,0,0,0,88708,88708,11,7.6
1785943691,604828,14240,83886080,0,0,0,88740,88740,13,7.6
1785943701,604776,14240,83886080,0,0,0,88772,88772,13,7.6
1785943711,603104,14240,83886080,0,0,0,88804,88804,14,7.6
1785943721,604564,14240,83886080,0,0,0,88836,88836,15,7.6
1785943731,603492,14240,83886080,0,0,0,88868,88868,13,7.6
1785943741,604356,14240,83886080,0,0,0,88902,88902,12,7.6
1785943751,601532,14240,83886080,0,0,0,88934,88934,12,7.6
1785943761,605012,14240,83886080,0,0,0,88968,88968,12,7.6
1785943771,602836,14240,83886080,0,0,0,89002,89002,12,7.6
1785943782,603288,14240,83886080,0,0,0,89033,89033,13,7.6
1785943792,611440,14240,83886080,0,0,0,89067,89067,12,7.6
1785943802,606476,14240,83886080,0,0,0,89100,89100,14,7.6
1785943812,601596,14240,83886080,0,0,0,89132,89132,12,7.6
1785943822,603304,14240,83886080,0,0,0,89165,89165,13,7.6
1785943832,602720,14240,83886080,0,0,0,89198,89198,14,7.6
1785943842,606464,14240,83886080,0,0,0,89228,89228,14,7.6
1785943852,602436,14240,83886080,0,0,0,89263,89263,13,7.6
1785943862,605296,14240,83886080,0,0,0,89297,89297,11,7.6
1785943872,604120,14240,83886080,0,0,0,89325,89325,14,7.6
1785943882,602788,14240,83886080,0,0,0,89359,89359,13,7.6
1785943892,608656,14240,83886080,0,0,0,89391,89391,16,7.6
1785943903,602504,14240,83886080,0,0,0,89423,89423,15,7.6
1785943913,606252,14240,83886080,0,0,0,89457,89457,15,7.6
1785943923,603824,14240,83886080,0,0,0,89489,89489,15,7.6
1785943933,602780,14240,83886080,0,0,0,89523,89523,12,7.6
1785943943,602628,14240,83886080,0,0,0,89557,89557,13,7.6
1785943953,607956,14240,83886080,0,0,0,89587,89587,14,7.6
1785943963,606576,14240,83886080,0,0,0,89623,89623,12,7.6
1785943973,605392,14240,83886080,0,0,0,89657,89657,12,7.6
1785943983,610304,14240,83886080,0,0,0,89686,89686,12,7.6
1785943993,603928,14240,83886080,0,0,0,89721,89721,12,7.6
1785944004,601920,14240,83886080,0,0,0,89756,89756,12,7.6
1785944014,600548,14240,83886080,0,0,0,89785,89785,13,7.6
1785944024,607520,14240,83886080,0,0,0,89819,89819,13,7.6
1785944034,603944,14240,83886080,0,0,0,89854,89854,12,7.6
1785944044,608200,14240,83886080,0,0,0,89884,89883,14,7.6
1785944054,602776,14240,83886080,0,0,0,89918,89918,13,7.6
1785944064,600752,14240,83886080,0,0,0,89952,89952,13,7.6
1785944074,605008,14240,83886080,0,0,0,89984,89984,14,7.6
1785944084,603492,14240,83886080,0,0,0,90018,90018,14,7.6
1785944094,604364,14240,83886080,0,0,0,90048,90048,17,7.6
1785944104,605608,14240,83886080,0,0,0,90061,90060,15,7.6
1785944114,607100,14240,83886080,0,0,0,90096,90096,12,7.6
1785944125,602660,14240,83886080,0,0,0,90130,90130,13,7.6
1785944135,604564,14240,83886080,0,0,0,90158,90158,16,7.6
1785944145,604244,14240,83886080,0,0,0,90193,90193,14,7.6
1785944155,601460,14240,83886080,0,0,0,90228,90228,13,7.6
1785944165,606780,14240,83886080,0,0,0,90260,90260,12,7.6
1785944175,603196,14240,83886080,0,0,0,90292,90292,14,7.6
1785944185,607836,14240,83886080,0,0,0,90326,90326,13,7.6
1785944195,601572,14240,83886080,0,0,0,90336,90336,18,7.6
1785944205,608048,14240,83886080,0,0,0,90370,90370,12,7.6
1785944215,605056,14240,83886080,0,0,0,90402,90402,16,7.6
1785944225,600140,14240,83886080,0,0,0,90434,90434,12,7.6
1785944236,603044,14240,83886080,0,0,0,90466,90466,12,7.6
1785944246,602884,14240,83886080,0,0,0,90500,90500,12,7.6
1785944256,603092,14240,83886080,0,0,0,90529,90529,12,7.6
1785944266,606740,14240,83886080,0,0,0,90563,90563,12,7.6
1785944276,603136,14240,83886080,0,0,0,90595,90595,13,7.6
1785944286,603924,14240,83886080,0,0,0,90626,90626,12,7.6
1785944296,606676,14240,83886080,0,0,0,90658,90658,14,7.6
1785944306,602400,14240,83886080,0,0,0,90692,90692,13,7.6
1785944316,605508,14240,83886080,0,0,0,90721,90721,13,7.6
1785944326,601432,14240,83886080,0,0,0,90755,90755,13,7.6
1785944336,604196,14240,83886080,0,0,0,90787,90787,14,7.6
1785944347,602104,14240,83886080,0,0,0,90819,90819,12,7.6
1785944357,611784,14240,83886080,0,0,0,90851,90851,12,7.6
1785944367,604128,14240,83886080,0,0,0,90881,90881,16,7.6
1785944377,602120,14240,83886080,0,0,0,90915,90915,13,7.6
1785944387,605688,14240,83886080,0,0,0,90947,90947,15,7.6
1785944397,604704,14240,83886080,0,0,0,90978,90978,12,7.6
1785944407,603392,14240,83886080,0,0,0,91011,91011,12,7.6
1785944417,603476,14240,83886080,0,0,0,91043,91043,14,7.6
1785944427,602860,14240,83886080,0,0,0,91073,91073,13,7.6
1785944437,604560,14240,83886080,0,0,0,91108,91107,13,7.6
1785944447,604392,14240,83886080,0,0,0,91141,91141,12,7.6
1785944457,604220,14240,83886080,0,0,0,91160,91160,19,7.6
1785944468,606300,14240,83886080,0,0,0,91184,91184,14,7.6
1785944478,605000,14240,83886080,0,0,0,91217,91217,13,7.6
1785944488,603028,14240,83886080,0,0,0,91250,91250,14,7.6
1785944498,605676,14240,83886080,0,0,0,91281,91281,14,7.6
1785944508,602960,14240,83886080,0,0,0,91314,91314,14,7.6
1785944518,604580,14240,83886080,0,0,0,91344,91344,17,7.6
1785944528,603252,14240,83886080,0,0,0,91357,91356,25,7.6
1785944538,600616,14240,83886080,0,0,0,91364,91364,18,7.6
1785944548,605044,14240,83886080,0,0,0,91396,91396,14,7.6
1785944559,604148,14240,83886080,0,0,0,91406,91406,14,7.6
1785944569,604992,14240,83886080,0,0,0,91436,91435,14,7.6
1785944579,606428,14240,83886080,0,0,0,91470,91470,12,7.6
1785944589,602024,14240,83886080,0,0,0,91503,91503,12,7.6
1785944599,601576,14240,83886080,0,0,0,91532,91532,14,7.6
1785944609,602820,14240,83886080,0,0,0,91566,91566,13,7.6
1785944619,605388,14240,83886080,0,0,0,91598,91598,14,7.6
1785944629,604296,14240,83886080,0,0,0,91630,91630,13,7.6
1785944639,603120,14240,83886080,0,0,0,91662,91662,13,7.6
1785944649,607228,14240,83886080,0,0,0,91694,91694,14,7.6
1785944659,607640,14240,83886080,0,0,0,91724,91724,14,7.6
1785944669,603132,14240,83886080,0,0,0,91758,91758,14,7.6
1785944680,604312,14240,83886080,0,0,0,91790,91790,13,7.6
1785944690,602808,14240,83886080,0,0,0,91820,91820,13,7.6
1785944700,602104,14240,83886080,0,0,0,91854,91854,12,7.6
1785944710,610632,14240,83886080,0,0,0,91884,91884,13,7.6
1785944720,602624,14240,83886080,0,0,0,91916,91916,12,7.6
1785944730,604388,14240,83886080,0,0,0,91948,91948,12,7.6
1785944740,605220,14240,83886080,0,0,0,91978,91978,15,7.6
1785944750,609944,14240,83886080,0,0,0,92012,92012,13,7.6
1785944760,608072,14240,83886080,0,0,0,92046,92046,13,7.6
1785944770,607200,14240,83886080,0,0,0,92073,92073,16,7.6
1785944780,608968,14240,83886080,0,0,0,92108,92108,13,7.6
1785944790,603548,14240,83886080,0,0,0,92140,92140,13,7.6
1785944800,605940,14240,83886080,0,0,0,92170,92170,13,7.6
1785944810,604132,14240,83886080,0,0,0,92204,92204,13,7.6
1785944820,603156,14240,83886080,0,0,0,92236,92236,14,7.6
1785944831,602684,14240,83886080,0,0,0,92246,92246,19,7.6
1785944841,605244,14240,83886080,0,0,0,92276,92276,14,7.6
1785944851,604632,14240,83886080,0,0,0,92310,92310,13,7.6
1785944861,609956,14240,83886080,0,0,0,92343,92342,14,7.6
1785944871,601840,14240,83886080,0,0,0,92374,92374,14,7.6
1785944881,607144,14240,83886080,0,0,0,92407,92407,14,7.6
1785944891,605076,14240,83886080,0,0,0,92437,92437,15,7.6
1785944901,602484,14240,83886080,0,0,0,92469,92469,14,7.6
1785944911,601060,14240,83886080,0,0,0,92503,92503,12,7.5
1785944921,602476,14240,83886080,0,0,0,92531,92531,13,7.5
1785944931,602520,14240,83886080,0,0,0,92566,92566,12,7.5
1785944941,602056,14240,83886080,0,0,0,92598,92598,15,7.5
1785944951,603124,14240,83886080,0,0,0,92629,92629,12,7.5
1785944962,607548,14240,83886080,0,0,0,92661,92661,13,7.5
1785944972,603128,14240,83886080,0,0,0,92693,92693,14,7.5
1785944982,607632,14240,83886080,0,0,0,92724,92724,13,7.5
1785944992,605908,14240,83886080,0,0,0,92758,92758,12,7.5
1785945002,601028,14240,83886080,0,0,0,92790,92790,14,7.5
1785945012,606656,14240,83886080,0,0,0,92822,92822,12,7.5
1785945022,600952,14240,83886080,0,0,0,92854,92854,14,7.5
1785945032,600164,14240,83886080,0,0,0,92888,92888,12,7.5
1785945042,605316,14240,83886080,0,0,0,92918,92917,13,7.5
1785945052,605532,14240,83886080,0,0,0,92928,92928,22,7.5
1785945062,604124,14240,83886080,0,0,0,92948,92944,24,7.5
1785945073,601504,14240,83886080,0,0,0,92970,92970,12,7.5
1785945083,603264,14240,83886080,0,0,0,92998,92998,13,7.5
1785945093,607296,14240,83886080,0,0,0,93032,93032,12,7.5
1785945103,602112,14240,83886080,0,0,0,93064,93064,14,7.5
1785945113,613628,14240,83886080,0,0,0,93076,93076,25,7.5
1785945123,604016,14240,83886080,0,0,0,93106,93106,14,7.5
1785945133,602700,14240,83886080,0,0,0,93138,93138,15,7.5
1785945143,598780,14240,83886080,0,0,0,93170,93167,17,7.5
1785945153,606704,14240,83886080,0,0,0,93202,93202,14,7.5
1785945163,601408,14240,83886080,0,0,0,93236,93236,12,7.5
1785945173,605104,14240,83886080,0,0,0,93265,93265,15,7.5
1785945183,603840,14240,83886080,0,0,0,93300,93300,12,7.5
1785945194,600616,14240,83886080,0,0,0,93332,93332,13,7.5
1785945204,600800,14240,83886080,0,0,0,93366,93365,13,7.5
1785945214,600036,14240,83886080,0,0,0,93398,93398,13,7.5
1785945224,603656,14240,83886080,0,0,0,93431,93431,13,7.5
1785945234,602884,14240,83886080,0,0,0,93463,93463,13,7.5
1785945244,601568,14240,83886080,0,0,0,93496,93496,13,7.5
1785945254,602416,14240,83886080,0,0,0,93529,93529,13,7.5
1785945264,600812,14240,83886080,0,0,0,93562,93562,11,7.5
1785945274,603988,14240,83886080,0,0,0,93592,93592,13,7.5
1785945284,604816,14240,83886080,0,0,0,93626,93626,13,7.5
1785945294,600776,14240,83886080,0,0,0,93656,93656,12,7.5
1785945305,601508,14240,83886080,0,0,0,93688,93688,15,7.5
1785945315,601928,14240,83886080,0,0,0,93722,93722,12,7.5
1785945325,600012,14240,83886080,0,0,0,93738,93735,22,7.5
1785945335,607704,14240,83886080,0,0,0,93751,93750,20,7.5
1785945346,598548,14240,83886080,0,0,0,93767,93763,21,7.5
1785945356,603412,14240,83886080,0,0,0,93781,93780,17,7.5
1785945366,602044,14240,83886080,0,0,0,93800,93800,12,7.5
1785945376,602868,14240,83886080,0,0,0,93829,93829,14,7.5
1785945386,603812,14240,83886080,0,0,0,93863,93863,11,7.5
1785945396,600996,14240,83886080,0,0,0,93896,93896,13,7.5
1785945406,601216,14240,83886080,0,0,0,93926,93926,13,7.5
1785945416,602948,14240,83886080,0,0,0,93959,93959,12,7.5
1785945426,600932,14240,83886080,0,0,0,93992,93992,12,7.5
1785945436,600908,14240,83886080,0,0,0,94021,94021,14,7.5
1785945447,599500,14240,83886080,0,0,0,94054,94054,13,7.5
1785945457,609188,14240,83886080,0,0,0,94086,94086,14,7.5
1785945467,603480,14240,83886080,0,0,0,94117,94117,13,7.5
1785945477,603392,14240,83886080,0,0,0,94150,94149,14,7.5
1785945487,604180,14240,83886080,0,0,0,94181,94181,14,7.5
1785945497,605788,14240,83886080,0,0,0,94213,94213,15,7.5
1785945507,603092,14240,83886080,0,0,0,94246,94246,14,7.5
1785945517,601208,14240,83886080,0,0,0,94278,94275,15,7.5
1785945527,602536,14240,83886080,0,0,0,94311,94311,12,7.5
1785945537,601164,14240,83886080,0,0,0,94343,94343,12,7.5
1785945547,602344,14240,83886080,0,0,0,94373,94373,12,7.5
1785945557,603116,14240,83886080,0,0,0,94405,94405,15,7.5
1785945568,602612,14240,83886080,0,0,0,94439,94439,11,7.5
1785945578,601612,14240,83886080,0,0,0,94467,94467,12,7.5
1785945588,605236,14240,83886080,0,0,0,94501,94501,13,7.5
1785945598,603980,14240,83886080,0,0,0,94533,94533,13,7.5
1785945608,606928,14240,83886080,0,0,0,94561,94561,14,7.5
1785945618,602316,14240,83886080,0,0,0,94595,94595,13,7.5
1785945628,602372,14240,83886080,0,0,0,94627,94627,13,7.5
1785945638,603056,14240,83886080,0,0,0,94659,94659,12,7.5
1785945649,600284,14240,83886080,0,0,0,94671,94670,22,7.5
1785945659,602100,14240,83886080,0,0,0,94679,94679,13,7.5
1785945669,606148,14240,83886080,0,0,0,94709,94709,15,7.5
1785945680,609400,14240,83886080,0,0,0,94714,94713,25,7.5
1785945690,613312,14240,83886080,0,0,0,94726,94726,19,7.5
1785945700,605200,14240,83886080,0,0,0,94742,94742,13,7.5
1785945710,601644,14240,83886080,0,0,0,94773,94773,13,7.5
1785945720,601748,14240,83886080,0,0,0,94804,94804,12,7.5
1785945730,607476,14240,83886080,0,0,0,94833,94833,14,7.5
1785945740,601520,14240,83886080,0,0,0,94863,94863,12,7.5
1785945750,602544,14240,83886080,0,0,0,94895,94895,12,7.5
1785945760,601468,14240,83886080,0,0,0,94911,94911,21,7.5
1785945771,603316,14240,83886080,0,0,0,94931,94931,13,7.5
1785945781,603632,14240,83886080,0,0,0,94963,94963,12,7.5
1785945791,604516,14240,83886080,0,0,0,94993,94993,13,7.5
1785945801,603508,14240,83886080,0,0,0,95021,95021,14,7.5
1785945811,604692,14240,83886080,0,0,0,95053,95053,13,7.5
1785945821,602536,14240,83886080,0,0,0,95083,95083,15,7.5
1785945831,601036,14240,83886080,0,0,0,95111,95111,12,7.5
1785945841,602288,14240,83886080,0,0,0,95141,95141,12,7.5
1785945851,601948,14240,83886080,0,0,0,95173,95173,12,7.5
1785945861,602316,14240,83886080,0,0,0,95201,95201,14,7.5
1785945871,601664,14240,83886080,0,0,0,95231,95231,13,7.5
1785945882,602980,14240,83886080,0,0,0,95263,95263,11,7.5
1785945892,601180,14240,83886080,0,0,0,95291,95291,12,7.5
1785945902,608540,14240,83886080,0,0,0,95321,95321,12,7.5
1785945912,605072,14240,83886080,0,0,0,95351,95351,12,7.5
1785945922,604264,14240,83886080,0,0,0,95377,95377,14,7.5
1785945932,605040,14240,83886080,0,0,0,95409,95409,11,7.5
1785945942,606388,14240,83886080,0,0,0,95439,95439,13,7.5
1785945952,607324,14240,83886080,0,0,0,95467,95467,13,7.5
1785945962,609992,14240,83886080,0,0,0,95491,95491,15,7.5
1785945973,599732,14240,83886080,0,0,0,95507,95507,14,7.5
1785945983,599512,14240,83886080,0,0,0,95519,95519,14,7.5
1785945993,603376,14240,83886080,0,0,0,95541,95540,19,7.5
1785946004,600876,14240,83886080,0,0,0,95561,95561,14,7.5
1785946014,605996,14240,83886080,0,0,0,95593,95593,14,7.5
1785946024,608712,14240,83886080,0,0,0,95626,95626,14,7.5
1785946034,602192,14240,83886080,0,0,0,95655,95655,15,7.5
1785946044,602004,14240,83886080,0,0,0,95689,95689,13,7.5
1785946054,602076,14240,83886080,0,0,0,95721,95721,15,7.5
1785946064,599672,14240,83886080,0,0,0,95753,95753,12,7.5
1785946075,601900,14240,83886080,0,0,0,95785,95785,13,7.5
1785946085,602540,14240,83886080,0,0,0,95819,95819,12,7.5
1785946095,604496,14240,83886080,0,0,0,95847,95847,13,7.5
1785946105,607064,14240,83886080,0,0,0,95879,95879,15,7.5
1785946115,604668,14240,83886080,0,0,0,95910,95909,17,7.5
1785946125,599892,14240,83886080,0,0,0,95943,95943,12,7.5
1785946135,600828,14240,83886080,0,0,0,95975,95975,14,7.5
1785946145,605648,14240,83886080,0,0,0,96007,96007,13,7.5
1785946155,601152,14240,83886080,0,0,0,96039,96039,13,7.5
1785946165,599536,14240,83886080,0,0,0,96073,96073,13,7.5
1785946175,605220,14240,83886080,0,0,0,96101,96101,13,7.5
1785946185,601588,14240,83886080,0,0,0,96136,96136,11,7.5
1785946196,603800,14240,83886080,0,0,0,96168,96168,13,7.5
1785946206,606876,14240,83886080,0,0,0,96199,96199,13,7.5
1785946216,601440,14240,83886080,0,0,0,96233,96233,14,7.5
1785946226,600988,14240,83886080,0,0,0,96265,96265,15,7.5
1785946236,610748,14240,83886080,0,0,0,96295,96294,14,7.5
1785946246,604924,14240,83886080,0,0,0,96329,96329,12,7.5
1785946256,604012,14240,83886080,0,0,0,96361,96361,14,7.5
1785946267,603284,14240,83886080,0,0,0,96377,96374,20,7.5
1785946277,604628,14240,83886080,0,0,0,96388,96385,22,7.5
1785946287,606968,14240,83886080,0,0,0,96411,96411,13,7.5
1785946297,605392,14240,83886080,0,0,0,96444,96444,15,7.5
1785946308,604344,14240,83886080,0,0,0,96475,96475,14,7.5
1785946318,602024,14240,83886080,0,0,0,96509,96509,14,7.5
1785946328,600308,14240,83886080,0,0,0,96542,96542,13,7.5
1785946338,606964,14240,83886080,0,0,0,96572,96572,14,7.5
1785946348,603500,14240,83886080,0,0,0,96606,96606,11,7.5
1785946358,605220,14240,83886080,0,0,0,96640,96640,12,7.5
1785946368,601976,14240,83886080,0,0,0,96668,96668,12,7.5
1785946378,606056,14240,83886080,0,0,0,96702,96702,13,7.5
1785946388,602676,14240,83886080,0,0,0,96734,96734,15,7.5
1785946398,604716,14240,83886080,0,0,0,96766,96766,15,7.5
1785946409,600124,14240,83886080,0,0,0,96800,96800,14,7.5
1785946419,603192,14240,83886080,0,0,0,96832,96828,17,7.5
1785946429,604292,14240,83886080,0,0,0,96864,96864,14,7.5
1785946439,602208,14240,83886080,0,0,0,96898,96898,12,7.5
1785946449,601596,14240,83886080,0,0,0,96930,96930,12,7.5
1785946459,606364,14240,83886080,0,0,0,96962,96962,12,7.5
1785946469,600512,14240,83886080,0,0,0,96996,96996,12,7.5
1785946479,604480,14240,83886080,0,0,0,97024,97024,16,7.5
1785946489,603572,14240,83886080,0,0,0,97060,97060,12,7.5
1785946499,602224,14240,83886080,0,0,0,97094,97092,13,7.5
1785946509,604632,14240,83886080,0,0,0,97122,97122,13,7.5
1785946519,608036,14240,83886080,0,0,0,97155,97154,13,7.5
1785946529,601124,14240,83886080,0,0,0,97166,97164,23,7.5
1785946540,607800,14240,83886080,0,0,0,97195,97195,16,7.5
1785946550,604392,14240,83886080,0,0,0,97211,97211,11,7.5
1785946560,607760,14240,83886080,0,0,0,97243,97243,13,7.5
1785946570,603916,14240,83886080,0,0,0,97277,97277,12,7.6
1785946580,606560,14240,83886080,0,0,0,97305,97305,12,7.6
1785946590,606724,14240,83886080,0,0,0,97337,97337,15,7.6
1785946600,603684,14240,83886080,0,0,0,97371,97371,14,7.6
1785946610,604236,14240,83886080,0,0,0,97400,97400,16,7.6
1785946620,602432,14240,83886080,0,0,0,97435,97435,13,7.6
1785946630,605408,14240,83886080,0,0,0,97467,97467,15,7.6
1785946640,608064,14240,83886080,0,0,0,97498,97498,13,7.6
1785946651,602180,14240,83886080,0,0,0,97533,97533,13,7.6
1785946661,602412,14240,83886080,0,0,0,97565,97565,12,7.6
1785946671,603652,14240,83886080,0,0,0,97596,97596,12,7.6
1785946681,604180,14240,83886080,0,0,0,97630,97630,13,7.6
1785946691,601768,14240,83886080,0,0,0,97660,97659,17,7.6
1785946701,605412,14240,83886080,0,0,0,97693,97693,12,7.6
1785946711,604256,14240,83886080,0,0,0,97726,97726,13,7.6
1785946721,602328,14240,83886080,0,0,0,97753,97753,16,7.6
1785946731,602340,14240,83886080,0,0,0,97787,97787,13,7.6
1785946741,606536,14240,83886080,0,0,0,97821,97821,12,7.6
1785946751,603772,14240,83886080,0,0,0,97852,97852,13,7.6
1785946761,604984,14240,83886080,0,0,0,97886,97886,12,7.6
1785946772,605904,14240,83886080,0,0,0,97918,97918,13,7.6
1785946782,614416,14240,83886080,0,0,0,97938,97938,20,7.6
1785946792,600480,14240,83886080,0,0,0,97962,97962,14,7.6
1785946802,600160,14240,83886080,0,0,0,97977,97974,22,7.6
1785946812,605696,14240,83886080,0,0,0,98008,98007,14,7.6
1785946822,605696,14240,83886080,0,0,0,98022,98022,21,7.6
1785946832,602324,14240,83886080,0,0,0,98050,98050,12,7.6
1785946843,604632,14240,83886080,0,0,0,98083,98083,13,7.6
1785946853,603644,14240,83886080,0,0,0,98115,98114,15,7.6
1785946863,603788,14240,83886080,0,0,0,98148,98148,14,7.6
1785946873,609928,14240,83886080,0,0,0,98180,98178,16,7.6
1785946883,604640,14240,83886080,0,0,0,98211,98208,15,7.6
1785946893,607444,14240,83886080,0,0,0,98243,98243,14,7.6
1785946903,601700,14240,83886080,0,0,0,98276,98276,12,7.6
1785946913,601992,14240,83886080,0,0,0,98306,98306,12,7.6
1785946924,603620,14240,83886080,0,0,0,98341,98341,12,7.6
1785946934,604084,14240,83886080,0,0,0,98374,98374,13,7.6
1785946944,602408,14240,83886080,0,0,0,98403,98403,14,7.6
1785946954,606504,14240,83886080,0,0,0,98436,98436,12,7.6
1785946964,603388,14240,83886080,0,0,0,98469,98469,13,7.6
1785946974,607404,14240,83886080,0,0,0,98501,98501,12,7.6
1785946984,603748,14240,83886080,0,0,0,98535,98535,12,7.6
1785946994,603592,14240,83886080,0,0,0,98567,98567,15,7.6
1785947004,604408,14240,83886080,0,0,0,98599,98599,16,7.6
1785947014,602128,14240,83886080,0,0,0,98633,98633,13,7.6
1785947024,606180,14240,83886080,0,0,0,98665,98665,13,7.6
1785947034,607696,14240,83886080,0,0,0,98693,98693,15,7.6
1785947045,602992,14240,83886080,0,0,0,98727,98727,15,7.6
1785947055,605016,14240,83886080,0,0,0,98760,98759,16,7.6
1785947065,609656,14240,83886080,0,0,0,98771,98771,13,7.6
1785947075,601576,14240,83886080,0,0,0,98804,98804,14,7.6
1785947085,604340,14240,83886080,0,0,0,98838,98838,13,7.6
1785947095,601932,14240,83886080,0,0,0,98868,98868,13,7.6
1785947105,606736,14240,83886080,0,0,0,98902,98901,13,7.6
1785947115,603456,14240,83886080,0,0,0,98934,98934,14,7.6
1785947125,603300,14240,83886080,0,0,0,98966,98966,12,7.6
1785947135,603100,14240,83886080,0,0,0,98998,98998,13,7.6
1785947145,599772,14240,83886080,0,0,0,99032,99032,14,7.6
1785947156,601244,14240,83886080,0,0,0,99063,99063,13,7.6
1785947166,602872,14240,83886080,0,0,0,99096,99096,12,7.6
1785947176,602120,14240,83886080,0,0,0,99126,99126,14,7.6
1785947186,606356,14240,83886080,0,0,0,99158,99158,12,7.6
1785947196,606228,14240,83886080,0,0,0,99190,99190,14,7.6
1785947206,602292,14240,83886080,0,0,0,99224,99224,13,7.6
1785947216,607036,14240,83886080,0,0,0,99254,99254,14,7.6
1785947226,607492,14240,83886080,0,0,0,99287,99286,15,7.6
1785947236,604212,14240,83886080,0,0,0,99318,99315,17,7.6
1785947246,602524,14240,83886080,0,0,0,99350,99350,12,7.6
1785947256,609580,14240,83886080,0,0,0,99382,99382,13,7.6
1785947266,602860,14240,83886080,0,0,0,99413,99413,14,7.6
1785947276,604008,14240,83886080,0,0,0,99447,99447,13,7.6
1785947287,601844,14240,83886080,0,0,0,99479,99479,14,7.6
1785947297,602700,14240,83886080,0,0,0,99511,99511,12,7.6
1785947307,603220,14240,83886080,0,0,0,99543,99543,14,7.6
1785947317,600908,14240,83886080,0,0,0,99577,99577,12,7.6
1785947327,606904,14240,83886080,0,0,0,99595,99594,22,7.6
1785947337,602132,14240,83886080,0,0,0,99619,99619,13,7.6
1785947347,606668,14240,83886080,0,0,0,99652,99652,13,7.6
1785947357,603768,14240,83886080,0,0,0,99685,99685,12,7.6
1785947368,611592,14240,83886080,0,0,0,99694,99694,19,7.6
1785947378,605020,14240,83886080,0,0,0,99726,99726,15,7.6
1785947388,605000,14240,83886080,0,0,0,99745,99744,23,7.6
1785947398,602336,14240,83886080,0,0,0,99772,99772,13,7.6
1785947408,604092,14240,83886080,0,0,0,99800,99800,14,7.6
1785947419,603232,14240,83886080,0,0,0,99832,99832,15,7.6
1785947429,604424,14240,83886080,0,0,0,99866,99866,13,7.6
1785947439,602692,14240,83886080,0,0,0,99896,99896,14,7.6
1785947449,603124,14240,83886080,0,0,0,99928,99928,15,7.6
1785947459,601540,14240,83886080,0,0,0,99960,99960,16,7.6
1785947469,606296,14240,83886080,0,0,0,99992,99992,13,7.6
1785947479,608200,14240,83886080,0,0,0,100024,100023,15,7.6
1785947489,601852,14240,83886080,0,0,0,100054,100054,15,7.6
1785947499,605456,14240,83886080,0,0,0,100086,100086,12,7.6
1785947509,603224,14240,83886080,0,0,0,100120,100120,12,7.6
1785947519,603872,14240,83886080,0,0,0,100148,100148,15,7.6
1785947530,600364,14240,83886080,0,0,0,100182,100182,15,7.6
1785947540,604200,14240,83886080,0,0,0,100214,100214,14,7.6
1785947550,606692,14240,83886080,0,0,0,100246,100246,15,7.6
1785947560,600300,14240,83886080,0,0,0,100280,100280,12,7.6
1785947570,601604,14240,83886080,0,0,0,100312,100312,14,7.6
1785947580,605068,14240,83886080,0,0,0,100344,100344,12,7.6
1785947590,610560,14240,83886080,0,0,0,100376,100376,13,7.6
1785947600,602368,14240,83886080,0,0,0,100410,100410,13,7.6
1785947610,603160,14240,83886080,0,0,0,100438,100438,12,7.6
1785947620,603308,14240,83886080,0,0,0,100472,100472,12,7.6
1785947630,604312,14240,83886080,0,0,0,100504,100504,14,7.6
1785947640,603652,14240,83886080,0,0,0,100536,100536,14,7.6
1785947650,602876,14240,83886080,0,0,0,100570,100570,14,7.6
1785947660,606116,14240,83886080,0,0,0,100602,100602,16,7.6
1785947671,605216,14240,83886080,0,0,0,100634,100633,13,7.6
1785947681,599976,14240,83886080,0,0,0,100666,100666,14,7.6
1785947691,604600,14240,83886080,0,0,0,100696,100696,16,7.6
1785947701,603768,14240,83886080,0,0,0,100728,100728,14,7.6
1785947711,601176,14240,83886080,0,0,0,100762,100762,12,7.6
1785947721,600840,14240,83886080,0,0,0,100791,100791,15,7.6
1785947731,601264,14240,83886080,0,0,0,100825,100825,12,7.6
1785947741,604388,14240,83886080,0,0,0,100857,100857,13,7.6
1785947751,601284,14240,83886080,0,0,0,100889,100889,13,7.6
1785947761,601820,14240,83886080,0,0,0,100921,100921,12,7.6
1785947771,605740,14240,83886080,0,0,0,100955,100955,13,7.6
1785947781,600032,14240,83886080,0,0,0,100980,100977,19,7.6
1785947791,609840,14240,83886080,0,0,0,100994,100994,13,7.6
1785947802,602664,14240,83886080,0,0,0,101027,101027,14,7.6
1785947812,602780,14240,83886080,0,0,0,101060,101060,13,7.6
1785947822,606032,14240,83886080,0,0,0,101091,101091,13,7.6
1785947832,604740,14240,83886080,0,0,0,101122,101122,14,7.6
1785947842,600624,14240,83886080,0,0,0,101153,101153,14,7.6
1785947852,600416,14240,83886080,0,0,0,101181,101181,14,7.6
1785947862,603708,14240,83886080,0,0,0,101214,101214,14,7.6
1785947872,601440,14240,83886080,0,0,0,101247,101247,12,7.6
1785947882,604072,14240,83886080,0,0,0,101275,101275,12,7.6
1785947893,601164,14240,83886080,0,0,0,101307,101307,11,7.6
1785947903,605060,14240,83886080,0,0,0,101337,101337,13,7.6
1785947913,604196,14240,83886080,0,0,0,101365,101365,15,7.6
1785947923,602548,14240,83886080,0,0,0,101399,101397,15,7.6
1785947933,602160,14240,83886080,0,0,0,101431,101431,12,7.6
1785947943,605172,14240,83886080,0,0,0,101459,101459,13,7.6
1785947953,605052,14240,83886080,0,0,0,101491,101491,13,7.6
1785947963,606244,14240,83886080,0,0,0,101521,101521,13,7.6
1785947973,600036,14240,83886080,0,0,0,101553,101553,12,7.6
1785947983,603576,14240,83886080,0,0,0,101583,101583,14,7.6
1785947993,602376,14240,83886080,0,0,0,101615,101615,14,7.6
1785948003,604068,14240,83886080,0,0,0,101643,101643,16,7.6
1785948013,604488,14240,83886080,0,0,0,101677,101677,13,7.6
1785948024,605352,14240,83886080,0,0,0,101709,101709,12,7.6
1785948034,609468,14240,83886080,0,0,0,101737,101737,12,7.6
1785948044,613228,14240,83886080,0,0,0,101769,101769,11,7.6
1785948054,603440,14240,83886080,0,0,0,101799,101799,13,7.6
1785948064,605352,14240,83886080,0,0,0,101831,101831,11,7.6
1785948074,602560,14240,83886080,0,0,0,101861,101861,14,7.6
1785948084,605008,14240,83886080,0,0,0,101893,101893,13,7.6
1785948094,602820,14240,83886080,0,0,0,101921,101921,15,7.6
1785948104,601356,14240,83886080,0,0,0,101953,101953,13,7.6
1785948114,600360,14240,83886080,0,0,0,101986,101986,10,7.6
1785948124,603584,14240,83886080,0,0,0,102016,102016,13,7.6
1785948135,602392,14240,83886080,0,0,0,102048,102048,14,7.6
1785948145,599172,14240,83886080,0,0,0,102082,102082,14,7.6
1785948155,609884,14240,83886080,0,0,0,102113,102113,13,7.6
1785948165,603328,14240,83886080,0,0,0,102146,102146,13,7.6
1785948175,601048,14240,83886080,0,0,0,102180,102180,12,7.6
1785948185,601272,14240,83886080,0,0,0,102212,102212,11,7.6
1785948195,603524,14240,83886080,0,0,0,102244,102244,14,7.6
1785948205,602820,14240,83886080,0,0,0,102277,102277,15,7.6
1785948215,606104,14240,83886080,0,0,0,102309,102309,12,7.6
1785948225,600632,14240,83886080,0,0,0,102342,102342,11,7.6
1785948235,604080,14240,83886080,0,0,0,102372,102371,16,7.6
1785948245,602084,14240,83886080,0,0,0,102407,102407,12,7.6
1785948256,606104,14240,83886080,0,0,0,102440,102440,13,7.6
1785948266,606052,14240,83886080,0,0,0,102469,102469,16,7.6
1785948276,605312,14240,83886080,0,0,0,102503,102503,14,7.6
1785948286,602836,14240,83886080,0,0,0,102537,102536,13,7.6
1785948296,601036,14240,83886080,0,0,0,102567,102567,13,7.6
1785948306,599252,14240,83886080,0,0,0,102601,102601,12,7.6
1785948316,600684,14240,83886080,0,0,0,102633,102633,15,7.6
1785948326,607752,14240,83886080,0,0,0,102650,102650,22,7.6
1785948336,601260,14240,83886080,0,0,0,102675,102675,13,7.6
1785948346,604076,14240,83886080,0,0,0,102708,102708,14,7.6
1785948356,602752,14240,83886080,0,0,0,102740,102740,14,7.6
1785948367,602920,14240,83886080,0,0,0,102770,102770,14,7.6
1785948377,604568,14240,83886080,0,0,0,102804,102804,14,7.6
1785948387,607392,14240,83886080,0,0,0,102835,102834,15,7.6
1785948397,604356,14240,83886080,0,0,0,102867,102867,14,7.6
1785948407,607660,14240,83886080,0,0,0,102899,102899,13,7.6
1785948417,600752,14240,83886080,0,0,0,102931,102931,13,7.6
1785948427,602868,14240,83886080,0,0,0,102964,102964,13,7.6
1785948437,610344,14240,83886080,0,0,0,102997,102997,15,7.6
1785948447,603412,14240,83886080,0,0,0,103029,103029,13,7.6
1785948457,604876,14240,83886080,0,0,0,103062,103062,13,7.6
1785948467,601208,14240,83886080,0,0,0,103095,103095,14,7.6
1785948477,602032,14240,83886080,0,0,0,103106,103105,23,7.6
1785948487,601356,14240,83886080,0,0,0,103115,103111,26,7.6
1785948498,602516,14240,83886080,0,0,0,103143,103143,16,7.6
1785948508,600540,14240,83886080,0,0,0,103177,103177,15,7.6
1785948518,602396,14240,83886080,0,0,0,103207,103206,14,7.6
1785948528,602484,14240,83886080,0,0,0,103241,103241,12,7.6
1785948538,603312,14240,83886080,0,0,0,103275,103275,12,7.6
1785948548,603688,14240,83886080,0,0,0,103303,103303,13,7.6
1785948558,601124,14240,83886080,0,0,0,103337,103337,11,7.6
1785948568,610488,14240,83886080,0,0,0,103369,103369,15,7.6
1785948578,600148,14240,83886080,0,0,0,103401,103401,12,7.6
1785948588,609944,14240,83886080,0,0,0,103433,103433,15,7.6
1785948598,605108,14240,83886080,0,0,0,103467,103467,13,7.6
1785948609,600272,14240,83886080,0,0,0,103497,103497,13,7.6
1785948619,606176,14240,83886080,0,0,0,103529,103529,13,7.6
1785948629,604888,14240,83886080,0,0,0,103561,103561,16,7.6
1785948639,608664,14240,83886080,0,0,0,103593,103593,12,7.6
1785948649,608064,14240,83886080,0,0,0,103627,103627,12,7.6
1785948659,602716,14240,83886080,0,0,0,103658,103655,16,7.6
1785948669,601712,14240,83886080,0,0,0,103691,103691,13,7.6
1785948679,604904,14240,83886080,0,0,0,103725,103725,13,7.6
1785948689,609248,14240,83886080,0,0,0,103753,103753,17,7.6
1785948699,601936,14240,83886080,0,0,0,103789,103789,13,7.6
1785948709,606256,14240,83886080,0,0,0,103821,103821,13,7.6
1785948719,601828,14240,83886080,0,0,0,103851,103848,17,7.6
1785948729,605692,14240,83886080,0,0,0,103883,103883,12,7.6
1785948740,603012,14240,83886080,0,0,0,103917,103916,12,7.6
1785948750,605448,14240,83886080,0,0,0,103945,103945,14,7.6
1785948760,601900,14240,83886080,0,0,0,103979,103979,14,7.6
1785948770,601664,14240,83886080,0,0,0,104013,104013,14,7.6
1785948780,600912,14240,83886080,0,0,0,104043,104043,13,7.6
1785948790,600260,14240,83886080,0,0,0,104075,104075,14,7.6
1785948800,599732,14240,83886080,0,0,0,104109,104109,12,7.6
1785948810,602788,14240,83886080,0,0,0,104137,104137,16,7.6
1785948820,601404,14240,83886080,0,0,0,104173,104172,13,7.6
1785948830,602560,14240,83886080,0,0,0,104205,104205,14,7.6
1785948840,601756,14240,83886080,0,0,0,104235,104235,12,7.6
1785948851,602848,14240,83886080,0,0,0,104267,104267,14,7.6
1785948861,604268,14240,83886080,0,0,0,104301,104301,12,7.6
1785948871,602628,14240,83886080,0,0,0,104329,104329,14,7.6
1785948881,599560,14240,83886080,0,0,0,104363,104363,12,7.6
1785948891,608880,14240,83886080,0,0,0,104395,104395,12,7.6
1785948901,600984,14240,83886080,0,0,0,104427,104427,13,7.6
1785948911,610404,14240,83886080,0,0,0,104459,104459,14,7.6
1785948921,604888,14240,83886080,0,0,0,104493,104493,12,7.6
1785948931,601684,14240,83886080,0,0,0,104521,104521,13,7.6
1785948941,606716,14240,83886080,0,0,0,104553,104553,13,7.6
1785948951,601704,14240,83886080,0,0,0,104587,104587,13,7.6
1785948961,604196,14240,83886080,0,0,0,104615,104615,13,7.6
1785948971,602120,14240,83886080,0,0,0,104649,104649,12,7.6
1785948982,602196,14240,83886080,0,0,0,104681,104681,13,7.6
1785948992,601680,14240,83886080,0,0,0,104711,104711,12,7.6
1785949002,602584,14240,83886080,0,0,0,104745,104745,12,7.6
1785949012,602828,14240,83886080,0,0,0,104777,104777,13,7.6
1785949022,602612,14240,83886080,0,0,0,104808,104808,12,7.6
1785949032,604032,14240,83886080,0,0,0,104840,104840,15,7.6
1785949042,605544,14240,83886080,0,0,0,104871,104871,16,7.6
1785949052,603544,14240,83886080,0,0,0,104903,104903,15,7.6
1785949062,600456,14240,83886080,0,0,0,104912,104912,19,7.6
1785949072,603408,14240,83886080,0,0,0,104935,104933,21,7.6
1785949082,603648,14240,83886080,0,0,0,104941,104939,24,7.6
1785949093,604660,14240,83886080,0,0,0,104951,104947,20,7.6
1785949103,610684,14240,83886080,0,0,0,104959,104959,23,7.6
1785949113,607284,14240,83886080,0,0,0,104975,104975,18,7.6
1785949123,603528,14240,83886080,0,0,0,104991,104991,13,7.6
1785949133,601604,14240,83886080,0,0,0,105003,105003,11,7.6
1785949143,606956,14240,83886080,0,0,0,105035,105035,13,7.6
1785949153,601536,14240,83886080,0,0,0,105065,105065,14,7.6
1785949163,602264,14240,83886080,0,0,0,105099,105099,13,7.6
1785949173,604820,14240,83886080,0,0,0,105131,105131,14,7.6
1785949183,604876,14240,83886080,0,0,0,105163,105163,12,7.6
1785949193,604416,14240,83886080,0,0,0,105195,105195,13,7.6
1785949203,610876,14240,83886080,0,0,0,105225,105225,16,7.6
1785949214,603972,14240,83886080,0,0,0,105257,105257,15,7.6
1785949224,601616,14240,83886080,0,0,0,105291,105291,14,7.6
1785949234,603444,14240,83886080,0,0,0,105323,105323,15,7.6
1785949244,609284,14240,83886080,0,0,0,105355,105355,13,7.6
1785949254,601368,14240,83886080,0,0,0,105389,105389,12,7.6
1785949264,606656,14240,83886080,0,0,0,105417,105417,14,7.6
1785949274,601440,14240,83886080,0,0,0,105453,105453,13,7.6
1785949284,603236,14240,83886080,0,0,0,105485,105485,12,7.6
1785949294,601420,14240,83886080,0,0,0,105516,105516,14,7.6
1785949304,604284,14240,83886080,0,0,0,105550,105550,13,7.6
1785949315,604428,14240,83886080,0,0,0,105583,105583,13,7.6
1785949325,600268,14240,83886080,0,0,0,105614,105614,11,7.6
1785949335,601820,14240,83886080,0,0,0,105646,105646,12,7.6
1785949345,608680,14240,83886080,0,0,0,105680,105680,13,7.6
1785949355,606700,14240,83886080,0,0,0,105692,105692,21,7.6
1785949365,606984,14240,83886080,0,0,0,105724,105724,14,7.6
1785949375,600044,14240,83886080,0,0,0,105758,105758,13,7.6
1785949385,605904,14240,83886080,0,0,0,105786,105786,17,7.6
1785949395,606472,14240,83886080,0,0,0,105822,105822,12,7.6
1785949405,600980,14240,83886080,0,0,0,105856,105856,12,7.6
1785949415,603280,14240,83886080,0,0,0,105884,105884,14,7.6
1785949425,604592,14240,83886080,0,0,0,105920,105920,12,7.6
1785949436,601712,14240,83886080,0,0,0,105952,105952,13,7.6
1785949446,602424,14240,83886080,0,0,0,105982,105982,14,7.6
1785949456,603432,14240,83886080,0,0,0,106016,106016,15,7.6
1785949466,606664,14240,83886080,0,0,0,106050,106050,13,7.6
1785949476,603304,14240,83886080,0,0,0,106080,106080,13,7.6
1785949486,605716,14240,83886080,0,0,0,106112,106112,13,7.6
1785949496,602968,14240,83886080,0,0,0,106146,106146,13,7.6
1785949506,600568,14240,83886080,0,0,0,106178,106178,11,7.6
1785949516,601744,14240,83886080,0,0,0,106210,106210,13,7.6
1785949526,604528,14240,83886080,0,0,0,106242,106241,16,7.6
1785949536,599752,14240,83886080,0,0,0,106276,106276,11,7.6
1785949546,603408,14240,83886080,0,0,0,106308,106308,13,7.6
1785949556,603972,14240,83886080,0,0,0,106338,106338,15,7.6
1785949567,605328,14240,83886080,0,0,0,106372,106372,14,7.6
1785949577,601456,14240,83886080,0,0,0,106406,106406,14,7.6
1785949587,605296,14240,83886080,0,0,0,106436,106436,14,7.6
1785949597,603640,14240,83886080,0,0,0,106472,106472,11,7.6
1785949607,602364,14240,83886080,0,0,0,106504,106504,13,7.6
1785949617,600304,14240,83886080,0,0,0,106534,106534,12,7.6
1785949627,602060,14240,83886080,0,0,0,106566,106566,14,7.6
1785949637,603192,14240,83886080,0,0,0,106600,106600,15,7.6
1785949647,603916,14240,83886080,0,0,0,106632,106632,13,7.6
1785949657,603512,14240,83886080,0,0,0,106666,106666,15,7.6
1785949667,606180,14240,83886080,0,0,0,106702,106702,12,7.6
1785949677,608660,14240,83886080,0,0,0,106730,106730,15,7.6
1785949688,600724,14240,83886080,0,0,0,106766,106766,11,7.6
1785949698,607224,14240,83886080,0,0,0,106797,106796,17,7.6
1785949708,606460,14240,83886080,0,0,0,106816,106816,21,7.6
1785949718,601968,14240,83886080,0,0,0,106844,106844,14,7.6
1785949728,604984,14240,83886080,0,0,0,106878,106878,12,7.6
1785949738,603244,14240,83886080,0,0,0,106910,106910,12,7.6
1785949748,601080,14240,83886080,0,0,0,106944,106944,14,7.6
1785949758,607288,14240,83886080,0,0,0,106978,106978,14,7.6
1785949768,604480,14240,83886080,0,0,0,107010,107010,14,7.6
1785949778,600448,14240,83886080,0,0,0,107044,107044,12,7.6
1785949789,600140,14240,83886080,0,0,0,107075,107075,14,7.6
1785949799,600804,14240,83886080,0,0,0,107110,107110,12,7.6
1785949809,601340,14240,83886080,0,0,0,107143,107143,13,7.6
1785949819,601132,14240,83886080,0,0,0,107176,107176,14,7.6
1785949829,602392,14240,83886080,0,0,0,107211,107211,11,7.6
1785949839,603324,14240,83886080,0,0,0,107244,107244,12,7.6
1785949849,604132,14240,83886080,0,0,0,107274,107274,14,7.6
1785949859,602036,14240,83886080,0,0,0,107310,107310,12,7.6
1785949869,605968,14240,83886080,0,0,0,107344,107344,13,7.6
1785949879,599788,14240,83886080,0,0,0,107360,107357,22,7.6
1785949890,606584,14240,83886080,0,0,0,107388,107388,14,7.6
1785949900,602664,14240,83886080,0,0,0,107422,107422,13,7.6
1785949910,606656,14240,83886080,0,0,0,107452,107451,17,7.6
1785949920,601560,14240,83886080,0,0,0,107487,107487,12,7.6
1785949930,607424,14240,83886080,0,0,0,107519,107519,14,7.6
1785949940,610116,14240,83886080,0,0,0,107549,107549,16,7.6
1785949950,602336,14240,83886080,0,0,0,107583,107581,17,7.6
1785949960,603228,14240,83886080,0,0,0,107595,107595,14,7.6
1785949970,601740,14240,83886080,0,0,0,107613,107611,22,7.6
1785949980,600720,14240,83886080,0,0,0,107636,107634,14,7.6
1785949990,601760,14240,83886080,0,0,0,107669,107669,14,7.6
1785950000,602876,14240,83886080,0,0,0,107702,107702,16,7.6
1785950010,605288,14240,83886080,0,0,0,107734,107734,14,7.6
1785950020,601256,14240,83886080,0,0,0,107767,107767,14,7.6
1785950031,602192,14240,83886080,0,0,0,107801,107801,14,7.6
1785950041,607140,14240,83886080,0,0,0,107833,107833,12,7.6
1785950051,608828,14240,83886080,0,0,0,107865,107865,14,7.6
1785950061,602432,14240,83886080,0,0,0,107899,107899,13,7.6
1785950071,604360,14240,83886080,0,0,0,107927,107927,14,7.6
1785950081,608180,14240,83886080,0,0,0,107961,107961,14,7.6
1785950091,602884,14240,83886080,0,0,0,107997,107996,13,7.6
1785950101,602576,14240,83886080,0,0,0,108025,108025,13,7.6
1785950111,602724,14240,83886080,0,0,0,108059,108059,13,7.6
1785950122,603632,14240,83886080,0,0,0,108091,108091,13,7.6
1785950132,602348,14240,83886080,0,0,0,108119,108119,13,7.6
1785950142,603220,14240,83886080,0,0,0,108151,108151,12,7.6
1785950152,600724,14240,83886080,0,0,0,108185,108185,12,7.6
1785950162,601236,14240,83886080,0,0,0,108213,108213,13,7.6
1785950172,600288,14240,83886080,0,0,0,108247,108247,12,7.6
1785950182,606636,14240,83886080,0,0,0,108279,108279,13,7.6
1785950192,604896,14240,83886080,0,0,0,108309,108309,14,7.6
1785950202,604256,14240,83886080,0,0,0,108341,108341,14,7.6
1785950212,601592,14240,83886080,0,0,0,108373,108373,14,7.6
1785950222,603040,14240,83886080,0,0,0,108405,108405,12,7.6
1785950232,605180,14240,83886080,0,0,0,108437,108437,13,7.6
1785950242,602116,14240,83886080,0,0,0,108467,108467,15,7.6
1785950253,601872,14240,83886080,0,0,0,108495,108495,15,7.6
1785950263,605884,14240,83886080,0,0,0,108529,108529,13,7.6
1785950273,600748,14240,83886080,0,0,0,108561,108561,13,7.6
1785950283,604372,14240,83886080,0,0,0,108573,108573,20,7.6
1785950293,604472,14240,83886080,0,0,0,108601,108601,13,7.6
1785950303,601112,14240,83886080,0,0,0,108633,108633,14,7.6
1785950313,603400,14240,83886080,0,0,0,108663,108663,12,7.6
1785950323,602288,14240,83886080,0,0,0,108695,108695,12,7.6
1785950333,602200,14240,83886080,0,0,0,108727,108727,14,7.6
1785950344,601472,14240,83886080,0,0,0,108757,108757,15,7.6
1785950354,606744,14240,83886080,0,0,0,108789,108789,15,7.6
1785950364,607924,14240,83886080,0,0,0,108823,108823,14,7.6
1785950374,602232,14240,83886080,0,0,0,108851,108851,14,7.6
1785950384,607888,14240,83886080,0,0,0,108883,108883,15,7.6
1785950394,601052,14240,83886080,0,0,0,108915,108915,14,7.6
1785950404,601432,14240,83886080,0,0,0,108945,108945,13,7.6
1785950414,603184,14240,83886080,0,0,0,108977,108977,15,7.6
1785950424,599188,14240,83886080,0,0,0,109011,109011,12,7.6
1785950434,608992,14240,83886080,0,0,0,109039,109039,14,7.6
1785950444,610472,14240,83886080,0,0,0,109071,109071,14,7.6
1785950455,601344,14240,83886080,0,0,0,109105,109105,13,7.6
1785950465,609752,14240,83886080,0,0,0,109133,109133,13,7.6
1785950475,601252,14240,83886080,0,0,0,109165,109165,14,7.6
1785950485,607824,14240,83886080,0,0,0,109199,109199,11,7.6
1785950495,602436,14240,83886080,0,0,0,109227,109227,13,7.6
1785950505,604416,14240,83886080,0,0,0,109259,109259,13,7.6
1785950515,605624,14240,83886080,0,0,0,109291,109291,14,7.6
1785950525,603796,14240,83886080,0,0,0,109321,109321,12,7.6
1785950535,604432,14240,83886080,0,0,0,109353,109353,12,7.6
1785950545,601456,14240,83886080,0,0,0,109383,109383,14,7.6
1785950555,606980,14240,83886080,0,0,0,109411,109411,13,7.6
1785950565,601976,14240,83886080,0,0,0,109445,109445,12,7.6
1785950576,599916,14240,83886080,0,0,0,109477,109477,12,7.6
1785950586,600904,14240,83886080,0,0,0,109505,109505,13,7.6
1785950596,609128,14240,83886080,0,0,0,109537,109537,12,7.6
1785950606,603536,14240,83886080,0,0,0,109567,109567,13,7.6
1785950616,601352,14240,83886080,0,0,0,109579,109578,21,7.6
1785950626,602916,14240,83886080,0,0,0,109607,109607,14,7.6
1785950636,600736,14240,83886080,0,0,0,109625,109622,23,7.6
1785950647,606656,14240,83886080,0,0,0,109639,109638,18,7.6
1785950657,609192,14240,83886080,0,0,0,109660,109659,17,7.6
1785950667,611712,14240,83886080,0,0,0,109668,109668,21,7.6
1785950677,602120,14240,83886080,0,0,0,109701,109701,12,7.6
1785950687,604420,14240,83886080,0,0,0,109733,109733,13,7.6
1785950697,606472,14240,83886080,0,0,0,109761,109761,14,7.6
1785950708,601836,14240,83886080,0,0,0,109793,109793,14,7.6
1785950718,607084,14240,83886080,0,0,0,109825,109825,13,7.6
1785950728,607800,14240,83886080,0,0,0,109852,109851,15,7.6
1785950738,604808,14240,83886080,0,0,0,109885,109885,12,7.6
1785950748,602044,14240,83886080,0,0,0,109917,109917,12,7.6
1785950758,602288,14240,83886080,0,0,0,109945,109945,13,7.6
1785950768,605936,14240,83886080,0,0,0,109977,109977,13,7.6
1785950778,602480,14240,83886080,0,0,0,110010,110010,12,7.6
1785950788,604836,14240,83886080,0,0,0,110039,110039,13,7.6
1785950798,601876,14240,83886080,0,0,0,110071,110071,12,7.6
1785950808,603968,14240,83886080,0,0,0,110103,110101,13,7.6
1785950819,603284,14240,83886080,0,0,0,110133,110133,14,7.6
1785950829,603836,14240,83886080,0,0,0,110167,110167,15,7.6
1785950839,604276,14240,83886080,0,0,0,110201,110200,15,7.6
1785950849,609108,14240,83886080,0,0,0,110231,110231,13,7.6
1785950859,603944,14240,83886080,0,0,0,110264,110264,13,7.6
1785950869,603888,14240,83886080,0,0,0,110297,110297,15,7.6
1785950879,600200,14240,83886080,0,0,0,110317,110317,19,7.6
1785950889,598460,14240,83886080,0,0,0,110341,110341,12,7.6
1785950899,600404,14240,83886080,0,0,0,110373,110373,12,7.6
1785950909,600964,14240,83886080,0,0,0,110407,110407,11,7.6
1785950920,600864,14240,83886080,0,0,0,110435,110435,13,7.6
1785950930,604700,14240,83886080,0,0,0,110469,110469,14,7.6
1785950940,602312,14240,83886080,0,0,0,110501,110501,15,7.6
1785950950,602044,14240,83886080,0,0,0,110533,110533,12,7.6
1785950960,608356,14240,83886080,0,0,0,110567,110567,13,7.6
1785950970,604140,14240,83886080,0,0,0,110599,110599,14,7.6
1785950980,602732,14240,83886080,0,0,0,110631,110631,14,7.6
1785950990,602840,14240,83886080,0,0,0,110665,110665,11,7.6
1785951000,608268,14240,83886080,0,0,0,110693,110693,16,7.6
1785951010,603088,14240,83886080,0,0,0,110728,110728,12,7.6
1785951020,602196,14240,83886080,0,0,0,110761,110761,13,7.6
1785951030,606108,14240,83886080,0,0,0,110791,110791,15,7.6
1785951041,600532,14240,83886080,0,0,0,110823,110823,14,7.6
1785951051,604764,14240,83886080,0,0,0,110857,110857,13,7.6
1785951061,599628,14240,83886080,0,0,0,110889,110889,12,7.6
1785951071,600144,14240,83886080,0,0,0,110921,110921,13,7.6
1785951081,608344,14240,83886080,0,0,0,110954,110954,13,7.6
1785951091,605880,14240,83886080,0,0,0,110983,110983,14,7.6
1785951101,600736,14240,83886080,0,0,0,111017,111017,13,7.6
1785951111,609308,14240,83886080,0,0,0,111049,111049,15,7.6
1785951121,606368,14240,83886080,0,0,0,111081,111081,13,7.6
1785951131,601360,14240,83886080,0,0,0,111115,111115,12,7.6
1785951141,604644,14240,83886080,0,0,0,111149,111149,14,7.6
1785951151,602988,14240,83886080,0,0,0,111179,111179,13,7.6
1785951161,603004,14240,83886080,0,0,0,111211,111211,15,7.6
1785951171,602596,14240,83886080,0,0,0,111245,111245,15,7.6
1785951182,601652,14240,83886080,0,0,0,111277,111277,12,7.6
1785951192,600560,14240,83886080,0,0,0,111311,111311,13,7.6
1785951202,604948,14240,83886080,0,0,0,111343,111343,15,7.6
1785951212,601872,14240,83886080,0,0,0,111374,111374,13,7.6
1785951222,601496,14240,83886080,0,0,0,111407,111407,14,7.6
1785951232,606092,14240,83886080,0,0,0,111441,111441,14,7.6
1785951242,600692,14240,83886080,0,0,0,111473,111473,12,7.6
1785951252,602988,14240,83886080,0,0,0,111507,111506,13,7.6
1785951262,600480,14240,83886080,0,0,0,111519,111515,26,7.6
1785951272,606460,14240,83886080,0,0,0,111543,111543,14,7.6
1785951282,601488,14240,83886080,0,0,0,111579,111579,13,7.6
1785951293,603144,14240,83886080,0,0,0,111613,111613,14,7.6
1785951303,599564,14240,83886080,0,0,0,111645,111645,11,7.6
1785951313,602560,14240,83886080,0,0,0,111677,111677,13,7.6
1785951323,602844,14240,83886080,0,0,0,111711,111711,13,7.6
1785951333,608396,14240,83886080,0,0,0,111739,111739,15,7.6
1785951343,600668,14240,83886080,0,0,0,111775,111775,13,7.6
1785951353,609092,14240,83886080,0,0,0,111809,111809,14,7.6
1785951363,601828,14240,83886080,0,0,0,111839,111839,13,7.6
1785951373,604132,14240,83886080,0,0,0,111873,111873,14,7.6
1785951383,601776,14240,83886080,0,0,0,111907,111907,15,7.6
1785951393,600936,14240,83886080,0,0,0,111939,111939,12,7.6
1785951403,602172,14240,83886080,0,0,0,111971,111971,14,7.6
1785951413,605664,14240,83886080,0,0,0,112005,112005,15,7.6
1785951423,605764,14240,83886080,0,0,0,112036,112035,13,7.6
1785951434,601616,14240,83886080,0,0,0,112067,112067,13,7.6
1785951444,604500,14240,83886080,0,0,0,112099,112099,14,7.6
1785951454,603452,14240,83886080,0,0,0,112127,112127,14,7.6
1785951464,604792,14240,83886080,0,0,0,112161,112161,14,7.6
1785951474,604996,14240,83886080,0,0,0,112191,112189,17,7.6
1785951484,602708,14240,83886080,0,0,0,112221,112221,13,7.6
1785951494,603912,14240,83886080,0,0,0,112255,112255,11,7.6
1785951504,608704,14240,83886080,0,0,0,112284,112283,16,7.6
1785951514,605132,14240,83886080,0,0,0,112318,112318,13,7.6
1785951524,604308,14240,83886080,0,0,0,112349,112349,13,7.6
1785951534,605272,14240,83886080,0,0,0,112378,112378,15,7.6
1785951545,601988,14240,83886080,0,0,0,112412,112411,13,7.6
1785951555,601196,14240,83886080,0,0,0,112444,112444,12,7.6
1785951565,611512,14240,83886080,0,0,0,112468,112468,16,7.6
1785951575,613988,14240,83886080,0,0,0,112487,112487,13,7.6
1785951585,603592,14240,83886080,0,0,0,112519,112519,14,7.6
1785951595,606600,14240,83886080,0,0,0,112550,112550,15,7.6
1785951605,601940,14240,83886080,0,0,0,112582,112582,13,7.6
1785951615,602804,14240,83886080,0,0,0,112614,112614,14,7.6
1785951625,601360,14240,83886080,0,0,0,112648,112648,12,7.6
1785951635,600780,14240,83886080,0,0,0,112676,112676,11,7.6
1785951645,603088,14240,83886080,0,0,0,112708,112708,12,7.6
1785951656,601264,14240,83886080,0,0,0,112740,112740,14,7.6
1785951666,604768,14240,83886080,0,0,0,112770,112770,14,7.6
1785951676,602648,14240,83886080,0,0,0,112802,112802,14,7.6
1785951686,601936,14240,83886080,0,0,0,112836,112836,11,7.6
1785951696,601016,14240,83886080,0,0,0,112845,112845,17,7.6
1785951706,608044,14240,83886080,0,0,0,112877,112877,12,7.6
1785951716,604160,14240,83886080,0,0,0,112909,112909,12,7.6
1785951726,603776,14240,83886080,0,0,0,112939,112939,15,7.6
1785951736,601072,14240,83886080,0,0,0,112971,112971,13,7.6
1785951746,601560,14240,83886080,0,0,0,113005,113005,13,7.6
1785951756,601720,14240,83886080,0,0,0,113033,113033,15,7.6
1785951767,603284,14240,83886080,0,0,0,113065,113065,14,7.6
1785951777,602472,14240,83886080,0,0,0,113098,113098,13,7.6
1785951787,604984,14240,83886080,0,0,0,113127,113127,13,7.6
1785951797,602976,14240,83886080,0,0,0,113161,113161,13,7.6
1785951807,603512,14240,83886080,0,0,0,113193,113193,14,7.6
1785951817,602300,14240,83886080,0,0,0,113223,113223,13,7.6
1785951827,604492,14240,83886080,0,0,0,113255,113255,14,7.6
1785951837,600764,14240,83886080,0,0,0,113287,113287,14,7.6
1785951847,600680,14240,83886080,0,0,0,113319,113319,11,7.6
1785951857,601300,14240,83886080,0,0,0,113351,113351,14,7.6
1785951868,602148,14240,83886080,0,0,0,113382,113382,15,7.6
1785951878,605328,14240,83886080,0,0,0,113413,113413,12,7.6
1785951888,607636,14240,83886080,0,0,0,113446,113446,11,7.6
1785951898,606796,14240,83886080,0,0,0,113479,113479,12,7.6
1785951908,606516,14240,83886080,0,0,0,113507,113507,14,7.6
1785951918,601632,14240,83886080,0,0,0,113539,113539,14,7.6
1785951928,602792,14240,83886080,0,0,0,113571,113571,12,7.6
1785951938,602516,14240,83886080,0,0,0,113600,113600,12,7.6
1785951948,605904,14240,83886080,0,0,0,113633,113633,13,7.6
1785951958,606044,14240,83886080,0,0,0,113661,113661,16,7.6
1785951968,600384,14240,83886080,0,0,0,113695,113695,11,7.6
1785951979,601712,14240,83886080,0,0,0,113727,113727,12,7.6
1785951989,600556,14240,83886080,0,0,0,113756,113755,16,7.6
1785951999,603076,14240,83886080,0,0,0,113789,113789,13,7.6
1785952009,602696,14240,83886080,0,0,0,113821,113821,15,7.6
1785952019,606580,14240,83886080,0,0,0,113853,113853,13,7.6
1785952029,608888,14240,83886080,0,0,0,113886,113886,12,7.6
1785952039,603304,14240,83886080,0,0,0,113919,113919,13,7.6
1785952049,602576,14240,83886080,0,0,0,113948,113948,13,7.6
1785952059,604016,14240,83886080,0,0,0,113981,113981,15,7.6
1785952069,600916,14240,83886080,0,0,0,114015,114015,13,7.6
1785952079,605176,14240,83886080,0,0,0,114046,114046,14,7.6
1785952089,602204,14240,83886080,0,0,0,114079,114079,14,7.6
1785952100,605348,14240,83886080,0,0,0,114112,114112,14,7.6
1785952110,603924,14240,83886080,0,0,0,114141,114141,14,7.6
1785952120,608956,14240,83886080,0,0,0,114176,114176,12,7.6
1785952130,603780,14240,83886080,0,0,0,114208,114208,13,7.6
1785952140,603764,14240,83886080,0,0,0,114239,114239,12,7.6
1785952150,604204,14240,83886080,0,0,0,114273,114273,13,7.6
1785952160,602776,14240,83886080,0,0,0,114305,114305,14,7.6
1785952170,605508,14240,83886080,0,0,0,114336,114336,11,7.6
1785952180,605340,14240,83886080,0,0,0,114369,114369,13,7.6
1785952190,600920,14240,83886080,0,0,0,114400,114400,14,7.6
1785952200,608060,14240,83886080,0,0,0,114423,114422,18,7.6
1785952210,603316,14240,83886080,0,0,0,114443,114443,13,7.6
1785952221,602088,14240,83886080,0,0,0,114454,114453,23,7.6
1785952231,604188,14240,83886080,0,0,0,114473,114471,20,7.6
1785952242,601604,14240,83886080,0,0,0,114479,114476,27,7.6
1785952252,602288,14240,83886080,0,0,0,114508,114508,12,7.6
1785952262,603648,14240,83886080,0,0,0,114540,114540,13,7.6
1785952272,601240,14240,83886080,0,0,0,114574,114574,12,7.6
1785952282,603312,14240,83886080,0,0,0,114606,114606,12,7.6
1785952292,601740,14240,83886080,0,0,0,114638,114638,12,7.6
1785952302,606000,14240,83886080,0,0,0,114668,114668,15,7.6
1785952313,604624,14240,83886080,0,0,0,114702,114702,12,7.6
1785952323,601408,14240,83886080,0,0,0,114734,114734,12,7.6
1785952333,604360,14240,83886080,0,0,0,114766,114766,12,7.6
1785952343,603536,14240,83886080,0,0,0,114798,114798,13,7.6
1785952353,606668,14240,83886080,0,0,0,114830,114830,14,7.6
1785952363,602824,14240,83886080,0,0,0,114856,114856,16,7.6
1785952373,601568,14240,83886080,0,0,0,114890,114890,12,7.6
1785952383,603516,14240,83886080,0,0,0,114922,114922,12,7.6
1785952393,601768,14240,83886080,0,0,0,114951,114951,13,7.6
1785952403,602904,14240,83886080,0,0,0,114983,114983,14,7.6
1785952413,601216,14240,83886080,0,0,0,115017,115017,12,7.6
1785952423,602896,14240,83886080,0,0,0,115045,115045,14,7.6
1785952434,602088,14240,83886080,0,0,0,115077,115077,16,7.6
1785952444,602332,14240,83886080,0,0,0,115111,115111,14,7.6
1785952454,601772,14240,83886080,0,0,0,115141,115141,12,7.6
1785952464,602236,14240,83886080,0,0,0,115173,115173,12,7.6
1785952474,601504,14240,83886080,0,0,0,115205,115205,14,7.6
1785952484,607940,14240,83886080,0,0,0,115221,115221,21,7.6
1785952494,602656,14240,83886080,0,0,0,115249,115249,12,7.6
1785952504,601480,14240,83886080,0,0,0,115281,115281,14,7.6
1785952514,605696,14240,83886080,0,0,0,115312,115312,14,7.6
1785952525,605876,14240,83886080,0,0,0,115343,115343,13,7.6
1785952535,601084,14240,83886080,0,0,0,115375,115375,13,7.6
1785952545,611516,14240,83886080,0,0,0,115406,115406,15,7.6
1785952555,613568,14240,83886080,0,0,0,115435,115435,16,7.6
1785952565,611616,14240,83886080,0,0,0,115444,115444,14,7.6
1785952575,614300,14240,83886080,0,0,0,115452,115452,16,7.6
1785952585,602576,14240,83886080,0,0,0,115468,115468,12,7.6
1785952595,602748,14240,83886080,0,0,0,115496,115496,16,7.6
1785952606,606140,14240,83886080,0,0,0,115529,115529,15,7.6
1785952616,604596,14240,83886080,0,0,0,115562,115562,14,7.6
1785952626,608936,14240,83886080,0,0,0,115587,115586,18,7.6
1785952636,600628,14240,83886080,0,0,0,115606,115606,13,7.6
1785952646,603860,14240,83886080,0,0,0,115640,115639,13,7.6
1785952656,606296,14240,83886080,0,0,0,115672,115672,13,7.6
1785952666,603804,14240,83886080,0,0,0,115702,115702,14,7.6
1785952676,602008,14240,83886080,0,0,0,115735,115735,12,7.6
1785952686,601804,14240,83886080,0,0,0,115770,115770,11,7.6
1785952696,606712,14240,83886080,0,0,0,115798,115798,14,7.6
1785952707,604580,14240,83886080,0,0,0,115832,115832,10,7.6
1785952717,603036,14240,83886080,0,0,0,115864,115864,13,7.6
1785952727,610828,14240,83886080,0,0,0,115894,115894,13,7.6
1785952737,606084,14240,83886080,0,0,0,115927,115927,14,7.6
1785952747,604928,14240,83886080,0,0,0,115962,115960,14,7.6
1785952757,604372,14240,83886080,0,0,0,115990,115990,14,7.6
1785952767,602588,14240,83886080,0,0,0,116024,116024,13,7.6
1785952777,601500,14240,83886080,0,0,0,116056,116056,14,7.6
1785952787,604636,14240,83886080,0,0,0,116087,116086,14,7.6
1785952797,601340,14240,83886080,0,0,0,116120,116120,13,7.6
1785952808,605784,14240,83886080,0,0,0,116150,116150,16,7.6
1785952818,603584,14240,83886080,0,0,0,116182,116182,13,7.6
1785952828,606144,14240,83886080,0,0,0,116215,116214,13,7.6
1785952838,608776,14240,83886080,0,0,0,116246,116246,14,7.6
1785952848,604688,14240,83886080,0,0,0,116280,116280,13,7.6
1785952858,601496,14240,83886080,0,0,0,116312,116312,14,7.6
1785952868,605996,14240,83886080,0,0,0,116342,116342,13,7.6
1785952878,601184,14240,83886080,0,0,0,116376,116376,13,7.6
1785952888,602068,14240,83886080,0,0,0,116408,116408,14,7.6
1785952898,608704,14240,83886080,0,0,0,116436,116436,16,7.6
1785952908,602608,14240,83886080,0,0,0,116441,116440,26,7.6
1785952918,603964,14240,83886080,0,0,0,116457,116457,12,7.6
1785952929,601800,14240,83886080,0,0,0,116471,116468,23,7.6
1785952939,600572,14240,83886080,0,0,0,116480,116477,24,7.6
1785952949,599476,14240,83886080,0,0,0,116507,116504,16,7.6
1785952960,603356,14240,83886080,0,0,0,116523,116519,23,7.6
1785952970,603328,14240,83886080,0,0,0,116534,116531,21,7.6
1785952980,604576,14240,83886080,0,0,0,116556,116556,14,7.6
1785952990,605368,14240,83886080,0,0,0,116590,116590,12,7.6
1785953000,609268,14240,83886080,0,0,0,116621,116621,12,7.6
1785953010,609744,14240,83886080,0,0,0,116653,116653,14,7.6
1785953020,602932,14240,83886080,0,0,0,116687,116687,14,7.6
1785953030,604684,14240,83886080,0,0,0,116719,116719,12,7.6
1785953040,604940,14240,83886080,0,0,0,116751,116751,12,7.6
1785953050,603004,14240,83886080,0,0,0,116785,116785,13,7.6
1785953060,602404,14240,83886080,0,0,0,116813,116813,14,7.6
1785953070,604116,14240,83886080,0,0,0,116847,116847,14,7.6
1785953080,602936,14240,83886080,0,0,0,116879,116879,14,7.6
1785953091,606680,14240,83886080,0,0,0,116911,116911,12,7.6
1785953101,609416,14240,83886080,0,0,0,116943,116942,17,7.6
1785953111,605644,14240,83886080,0,0,0,116974,116974,15,7.6
1785953121,602216,14240,83886080,0,0,0,117008,117008,12,7.6
1785953131,603028,14240,83886080,0,0,0,117040,117040,13,7.6
1785953141,602100,14240,83886080,0,0,0,117072,117072,13,7.6
1785953151,601348,14240,83886080,0,0,0,117106,117106,13,7.6
1785953161,604040,14240,83886080,0,0,0,117138,117138,14,7.6
1785953171,606348,14240,83886080,0,0,0,117169,117169,14,7.6
1785953181,601572,14240,83886080,0,0,0,117204,117204,12,7.6
1785953191,607104,14240,83886080,0,0,0,117236,117236,14,7.6
1785953202,604080,14240,83886080,0,0,0,117264,117264,17,7.6
1785953212,601800,14240,83886080,0,0,0,117299,117299,13,7.6
1785953222,602820,14240,83886080,0,0,0,117332,117331,14,7.6
1785953232,602016,14240,83886080,0,0,0,117357,117353,23,7.6
1785953242,604776,14240,83886080,0,0,0,117373,117373,14,7.6
1785953252,602720,14240,83886080,0,0,0,117409,117409,12,7.6
1785953262,605492,14240,83886080,0,0,0,117441,117441,14,7.6
1785953272,604328,14240,83886080,0,0,0,117473,117473,12,7.6
1785953282,602932,14240,83886080,0,0,0,117507,117507,12,7.6
1785953293,601624,14240,83886080,0,0,0,117539,117539,14,7.6
1785953303,602476,14240,83886080,0,0,0,117571,117571,13,7.6
1785953313,607464,14240,83886080,0,0,0,117592,117591,20,7.6
1785953323,605536,14240,83886080,0,0,0,117601,117600,20,7.6
1785953333,602904,14240,83886080,0,0,0,117624,117624,12,7.6
1785953343,606988,14240,83886080,0,0,0,117634,117634,22,7.6
1785953354,602396,14240,83886080,0,0,0,117652,117650,21,7.6
1785953364,606384,14240,83886080,0,0,0,117656,117654,27,7.6
1785953374,609860,14240,83886080,0,0,0,117671,117669,22,7.6
1785953384,601616,14240,83886080,0,0,0,117698,117698,13,7.6
1785953395,602912,14240,83886080,0,0,0,117730,117730,12,7.6
1785953405,602088,14240,83886080,0,0,0,117762,117762,13,7.6
1785953415,602496,14240,83886080,0,0,0,117796,117796,15,7.6
1785953425,605144,14240,83886080,0,0,0,117828,117828,12,7.6
1785953435,602224,14240,83886080,0,0,0,117862,117862,12,7.6
1785953445,606080,14240,83886080,0,0,0,117894,117894,13,7.6
1785953455,603572,14240,83886080,0,0,0,117926,117926,14,7.6
1785953465,603708,14240,83886080,0,0,0,117960,117960,14,7.6
1785953475,604040,14240,83886080,0,0,0,117992,117992,12,7.6
1785953485,608540,14240,83886080,0,0,0,118004,118004,16,7.6
1785953495,602956,14240,83886080,0,0,0,118036,118036,15,7.6
1785953506,605064,14240,83886080,0,0,0,118070,118070,16,7.6
1785953516,601980,14240,83886080,0,0,0,118102,118102,12,7.6
1785953526,609476,14240,83886080,0,0,0,118136,118136,12,7.6
1785953536,602180,14240,83886080,0,0,0,118168,118168,12,7.6
1785953546,608224,14240,83886080,0,0,0,118200,118200,13,7.6
1785953556,603164,14240,83886080,0,0,0,118232,118232,12,7.6
1785953566,609616,14240,83886080,0,0,0,118266,118266,12,7.6
1785953576,602624,14240,83886080,0,0,0,118298,118298,12,7.6
1785953586,603408,14240,83886080,0,0,0,118330,118330,13,7.6
1785953596,603292,14240,83886080,0,0,0,118364,118364,13,7.6
1785953606,604276,14240,83886080,0,0,0,118392,118392,14,7.6
1785953616,608200,14240,83886080,0,0,0,118426,118426,14,7.6
1785953627,604240,14240,83886080,0,0,0,118458,118458,15,7.6
1785953637,608488,14240,83886080,0,0,0,118474,118474,24,7.6
1785953647,605236,14240,83886080,0,0,0,118502,118502,14,7.6
1785953657,601816,14240,83886080,0,0,0,118536,118536,13,7.6
1785953667,602800,14240,83886080,0,0,0,118568,118568,12,7.6
1785953677,607132,14240,83886080,0,0,0,118600,118600,12,7.6
1785953687,602032,14240,83886080,0,0,0,118634,118634,13,7.6
1785953697,606448,14240,83886080,0,0,0,118663,118662,17,7.6
1785953707,602444,14240,83886080,0,0,0,118698,118698,13,7.6
1785953717,603252,14240,83886080,0,0,0,118730,118730,13,7.6
1785953727,603348,14240,83886080,0,0,0,118760,118760,16,7.6
1785953737,602740,14240,83886080,0,0,0,118794,118794,12,7.6
1785953747,610432,14240,83886080,0,0,0,118826,118826,13,7.6
1785953758,610196,14240,83886080,0,0,0,118851,118850,20,7.6
1785953768,603992,14240,83886080,0,0,0,118870,118870,12,7.6
1785953778,604188,14240,83886080,0,0,0,118902,118902,14,7.6
1785953788,604796,14240,83886080,0,0,0,118918,118916,20,7.6
1785953798,605908,14240,83886080,0,0,0,118944,118944,15,7.6
1785953808,603392,14240,83886080,0,0,0,118976,118976,15,7.6
1785953818,603448,14240,83886080,0,0,0,119010,119010,16,7.6
1785953828,606584,14240,83886080,0,0,0,119042,119038,20,7.6
1785953838,605368,14240,83886080,0,0,0,119072,119072,14,7.6
1785953848,602840,14240,83886080,0,0,0,119105,119104,16,7.6
1785953858,601212,14240,83886080,0,0,0,119136,119136,16,7.6
1785953868,604720,14240,83886080,0,0,0,119170,119169,13,7.6
1785953878,601708,14240,83886080,0,0,0,119202,119202,12,7.6
1785953888,603388,14240,83886080,0,0,0,119234,119234,12,7.6
1785953899,604568,14240,83886080,0,0,0,119266,119266,12,7.6
1785953909,603252,14240,83886080,0,0,0,119298,119298,13,7.6
1785953919,603068,14240,83886080,0,0,0,119328,119328,16,7.6
1785953929,607216,14240,83886080,0,0,0,119362,119362,14,7.6
1785953939,606976,14240,83886080,0,0,0,119394,119394,15,7.6
1785953949,606064,14240,83886080,0,0,0,119426,119426,12,7.6
1785953959,603592,14240,83886080,0,0,0,119458,119458,13,7.6
1785953969,600600,14240,83886080,0,0,0,119492,119492,12,7.6
1785953979,604544,14240,83886080,0,0,0,119521,119520,15,7.6
1785953989,602536,14240,83886080,0,0,0,119554,119554,14,7.6
1785953999,601112,14240,83886080,0,0,0,119586,119586,13,7.6
1785954009,604976,14240,83886080,0,0,0,119618,119618,12,7.6
1785954019,603016,14240,83886080,0,0,0,119650,119650,13,7.6
1785954030,603964,14240,83886080,0,0,0,119684,119684,13,7.6
1785954040,607300,14240,83886080,0,0,0,119712,119712,15,7.6
1785954050,600656,14240,83886080,0,0,0,119746,119746,13,7.6
1785954060,602848,14240,83886080,0,0,0,119778,119778,15,7.6
1785954070,605152,14240,83886080,0,0,0,119810,119810,13,7.6
1785954080,604372,14240,83886080,0,0,0,119844,119844,14,7.6
1785954090,599860,14240,83886080,0,0,0,119872,119868,19,7.6
1785954100,604404,14240,83886080,0,0,0,119885,119884,16,7.6
1785954110,603532,14240,83886080,0,0,0,119920,119920,12,7.6
1785954120,604544,14240,83886080,0,0,0,119952,119952,14,7.6
1785954131,605032,14240,83886080,0,0,0,119984,119984,12,7.6
1785954141,609632,14240,83886080,0,0,0,120014,120014,13,7.6
1785954151,601720,14240,83886080,0,0,0,120046,120046,13,7.6
1785954161,606956,14240,83886080,0,0,0,120076,120076,13,7.6
1785954171,603824,14240,83886080,0,0,0,120109,120109,14,7.6
1785954181,607084,14240,83886080,0,0,0,120140,120140,13,7.6
1785954191,606096,14240,83886080,0,0,0,120170,120170,14,7.6
1785954201,603020,14240,83886080,0,0,0,120204,120204,12,7.6
1785954211,612024,14240,83886080,0,0,0,120234,120232,16,7.6
1785954221,603672,14240,83886080,0,0,0,120264,120264,15,7.6
1785954231,601056,14240,83886080,0,0,0,120298,120298,12,7.6
1785954242,601540,14240,83886080,0,0,0,120327,120326,15,7.6
1785954252,606660,14240,83886080,0,0,0,120358,120358,13,7.6
1785954262,602972,14240,83886080,0,0,0,120390,120390,13,7.6
1785954272,601004,14240,83886080,0,0,0,120421,120421,13,7.6
1785954282,602060,14240,83886080,0,0,0,120453,120453,14,7.6
1785954292,605840,14240,83886080,0,0,0,120487,120485,14,7.6
1785954302,603020,14240,83886080,0,0,0,120515,120515,13,7.6
1785954312,602124,14240,83886080,0,0,0,120546,120546,12,7.6
1785954322,600476,14240,83886080,0,0,0,120577,120577,12,7.6
1785954332,605864,14240,83886080,0,0,0,120606,120606,14,7.6
1785954342,606304,14240,83886080,0,0,0,120640,120640,12,7.6
1785954352,604612,14240,83886080,0,0,0,120671,120671,14,7.6
1785954362,604284,14240,83886080,0,0,0,120702,120700,14,7.6
1785954373,602992,14240,83886080,0,0,0,120733,120733,13,7.6
1785954383,600528,14240,83886080,0,0,0,120765,120765,12,7.6
1785954393,602760,14240,83886080,0,0,0,120793,120793,14,7.6
1785954403,602004,14240,83886080,0,0,0,120827,120827,13,7.6
1785954413,604348,14240,83886080,0,0,0,120859,120859,13,7.6
1785954423,601580,14240,83886080,0,0,0,120890,120888,14,7.6
1785954433,605016,14240,83886080,0,0,0,120921,120921,14,7.6
1785954443,603652,14240,83886080,0,0,0,120955,120955,13,7.6
1785954453,603508,14240,83886080,0,0,0,120985,120985,13,7.6
1785954463,601028,14240,83886080,0,0,0,121017,121017,14,7.6
1785954473,602596,14240,83886080,0,0,0,121051,121051,13,7.6
1785954483,603468,14240,83886080,0,0,0,121083,121083,11,7.6
1785954494,607148,14240,83886080,0,0,0,121115,121115,14,7.6
1785954504,602380,14240,83886080,0,0,0,121149,121149,14,7.6
1785954514,601968,14240,83886080,0,0,0,121181,121181,11,7.6
1785954524,607280,14240,83886080,0,0,0,121213,121213,13,7.6
1785954534,605560,14240,83886080,0,0,0,121244,121243,16,7.6
1785954544,602648,14240,83886080,0,0,0,121279,121279,13,7.6
1785954554,604160,14240,83886080,0,0,0,121311,121311,14,7.6
1785954564,600288,14240,83886080,0,0,0,121341,121341,13,7.6
1785954574,602720,14240,83886080,0,0,0,121377,121376,13,7.6
1785954584,604232,14240,83886080,0,0,0,121409,121409,14,7.6
1785954594,604704,14240,83886080,0,0,0,121431,121431,21,7.6
1785954605,604892,14240,83886080,0,0,0,121451,121451,12,7.6
1785954615,601816,14240,83886080,0,0,0,121459,121459,13,7.6
1785954625,602352,14240,83886080,0,0,0,121491,121491,12,7.6
1785954635,604828,14240,83886080,0,0,0,121522,121522,15,7.6
1785954645,602928,14240,83886080,0,0,0,121557,121557,12,7.6
1785954655,600008,14240,83886080,0,0,0,121591,121591,13,7.6
1785954665,601824,14240,83886080,0,0,0,121623,121623,13,7.6
1785954675,601724,14240,83886080,0,0,0,121655,121655,14,7.6
1785954685,600420,14240,83886080,0,0,0,121689,121689,14,7.6
1785954695,603104,14240,83886080,0,0,0,121721,121721,12,7.6
1785954706,604396,14240,83886080,0,0,0,121753,121753,13,7.6
1785954716,600728,14240,83886080,0,0,0,121787,121787,13,7.6
1785954726,601508,14240,83886080,0,0,0,121819,121819,14,7.6
1785954736,608196,14240,83886080,0,0,0,121851,121851,14,7.6
1785954746,608064,14240,83886080,0,0,0,121882,121881,16,7.6
1785954756,603880,14240,83886080,0,0,0,121913,121913,15,7.6
1785954766,608236,14240,83886080,0,0,0,121945,121945,16,7.6
1785954776,599976,14240,83886080,0,0,0,121977,121977,13,7.6
1785954786,601572,14240,83886080,0,0,0,122011,122011,13,7.6
1785954796,603184,14240,83886080,0,0,0,122043,122043,12,7.6
1785954806,605952,14240,83886080,0,0,0,122073,122073,15,7.6
1785954816,603160,14240,83886080,0,0,0,122107,122107,13,7.6
1785954827,604180,14240,83886080,0,0,0,122140,122139,15,7.6
1785954837,608492,14240,83886080,0,0,0,122168,122168,15,7.6
1785954847,601072,14240,83886080,0,0,0,122202,122202,13,7.6
1785954857,600524,14240,83886080,0,0,0,122234,122234,15,7.6
1785954867,603336,14240,83886080,0,0,0,122265,122265,14,7.6
1785954877,604344,14240,83886080,0,0,0,122299,122299,14,7.6
1785954887,601732,14240,83886080,0,0,0,122332,122332,14,7.6
1785954897,605520,14240,83886080,0,0,0,122344,122344,25,7.6
1785954907,601992,14240,83886080,0,0,0,122372,122372,14,7.6
1785954918,601916,14240,83886080,0,0,0,122406,122406,13,7.6
1785954928,601032,14240,83886080,0,0,0,122438,122437,15,7.6
1785954938,601312,14240,83886080,0,0,0,122470,122470,13,7.6
1785954948,600448,14240,83886080,0,0,0,122504,122504,12,7.6
1785954958,609840,14240,83886080,0,0,0,122533,122533,14,7.6
1785954968,603732,14240,83886080,0,0,0,122568,122568,12,7.6
1785954978,602736,14240,83886080,0,0,0,122600,122600,14,7.6
1785954988,603228,14240,83886080,0,0,0,122630,122630,13,7.6
1785954998,603376,14240,83886080,0,0,0,122664,122664,12,7.6
1785955008,603744,14240,83886080,0,0,0,122696,122696,13,7.6
1785955018,603552,14240,83886080,0,0,0,122727,122727,13,7.6
1785955028,604860,14240,83886080,0,0,0,122760,122759,13,7.6
1785955038,603388,14240,83886080,0,0,0,122794,122793,13,7.6
1785955049,603872,14240,83886080,0,0,0,122823,122823,14,7.6
1785955059,604788,14240,83886080,0,0,0,122855,122855,13,7.6
1785955069,601204,14240,83886080,0,0,0,122889,122889,13,7.6
1785955079,600748,14240,83886080,0,0,0,122919,122919,13,7.6
1785955089,608476,14240,83886080,0,0,0,122952,122951,16,7.6
1785955099,615816,14240,83886080,0,0,0,122983,122983,16,7.6
1785955109,601568,14240,83886080,0,0,0,123017,123017,13,7.6
1785955119,601744,14240,83886080,0,0,0,123051,123050,13,7.6
1785955129,601728,14240,83886080,0,0,0,123081,123081,16,7.6
1785955139,600364,14240,83886080,0,0,0,123115,123115,14,7.6
1785955149,606908,14240,83886080,0,0,0,123149,123149,12,7.6
1785955159,607416,14240,83886080,0,0,0,123179,123179,13,7.6
1785955170,603416,14240,83886080,0,0,0,123213,123212,14,7.6
1785955180,602468,14240,83886080,0,0,0,123245,123245,16,7.6
1785955190,602644,14240,83886080,0,0,0,123277,123277,13,7.6
1785955200,605844,14240,83886080,0,0,0,123311,123311,13,7.6
1785955210,603036,14240,83886080,0,0,0,123343,123343,13,7.6
1785955220,606940,14240,83886080,0,0,0,123375,123375,13,7.6
1785955230,600424,14240,83886080,0,0,0,123407,123407,13,7.6
1785955240,600804,14240,83886080,0,0,0,123441,123441,14,7.6
1785955250,611892,14240,83886080,0,0,0,123470,123470,13,7.6
1785955260,600436,14240,83886080,0,0,0,123504,123504,15,7.6
1785955270,609632,14240,83886080,0,0,0,123538,123538,13,7.6
1785955280,605872,14240,83886080,0,0,0,123568,123568,14,7.6
1785955290,600092,14240,83886080,0,0,0,123602,123602,12,7.6
1785955301,602264,14240,83886080,0,0,0,123634,123634,13,7.6
1785955311,603532,14240,83886080,0,0,0,123666,123666,12,7.6
1785955321,604856,14240,83886080,0,0,0,123699,123698,14,7.6
1785955331,609904,14240,83886080,0,0,0,123729,123729,16,7.6
1785955341,602412,14240,83886080,0,0,0,123761,123761,13,7.6
1785955351,603200,14240,83886080,0,0,0,123795,123795,13,7.6
1785955361,611256,14240,83886080,0,0,0,123824,123823,17,7.6
1785955371,601060,14240,83886080,0,0,0,123855,123855,15,7.6
1785955381,606348,14240,83886080,0,0,0,123889,123889,14,7.6
1785955391,609704,14240,83886080,0,0,0,123919,123918,17,7.6
1785955401,602208,14240,83886080,0,0,0,123952,123952,14,7.6
1785955411,602144,14240,83886080,0,0,0,123984,123984,14,7.6
1785955422,600864,14240,83886080,0,0,0,124016,124012,19,7.6
1785955432,602156,14240,83886080,0,0,0,124048,124048,13,7.6
1785955442,603184,14240,83886080,0,0,0,124080,124080,14,7.6
1785955452,605412,14240,83886080,0,0,0,124106,124106,19,7.6
1785955462,605780,14240,83886080,0,0,0,124122,124122,13,7.6
1785955473,606052,14240,83886080,0,0,0,124156,124156,12,7.6
1785955483,605076,14240,83886080,0,0,0,124188,124188,13,7.6
1785955493,606000,14240,83886080,0,0,0,124220,124220,13,7.6
1785955503,609388,14240,83886080,0,0,0,124252,124252,13,7.6
1785955513,601568,14240,83886080,0,0,0,124285,124285,12,7.6
1785955523,618212,14240,83886080,0,0,0,124314,124314,15,7.6
1785955533,611848,14240,83886080,0,0,0,124348,124347,12,7.6
1785955543,602512,14240,83886080,0,0,0,124380,124380,13,7.6
1785955553,602804,14240,83886080,0,0,0,124412,124412,11,7.6
1785955563,602812,14240,83886080,0,0,0,124444,124444,13,7.6
1785955573,606440,14240,83886080,0,0,0,124478,124478,12,7.6
1785955583,603912,14240,83886080,0,0,0,124506,124506,15,7.6
1785955593,606792,14240,83886080,0,0,0,124540,124540,14,7.6
1785955604,604840,14240,83886080,0,0,0,124572,124572,13,7.6
1785955614,601708,14240,83886080,0,0,0,124604,124604,13,7.6
1785955624,602976,14240,83886080,0,0,0,124636,124636,13,7.6
1785955634,601580,14240,83886080,0,0,0,124670,124670,11,7.6
1785955644,604816,14240,83886080,0,0,0,124698,124698,12,7.6
1785955654,608140,14240,83886080,0,0,0,124731,124731,14,7.6
1785955664,605716,14240,83886080,0,0,0,124764,124764,13,7.6
1785955674,600480,14240,83886080,0,0,0,124796,124796,12,7.6
1785955684,602212,14240,83886080,0,0,0,124828,124828,13,7.6
1785955694,601488,14240,83886080,0,0,0,124862,124862,12,7.6
1785955704,601800,14240,83886080,0,0,0,124890,124890,13,7.6
1785955715,605672,14240,83886080,0,0,0,124924,124924,13,7.6
1785955725,607576,14240,83886080,0,0,0,124956,124956,14,7.6
1785955735,603120,14240,83886080,0,0,0,124984,124984,13,7.6
1785955745,602392,14240,83886080,0,0,0,125018,125018,14,7.6
1785955755,601656,14240,83886080,0,0,0,125050,125050,15,7.6
1785955765,603564,14240,83886080,0,0,0,125082,125082,15,7.6
1785955775,602104,14240,83886080,0,0,0,125116,125116,12,7.6
1785955785,601996,14240,83886080,0,0,0,125144,125144,16,7.6
1785955795,601812,14240,83886080,0,0,0,125176,125176,13,7.6
1785955805,601808,14240,83886080,0,0,0,125210,125210,12,7.6
1785955815,609056,14240,83886080,0,0,0,125242,125242,12,7.6
1785955826,602780,14240,83886080,0,0,0,125274,125274,14,7.6
1785955836,601840,14240,83886080,0,0,0,125309,125309,13,7.6
1785955846,607120,14240,83886080,0,0,0,125338,125338,15,7.6
1785955856,602872,14240,83886080,0,0,0,125372,125372,14,7.6
1785955866,602644,14240,83886080,0,0,0,125404,125404,14,7.6
1785955876,607300,14240,83886080,0,0,0,125434,125434,13,7.6
1785955886,603960,14240,83886080,0,0,0,125467,125467,12,7.6
1785955896,604588,14240,83886080,0,0,0,125502,125502,11,7.6
1785955906,603116,14240,83886080,0,0,0,125530,125530,14,7.6
1785955917,604212,14240,83886080,0,0,0,125562,125562,13,7.6
1785955927,601316,14240,83886080,0,0,0,125596,125596,12,7.6
1785955937,601624,14240,83886080,0,0,0,125628,125628,13,7.6
1785955947,607324,14240,83886080,0,0,0,125660,125660,15,7.6
1785955957,603780,14240,83886080,0,0,0,125690,125690,17,7.6
1785955967,600768,14240,83886080,0,0,0,125702,125702,14,7.6
1785955977,604388,14240,83886080,0,0,0,125736,125735,14,7.6
1785955987,599712,14240,83886080,0,0,0,125768,125768,15,7.6
1785955997,599784,14240,83886080,0,0,0,125800,125800,12,7.6
1785956007,606784,14240,83886080,0,0,0,125832,125832,13,7.6
1785956017,606152,14240,83886080,0,0,0,125866,125866,14,7.6
1785956027,599956,14240,83886080,0,0,0,125898,125898,12,7.6
1785956037,602752,14240,83886080,0,0,0,125930,125930,14,7.6
1785956047,601668,14240,83886080,0,0,0,125964,125964,13,7.6
1785956057,608964,14240,83886080,0,0,0,125993,125992,15,7.6
1785956068,609564,14240,83886080,0,0,0,126026,126026,13,7.6
1785956078,609780,14240,83886080,0,0,0,126060,126058,16,7.6
1785956088,602736,14240,83886080,0,0,0,126092,126092,14,7.6
1785956098,603360,14240,83886080,0,0,0,126126,126126,14,7.6
1785956108,603372,14240,83886080,0,0,0,126156,126156,15,7.6
1785956118,602360,14240,83886080,0,0,0,126188,126188,14,7.6
1785956128,602220,14240,83886080,0,0,0,126222,126222,15,7.6
1785956138,604136,14240,83886080,0,0,0,126254,126254,15,7.6
1785956148,608824,14240,83886080,0,0,0,126286,126286,14,7.6
1785956158,608288,14240,83886080,0,0,0,126320,126320,14,7.6
1785956169,602144,14240,83886080,0,0,0,126352,126352,12,7.6
1785956179,600272,14240,83886080,0,0,0,126386,126386,12,7.6
1785956189,602772,14240,83886080,0,0,0,126418,126418,13,7.6
1785956199,600344,14240,83886080,0,0,0,126448,126448,13,7.6
1785956209,603208,14240,83886080,0,0,0,126482,126482,12,7.6
1785956219,604292,14240,83886080,0,0,0,126516,126516,12,7.6
1785956229,603268,14240,83886080,0,0,0,126545,126544,15,7.6
1785956239,601796,14240,83886080,0,0,0,126579,126579,13,7.6
1785956249,603864,14240,83886080,0,0,0,126613,126613,10,7.6
1785956259,602780,14240,83886080,0,0,0,126642,126642,14,7.6
1785956270,602208,14240,83886080,0,0,0,126676,126676,12,7.6
1785956280,603596,14240,83886080,0,0,0,126705,126704,18,7.6
1785956290,602324,14240,83886080,0,0,0,126740,126740,11,7.6
1785956300,601860,14240,83886080,0,0,0,126772,126772,13,7.6
1785956310,603100,14240,83886080,0,0,0,126802,126802,16,7.6
1785956320,601364,14240,83886080,0,0,0,126835,126835,14,7.6
1785956330,607412,14240,83886080,0,0,0,126868,126868,14,7.6
1785956340,606520,14240,83886080,0,0,0,126896,126896,14,7.6
1785956350,601804,14240,83886080,0,0,0,126930,126930,14,7.6
1785956361,601656,14240,83886080,0,0,0,126962,126962,15,7.6
1785956371,599652,14240,83886080,0,0,0,126986,126982,23,7.6
1785956381,599288,14240,83886080,0,0,0,127006,127006,12,7.6
1785956391,602824,14240,83886080,0,0,0,127038,127038,13,7.6
1785956401,600824,14240,83886080,0,0,0,127072,127072,13,7.6
1785956411,605716,14240,83886080,0,0,0,127102,127102,14,7.6
1785956421,614044,14240,83886080,0,0,0,127135,127135,13,7.6
1785956431,598984,14240,83886080,0,0,0,127170,127170,10,7.6
1785956441,601572,14240,83886080,0,0,0,127200,127200,14,7.6
1785956451,600812,14240,83886080,0,0,0,127232,127232,14,7.6
1785956461,600776,14240,83886080,0,0,0,127264,127264,15,7.6
1785956471,602496,14240,83886080,0,0,0,127296,127296,12,7.6
1785956481,604936,14240,83886080,0,0,0,127330,127330,12,7.6
1785956491,605616,14240,83886080,0,0,0,127362,127362,13,7.6
1785956502,602240,14240,83886080,0,0,0,127394,127394,13,7.6
1785956512,601452,14240,83886080,0,0,0,127426,127426,13,7.6
1785956522,605868,14240,83886080,0,0,0,127456,127456,16,7.6
1785956532,608160,14240,83886080,0,0,0,127488,127488,14,7.6
1785956542,603332,14240,83886080,0,0,0,127522,127522,12,7.6
1785956552,606408,14240,83886080,0,0,0,127551,127550,18,7.6
1785956562,601836,14240,83886080,0,0,0,127585,127585,13,7.6
1785956572,609992,14240,83886080,0,0,0,127616,127616,15,7.6
1785956583,606276,14240,83886080,0,0,0,127644,127644,19,7.6
1785956593,600416,14240,83886080,0,0,0,127660,127660,13,7.6
1785956603,603452,14240,83886080,0,0,0,127692,127692,13,7.6
1785956613,607688,14240,83886080,0,0,0,127725,127724,13,7.6
1785956623,605084,14240,83886080,0,0,0,127754,127754,13,7.6
1785956633,604412,14240,83886080,0,0,0,127786,127786,14,7.6
1785956643,601092,14240,83886080,0,0,0,127820,127820,13,7.6
1785956653,602224,14240,83886080,0,0,0,127852,127852,12,7.6
1785956663,605932,14240,83886080,0,0,0,127884,127884,14,7.6
1785956673,607980,14240,83886080,0,0,0,127914,127914,16,7.6
1785956684,612096,14240,83886080,0,0,0,127935,127934,20,7.6
1785956694,609800,14240,83886080,0,0,0,127950,127950,17,7.6
1785956705,600556,14240,83886080,0,0,0,127970,127970,14,7.6
1785956715,604052,14240,83886080,0,0,0,128002,128002,14,7.6
1785956725,601336,14240,83886080,0,0,0,128032,128032,14,7.6
1785956735,604340,14240,83886080,0,0,0,128066,128066,14,7.6
1785956745,602828,14240,83886080,0,0,0,128098,128098,13,7.6
1785956755,604884,14240,83886080,0,0,0,128126,128126,16,7.6
1785956765,600420,14240,83886080,0,0,0,128160,128160,14,7.6
1785956775,600672,14240,83886080,0,0,0,128192,128192,15,7.6
1785956785,601972,14240,83886080,0,0,0,128224,128224,14,7.6
1785956795,603432,14240,83886080,0,0,0,128256,128256,14,7.6
1785956805,600320,14240,83886080,0,0,0,128290,128290,11,7.6
1785956816,600860,14240,83886080,0,0,0,128318,128318,15,7.6
1785956826,606004,14240,83886080,0,0,0,128352,128352,13,7.6
1785956836,605036,14240,83886080,0,0,0,128384,128384,14,7.6
1785956846,601632,14240,83886080,0,0,0,128412,128412,16,7.6
1785956856,605824,14240,83886080,0,0,0,128446,128446,13,7.6
1785956866,601676,14240,83886080,0,0,0,128479,128479,14,7.6
1785956876,603528,14240,83886080,0,0,0,128510,128510,12,7.6
1785956886,602204,14240,83886080,0,0,0,128542,128542,14,7.6
1785956896,602080,14240,83886080,0,0,0,128576,128576,13,7.6
1785956906,599872,14240,83886080,0,0,0,128608,128608,13,7.6
1785956916,603424,14240,83886080,0,0,0,128640,128640,12,7.6
1785956926,602024,14240,83886080,0,0,0,128674,128674,12,7.6
1785956936,601248,14240,83886080,0,0,0,128704,128704,14,7.6
1785956947,602252,14240,83886080,0,0,0,128737,128736,16,7.6
1785956957,606304,14240,83886080,0,0,0,128768,128768,16,7.6
1785956967,605940,14240,83886080,0,0,0,128802,128802,13,7.6
1785956977,602016,14240,83886080,0,0,0,128836,128836,13,7.6
1785956987,605888,14240,83886080,0,0,0,128866,128866,15,7.6
1785956997,601444,14240,83886080,0,0,0,128900,128900,15,7.6
1785957007,609880,14240,83886080,0,0,0,128933,128933,14,7.6
1785957017,603288,14240,83886080,0,0,0,128964,128964,13,7.6
1785957027,602548,14240,83886080,0,0,0,128998,128998,13,7.6
1785957037,601204,14240,83886080,0,0,0,129030,129030,14,7.6
1785957047,600144,14240,83886080,0,0,0,129062,129062,12,7.6
1785957057,599900,14240,83886080,0,0,0,129094,129094,13,7.6
1785957067,603368,14240,83886080,0,0,0,129128,129128,12,7.6
1785957077,618108,14240,83886080,0,0,0,129140,129140,24,7.6
1785957088,602400,14240,83886080,0,0,0,129171,129171,13,7.6
1785957098,602832,14240,83886080,0,0,0,129204,129204,12,7.6
1785957108,604944,14240,83886080,0,0,0,129234,129234,15,7.6
1785957118,601228,14240,83886080,0,0,0,129268,129268,13,7.6
1785957128,602304,14240,83886080,0,0,0,129302,129302,14,7.6
1785957138,607504,14240,83886080,0,0,0,129332,129332,14,7.6
1785957148,601336,14240,83886080,0,0,0,129368,129368,12,7.6
1785957158,601188,14240,83886080,0,0,0,129400,129400,13,7.6
1785957168,601020,14240,83886080,0,0,0,129430,129430,14,7.6
1785957178,602132,14240,83886080,0,0,0,129464,129464,12,7.6
1785957188,601360,14240,83886080,0,0,0,129496,129496,15,7.6
1785957198,605524,14240,83886080,0,0,0,129528,129528,13,7.6
1785957208,607008,14240,83886080,0,0,0,129562,129562,14,7.6
1785957219,609240,14240,83886080,0,0,0,129596,129596,14,7.6
1785957229,606564,14240,83886080,0,0,0,129626,129626,15,7.6
1785957239,606208,14240,83886080,0,0,0,129660,129660,14,7.6
1785957249,605664,14240,83886080,0,0,0,129692,129692,15,7.6
1785957259,604268,14240,83886080,0,0,0,129726,129726,13,7.6
1785957269,606936,14240,83886080,0,0,0,129758,129758,14,7.6
1785957279,602080,14240,83886080,0,0,0,129790,129790,14,7.6
1785957289,602216,14240,83886080,0,0,0,129822,129822,12,7.6
1785957299,601860,14240,83886080,0,0,0,129856,129856,12,7.6
1785957309,602868,14240,83886080,0,0,0,129880,129876,20,7.6
1785957319,602384,14240,83886080,0,0,0,129900,129900,14,7.6
1785957329,603424,14240,83886080,0,0,0,129932,129932,15,7.6
1785957339,603776,14240,83886080,0,0,0,129966,129966,14,7.6
1785957349,610620,14240,83886080,0,0,0,129994,129994,12,7.6
1785957360,600096,14240,83886080,0,0,0,130028,130028,12,7.6
1785957370,602860,14240,83886080,0,0,0,130060,130060,12,7.6
1785957380,603556,14240,83886080,0,0,0,130088,130088,12,7.6
1785957390,603660,14240,83886080,0,0,0,130122,130122,13,7.6
1785957400,602456,14240,83886080,0,0,0,130154,130154,13,7.6
1785957410,600860,14240,83886080,0,0,0,130188,130188,14,7.6
1785957420,603324,14240,83886080,0,0,0,130222,130222,13,7.6
1785957430,606512,14240,83886080,0,0,0,130248,130248,20,7.6
1785957440,602588,14240,83886080,0,0,0,130284,130284,11,7.6
1785957450,604128,14240,83886080,0,0,0,130318,130318,12,7.6
1785957460,603828,14240,83886080,0,0,0,130346,130346,13,7.6
1785957471,601900,14240,83886080,0,0,0,130382,130382,11,7.6
1785957481,600120,14240,83886080,0,0,0,130416,130416,13,7.6
1785957491,600008,14240,83886080,0,0,0,130448,130448,12,7.6
1785957501,607160,14240,83886080,0,0,0,130480,130480,14,7.6
1785957511,600200,14240,83886080,0,0,0,130515,130515,15,7.6
1785957521,601140,14240,83886080,0,0,0,130544,130544,13,7.6
1785957531,602368,14240,83886080,0,0,0,130578,130578,13,7.6
1785957541,608036,14240,83886080,0,0,0,130611,130611,14,7.6
1785957551,602852,14240,83886080,0,0,0,130645,130645,13,7.6
1785957561,604980,14240,83886080,0,0,0,130677,130677,15,7.6
1785957571,603308,14240,83886080,0,0,0,130708,130708,17,7.6
1785957581,604412,14240,83886080,0,0,0,130743,130743,13,7.6
1785957591,600248,14240,83886080,0,0,0,130776,130776,14,7.6
1785957602,604728,14240,83886080,0,0,0,130807,130806,13,7.6
1785957612,604600,14240,83886080,0,0,0,130842,130842,12,7.6
1785957622,602024,14240,83886080,0,0,0,130876,130876,13,7.6
1785957632,600452,14240,83886080,0,0,0,130908,130908,12,7.6
1785957642,606732,14240,83886080,0,0,0,130940,130940,14,7.6
1785957652,601244,14240,83886080,0,0,0,130974,130974,15,7.6
1785957662,603540,14240,83886080,0,0,0,131005,131005,12,7.6
1785957672,605208,14240,83886080,0,0,0,131038,131038,11,7.6
1785957682,603400,14240,83886080,0,0,0,131072,131072,12,7.6
1785957692,602580,14240,83886080,0,0,0,131103,131103,13,7.6
1785957702,606236,14240,83886080,0,0,0,131136,131136,12,7.6
1785957712,603116,14240,83886080,0,0,0,131168,131168,16,7.6
1785957722,602880,14240,83886080,0,0,0,131202,131202,14,7.6
1785957733,604260,14240,83886080,0,0,0,131235,131235,14,7.6
1785957743,602532,14240,83886080,0,0,0,131266,131266,13,7.6
1785957753,608600,14240,83886080,0,0,0,131300,131300,12,7.6
1785957763,604500,14240,83886080,0,0,0,131333,131333,15,7.6
1785957773,601300,14240,83886080,0,0,0,131364,131364,15,7.6
1785957783,601836,14240,83886080,0,0,0,131400,131400,12,7.6
1785957793,601772,14240,83886080,0,0,0,131434,131434,12,7.6
1785957803,602448,14240,83886080,0,0,0,131450,131450,19,7.6
1785957813,603516,14240,83886080,0,0,0,131478,131478,16,7.6
1785957823,602160,14240,83886080,0,0,0,131512,131512,13,7.6
1785957834,612584,14240,83886080,0,0,0,131544,131544,14,7.6
1785957844,607816,14240,83886080,0,0,0,131576,131576,15,7.6
1785957854,601940,14240,83886080,0,0,0,131610,131610,15,7.6
1785957864,603276,14240,83886080,0,0,0,131642,131642,14,7.6
1785957874,601616,14240,83886080,0,0,0,131678,131678,11,7.6
1785957884,605168,14240,83886080,0,0,0,131710,131710,13,7.6
1785957894,602932,14240,83886080,0,0,0,131740,131740,16,7.6
1785957904,601992,14240,83886080,0,0,0,131774,131774,14,7.6
1785957914,604012,14240,83886080,0,0,0,131809,131809,12,7.6
1785957924,600128,14240,83886080,0,0,0,131838,131838,13,7.6
1785957934,602040,14240,83886080,0,0,0,131873,131873,13,7.6
1785957944,601980,14240,83886080,0,0,0,131908,131908,12,7.6
1785957955,605612,14240,83886080,0,0,0,131936,131936,13,7.6
1785957965,603916,14240,83886080,0,0,0,131970,131970,14,7.6
1785957975,600212,14240,83886080,0,0,0,132002,132001,15,7.6
1785957985,604300,14240,83886080,0,0,0,132034,132034,15,7.6
1785957995,602848,14240,83886080,0,0,0,132070,132070,12,7.6
1785958005,601652,14240,83886080,0,0,0,132100,132100,12,7.6
1785958015,601236,14240,83886080,0,0,0,132134,132134,13,7.6
1785958025,604272,14240,83886080,0,0,0,132168,132168,13,7.6
1785958035,603484,14240,83886080,0,0,0,132198,132198,14,7.6
1785958045,603276,14240,83886080,0,0,0,132232,132232,13,7.6
1785958055,602900,14240,83886080,0,0,0,132264,132264,14,7.6
1785958065,607648,14240,83886080,0,0,0,132296,132296,13,7.6
1785958076,608424,14240,83886080,0,0,0,132328,132328,14,7.6
1785958086,603416,14240,83886080,0,0,0,132362,132362,13,7.6
1785958096,606616,14240,83886080,0,0,0,132394,132394,13,7.6
1785958106,600464,14240,83886080,0,0,0,132426,132426,13,7.6
1785958116,600304,14240,83886080,0,0,0,132460,132460,12,7.6
1785958126,604160,14240,83886080,0,0,0,132488,132488,14,7.6
1785958136,607984,14240,83886080,0,0,0,132520,132520,13,7.6
1785958146,605752,14240,83886080,0,0,0,132551,132551,12,7.6
1785958156,603084,14240,83886080,0,0,0,132582,132582,14,7.6
1785958166,600976,14240,83886080,0,0,0,132616,132616,13,7.6
1785958176,603068,14240,83886080,0,0,0,132648,132648,14,7.6
1785958186,604140,14240,83886080,0,0,0,132680,132680,14,7.6
1785958196,603228,14240,83886080,0,0,0,132714,132714,12,7.6
1785958206,601860,14240,83886080,0,0,0,132743,132743,15,7.6
1785958217,602056,14240,83886080,0,0,0,132777,132777,13,7.6
1785958227,604316,14240,83886080,0,0,0,132809,132809,15,7.6
1785958237,611372,14240,83886080,0,0,0,132841,132841,14,7.6
1785958247,608096,14240,83886080,0,0,0,132875,132875,12,7.6
1785958257,601216,14240,83886080,0,0,0,132907,132907,13,7.6
1785958267,607520,14240,83886080,0,0,0,132923,132923,22,7.6
1785958277,606028,14240,83886080,0,0,0,132948,132948,11,7.6
1785958287,601184,14240,83886080,0,0,0,132982,132982,11,7.6
1785958297,601396,14240,83886080,0,0,0,133013,133013,14,7.6
1785958308,602296,14240,83886080,0,0,0,133045,133045,14,7.6
1785958318,601528,14240,83886080,0,0,0,133078,133078,14,7.6
1785958328,602336,14240,83886080,0,0,0,133109,133109,15,7.6
1785958338,600736,14240,83886080,0,0,0,133143,133143,12,7.6
1785958348,605256,14240,83886080,0,0,0,133175,133175,13,7.6
1785958358,602036,14240,83886080,0,0,0,133206,133206,14,7.6
1785958368,604124,14240,83886080,0,0,0,133241,133241,11,7.6
1785958378,607472,14240,83886080,0,0,0,133273,133273,13,7.6
1785958388,601520,14240,83886080,0,0,0,133306,133306,14,7.6
1785958398,600712,14240,83886080,0,0,0,133339,133339,14,7.6
1785958408,604580,14240,83886080,0,0,0,133373,133373,12,7.6
1785958418,606872,14240,83886080,0,0,0,133403,133403,13,7.6
1785958429,601848,14240,83886080,0,0,0,133437,133437,14,7.6
1785958439,605352,14240,83886080,0,0,0,133470,133470,15,7.6
1785958449,600956,14240,83886080,0,0,0,133502,133502,13,7.6
1785958459,600324,14240,83886080,0,0,0,133534,133534,14,7.6
1785958469,612612,14240,83886080,0,0,0,133567,133567,14,7.6
1785958479,601892,14240,83886080,0,0,0,133600,133600,12,7.6
1785958489,603980,14240,83886080,0,0,0,133634,133634,12,7.6
1785958499,600448,14240,83886080,0,0,0,133663,133663,16,7.6
1785958509,602496,14240,83886080,0,0,0,133697,133697,14,7.6
1785958519,602692,14240,83886080,0,0,0,133729,133729,15,7.6
1785958529,603640,14240,83886080,0,0,0,133761,133761,15,7.6
1785958539,601708,14240,83886080,0,0,0,133795,133795,14,7.6
1785958550,600208,14240,83886080,0,0,0,133828,133828,12,7.6
1785958560,602676,14240,83886080,0,0,0,133859,133859,13,7.6
1785958570,608952,14240,83886080,0,0,0,133891,133891,12,7.6
1785958580,602376,14240,83886080,0,0,0,133925,133925,13,7.6
1785958590,603948,14240,83886080,0,0,0,133953,133953,14,7.6
1785958600,603300,14240,83886080,0,0,0,133987,133987,14,7.6
1785958610,600460,14240,83886080,0,0,0,134019,134019,15,7.6
1785958620,605488,14240,83886080,0,0,0,134051,134051,13,7.6
1785958630,602056,14240,83886080,0,0,0,134083,134083,13,7.6
1785958640,608316,14240,83886080,0,0,0,134117,134117,13,7.6
1785958650,603012,14240,83886080,0,0,0,134145,134145,13,7.6
1785958661,602544,14240,83886080,0,0,0,134179,134179,12,7.6
1785958671,603360,14240,83886080,0,0,0,134211,134211,14,7.6
1785958681,604296,14240,83886080,0,0,0,134241,134241,12,7.6
1785958691,605644,14240,83886080,0,0,0,134275,134275,11,7.6
1785958701,601924,14240,83886080,0,0,0,134309,134309,12,7.6
1785958711,604360,14240,83886080,0,0,0,134337,134337,14,7.6
1785958721,603240,14240,83886080,0,0,0,134371,134371,12,7.6
1785958731,603284,14240,83886080,0,0,0,134403,134403,12,7.6
1785958741,602928,14240,83886080,0,0,0,134435,134435,14,7.6
1785958751,604336,14240,83886080,0,0,0,134467,134467,14,7.6
1785958761,603048,14240,83886080,0,0,0,134501,134501,12,7.6
1785958771,603180,14240,83886080,0,0,0,134529,134529,14,7.6
1785958782,606448,14240,83886080,0,0,0,134561,134561,14,7.6
1785958792,605428,14240,83886080,0,0,0,134595,134595,13,7.6
1785958802,602332,14240,83886080,0,0,0,134627,134627,13,7.6
1785958812,607460,14240,83886080,0,0,0,134659,134659,13,7.6
1785958822,605172,14240,83886080,0,0,0,134689,134687,16,7.6
1785958832,604204,14240,83886080,0,0,0,134705,134705,11,7.6
1785958842,602024,14240,83886080,0,0,0,134737,134737,11,7.6
1785958852,601372,14240,83886080,0,0,0,134769,134769,14,7.6
1785958862,604196,14240,83886080,0,0,0,134799,134799,13,7.6
1785958872,601832,14240,83886080,0,0,0,134832,134832,13,7.6
1785958882,602816,14240,83886080,0,0,0,134865,134865,12,7.6
1785958892,601672,14240,83886080,0,0,0,134896,134896,13,7.6
1785958902,607556,14240,83886080,0,0,0,134928,134928,14,7.6
1785958912,603444,14240,83886080,0,0,0,134961,134961,14,7.6
1785958922,601700,14240,83886080,0,0,0,134993,134993,12,7.6
1785958933,602924,14240,83886080,0,0,0,135025,135025,13,7.6
1785958943,600368,14240,83886080,0,0,0,135059,135059,11,7.6
1785958953,602132,14240,83886080,0,0,0,135087,135087,14,7.6
1785958963,602124,14240,83886080,0,0,0,135121,135121,13,7.6
1785958973,602308,14240,83886080,0,0,0,135153,135153,12,7.6
1785958983,612908,14240,83886080,0,0,0,135165,135165,24,7.6
1785958993,607820,14240,83886080,0,0,0,135197,135197,14,7.6
1785959003,609444,14240,83886080,0,0,0,135231,135231,14,7.6
1785959013,600960,14240,83886080,0,0,0,135263,135263,12,7.6
1785959024,599400,14240,83886080,0,0,0,135297,135297,13,7.6
1785959034,602448,14240,83886080,0,0,0,135329,135329,15,7.6
1785959044,604264,14240,83886080,0,0,0,135361,135361,12,7.6
1785959054,601288,14240,83886080,0,0,0,135395,135395,12,7.6
1785959064,609048,14240,83886080,0,0,0,135427,135427,14,7.6
1785959074,604060,14240,83886080,0,0,0,135459,135459,14,7.6
1785959084,612516,14240,83886080,0,0,0,135492,135491,14,7.6
1785959094,602456,14240,83886080,0,0,0,135525,135525,12,7.6
1785959104,600576,14240,83886080,0,0,0,135557,135557,12,7.6
1785959114,602608,14240,83886080,0,0,0,135589,135589,15,7.6
1785959124,602744,14240,83886080,0,0,0,135623,135623,13,7.6
1785959134,604592,14240,83886080,0,0,0,135654,135653,14,7.6
1785959144,605936,14240,83886080,0,0,0,135687,135687,12,7.6
1785959155,602572,14240,83886080,0,0,0,135721,135721,13,7.6
1785959165,602796,14240,83886080,0,0,0,135749,135749,14,7.6
1785959175,605704,14240,83886080,0,0,0,135785,135785,12,7.6
1785959185,604312,14240,83886080,0,0,0,135816,135816,14,7.6
1785959195,603756,14240,83886080,0,0,0,135847,135847,13,7.6
1785959205,602296,14240,83886080,0,0,0,135881,135881,13,7.6
1785959215,607296,14240,83886080,0,0,0,135913,135913,15,7.6
1785959225,610956,14240,83886080,0,0,0,135942,135942,15,7.6
1785959235,601284,14240,83886080,0,0,0,135977,135977,13,7.6
1785959245,600768,14240,83886080,0,0,0,136011,136011,13,7.6
1785959255,609796,14240,83886080,0,0,0,136039,136039,13,7.6
1785959265,602252,14240,83886080,0,0,0,136073,136073,12,7.6
1785959276,607292,14240,83886080,0,0,0,136105,136105,14,7.6
1785959286,606092,14240,83886080,0,0,0,136113,136113,19,7.6
1785959296,600224,14240,83886080,0,0,0,136147,136147,14,7.6
1785959306,603420,14240,83886080,0,0,0,136179,136179,15,7.6
1785959316,607720,14240,83886080,0,0,0,136203,136203,20,7.6
1785959326,601896,14240,83886080,0,0,0,136225,136225,14,7.6
1785959336,605028,14240,83886080,0,0,0,136256,136256,15,7.6
1785959346,604112,14240,83886080,0,0,0,136290,136290,14,7.6
1785959356,602624,14240,83886080,0,0,0,136320,136320,12,7.6
1785959367,604852,14240,83886080,0,0,0,136352,136352,13,7.6
1785959377,603244,14240,83886080,0,0,0,136386,136385,14,7.6
1785959387,606736,14240,83886080,0,0,0,136415,136415,14,7.6
1785959397,598636,14240,83886080,0,0,0,136449,136449,13,7.6
1785959407,606540,14240,83886080,0,0,0,136481,136481,12,7.6
1785959417,601752,14240,83886080,0,0,0,136513,136513,13,7.6
1785959427,607252,14240,83886080,0,0,0,136545,136545,15,7.6
1785959437,602292,14240,83886080,0,0,0,136579,136579,14,7.6
1785959447,603560,14240,83886080,0,0,0,136610,136609,14,7.6
1785959457,601780,14240,83886080,0,0,0,136643,136643,12,7.6
1785959467,608260,14240,83886080,0,0,0,136673,136673,16,7.6
1785959478,603540,14240,83886080,0,0,0,136707,136707,12,7.6
1785959488,605860,14240,83886080,0,0,0,136739,136739,12,7.6
1785959498,606872,14240,83886080,0,0,0,136767,136767,17,7.6
1785959508,600904,14240,83886080,0,0,0,136801,136801,11,7.6
1785959518,602864,14240,83886080,0,0,0,136833,136833,13,7.6
1785959528,603708,14240,83886080,0,0,0,136865,136865,13,7.6
1785959538,603308,14240,83886080,0,0,0,136897,136897,15,7.6
1785959548,604860,14240,83886080,0,0,0,136931,136931,13,7.6
1785959558,602528,14240,83886080,0,0,0,136959,136959,19,7.6
1785959568,607392,14240,83886080,0,0,0,136995,136995,14,7.6
1785959578,603032,14240,83886080,0,0,0,137029,137029,12,7.6
1785959588,601620,14240,83886080,0,0,0,137057,137057,14,7.6
1785959599,600092,14240,83886080,0,0,0,137091,137091,13,7.6
1785959609,600964,14240,83886080,0,0,0,137123,137123,16,7.6
1785959619,604820,14240,83886080,0,0,0,137155,137155,12,7.6
1785959629,604236,14240,83886080,0,0,0,137187,137187,14,7.6
1785959639,601456,14240,83886080,0,0,0,137221,137221,13,7.6
1785959649,602340,14240,83886080,0,0,0,137253,137253,13,7.6
1785959659,601888,14240,83886080,0,0,0,137286,137286,12,7.6
1785959669,602996,14240,83886080,0,0,0,137319,137319,13,7.6
1785959679,605416,14240,83886080,0,0,0,137349,137349,13,7.6
1785959689,601640,14240,83886080,0,0,0,137383,137383,12,7.6
1785959699,602132,14240,83886080,0,0,0,137417,137417,11,7.6
1785959709,607152,14240,83886080,0,0,0,137445,137445,14,7.6
1785959720,602252,14240,83886080,0,0,0,137479,137479,13,7.6
1785959730,604636,14240,83886080,0,0,0,137511,137511,14,7.6
1785959740,600788,14240,83886080,0,0,0,137541,137541,14,7.6
1785959750,602264,14240,83886080,0,0,0,137575,137575,13,7.6
1785959760,602952,14240,83886080,0,0,0,137609,137609,13,7.6
1785959770,601344,14240,83886080,0,0,0,137639,137639,12,7.6
1785959780,602908,14240,83886080,0,0,0,137673,137673,12,7.6
1785959790,602884,14240,83886080,0,0,0,137707,137707,12,7.6
1785959800,605064,14240,83886080,0,0,0,137735,137735,15,7.6
1785959810,608852,14240,83886080,0,0,0,137769,137769,14,7.6
1785959820,615492,14240,83886080,0,0,0,137801,137801,16,7.6
1785959831,608084,14240,83886080,0,0,0,137833,137833,14,7.6
1785959841,608132,14240,83886080,0,0,0,137867,137867,13,7.6
1785959851,606980,14240,83886080,0,0,0,137898,137895,18,7.6
1785959861,602172,14240,83886080,0,0,0,137931,137931,11,7.6
1785959871,601664,14240,83886080,0,0,0,137965,137965,12,7.6
1785959881,605256,14240,83886080,0,0,0,137993,137993,16,7.6
1785959891,602180,14240,83886080,0,0,0,138028,138028,13,7.6
1785959901,604736,14240,83886080,0,0,0,138061,138061,13,7.6
1785959911,601128,14240,83886080,0,0,0,138091,138090,14,7.6
1785959921,604040,14240,83886080,0,0,0,138123,138123,14,7.6
1785959931,602692,14240,83886080,0,0,0,138157,138157,14,7.6
1785959941,600904,14240,83886080,0,0,0,138189,138189,14,7.6
1785959952,601540,14240,83886080,0,0,0,138221,138221,12,7.6
1785959962,602408,14240,83886080,0,0,0,138255,138255,13,7.6
1785959972,606944,14240,83886080,0,0,0,138284,138283,14,7.6
1785959982,605640,14240,83886080,0,0,0,138319,138319,12,7.6
1785959992,605612,14240,83886080,0,0,0,138353,138353,12,7.6
1785960002,606700,14240,83886080,0,0,0,138384,138384,12,7.6
1785960012,606960,14240,83886080,0,0,0,138417,138417,14,7.6
1785960022,607276,14240,83886080,0,0,0,138451,138451,15,7.6
1785960032,606560,14240,83886080,0,0,0,138483,138483,12,7.6
1785960042,607368,14240,83886080,0,0,0,138517,138517,13,7.6
1785960052,602108,14240,83886080,0,0,0,138549,138549,16,7.6
1785960063,603184,14240,83886080,0,0,0,138581,138581,12,7.6
1785960073,601380,14240,83886080,0,0,0,138615,138615,12,7.6
1785960083,601904,14240,83886080,0,0,0,138647,138647,13,7.6
1785960093,603348,14240,83886080,0,0,0,138679,138679,14,7.6
1785960103,599864,14240,83886080,0,0,0,138713,138713,12,7.6
1785960113,601812,14240,83886080,0,0,0,138741,138741,17,7.6
1785960123,600564,14240,83886080,0,0,0,138777,138777,11,7.6
1785960133,601704,14240,83886080,0,0,0,138811,138811,12,7.6
1785960143,603832,14240,83886080,0,0,0,138839,138839,15,7.6
1785960153,600496,14240,83886080,0,0,0,138875,138875,12,7.6
1785960163,602260,14240,83886080,0,0,0,138907,138907,14,7.6
1785960174,609776,14240,83886080,0,0,0,138934,138933,16,7.6
1785960184,603596,14240,83886080,0,0,0,138967,138967,14,7.6
1785960194,602704,14240,83886080,0,0,0,139000,138999,15,7.6
1785960204,606616,14240,83886080,0,0,0,139031,139031,12,7.6
1785960214,602396,14240,83886080,0,0,0,139063,139063,13,7.6
1785960224,599344,14240,83886080,0,0,0,139097,139097,11,7.6
1785960234,606720,14240,83886080,0,0,0,139125,139125,14,7.6
1785960244,603732,14240,83886080,0,0,0,139159,139159,14,7.6
1785960254,606432,14240,83886080,0,0,0,139191,139191,13,7.6
1785960264,607948,14240,83886080,0,0,0,139221,139221,12,7.6
1785960274,607356,14240,83886080,0,0,0,139253,139253,14,7.6
1785960284,603844,14240,83886080,0,0,0,139285,139285,14,7.6
1785960295,600896,14240,83886080,0,0,0,139317,139317,12,7.6
1785960305,601956,14240,83886080,0,0,0,139351,139351,13,7.6
1785960315,609224,14240,83886080,0,0,0,139379,139379,17,7.6
1785960325,600112,14240,83886080,0,0,0,139413,139413,13,7.6
1785960335,600528,14240,83886080,0,0,0,139445,139445,13,7.6
1785960345,605664,14240,83886080,0,0,0,139474,139474,15,7.6
1785960355,600728,14240,83886080,0,0,0,139507,139507,14,7.6
1785960365,600492,14240,83886080,0,0,0,139540,139540,13,7.6
1785960375,604504,14240,83886080,0,0,0,139564,139564,17,7.6
1785960385,603064,14240,83886080,0,0,0,139584,139584,13,7.6
1785960395,605204,14240,83886080,0,0,0,139616,139616,13,7.6
1785960405,599788,14240,83886080,0,0,0,139650,139650,13,7.6
1785960416,602340,14240,83886080,0,0,0,139678,139678,15,7.6
1785960426,599716,14240,83886080,0,0,0,139712,139712,13,7.6
1785960436,604692,14240,83886080,0,0,0,139744,139744,14,7.6
1785960446,603528,14240,83886080,0,0,0,139774,139773,14,7.6
1785960456,601844,14240,83886080,0,0,0,139807,139807,13,7.6
1785960466,609968,14240,83886080,0,0,0,139839,139839,14,7.6
1785960476,607012,14240,83886080,0,0,0,139870,139870,14,7.6
1785960486,605060,14240,83886080,0,0,0,139902,139902,14,7.6
1785960496,603280,14240,83886080,0,0,0,139934,139934,15,7.6
1785960506,604372,14240,83886080,0,0,0,139968,139968,13,7.6
1785960516,601736,14240,83886080,0,0,0,140000,140000,14,7.6
1785960527,601384,14240,83886080,0,0,0,140032,140032,14,7.6
1785960537,607184,14240,83886080,0,0,0,140066,140066,11,7.6
1785960547,601432,14240,83886080,0,0,0,140098,140098,12,7.6
1785960557,603964,14240,83886080,0,0,0,140129,140129,12,7.6
1785960567,599876,14240,83886080,0,0,0,140163,140163,12,7.6
1785960577,605752,14240,83886080,0,0,0,140195,140195,13,7.6
1785960587,600816,14240,83886080,0,0,0,140226,140225,13,7.6
1785960597,604168,14240,83886080,0,0,0,140258,140258,14,7.6
1785960607,610320,14240,83886080,0,0,0,140290,140290,15,7.6
1785960617,601020,14240,83886080,0,0,0,140323,140323,15,7.6
1785960627,601132,14240,83886080,0,0,0,140356,140356,12,7.6
1785960637,602888,14240,83886080,0,0,0,140389,140389,13,7.6
1785960648,605128,14240,83886080,0,0,0,140399,140397,25,7.6
1785960658,601988,14240,83886080,0,0,0,140431,140431,14,7.6
1785960668,602348,14240,83886080,0,0,0,140463,140463,16,7.6
1785960678,604016,14240,83886080,0,0,0,140494,140492,17,7.6
1785960688,600240,14240,83886080,0,0,0,140527,140527,12,7.6
1785960698,600472,14240,83886080,0,0,0,140559,140559,14,7.6
1785960708,604336,14240,83886080,0,0,0,140589,140589,13,7.6
1785960718,600992,14240,83886080,0,0,0,140621,140621,14,7.6
1785960728,600208,14240,83886080,0,0,0,140655,140655,11,7.6
1785960738,607376,14240,83886080,0,0,0,140683,140683,15,7.6
1785960748,603448,14240,83886080,0,0,0,140717,140717,13,7.6
1785960758,607152,14240,83886080,0,0,0,140749,140749,13,7.6
1785960768,603788,14240,83886080,0,0,0,140777,140777,13,7.6
1785960779,601920,14240,83886080,0,0,0,140809,140809,12,7.6
1785960789,602268,14240,83886080,0,0,0,140839,140839,14,7.6
1785960799,603408,14240,83886080,0,0,0,140871,140871,13,7.6
1785960809,607864,14240,83886080,0,0,0,140903,140903,14,7.6
1785960819,604068,14240,83886080,0,0,0,140933,140933,15,7.6
1785960829,603412,14240,83886080,0,0,0,140964,140963,14,7.6
1785960839,599384,14240,83886080,0,0,0,140995,140995,13,7.6
1785960849,601696,14240,83886080,0,0,0,141027,141027,12,7.6
1785960859,607520,14240,83886080,0,0,0,141055,141055,13,7.6
1785960869,603364,14240,83886080,0,0,0,141087,141087,12,7.6
1785960880,602872,14240,83886080,0,0,0,141117,141117,12,7.6
1785960890,599636,14240,83886080,0,0,0,141149,141149,12,7.6
1785960900,600244,14240,83886080,0,0,0,141179,141179,14,7.6
1785960910,601612,14240,83886080,0,0,0,141211,141211,12,7.6
1785960920,605160,14240,83886080,0,0,0,141225,141223,26,7.6
1785960930,601156,14240,83886080,0,0,0,141251,141251,15,7.6
1785960940,602832,14240,83886080,0,0,0,141283,141283,13,7.6
1785960950,608892,14240,83886080,0,0,0,141313,141313,15,7.6
1785960960,607536,14240,83886080,0,0,0,141344,141344,11,7.6
1785960970,607120,14240,83886080,0,0,0,141375,141375,12,7.6
1785960981,605596,14240,83886080,0,0,0,141404,141404,15,7.6
1785960991,600044,14240,83886080,0,0,0,141434,141434,13,7.6
1785961001,604380,14240,83886080,0,0,0,141466,141466,12,7.6
1785961011,608292,14240,83886080,0,0,0,141495,141495,14,7.6
1785961021,605132,14240,83886080,0,0,0,141527,141527,12,7.6
1785961031,604380,14240,83886080,0,0,0,141557,141557,14,7.6
1785961041,603948,14240,83886080,0,0,0,141588,141588,14,7.6
1785961051,602984,14240,83886080,0,0,0,141620,141620,11,7.6
1785961061,606300,14240,83886080,0,0,0,141651,141651,13,7.6
1785961071,604976,14240,83886080,0,0,0,141682,141679,16,7.6
1785961081,599724,14240,83886080,0,0,0,141715,141715,13,7.6
1785961091,606304,14240,83886080,0,0,0,141747,141747,12,7.6
1785961102,604324,14240,83886080,0,0,0,141777,141777,13,7.6
1785961112,603460,14240,83886080,0,0,0,141810,141809,14,7.6
1785961122,602940,14240,83886080,0,0,0,141843,141843,13,7.6
1785961132,603440,14240,83886080,0,0,0,141871,141871,14,7.6
1785961142,602572,14240,83886080,0,0,0,141904,141904,14,7.6
1785961152,604108,14240,83886080,0,0,0,141937,141937,14,7.6
1785961162,602092,14240,83886080,0,0,0,141965,141965,16,7.6
1785961172,601328,14240,83886080,0,0,0,141999,141999,14,7.6
1785961182,606856,14240,83886080,0,0,0,142031,142031,16,7.6
1785961192,602176,14240,83886080,0,0,0,142059,142059,14,7.6
1785961202,600760,14240,83886080,0,0,0,142093,142093,13,7.6
1785961212,604136,14240,83886080,0,0,0,142125,142125,15,7.6
1785961223,602836,14240,83886080,0,0,0,142155,142154,14,7.6
1785961233,601980,14240,83886080,0,0,0,142187,142187,13,7.6
1785961243,604752,14240,83886080,0,0,0,142219,142219,15,7.6
1785961253,600160,14240,83886080,0,0,0,142251,142251,13,7.6
1785961263,606196,14240,83886080,0,0,0,142283,142283,13,7.6
1785961273,602304,14240,83886080,0,0,0,142315,142315,12,7.6
1785961283,599192,14240,83886080,0,0,0,142347,142347,12,7.6
1785961293,601612,14240,83886080,0,0,0,142379,142379,13,7.6
1785961303,605044,14240,83886080,0,0,0,142411,142411,16,7.6
1785961313,603460,14240,83886080,0,0,0,142443,142443,14,7.6
1785961323,601640,14240,83886080,0,0,0,142477,142477,12,7.6
1785961333,600788,14240,83886080,0,0,0,142509,142509,12,7.6
1785961344,603216,14240,83886080,0,0,0,142539,142539,13,7.6
1785961354,613316,14240,83886080,0,0,0,142571,142571,13,7.6
1785961364,613600,14240,83886080,0,0,0,142603,142603,16,7.6
1785961374,604132,14240,83886080,0,0,0,142635,142635,12,7.6
1785961384,603160,14240,83886080,0,0,0,142669,142669,12,7.6
1785961394,603972,14240,83886080,0,0,0,142701,142698,18,7.6
1785961404,603216,14240,83886080,0,0,0,142733,142733,12,7.6
1785961414,601468,14240,83886080,0,0,0,142767,142767,13,7.6
1785961424,606636,14240,83886080,0,0,0,142796,142796,17,7.6
1785961434,600992,14240,83886080,0,0,0,142831,142831,13,7.6
1785961444,602608,14240,83886080,0,0,0,142865,142865,14,7.6
1785961455,609348,14240,83886080,0,0,0,142897,142895,14,7.6
1785961465,602312,14240,83886080,0,0,0,142929,142929,14,7.6
1785961475,610580,14240,83886080,0,0,0,142963,142963,14,7.6
1785961485,602856,14240,83886080,0,0,0,142991,142991,15,7.6
1785961495,603404,14240,83886080,0,0,0,143027,143027,12,7.6
1785961505,610472,14240,83886080,0,0,0,143061,143061,13,7.6
1785961515,602012,14240,83886080,0,0,0,143093,143093,12,7.6
1785961525,602228,14240,83886080,0,0,0,143125,143125,15,7.6
1785961535,601868,14240,83886080,0,0,0,143159,143159,14,7.6
1785961545,600488,14240,83886080,0,0,0,143191,143191,12,7.6
1785961555,600376,14240,83886080,0,0,0,143225,143225,13,7.6
1785961565,604640,14240,83886080,0,0,0,143257,143257,16,7.6
1785961575,606996,14240,83886080,0,0,0,143289,143289,12,7.6
1785961586,604768,14240,83886080,0,0,0,143323,143323,12,7.6
1785961596,608812,14240,83886080,0,0,0,143355,143355,15,7.6
1785961606,599404,14240,83886080,0,0,0,143387,143387,12,7.6
1785961616,601068,14240,83886080,0,0,0,143421,143421,12,7.6
1785961626,605688,14240,83886080,0,0,0,143449,143449,17,7.6
1785961636,602252,14240,83886080,0,0,0,143483,143483,13,7.6
1785961646,602964,14240,83886080,0,0,0,143517,143517,14,7.6
1785961656,607688,14240,83886080,0,0,0,143543,143543,18,7.6
1785961667,604392,14240,83886080,0,0,0,143559,143559,14,7.6
1785961677,602284,14240,83886080,0,0,0,143593,143593,12,7.6
1785961687,603944,14240,83886080,0,0,0,143625,143625,14,7.6
1785961697,603276,14240,83886080,0,0,0,143657,143657,13,7.6
1785961707,600376,14240,83886080,0,0,0,143689,143689,14,7.6
1785961717,605992,14240,83886080,0,0,0,143723,143723,14,7.6
1785961727,602676,14240,83886080,0,0,0,143755,143755,11,7.6
1785961737,602096,14240,83886080,0,0,0,143787,143787,12,7.6
1785961747,603452,14240,83886080,0,0,0,143820,143820,13,7.6
1785961757,603544,14240,83886080,0,0,0,143849,143849,13,7.6
1785961767,600000,14240,83886080,0,0,0,143883,143883,14,7.6
1785961778,601864,14240,83886080,0,0,0,143915,143915,13,7.6
1785961788,605572,14240,83886080,0,0,0,143947,143947,12,7.6
1785961798,601080,14240,83886080,0,0,0,143979,143979,12,7.6
1785961808,599344,14240,83886080,0,0,0,144013,144013,12,7.6
1785961818,601992,14240,83886080,0,0,0,144041,144041,14,7.6
1785961828,606928,14240,83886080,0,0,0,144074,144074,11,7.6
1785961838,604116,14240,83886080,0,0,0,144107,144107,12,7.6
1785961848,600440,14240,83886080,0,0,0,144138,144137,13,7.6
1785961858,605520,14240,83886080,0,0,0,144170,144170,12,7.6
1785961868,606644,14240,83886080,0,0,0,144201,144201,16,7.6
1785961878,600276,14240,83886080,0,0,0,144233,144233,15,7.6
1785961888,604436,14240,83886080,0,0,0,144267,144267,14,7.6
1785961898,603060,14240,83886080,0,0,0,144295,144295,16,7.6
1785961909,601376,14240,83886080,0,0,0,144329,144329,14,7.6
1785961919,602928,14240,83886080,0,0,0,144363,144362,14,7.6
1785961929,603200,14240,83886080,0,0,0,144393,144393,14,7.6
1785961939,603404,14240,83886080,0,0,0,144427,144427,13,7.6
1785961949,605552,14240,83886080,0,0,0,144459,144459,14,7.6
1785961959,603332,14240,83886080,0,0,0,144489,144488,15,7.6
1785961969,605920,14240,83886080,0,0,0,144519,144519,14,7.6
1785961979,606204,14240,83886080,0,0,0,144551,144551,12,7.6
1785961989,602356,14240,83886080,0,0,0,144581,144581,13,7.6
1785961999,604104,14240,83886080,0,0,0,144611,144611,15,7.6
1785962010,604852,14240,83886080,0,0,0,144643,144643,12,7.6
1785962020,602632,14240,83886080,0,0,0,144671,144671,11,7.6
1785962030,599728,14240,83886080,0,0,0,144701,144701,12,7.6
1785962040,604284,14240,83886080,0,0,0,144733,144733,12,7.6
1785962050,601860,14240,83886080,0,0,0,144761,144761,12,7.6
1785962060,600272,14240,83886080,0,0,0,144791,144791,14,7.6
1785962070,601088,14240,83886080,0,0,0,144823,144823,11,7.6
1785962080,600936,14240,83886080,0,0,0,144851,144851,11,7.6
1785962090,601444,14240,83886080,0,0,0,144880,144880,12,7.6
1785962100,601480,14240,83886080,0,0,0,144912,144912,12,7.6
1785962110,601252,14240,83886080,0,0,0,144938,144938,15,7.6
1785962120,601872,14240,83886080,0,0,0,144970,144970,15,7.6
1785962130,610088,14240,83886080,0,0,0,145000,145000,15,7.6
1785962141,604488,14240,83886080,0,0,0,145029,145028,16,7.6
1785962151,601672,14240,83886080,0,0,0,145060,145060,14,7.6
1785962161,602892,14240,83886080,0,0,0,145092,145092,12,7.6
1785962171,607852,14240,83886080,0,0,0,145118,145118,15,7.6
1785962181,601580,14240,83886080,0,0,0,145150,145150,12,7.6
1785962191,601840,14240,83886080,0,0,0,145180,145180,13,7.6
1785962201,604980,14240,83886080,0,0,0,145209,145208,16,7.6
1785962211,603360,14240,83886080,0,0,0,145240,145240,14,7.6
1785962221,605824,14240,83886080,0,0,0,145272,145272,13,7.6
1785962231,602032,14240,83886080,0,0,0,145301,145298,18,7.6
1785962242,603760,14240,83886080,0,0,0,145332,145332,12,7.6
1785962252,603492,14240,83886080,0,0,0,145362,145362,13,7.6
1785962262,601260,14240,83886080,0,0,0,145392,145389,17,7.6
1785962272,606696,14240,83886080,0,0,0,145424,145424,11,7.6
1785962282,602328,14240,83886080,0,0,0,145456,145456,13,7.6
1785962292,606808,14240,83886080,0,0,0,145486,145486,15,7.6
1785962302,599304,14240,83886080,0,0,0,145520,145520,13,7.6
1785962312,601272,14240,83886080,0,0,0,145552,145552,15,7.6
1785962322,603420,14240,83886080,0,0,0,145580,145580,14,7.6
1785962332,604852,14240,83886080,0,0,0,145614,145614,14,7.6
1785962342,602984,14240,83886080,0,0,0,145646,145646,14,7.6
1785962353,600236,14240,83886080,0,0,0,145678,145678,14,7.6
1785962363,601780,14240,83886080,0,0,0,145711,145711,13,7.6
1785962373,601560,14240,83886080,0,0,0,145744,145744,13,7.6
1785962383,602824,14240,83886080,0,0,0,145774,145774,14,7.6
1785962393,605888,14240,83886080,0,0,0,145806,145806,14,7.6
1785962403,604824,14240,83886080,0,0,0,145838,145838,16,7.6
1785962413,603164,14240,83886080,0,0,0,145869,145868,14,7.6
1785962423,603504,14240,83886080,0,0,0,145901,145901,13,7.6
1785962433,603320,14240,83886080,0,0,0,145933,145933,16,7.6
1785962443,607216,14240,83886080,0,0,0,145965,145965,12,7.6
1785962453,604292,14240,83886080,0,0,0,145998,145997,16,7.6
1785962463,604992,14240,83886080,0,0,0,146031,146031,14,7.6
1785962474,608732,14240,83886080,0,0,0,146059,146059,12,7.6
1785962484,599120,14240,83886080,0,0,0,146093,146093,13,7.6
1785962494,608572,14240,83886080,0,0,0,146121,146121,16,7.6
1785962504,603416,14240,83886080,0,0,0,146153,146153,14,7.6
1785962514,600508,14240,83886080,0,0,0,146187,146187,12,7.6
1785962524,600592,14240,83886080,0,0,0,146219,146219,12,7.6
1785962534,600072,14240,83886080,0,0,0,146251,146251,13,7.6
1785962544,608952,14240,83886080,0,0,0,146284,146283,14,7.6
1785962554,601120,14240,83886080,0,0,0,146313,146313,12,7.6
1785962564,602548,14240,83886080,0,0,0,146345,146345,13,7.6
1785962574,607736,14240,83886080,0,0,0,146378,146378,13,7.6
1785962584,602928,14240,83886080,0,0,0,146408,146407,15,7.6
1785962595,602352,14240,83886080,0,0,0,146442,146442,13,7.6
1785962605,603428,14240,83886080,0,0,0,146474,146474,13,7.6
1785962615,603448,14240,83886080,0,0,0,146505,146505,12,7.6
1785962625,600264,14240,83886080,0,0,0,146537,146537,13,7.6
1785962635,602540,14240,83886080,0,0,0,146571,146571,11,7.6
1785962645,602760,14240,83886080,0,0,0,146599,146599,14,7.6
1785962655,607204,14240,83886080,0,0,0,146633,146633,13,7.6
1785962665,601256,14240,83886080,0,0,0,146665,146665,13,7.6
1785962675,604492,14240,83886080,0,0,0,146677,146677,24,7.6
1785962685,599092,14240,83886080,0,0,0,146709,146709,13,7.6
1785962695,609872,14240,83886080,0,0,0,146741,146741,14,7.6
1785962706,599336,14240,83886080,0,0,0,146771,146768,19,7.6
1785962716,600868,14240,83886080,0,0,0,146803,146803,13,7.6
1785962726,602888,14240,83886080,0,0,0,146834,146834,13,7.6
1785962736,600048,14240,83886080,0,0,0,146865,146865,12,7.6
1785962746,606296,14240,83886080,0,0,0,146897,146897,13,7.6
1785962756,600820,14240,83886080,0,0,0,146929,146929,13,7.6
1785962766,603588,14240,83886080,0,0,0,146959,146959,12,7.6
1785962776,601660,14240,83886080,0,0,0,146991,146991,13,7.6
1785962786,600656,14240,83886080,0,0,0,147025,147025,12,7.6
1785962796,601352,14240,83886080,0,0,0,147053,147053,13,7.6
1785962806,604936,14240,83886080,0,0,0,147087,147087,12,7.6
1785962817,602512,14240,83886080,0,0,0,147119,147119,12,7.6
1785962827,599200,14240,83886080,0,0,0,147151,147151,12,7.6
1785962837,601708,14240,83886080,0,0,0,147183,147183,12,7.6
1785962847,603440,14240,83886080,0,0,0,147215,147215,13,7.6
1785962857,605404,14240,83886080,0,0,0,147245,147245,13,7.6
1785962867,602204,14240,83886080,0,0,0,147277,147277,14,7.6
1785962877,603224,14240,83886080,0,0,0,147309,147309,15,7.6
1785962887,602972,14240,83886080,0,0,0,147339,147339,13,7.6
1785962897,602220,14240,83886080,0,0,0,147371,147371,14,7.6
1785962907,602328,14240,83886080,0,0,0,147404,147404,14,7.6
1785962917,603824,14240,83886080,0,0,0,147436,147436,12,7.6
1785962927,602652,14240,83886080,0,0,0,147467,147466,15,7.6
1785962938,602500,14240,83886080,0,0,0,147498,147498,16,7.6
1785962948,601856,14240,83886080,0,0,0,147511,147511,16,7.6
1785962958,601144,14240,83886080,0,0,0,147544,147544,14,7.6
1785962968,604664,14240,83886080,0,0,0,147576,147576,13,7.6
1785962978,600312,14240,83886080,0,0,0,147601,147597,20,7.6
1785962988,605452,14240,83886080,0,0,0,147617,147617,13,7.6
1785962998,601904,14240,83886080,0,0,0,147651,147651,12,7.6
1785963008,602844,14240,83886080,0,0,0,147683,147683,12,7.6
1785963018,604708,14240,83886080,0,0,0,147711,147711,15,7.6
1785963028,602936,14240,83886080,0,0,0,147743,147743,15,7.6
1785963038,603256,14240,83886080,0,0,0,147777,147777,14,7.6
1785963048,602964,14240,83886080,0,0,0,147805,147805,15,7.6
1785963058,601096,14240,83886080,0,0,0,147839,147839,13,7.6
1785963069,601636,14240,83886080,0,0,0,147871,147871,13,7.6
1785963079,602268,14240,83886080,0,0,0,147899,147899,14,7.6
1785963089,599528,14240,83886080,0,0,0,147933,147933,13,7.6
1785963099,600032,14240,83886080,0,0,0,147965,147965,15,7.6
1785963109,606236,14240,83886080,0,0,0,147995,147995,13,7.6
1785963119,599560,14240,83886080,0,0,0,148027,148027,12,7.6
1785963129,602960,14240,83886080,0,0,0,148059,148059,12,7.6
1785963139,603072,14240,83886080,0,0,0,148091,148091,12,7.6
1785963149,601268,14240,83886080,0,0,0,148123,148123,14,7.6
1785963159,605196,14240,83886080,0,0,0,148157,148157,12,7.6
1785963169,601680,14240,83886080,0,0,0,148185,148185,13,7.6
1785963180,611172,14240,83886080,0,0,0,148219,148219,12,7.6
1785963190,601564,14240,83886080,0,0,0,148251,148251,13,7.6
1785963200,602460,14240,83886080,0,0,0,148283,148283,13,7.6
1785963210,601140,14240,83886080,0,0,0,148317,148317,13,7.6
1785963220,607488,14240,83886080,0,0,0,148345,148345,17,7.6
1785963230,604496,14240,83886080,0,0,0,148377,148377,13,7.6
1785963240,605028,14240,83886080,0,0,0,148411,148411,12,7.6
1785963250,603524,14240,83886080,0,0,0,148439,148437,18,7.6
1785963260,601092,14240,83886080,0,0,0,148455,148455,14,7.6
1785963271,599848,14240,83886080,0,0,0,148488,148488,15,7.6
1785963281,607128,14240,83886080,0,0,0,148521,148521,15,7.6
1785963291,602788,14240,83886080,0,0,0,148553,148553,13,7.6
1785963301,606044,14240,83886080,0,0,0,148585,148585,15,7.6
1785963311,602632,14240,83886080,0,0,0,148619,148619,12,7.6
1785963321,608864,14240,83886080,0,0,0,148648,148648,15,7.6
1785963331,601556,14240,83886080,0,0,0,148683,148682,13,7.6
1785963341,602800,14240,83886080,0,0,0,148714,148714,13,7.6
1785963351,602972,14240,83886080,0,0,0,148746,148746,14,7.6
1785963361,601724,14240,83886080,0,0,0,148780,148780,12,7.6
1785963371,606652,14240,83886080,0,0,0,148808,148808,18,7.6
1785963382,602060,14240,83886080,0,0,0,148842,148842,14,7.6
1785963392,605276,14240,83886080,0,0,0,148875,148874,16,7.6
1785963402,607624,14240,83886080,0,0,0,148906,148906,12,7.6
1785963412,606844,14240,83886080,0,0,0,148938,148938,12,7.6
1785963422,601772,14240,83886080,0,0,0,148972,148972,12,7.6
1785963432,600720,14240,83886080,0,0,0,149004,149004,12,7.6
1785963442,609412,14240,83886080,0,0,0,149036,149036,14,7.6
1785963452,604072,14240,83886080,0,0,0,149070,149070,12,7.6
1785963462,605772,14240,83886080,0,0,0,149098,149098,12,7.6
1785963472,603076,14240,83886080,0,0,0,149132,149132,14,7.6
1785963482,608420,14240,83886080,0,0,0,149164,149164,15,7.6
1785963492,600080,14240,83886080,0,0,0,149196,149196,11,7.6
1785963503,604252,14240,83886080,0,0,0,149228,149228,13,7.6
1785963513,600716,14240,83886080,0,0,0,149262,149262,12,7.6
1785963523,606796,14240,83886080,0,0,0,149290,149290,15,7.6
1785963533,600744,14240,83886080,0,0,0,149324,149324,15,7.6
1785963543,601620,14240,83886080,0,0,0,149356,149356,16,7.6
1785963553,605464,14240,83886080,0,0,0,149388,149388,12,7.6
1785963563,603072,14240,83886080,0,0,0,149420,149420,13,7.6
1785963573,606092,14240,83886080,0,0,0,149450,149450,16,7.6
1785963583,601316,14240,83886080,0,0,0,149484,149484,12,7.6
1785963593,604308,14240,83886080,0,0,0,149516,149516,12,7.6
1785963603,600172,14240,83886080,0,0,0,149548,149548,14,7.6
1785963614,605024,14240,83886080,0,0,0,149582,149582,11,7.6
1785963624,605660,14240,83886080,0,0,0,149614,149614,15,7.6
1785963634,604220,14240,83886080,0,0,0,149646,149646,12,7.6
1785963644,611232,14240,83886080,0,0,0,149678,149678,14,7.6
1785963654,601484,14240,83886080,0,0,0,149712,149712,12,7.6
1785963664,602232,14240,83886080,0,0,0,149740,149740,15,7.6
1785963674,601128,14240,83886080,0,0,0,149776,149776,12,7.6
1785963684,602476,14240,83886080,0,0,0,149808,149808,14,7.6
1785963694,603452,14240,83886080,0,0,0,149838,149838,12,7.6
1785963704,602976,14240,83886080,0,0,0,149870,149870,14,7.6
1785963715,601216,14240,83886080,0,0,0,149904,149904,14,7.6
1785963725,606892,14240,83886080,0,0,0,149934,149934,15,7.6
1785963735,604480,14240,83886080,0,0,0,149968,149968,13,7.6
1785963745,604556,14240,83886080,0,0,0,150002,150002,11,7.6
1785963755,600012,14240,83886080,0,0,0,150032,150032,12,7.6
1785963765,611816,14240,83886080,0,0,0,150065,150064,14,7.6
1785963775,601472,14240,83886080,0,0,0,150096,150096,14,7.6
1785963785,604892,14240,83886080,0,0,0,150128,150128,14,7.6
1785963795,603280,14240,83886080,0,0,0,150162,150162,14,7.6
1785963805,600908,14240,83886080,0,0,0,150194,150194,12,7.6
1785963815,606088,14240,83886080,0,0,0,150226,150226,14,7.6
1785963825,599860,14240,83886080,0,0,0,150260,150260,12,7.6
1785963835,602964,14240,83886080,0,0,0,150289,150288,16,7.6
1785963846,604604,14240,83886080,0,0,0,150324,150324,11,7.6
1785963856,601780,14240,83886080,0,0,0,150358,150358,12,7.6
1785963866,601624,14240,83886080,0,0,0,150388,150388,14,7.6
1785963876,601684,14240,83886080,0,0,0,150422,150422,14,7.6
1785963886,603416,14240,83886080,0,0,0,150455,150455,12,7.6
1785963896,604104,14240,83886080,0,0,0,150484,150484,14,7.6
1785963906,606492,14240,83886080,0,0,0,150518,150518,12,7.6
1785963916,603876,14240,83886080,0,0,0,150550,150550,15,7.6
1785963926,599736,14240,83886080,0,0,0,150582,150582,11,7.6
1785963936,602600,14240,83886080,0,0,0,150614,150614,14,7.6
1785963946,616176,14240,83886080,0,0,0,150644,150644,16,7.6
1785963956,600864,14240,83886080,0,0,0,150676,150676,13,7.6
1785963966,600948,14240,83886080,0,0,0,150710,150710,13,7.6
1785963977,605000,14240,83886080,0,0,0,150742,150742,12,7.6
1785963987,601768,14240,83886080,0,0,0,150774,150774,15,7.6
1785963997,602240,14240,83886080,0,0,0,150808,150808,13,7.6
1785964007,600608,14240,83886080,0,0,0,150836,150836,14,7.6
1785964017,607152,14240,83886080,0,0,0,150870,150870,13,7.6
1785964027,600420,14240,83886080,0,0,0,150903,150903,14,7.6
1785964037,601284,14240,83886080,0,0,0,150934,150934,16,7.6
1785964047,602724,14240,83886080,0,0,0,150969,150968,14,7.6
1785964057,609164,14240,83886080,0,0,0,151001,151001,13,7.6
1785964067,604488,14240,83886080,0,0,0,151029,151029,16,7.6
1785964077,603276,14240,83886080,0,0,0,151061,151061,14,7.6
1785964088,604884,14240,83886080,0,0,0,151091,151091,12,7.6
1785964098,600972,14240,83886080,0,0,0,151119,151119,12,7.6
1785964108,603376,14240,83886080,0,0,0,151149,151149,12,7.6
1785964118,602372,14240,83886080,0,0,0,151177,151177,13,7.6
1785964128,609796,14240,83886080,0,0,0,151207,151207,13,7.6
1785964138,604376,14240,83886080,0,0,0,151238,151238,12,7.6
1785964148,601652,14240,83886080,0,0,0,151267,151267,15,7.6
1785964158,603092,14240,83886080,0,0,0,151297,151297,14,7.6
1785964168,607668,14240,83886080,0,0,0,151328,151328,12,7.6
1785964178,604164,14240,83886080,0,0,0,151357,151357,13,7.6
1785964188,602644,14240,83886080,0,0,0,151385,151385,14,7.6
1785964199,607684,14240,83886080,0,0,0,151417,151417,13,7.6
1785964209,602180,14240,83886080,0,0,0,151447,151447,13,7.6
1785964219,605816,14240,83886080,0,0,0,151475,151475,12,7.6
1785964229,605288,14240,83886080,0,0,0,151505,151505,13,7.6
1785964239,606384,14240,83886080,0,0,0,151536,151536,12,7.6
1785964249,611448,14240,83886080,0,0,0,151564,151562,16,7.6
1785964259,605536,14240,83886080,0,0,0,151594,151594,14,7.6
1785964269,600548,14240,83886080,0,0,0,151624,151624,14,7.6
1785964279,601272,14240,83886080,0,0,0,151655,151655,12,7.6
1785964289,601116,14240,83886080,0,0,0,151684,151684,12,7.6
1785964299,602000,14240,83886080,0,0,0,151714,151714,13,7.6
1785964309,601480,14240,83886080,0,0,0,151746,151744,14,7.6
1785964319,600880,14240,83886080,0,0,0,151774,151774,13,7.6
1785964330,609464,14240,83886080,0,0,0,151804,151804,12,7.6
1785964340,601944,14240,83886080,0,0,0,151834,151834,13,7.6
1785964350,601412,14240,83886080,0,0,0,151862,151862,12,7.6
1785964360,602536,14240,83886080,0,0,0,151892,151892,13,7.6
1785964370,605260,14240,83886080,0,0,0,151924,151924,13,7.6
1785964380,600396,14240,83886080,0,0,0,151956,151956,11,7.6
1785964390,602340,14240,83886080,0,0,0,151988,151988,13,7.6
1785964400,599828,14240,83886080,0,0,0,152022,152022,12,7.6
1785964410,603120,14240,83886080,0,0,0,152050,152050,16,7.6
1785964420,602136,14240,83886080,0,0,0,152084,152084,12,7.6
1785964430,604544,14240,83886080,0,0,0,152116,152116,13,7.6
1785964441,601592,14240,83886080,0,0,0,152148,152148,12,7.6
1785964451,603796,14240,83886080,0,0,0,152180,152180,13,7.6
1785964461,606432,14240,83886080,0,0,0,152214,152214,12,7.6
1785964471,600052,14240,83886080,0,0,0,152242,152242,13,7.6
1785964481,600384,14240,83886080,0,0,0,152276,152276,11,7.6
1785964491,610852,14240,83886080,0,0,0,152305,152304,16,7.6
1785964501,601756,14240,83886080,0,0,0,152339,152339,13,7.6
1785964511,603840,14240,83886080,0,0,0,152372,152372,12,7.6
1785964521,603340,14240,83886080,0,0,0,152402,152402,14,7.6
1785964532,599164,14240,83886080,0,0,0,152436,152436,13,7.6
1785964542,601804,14240,83886080,0,0,0,152468,152468,13,7.6
1785964552,600736,14240,83886080,0,0,0,152500,152500,13,7.6
1785964562,604488,14240,83886080,0,0,0,152532,152532,14,7.6
1785964572,602116,14240,83886080,0,0,0,152567,152566,14,7.6
1785964582,603704,14240,83886080,0,0,0,152597,152595,13,7.6
1785964592,604444,14240,83886080,0,0,0,152630,152630,13,7.6
1785964602,602564,14240,83886080,0,0,0,152663,152662,14,7.6
1785964612,603160,14240,83886080,0,0,0,152692,152692,15,7.6
1785964622,599984,14240,83886080,0,0,0,152726,152726,15,7.6
1785964632,605328,14240,83886080,0,0,0,152758,152758,16,7.6
1785964643,605464,14240,83886080,0,0,0,152790,152790,12,7.6
1785964653,603208,14240,83886080,0,0,0,152822,152822,13,7.6
1785964663,600968,14240,83886080,0,0,0,152856,152856,12,7.6
1785964673,601548,14240,83886080,0,0,0,152864,152864,16,7.6
1785964683,603284,14240,83886080,0,0,0,152896,152896,15,7.6
1785964693,602564,14240,83886080,0,0,0,152930,152930,14,7.6
1785964703,600936,14240,83886080,0,0,0,152958,152958,17,7.6
1785964713,604172,14240,83886080,0,0,0,152992,152992,14,7.6
1785964723,601608,14240,83886080,0,0,0,153025,153025,14,7.6
1785964733,601712,14240,83886080,0,0,0,153052,153048,21,7.6
1785964743,604128,14240,83886080,0,0,0,153068,153068,12,7.6
1785964753,600648,14240,83886080,0,0,0,153100,153100,14,7.6
1785964764,600220,14240,83886080,0,0,0,153134,153134,12,7.6
1785964774,606052,14240,83886080,0,0,0,153163,153162,14,7.6
1785964784,600720,14240,83886080,0,0,0,153196,153196,14,7.6
1785964794,607024,14240,83886080,0,0,0,153230,153230,14,7.6
1785964804,604848,14240,83886080,0,0,0,153260,153260,14,7.6
1785964814,601112,14240,83886080,0,0,0,153294,153294,14,7.6
1785964824,605628,14240,83886080,0,0,0,153326,153326,15,7.6
1785964834,600824,14240,83886080,0,0,0,153358,153358,14,7.6
1785964844,605600,14240,83886080,0,0,0,153392,153392,13,7.6
1785964854,605084,14240,83886080,0,0,0,153424,153424,14,7.6
1785964865,601296,14240,83886080,0,0,0,153456,153456,15,7.6
1785964875,606800,14240,83886080,0,0,0,153490,153490,12,7.6
1785964885,602068,14240,83886080,0,0,0,153522,153522,12,7.6
1785964895,603964,14240,83886080,0,0,0,153554,153554,14,7.6
1785964905,601312,14240,83886080,0,0,0,153588,153588,14,7.6
1785964915,602324,14240,83886080,0,0,0,153617,153617,12,7.6
1785964925,604188,14240,83886080,0,0,0,153650,153649,15,7.6
1785964935,604004,14240,83886080,0,0,0,153683,153683,14,7.6
1785964945,604380,14240,83886080,0,0,0,153704,153704,23,7.6
1785964955,611356,14240,83886080,0,0,0,153724,153724,13,7.6
1785964965,603348,14240,83886080,0,0,0,153758,153758,12,7.6
1785964975,604448,14240,83886080,0,0,0,153794,153794,12,7.6
1785964985,606916,14240,83886080,0,0,0,153823,153823,14,7.6
1785964996,604328,14240,83886080,0,0,0,153856,153856,14,7.6
1785965006,602668,14240,83886080,0,0,0,153888,153888,14,7.6
1785965016,603784,14240,83886080,0,0,0,153922,153922,11,7.6
1785965026,601112,14240,83886080,0,0,0,153956,153956,13,7.6
1785965036,601700,14240,83886080,0,0,0,153982,153979,19,7.6
1785965046,605560,14240,83886080,0,0,0,153998,153998,13,7.6
1785965056,602116,14240,83886080,0,0,0,154032,154032,13,7.6
1785965066,602664,14240,83886080,0,0,0,154065,154065,14,7.6
1785965076,603208,14240,83886080,0,0,0,154095,154095,12,7.6
1785965086,602016,14240,83886080,0,0,0,154128,154128,12,7.6
1785965096,599268,14240,83886080,0,0,0,154163,154163,12,7.6
1785965106,605880,14240,83886080,0,0,0,154194,154193,15,7.6
1785965116,602088,14240,83886080,0,0,0,154227,154227,13,7.6
1785965126,605192,14240,83886080,0,0,0,154257,154257,16,7.6
1785965137,600636,14240,83886080,0,0,0,154291,154291,11,7.6
1785965147,608400,14240,83886080,0,0,0,154324,154324,14,7.6
1785965157,602172,14240,83886080,0,0,0,154351,154350,18,7.6
1785965167,600328,14240,83886080,0,0,0,154368,154368,14,7.6
1785965177,601808,14240,83886080,0,0,0,154402,154402,13,7.6
1785965187,604832,14240,83886080,0,0,0,154437,154436,14,7.6
1785965197,601252,14240,83886080,0,0,0,154467,154467,13,7.6
1785965207,605428,14240,83886080,0,0,0,154501,154501,13,7.6
1785965217,602612,14240,83886080,0,0,0,154535,154535,13,7.6
1785965227,603156,14240,83886080,0,0,0,154567,154567,12,7.6
1785965238,603396,14240,83886080,0,0,0,154600,154600,13,7.6
1785965248,604432,14240,83886080,0,0,0,154631,154630,16,7.6
1785965258,603384,14240,83886080,0,0,0,154666,154666,12,7.6
1785965268,600016,14240,83886080,0,0,0,154700,154700,13,7.6
1785965278,601852,14240,83886080,0,0,0,154729,154729,12,7.6
1785965288,600996,14240,83886080,0,0,0,154761,154760,14,7.6
1785965298,603992,14240,83886080,0,0,0,154793,154792,15,7.6
1785965308,603488,14240,83886080,0,0,0,154824,154823,15,7.6
1785965318,602000,14240,83886080,0,0,0,154857,154857,12,7.6
1785965328,606116,14240,83886080,0,0,0,154889,154889,12,7.6
1785965338,606144,14240,83886080,0,0,0,154917,154917,13,7.6
1785965348,600464,14240,83886080,0,0,0,154949,154949,14,7.6
1785965358,605684,14240,83886080,0,0,0,154981,154981,13,7.6
1785965369,607852,14240,83886080,0,0,0,155011,155011,13,7.6
1785965379,605572,14240,83886080,0,0,0,155044,155044,13,7.6
1785965389,604728,14240,83886080,0,0,0,155077,155077,11,7.6
1785965399,604668,14240,83886080,0,0,0,155105,155105,14,7.6
1785965409,601852,14240,83886080,0,0,0,155139,155139,12,7.6
1785965419,604064,14240,83886080,0,0,0,155171,155171,12,7.6
1785965429,602932,14240,83886080,0,0,0,155200,155200,12,7.6
1785965439,604224,14240,83886080,0,0,0,155232,155232,14,7.6
1785965449,604440,14240,83886080,0,0,0,155264,155264,14,7.6
1785965459,601260,14240,83886080,0,0,0,155294,155294,13,7.6
1785965469,603400,14240,83886080,0,0,0,155326,155326,14,7.6
1785965479,601040,14240,83886080,0,0,0,155360,155360,13,7.6
1785965490,602548,14240,83886080,0,0,0,155388,155388,13,7.6
1785965500,601104,14240,83886080,0,0,0,155420,155420,13,7.6
1785965510,601200,14240,83886080,0,0,0,155453,155452,13,7.6
1785965520,602068,14240,83886080,0,0,0,155482,155482,12,7.6
1785965530,602168,14240,83886080,0,0,0,155514,155514,12,7.6
1785965540,604768,14240,83886080,0,0,0,155546,155545,14,7.6
1785965550,604236,14240,83886080,0,0,0,155574,155574,12,7.6
1785965560,600072,14240,83886080,0,0,0,155606,155606,12,7.6
1785965570,602736,14240,83886080,0,0,0,155638,155638,12,7.6
1785965580,602644,14240,83886080,0,0,0,155670,155670,12,7.6
1785965590,602148,14240,83886080,0,0,0,155702,155702,12,7.6
1785965600,600880,14240,83886080,0,0,0,155736,155736,14,7.6
1785965611,604556,14240,83886080,0,0,0,155766,155766,14,7.6
1785965621,603336,14240,83886080,0,0,0,155800,155800,13,7.6
1785965631,602812,14240,83886080,0,0,0,155834,155834,12,7.6
1785965641,602192,14240,83886080,0,0,0,155866,155866,11,7.6
1785965651,601712,14240,83886080,0,0,0,155898,155898,14,7.6
1785965661,605980,14240,83886080,0,0,0,155928,155928,16,7.6
1785965671,603056,14240,83886080,0,0,0,155960,155960,15,7.6
1785965681,605384,14240,83886080,0,0,0,155994,155994,12,7.6
1785965691,606412,14240,83886080,0,0,0,156026,156026,13,7.6
1785965701,603440,14240,83886080,0,0,0,156058,156058,13,7.6
1785965711,605044,14240,83886080,0,0,0,156092,156092,13,7.6
1785965722,603128,14240,83886080,0,0,0,156124,156124,12,7.6
1785965732,600092,14240,83886080,0,0,0,156156,156156,13,7.6
1785965742,605836,14240,83886080,0,0,0,156190,156190,12,7.6
1785965752,602448,14240,83886080,0,0,0,156222,156222,11,7.6
1785965762,606944,14240,83886080,0,0,0,156254,156254,13,7.6
1785965772,601784,14240,83886080,0,0,0,156288,156288,13,7.6
1785965782,603840,14240,83886080,0,0,0,156320,156320,11,7.6
1785965792,602800,14240,83886080,0,0,0,156352,156352,14,7.6
1785965802,604588,14240,83886080,0,0,0,156386,156386,12,7.6
1785965812,605364,14240,83886080,0,0,0,156415,156415,15,7.6
1785965823,602432,14240,83886080,0,0,0,156450,156449,12,7.6
1785965833,608504,14240,83886080,0,0,0,156480,156480,16,7.6
1785965843,602972,14240,83886080,0,0,0,156493,156493,12,7.6
1785965853,602408,14240,83886080,0,0,0,156527,156527,13,7.6
1785965863,605624,14240,83886080,0,0,0,156560,156559,14,7.6
1785965873,600828,14240,83886080,0,0,0,156591,156591,15,7.6
1785965883,604584,14240,83886080,0,0,0,156625,156625,13,7.6
1785965893,606300,14240,83886080,0,0,0,156658,156658,13,7.6
1785965904,600152,14240,83886080,0,0,0,156669,156666,25,7.6
1785965914,599904,14240,83886080,0,0,0,156702,156702,12,7.6
1785965924,601848,14240,83886080,0,0,0,156736,156736,12,7.6
1785965934,603548,14240,83886080,0,0,0,156764,156764,15,7.6
1785965944,603484,14240,83886080,0,0,0,156798,156798,14,7.6
1785965954,603068,14240,83886080,0,0,0,156832,156832,13,7.6
1785965964,603508,14240,83886080,0,0,0,156862,156862,13,7.6
1785965974,606916,14240,83886080,0,0,0,156897,156896,14,7.6
1785965984,606536,14240,83886080,0,0,0,156928,156928,13,7.6
1785965994,602416,14240,83886080,0,0,0,156960,156960,13,7.6
1785966004,606332,14240,83886080,0,0,0,156992,156992,14,7.6
1785966015,606396,14240,83886080,0,0,0,157026,157026,15,7.6
1785966025,599680,14240,83886080,0,0,0,157058,157058,12,7.6
1785966035,604048,14240,83886080,0,0,0,157090,157090,12,7.6
1785966045,602536,14240,83886080,0,0,0,157124,157124,12,7.6
1785966055,601132,14240,83886080,0,0,0,157154,157154,12,7.6
1785966065,602388,14240,83886080,0,0,0,157187,157186,15,7.6
1785966075,607324,14240,83886080,0,0,0,157218,157218,13,7.6
1785966085,600976,14240,83886080,0,0,0,157252,157252,14,7.6
1785966095,601004,14240,83886080,0,0,0,157284,157284,14,7.6
1785966105,602144,14240,83886080,0,0,0,157316,157316,12,7.6
1785966115,606716,14240,83886080,0,0,0,157348,157348,13,7.6
1785966125,601760,14240,83886080,0,0,0,157382,157382,12,7.6
1785966136,600548,14240,83886080,0,0,0,157414,157414,12,7.6
1785966146,604308,14240,83886080,0,0,0,157446,157446,14,7.6
1785966156,602496,14240,83886080,0,0,0,157478,157478,15,7.6
1785966166,602180,14240,83886080,0,0,0,157509,157509,14,7.6
1785966176,600692,14240,83886080,0,0,0,157543,157543,13,7.6
1785966186,604468,14240,83886080,0,0,0,157575,157575,13,7.6
1785966196,600804,14240,83886080,0,0,0,157606,157606,12,7.6
1785966206,602424,14240,83886080,0,0,0,157638,157638,13,7.6
1785966216,602724,14240,83886080,0,0,0,157669,157669,14,7.6
1785966226,601128,14240,83886080,0,0,0,157700,157700,13,7.6
1785966236,603868,14240,83886080,0,0,0,157732,157732,15,7.6
1785966246,601028,14240,83886080,0,0,0,157766,157766,13,7.6
1785966256,601304,14240,83886080,0,0,0,157795,157795,12,7.6
1785966267,601696,14240,83886080,0,0,0,157827,157827,14,7.6
1785966277,607428,14240,83886080,0,0,0,157858,157857,16,7.6
1785966287,602328,14240,83886080,0,0,0,157889,157889,12,7.6
1785966297,599680,14240,83886080,0,0,0,157921,157921,14,7.6
1785966307,602132,14240,83886080,0,0,0,157955,157955,12,7.6
1785966317,601540,14240,83886080,0,0,0,157983,157983,12,7.6
1785966327,603692,14240,83886080,0,0,0,158015,158015,12,7.6
1785966337,602132,14240,83886080,0,0,0,158049,158049,12,7.6
1785966347,604188,14240,83886080,0,0,0,158077,158077,14,7.6
1785966357,600464,14240,83886080,0,0,0,158111,158111,13,7.6
1785966367,601300,14240,83886080,0,0,0,158143,158143,13,7.6
1785966377,602520,14240,83886080,0,0,0,158173,158173,13,7.6
1785966387,607912,14240,83886080,0,0,0,158205,158205,13,7.6
1785966397,607308,14240,83886080,0,0,0,158237,158237,14,7.6
1785966408,601252,14240,83886080,0,0,0,158249,158249,12,7.6
1785966418,605104,14240,83886080,0,0,0,158281,158281,12,7.6
1785966428,602952,14240,83886080,0,0,0,158313,158313,14,7.6
1785966438,600160,14240,83886080,0,0,0,158343,158339,19,7.6
1785966448,601860,14240,83886080,0,0,0,158375,158375,12,7.6
1785966458,604508,14240,83886080,0,0,0,158406,158406,13,7.6
1785966468,603176,14240,83886080,0,0,0,158437,158437,15,7.6
1785966478,601864,14240,83886080,0,0,0,158469,158469,12,7.6
1785966488,600712,14240,83886080,0,0,0,158501,158501,12,7.6
1785966498,601404,14240,83886080,0,0,0,158531,158531,14,7.6
1785966509,604548,14240,83886080,0,0,0,158563,158563,13,7.6
1785966519,600524,14240,83886080,0,0,0,158595,158595,13,7.6
1785966529,602792,14240,83886080,0,0,0,158625,158625,13,7.6
1785966539,602040,14240,83886080,0,0,0,158657,158657,13,7.6
1785966549,603768,14240,83886080,0,0,0,158688,158687,16,7.6
1785966559,606908,14240,83886080,0,0,0,158719,158719,14,7.6
1785966569,606252,14240,83886080,0,0,0,158751,158751,12,7.6
1785966579,600628,14240,83886080,0,0,0,158783,158783,12,7.6
1785966589,600936,14240,83886080,0,0,0,158813,158813,14,7.6
1785966599,601348,14240,83886080,0,0,0,158845,158845,13,7.6
1785966609,603728,14240,83886080,0,0,0,158875,158875,16,7.6
1785966619,604016,14240,83886080,0,0,0,158907,158907,14,7.6
1785966630,602376,14240,83886080,0,0,0,158939,158939,13,7.6
1785966640,600068,14240,83886080,0,0,0,158973,158973,12,7.6
1785966650,600464,14240,83886080,0,0,0,159001,159001,16,7.6
1785966660,600760,14240,83886080,0,0,0,159033,159033,15,7.6
1785966670,601392,14240,83886080,0,0,0,159067,159067,12,7.6
1785966680,601308,14240,83886080,0,0,0,159095,159095,14,7.6
1785966690,602796,14240,83886080,0,0,0,159127,159127,16,7.6
1785966700,600820,14240,83886080,0,0,0,159161,159161,12,7.6
1785966710,607392,14240,83886080,0,0,0,159189,159189,13,7.6
1785966720,601384,14240,83886080,0,0,0,159223,159223,11,7.6
1785966730,602048,14240,83886080,0,0,0,159255,159255,12,7.6
1785966741,605020,14240,83886080,0,0,0,159283,159283,13,7.6
1785966751,602356,14240,83886080,0,0,0,159315,159315,13,7.6
1785966761,603208,14240,83886080,0,0,0,159348,159348,12,7.6
1785966771,604968,14240,83886080,0,0,0,159373,159373,14,7.6
1785966781,603976,14240,83886080,0,0,0,159406,159406,15,7.6
1785966791,604468,14240,83886080,0,0,0,159440,159440,14,7.6
1785966801,603180,14240,83886080,0,0,0,159471,159471,12,7.6
1785966811,603020,14240,83886080,0,0,0,159504,159504,13,7.6
1785966821,602172,14240,83886080,0,0,0,159538,159538,11,7.6
1785966831,607008,14240,83886080,0,0,0,159566,159566,15,7.6
1785966841,604180,14240,83886080,0,0,0,159600,159600,12,7.6
1785966851,603888,14240,83886080,0,0,0,159632,159632,15,7.6
1785966861,603012,14240,83886080,0,0,0,159644,159644,13,7.6
1785966872,605780,14240,83886080,0,0,0,159676,159676,14,7.6
1785966882,603264,14240,83886080,0,0,0,159710,159710,12,7.6
1785966892,604344,14240,83886080,0,0,0,159742,159742,12,7.6
1785966902,603480,14240,83886080,0,0,0,159774,159774,12,7.6
1785966912,605648,14240,83886080,0,0,0,159808,159808,12,7.6
1785966922,601348,14240,83886080,0,0,0,159824,159824,20,7.6
1785966932,602540,14240,83886080,0,0,0,159849,159848,14,7.6
1785966942,603616,14240,83886080,0,0,0,159882,159882,15,7.6
1785966952,606124,14240,83886080,0,0,0,159914,159914,15,7.6
1785966962,606100,14240,83886080,0,0,0,159947,159947,13,7.6
1785966973,605452,14240,83886080,0,0,0,159980,159980,13,7.6
1785966983,604520,14240,83886080,0,0,0,160012,160012,12,7.6
1785966993,604216,14240,83886080,0,0,0,160044,160044,12,7.6
1785967003,604844,14240,83886080,0,0,0,160078,160078,14,7.6
1785967013,599804,14240,83886080,0,0,0,160110,160110,13,7.6
1785967023,601384,14240,83886080,0,0,0,160142,160142,14,7.6
1785967033,601796,14240,83886080,0,0,0,160176,160176,12,7.6
1785967043,601804,14240,83886080,0,0,0,160208,160208,12,7.6
1785967053,603456,14240,83886080,0,0,0,160240,160240,13,7.6
1785967063,606496,14240,83886080,0,0,0,160273,160273,14,7.6
1785967073,601272,14240,83886080,0,0,0,160304,160304,12,7.6
1785967084,606428,14240,83886080,0,0,0,160334,160334,12,7.6
1785967094,602604,14240,83886080,0,0,0,160366,160366,12,7.6
1785967104,601444,14240,83886080,0,0,0,160394,160394,12,7.6
1785967114,603848,14240,83886080,0,0,0,160424,160424,14,7.6
1785967124,599964,14240,83886080,0,0,0,160456,160456,12,7.6
1785967134,604232,14240,83886080,0,0,0,160484,160484,14,7.6
1785967144,603156,14240,83886080,0,0,0,160514,160514,14,7.6
1785967154,612108,14240,83886080,0,0,0,160546,160546,12,7.6
1785967164,602484,14240,83886080,0,0,0,160574,160574,13,7.6
1785967174,600156,14240,83886080,0,0,0,160604,160604,13,7.6
1785967185,600224,14240,83886080,0,0,0,160636,160636,12,7.6
1785967195,601952,14240,83886080,0,0,0,160664,160664,14,7.6
1785967205,601980,14240,83886080,0,0,0,160694,160694,13,7.6
1785967215,606224,14240,83886080,0,0,0,160726,160726,12,7.6
1785967225,616584,14240,83886080,0,0,0,160742,160742,20,7.6
1785967235,603472,14240,83886080,0,0,0,160766,160765,13,7.6
1785967245,601096,14240,83886080,0,0,0,160796,160796,14,7.6
1785967255,605400,14240,83886080,0,0,0,160828,160828,12,7.6
1785967265,603112,14240,83886080,0,0,0,160856,160856,12,7.6
1785967275,601500,14240,83886080,0,0,0,160886,160886,13,7.6
1785967285,599688,14240,83886080,0,0,0,160918,160918,12,7.6
1785967296,601760,14240,83886080,0,0,0,160946,160946,12,7.6
1785967306,603836,14240,83886080,0,0,0,160976,160976,13,7.6
1785967316,599516,14240,83886080,0,0,0,161008,161008,12,7.6
1785967326,601404,14240,83886080,0,0,0,161036,161036,13,7.6
1785967336,600776,14240,83886080,0,0,0,161066,161066,14,7.6
1785967346,601948,14240,83886080,0,0,0,161098,161098,11,7.6
1785967356,600920,14240,83886080,0,0,0,161125,161124,14,7.6
1785967366,601604,14240,83886080,0,0,0,161156,161156,14,7.6
1785967377,601396,14240,83886080,0,0,0,161188,161188,13,7.6
1785967387,604140,14240,83886080,0,0,0,161216,161216,15,7.6
1785967397,603492,14240,83886080,0,0,0,161250,161250,14,7.6
1785967407,604636,14240,83886080,0,0,0,161282,161282,15,7.6
1785967417,606864,14240,83886080,0,0,0,161296,161294,20,7.6
1785967427,602244,14240,83886080,0,0,0,161330,161329,12,7.6
1785967437,602908,14240,83886080,0,0,0,161362,161362,14,7.6
1785967447,602196,14240,83886080,0,0,0,161392,161392,16,7.6
1785967457,606284,14240,83886080,0,0,0,161427,161427,13,7.6
1785967467,610288,14240,83886080,0,0,0,161460,161460,14,7.6
1785967477,608116,14240,83886080,0,0,0,161491,161490,15,7.6
1785967487,603392,14240,83886080,0,0,0,161526,161526,14,7.6
1785967498,602008,14240,83886080,0,0,0,161560,161560,12,7.6
1785967508,602812,14240,83886080,0,0,0,161588,161588,16,7.6
1785967518,603136,14240,83886080,0,0,0,161624,161624,14,7.6
1785967528,606676,14240,83886080,0,0,0,161658,161658,15,7.6
1785967538,603788,14240,83886080,0,0,0,161687,161687,16,7.6
1785967548,602716,14240,83886080,0,0,0,161721,161721,14,7.6
1785967558,609644,14240,83886080,0,0,0,161753,161753,12,7.6
1785967568,602896,14240,83886080,0,0,0,161785,161785,14,7.6
1785967578,605168,14240,83886080,0,0,0,161817,161817,13,7.6
1785967588,600852,14240,83886080,0,0,0,161851,161851,15,7.6
1785967598,600976,14240,83886080,0,0,0,161879,161879,15,7.6
1785967608,604396,14240,83886080,0,0,0,161913,161913,15,7.6
1785967618,604476,14240,83886080,0,0,0,161945,161945,16,7.6
1785967629,602288,14240,83886080,0,0,0,161977,161977,12,7.6
1785967639,599868,14240,83886080,0,0,0,162011,162011,12,7.6
1785967649,607600,14240,83886080,0,0,0,162041,162039,18,7.6
1785967659,601980,14240,83886080,0,0,0,162075,162075,13,7.6
1785967669,606192,14240,83886080,0,0,0,162109,162109,13,7.6
1785967679,602168,14240,83886080,0,0,0,162138,162138,15,7.6
1785967689,601000,14240,83886080,0,0,0,162173,162173,12,7.6
1785967699,601264,14240,83886080,0,0,0,162207,162207,12,7.6
1785967709,604312,14240,83886080,0,0,0,162231,162227,20,7.6
1785967719,601560,14240,83886080,0,0,0,162247,162247,12,7.6
1785967729,602560,14240,83886080,0,0,0,162281,162281,12,7.6
1785967739,603528,14240,83886080,0,0,0,162316,162316,13,7.6
1785967749,605352,14240,83886080,0,0,0,162329,162329,24,7.6
1785967760,601440,14240,83886080,0,0,0,162359,162359,13,7.6
1785967770,606836,14240,83886080,0,0,0,162393,162393,14,7.6
1785967780,603980,14240,83886080,0,0,0,162423,162423,16,7.6
1785967790,602912,14240,83886080,0,0,0,162459,162459,13,7.6
1785967800,602948,14240,83886080,0,0,0,162493,162493,15,7.6
1785967810,609404,14240,83886080,0,0,0,162525,162525,13,7.6
1785967820,604428,14240,83886080,0,0,0,162559,162559,14,7.6
1785967830,604476,14240,83886080,0,0,0,162593,162593,13,7.6
1785967840,606560,14240,83886080,0,0,0,162623,162623,15,7.6
1785967850,606352,14240,83886080,0,0,0,162659,162659,14,7.6
1785967860,598704,14240,83886080,0,0,0,162693,162693,11,7.6
1785967871,601436,14240,83886080,0,0,0,162709,162708,23,7.6
1785967881,599388,14240,83886080,0,0,0,162735,162735,13,7.6
1785967891,602880,14240,83886080,0,0,0,162769,162769,13,7.6
1785967901,616732,14240,83886080,0,0,0,162801,162800,15,7.6
1785967911,604312,14240,83886080,0,0,0,162835,162835,15,7.6
1785967921,600636,14240,83886080,0,0,0,162869,162869,13,7.6
1785967931,605792,14240,83886080,0,0,0,162901,162901,15,7.6
1785967941,605868,14240,83886080,0,0,0,162934,162933,15,7.6
1785967951,603020,14240,83886080,0,0,0,162968,162967,14,7.6
1785967962,602800,14240,83886080,0,0,0,162999,162999,12,7.6
1785967972,608300,14240,83886080,0,0,0,163032,163032,13,7.6
1785967982,601208,14240,83886080,0,0,0,163065,163065,15,7.6
1785967992,601348,14240,83886080,0,0,0,163097,163097,12,7.6
1785968002,603276,14240,83886080,0,0,0,163129,163129,13,7.6
1785968012,600204,14240,83886080,0,0,0,163163,163163,11,7.6
1785968022,602316,14240,83886080,0,0,0,163191,163191,13,7.6
1785968032,602756,14240,83886080,0,0,0,163223,163223,15,7.6
1785968042,602740,14240,83886080,0,0,0,163257,163257,14,7.6
1785968052,601312,14240,83886080,0,0,0,163289,163289,11,7.6
1785968062,608084,14240,83886080,0,0,0,163319,163319,13,7.6
1785968072,602316,14240,83886080,0,0,0,163351,163351,15,7.6
1785968083,603024,14240,83886080,0,0,0,163383,163383,13,7.6
1785968093,599064,14240,83886080,0,0,0,163417,163416,13,7.6
1785968103,602996,14240,83886080,0,0,0,163449,163449,13,7.6
1785968113,602400,14240,83886080,0,0,0,163478,163478,13,7.6
1785968123,604220,14240,83886080,0,0,0,163511,163511,13,7.6
1785968133,603128,14240,83886080,0,0,0,163544,163543,14,7.6
1785968143,608196,14240,83886080,0,0,0,163575,163575,13,7.6
1785968153,601500,14240,83886080,0,0,0,163607,163607,14,7.6
1785968163,600112,14240,83886080,0,0,0,163641,163641,12,7.6
1785968173,605964,14240,83886080,0,0,0,163669,163669,13,7.6
1785968183,604788,14240,83886080,0,0,0,163701,163701,14,7.6
1785968193,602716,14240,83886080,0,0,0,163735,163735,12,7.6
1785968203,608468,14240,83886080,0,0,0,163763,163763,13,7.6
1785968214,604348,14240,83886080,0,0,0,163795,163795,14,7.6
1785968224,604996,14240,83886080,0,0,0,163825,163825,16,7.6
1785968234,605804,14240,83886080,0,0,0,163857,163857,14,7.6
1785968244,605016,14240,83886080,0,0,0,163889,163889,14,7.6
1785968254,607752,14240,83886080,0,0,0,163919,163919,14,7.6
1785968264,600892,14240,83886080,0,0,0,163951,163951,15,7.6
1785968274,601140,14240,83886080,0,0,0,163985,163985,13,7.6
1785968284,603356,14240,83886080,0,0,0,164017,164017,12,7.6
1785968294,608016,14240,83886080,0,0,0,164050,164049,14,7.6
1785968304,603912,14240,83886080,0,0,0,164083,164083,14,7.6
1785968314,602076,14240,83886080,0,0,0,164115,164115,12,7.6
1785968324,612336,14240,83886080,0,0,0,164147,164147,14,7.6
1785968334,603228,14240,83886080,0,0,0,164181,164181,14,7.6
1785968345,600616,14240,83886080,0,0,0,164213,164213,12,7.6
1785968355,610152,14240,83886080,0,0,0,164245,164245,14,7.6
1785968365,603384,14240,83886080,0,0,0,164279,164279,12,7.6
1785968375,603708,14240,83886080,0,0,0,164311,164311,14,7.6
1785968385,605876,14240,83886080,0,0,0,164345,164345,13,7.6
1785968395,608568,14240,83886080,0,0,0,164378,164377,15,7.6
1785968405,615952,14240,83886080,0,0,0,164409,164409,14,7.6
1785968415,605096,14240,83886080,0,0,0,164444,164444,13,7.6
1785968425,612296,14240,83886080,0,0,0,164472,164471,17,7.6
1785968435,605484,14240,83886080,0,0,0,164490,164489,13,7.6
1785968445,604684,14240,83886080,0,0,0,164523,164523,13,7.6
1785968456,603384,14240,83886080,0,0,0,164557,164557,12,7.6
1785968466,602208,14240,83886080,0,0,0,164589,164589,12,7.6
1785968476,602488,14240,83886080,0,0,0,164623,164623,11,7.6
1785968486,603648,14240,83886080,0,0,0,164653,164652,16,7.6
1785968496,608180,14240,83886080,0,0,0,164687,164687,14,7.6
1785968506,602844,14240,83886080,0,0,0,164721,164721,13,7.6
1785968516,603116,14240,83886080,0,0,0,164753,164753,12,7.6
1785968526,602376,14240,83886080,0,0,0,164787,164787,13,7.6
1785968536,603024,14240,83886080,0,0,0,164819,164819,16,7.6
1785968547,603800,14240,83886080,0,0,0,164851,164851,13,7.6
1785968557,603200,14240,83886080,0,0,0,164887,164886,11,7.6
1785968567,602268,14240,83886080,0,0,0,164921,164921,12,7.6
1785968577,602128,14240,83886080,0,0,0,164951,164951,14,7.6
1785968587,605508,14240,83886080,0,0,0,164985,164985,14,7.6
1785968597,600004,14240,83886080,0,0,0,165019,165019,12,7.6
1785968607,604372,14240,83886080,0,0,0,165048,165047,14,7.6
1785968617,605548,14240,83886080,0,0,0,165081,165081,14,7.6
1785968627,608028,14240,83886080,0,0,0,165113,165113,16,7.6
1785968637,604980,14240,83886080,0,0,0,165141,165141,15,7.6
1785968647,602832,14240,83886080,0,0,0,165175,165175,14,7.6
1785968658,602164,14240,83886080,0,0,0,165207,165207,15,7.6
1785968668,604844,14240,83886080,0,0,0,165239,165239,13,7.6
1785968678,606144,14240,83886080,0,0,0,165273,165273,12,7.6
1785968688,600624,14240,83886080,0,0,0,165305,165305,11,7.6
1785968698,601848,14240,83886080,0,0,0,165337,165337,13,7.6
1785968708,602668,14240,83886080,0,0,0,165371,165371,13,7.6
1785968718,601812,14240,83886080,0,0,0,165401,165401,12,7.6
1785968728,601136,14240,83886080,0,0,0,165433,165433,13,7.6
1785968738,601288,14240,83886080,0,0,0,165467,165467,13,7.6
1785968748,603936,14240,83886080,0,0,0,165499,165499,11,7.6
1785968758,603396,14240,83886080,0,0,0,165533,165533,11,7.6
1785968768,603092,14240,83886080,0,0,0,165565,165565,13,7.6
1785968779,601332,14240,83886080,0,0,0,165581,165578,21,7.6
1785968789,603760,14240,83886080,0,0,0,165610,165610,12,7.6
1785968799,602660,14240,83886080,0,0,0,165642,165642,14,7.6
1785968809,604192,14240,83886080,0,0,0,165673,165672,16,7.6
1785968819,602048,14240,83886080,0,0,0,165706,165706,14,7.6
1785968829,602124,14240,83886080,0,0,0,165740,165740,12,7.6
1785968839,604168,14240,83886080,0,0,0,165770,165770,12,7.6
1785968849,601852,14240,83886080,0,0,0,165803,165803,14,7.6
1785968859,605604,14240,83886080,0,0,0,165836,165836,13,7.6
1785968869,604364,14240,83886080,0,0,0,165858,165857,20,7.6
1785968880,604972,14240,83886080,0,0,0,165881,165881,13,7.6
1785968890,605784,14240,83886080,0,0,0,165913,165913,15,7.6
1785968900,608540,14240,83886080,0,0,0,165946,165946,13,7.6
1785968910,601164,14240,83886080,0,0,0,165977,165977,13,7.6
1785968920,603912,14240,83886080,0,0,0,166011,166010,14,7.6
1785968930,606688,14240,83886080,0,0,0,166040,166039,15,7.6
1785968940,602864,14240,83886080,0,0,0,166071,166071,14,7.6
1785968950,603972,14240,83886080,0,0,0,166105,166105,12,7.6
1785968960,606468,14240,83886080,0,0,0,166136,166134,16,7.6
1785968971,602836,14240,83886080,0,0,0,166169,166169,12,7.6
1785968981,600828,14240,83886080,0,0,0,166203,166203,12,7.6
1785968991,603116,14240,83886080,0,0,0,166227,166224,22,7.6
1785969001,603128,14240,83886080,0,0,0,166243,166243,12,7.6
1785969011,604752,14240,83886080,0,0,0,166275,166275,14,7.6
1785969021,601868,14240,83886080,0,0,0,166309,166309,14,7.6
1785969031,600668,14240,83886080,0,0,0,166341,166341,11,7.6
1785969041,601660,14240,83886080,0,0,0,166373,166373,12,7.6
1785969051,601656,14240,83886080,0,0,0,166406,166406,11,7.6
1785969061,603596,14240,83886080,0,0,0,166435,166435,14,7.6
1785969072,602592,14240,83886080,0,0,0,166469,166469,13,7.6
1785969082,610952,14240,83886080,0,0,0,166501,166501,14,7.6
1785969092,600688,14240,83886080,0,0,0,166531,166531,13,7.6
1785969102,601116,14240,83886080,0,0,0,166563,166563,13,7.6
1785969112,607488,14240,83886080,0,0,0,166593,166592,18,7.6
1785969122,602568,14240,83886080,0,0,0,166626,166626,13,7.6
1785969132,603700,14240,83886080,0,0,0,166658,166658,14,7.6
1785969142,602060,14240,83886080,0,0,0,166690,166690,13,7.6
1785969152,602392,14240,83886080,0,0,0,166722,166722,13,7.6
1785969163,607392,14240,83886080,0,0,0,166756,166756,12,7.6
1785969173,603300,14240,83886080,0,0,0,166784,166784,14,7.6
1785969183,606112,14240,83886080,0,0,0,166818,166818,13,7.6
1785969193,603648,14240,83886080,0,0,0,166852,166852,14,7.6
1785969203,603240,14240,83886080,0,0,0,166882,166882,14,7.6
1785969213,599980,14240,83886080,0,0,0,166916,166916,13,7.6
1785969223,603480,14240,83886080,0,0,0,166949,166949,12,7.6
1785969233,605640,14240,83886080,0,0,0,166978,166977,14,7.6
1785969243,607952,14240,83886080,0,0,0,167012,167012,14,7.6
1785969253,602664,14240,83886080,0,0,0,167046,167046,13,7.6
1785969263,602588,14240,83886080,0,0,0,167058,167055,23,7.6
1785969274,602420,14240,83886080,0,0,0,167088,167088,14,7.6
1785969284,600144,14240,83886080,0,0,0,167121,167121,14,7.6
1785969294,602256,14240,83886080,0,0,0,167148,167146,21,7.6
1785969304,602628,14240,83886080,0,0,0,167166,167164,13,7.6
1785969314,606172,14240,83886080,0,0,0,167198,167198,13,7.6
1785969324,600552,14240,83886080,0,0,0,167232,167232,11,7.6
1785969334,603316,14240,83886080,0,0,0,167260,167260,14,7.6
1785969344,603264,14240,83886080,0,0,0,167292,167292,13,7.6
1785969354,602488,14240,83886080,0,0,0,167326,167326,12,7.6
1785969364,608688,14240,83886080,0,0,0,167356,167356,14,7.6
1785969374,604608,14240,83886080,0,0,0,167390,167390,14,7.6
1785969384,605292,14240,83886080,0,0,0,167424,167422,15,7.6
1785969395,602920,14240,83886080,0,0,0,167454,167454,13,7.6
1785969405,603480,14240,83886080,0,0,0,167486,167486,14,7.6
1785969415,604644,14240,83886080,0,0,0,167518,167518,14,7.6
1785969425,607128,14240,83886080,0,0,0,167551,167551,14,7.6
1785969435,600820,14240,83886080,0,0,0,167584,167584,12,7.6
1785969445,601592,14240,83886080,0,0,0,167616,167616,12,7.6
1785969455,602816,14240,83886080,0,0,0,167648,167648,13,7.6
1785969465,601696,14240,83886080,0,0,0,167682,167682,13,7.6
1785969475,609000,14240,83886080,0,0,0,167712,167712,13,7.6
1785969485,607124,14240,83886080,0,0,0,167746,167746,13,7.6
1785969496,600492,14240,83886080,0,0,0,167778,167778,13,7.6
1785969506,604684,14240,83886080,0,0,0,167808,167808,13,7.6
1785969516,602652,14240,83886080,0,0,0,167840,167840,14,7.6
1785969526,608472,14240,83886080,0,0,0,167874,167874,13,7.6
1785969536,600676,14240,83886080,0,0,0,167905,167905,12,7.6
1785969546,606684,14240,83886080,0,0,0,167937,167937,13,7.6
1785969556,600192,14240,83886080,0,0,0,167969,167969,14,7.6
1785969566,601896,14240,83886080,0,0,0,168000,168000,13,7.6
1785969576,601636,14240,83886080,0,0,0,168032,168032,12,7.6
1785969586,607180,14240,83886080,0,0,0,168064,168063,12,7.6
1785969596,600448,14240,83886080,0,0,0,168094,168094,14,7.6
1785969606,603548,14240,83886080,0,0,0,168126,168126,13,7.6
1785969617,605812,14240,83886080,0,0,0,168158,168157,14,7.6
1785969627,599436,14240,83886080,0,0,0,168191,168191,13,7.6
1785969637,601356,14240,83886080,0,0,0,168223,168223,12,7.6
1785969647,602924,14240,83886080,0,0,0,168255,168251,17,7.6
1785969657,603960,14240,83886080,0,0,0,168287,168287,12,7.6
1785969667,602468,14240,83886080,0,0,0,168319,168319,12,7.6
1785969677,605724,14240,83886080,0,0,0,168349,168349,12,7.6
1785969687,600564,14240,83886080,0,0,0,168381,168381,13,7.6
1785969697,602912,14240,83886080,0,0,0,168413,168413,12,7.6
1785969707,606148,14240,83886080,0,0,0,168443,168443,13,7.6
1785969717,606304,14240,83886080,0,0,0,168475,168475,13,7.6
1785969727,606212,14240,83886080,0,0,0,168507,168507,14,7.6
1785969738,601304,14240,83886080,0,0,0,168537,168537,12,7.6
1785969748,602800,14240,83886080,0,0,0,168569,168569,13,7.6
1785969758,600188,14240,83886080,0,0,0,168603,168603,12,7.6
1785969768,600816,14240,83886080,0,0,0,168631,168631,12,7.6
1785969778,609420,14240,83886080,0,0,0,168663,168663,14,7.6
1785969788,602052,14240,83886080,0,0,0,168697,168697,12,7.6
1785969798,600332,14240,83886080,0,0,0,168727,168727,14,7.6
1785969808,604288,14240,83886080,0,0,0,168760,168760,14,7.6
1785969818,603156,14240,83886080,0,0,0,168793,168793,12,7.6
1785969828,601476,14240,83886080,0,0,0,168823,168823,13,7.6
1785969838,600380,14240,83886080,0,0,0,168857,168857,12,7.6
1785969848,602196,14240,83886080,0,0,0,168889,168889,14,7.6
1785969859,599660,14240,83886080,0,0,0,168919,168919,13,7.6
1785969869,601008,14240,83886080,0,0,0,168951,168951,14,7.6
1785969879,602584,14240,83886080,0,0,0,168983,168983,15,7.6
1785969889,609568,14240,83886080,0,0,0,169015,169015,12,7.6
1785969899,600820,14240,83886080,0,0,0,169049,169049,12,7.6
1785969909,601024,14240,83886080,0,0,0,169077,169077,15,7.6
1785969919,602992,14240,83886080,0,0,0,169109,169109,12,7.6
1785969929,600988,14240,83886080,0,0,0,169143,169143,13,7.6
1785969939,604784,14240,83886080,0,0,0,169171,169171,16,7.6
1785969949,600744,14240,83886080,0,0,0,169205,169205,12,7.6
1785969959,605372,14240,83886080,0,0,0,169237,169237,14,7.6
1785969969,600940,14240,83886080,0,0,0,169265,169265,13,7.6
1785969979,605408,14240,83886080,0,0,0,169299,169299,14,7.6
1785969990,605432,14240,83886080,0,0,0,169331,169331,15,7.6
1785970000,603656,14240,83886080,0,0,0,169362,169360,14,7.6
1785970010,608492,14240,83886080,0,0,0,169394,169394,13,7.6
1785970020,609104,14240,83886080,0,0,0,169425,169425,13,7.6
1785970030,605080,14240,83886080,0,0,0,169457,169457,12,7.6
1785970040,604648,14240,83886080,0,0,0,169489,169489,13,7.6
1785970050,601956,14240,83886080,0,0,0,169523,169523,12,7.6
1785970060,608456,14240,83886080,0,0,0,169551,169551,15,7.6
1785970070,601568,14240,83886080,0,0,0,169586,169586,14,7.6
1785970080,605324,14240,83886080,0,0,0,169618,169618,13,7.6
1785970091,608552,14240,83886080,0,0,0,169630,169629,21,7.6
1785970101,604136,14240,83886080,0,0,0,169665,169664,13,7.6
1785970111,605496,14240,83886080,0,0,0,169697,169697,15,7.6
1785970121,605252,14240,83886080,0,0,0,169727,169727,12,7.6
1785970131,604024,14240,83886080,0,0,0,169761,169761,14,7.6
1785970141,606420,14240,83886080,0,0,0,169795,169795,14,7.6
1785970151,605332,14240,83886080,0,0,0,169826,169825,16,7.6
1785970161,604012,14240,83886080,0,0,0,169861,169861,14,7.6
1785970171,600104,14240,83886080,0,0,0,169895,169895,14,7.6
1785970181,606416,14240,83886080,0,0,0,169907,169907,27,7.6
1785970191,601028,14240,83886080,0,0,0,169935,169935,12,7.6
1785970201,606808,14240,83886080,0,0,0,169969,169969,12,7.6
1785970212,610808,14240,83886080,0,0,0,169998,169997,18,7.6
1785970222,605128,14240,83886080,0,0,0,170032,170032,11,7.6
1785970232,601808,14240,83886080,0,0,0,170066,170066,13,7.6
1785970242,599832,14240,83886080,0,0,0,170099,170099,12,7.6
1785970252,605232,14240,83886080,0,0,0,170131,170131,13,7.6
1785970262,605384,14240,83886080,0,0,0,170165,170165,14,7.6
1785970272,602916,14240,83886080,0,0,0,170197,170197,13,7.6
1785970282,603404,14240,83886080,0,0,0,170231,170231,12,7.6
1785970292,602096,14240,83886080,0,0,0,170264,170264,13,7.6
1785970303,602216,14240,83886080,0,0,0,170280,170279,18,7.6
1785970313,607516,14240,83886080,0,0,0,170307,170307,14,7.6
1785970323,607324,14240,83886080,0,0,0,170342,170342,13,7.6
1785970333,602092,14240,83886080,0,0,0,170374,170374,14,7.6
1785970343,603864,14240,83886080,0,0,0,170405,170405,14,7.6
1785970353,601528,14240,83886080,0,0,0,170439,170439,15,7.6
1785970363,606516,14240,83886080,0,0,0,170471,170471,15,7.6
1785970373,603088,14240,83886080,0,0,0,170503,170503,15,7.6
1785970383,603488,14240,83886080,0,0,0,170537,170537,15,7.6
1785970393,605624,14240,83886080,0,0,0,170567,170565,19,7.6
1785970403,600324,14240,83886080,0,0,0,170599,170599,13,7.6
1785970413,606704,14240,83886080,0,0,0,170631,170631,15,7.6
1785970424,608888,14240,83886080,0,0,0,170660,170659,18,7.6
1785970434,601376,14240,83886080,0,0,0,170675,170675,13,7.6
1785970444,603328,14240,83886080,0,0,0,170707,170707,13,7.6
1785970454,605992,14240,83886080,0,0,0,170741,170741,12,7.6
1785970464,606008,14240,83886080,0,0,0,170769,170769,13,7.6
1785970474,602328,14240,83886080,0,0,0,170801,170801,14,7.6
1785970484,606768,14240,83886080,0,0,0,170835,170835,12,7.6
1785970494,601244,14240,83886080,0,0,0,170865,170865,14,7.6
1785970505,607648,14240,83886080,0,0,0,170897,170897,14,7.6
1785970515,604264,14240,83886080,0,0,0,170931,170930,13,7.6
1785970525,602524,14240,83886080,0,0,0,170961,170961,12,7.6
1785970535,603156,14240,83886080,0,0,0,170993,170993,13,7.6
1785970545,601220,14240,83886080,0,0,0,171027,171027,12,7.6
1785970555,600336,14240,83886080,0,0,0,171055,171055,14,7.6
1785970565,600624,14240,83886080,0,0,0,171089,171089,12,7.6
1785970575,607036,14240,83886080,0,0,0,171121,171121,14,7.6
1785970585,601156,14240,83886080,0,0,0,171152,171152,13,7.6
1785970595,601840,14240,83886080,0,0,0,171185,171185,12,7.6
1785970606,607884,14240,83886080,0,0,0,171216,171215,17,7.6
1785970616,600728,14240,83886080,0,0,0,171247,171247,12,7.6
1785970626,600984,14240,83886080,0,0,0,171281,171281,11,7.6
1785970636,603712,14240,83886080,0,0,0,171310,171310,15,7.6
1785970646,602640,14240,83886080,0,0,0,171344,171344,13,7.6
1785970656,602132,14240,83886080,0,0,0,171376,171376,14,7.6
1785970666,608388,14240,83886080,0,0,0,171407,171407,14,7.6
1785970676,600220,14240,83886080,0,0,0,171439,171439,12,7.6
1785970686,600996,14240,83886080,0,0,0,171473,171473,12,7.6
1785970696,608344,14240,83886080,0,0,0,171495,171493,18,7.6
1785970706,601208,14240,83886080,0,0,0,171516,171516,12,7.6
1785970716,601456,14240,83886080,0,0,0,171549,171549,14,7.6
1785970727,600688,14240,83886080,0,0,0,171582,171582,12,7.6
1785970737,603220,14240,83886080,0,0,0,171614,171614,11,7.6
1785970747,604264,14240,83886080,0,0,0,171646,171646,13,7.6
1785970757,602844,14240,83886080,0,0,0,171679,171679,14,7.6
1785970767,602064,14240,83886080,0,0,0,171712,171712,12,7.6
1785970777,604984,14240,83886080,0,0,0,171744,171744,14,7.6
1785970787,606256,14240,83886080,0,0,0,171774,171774,16,7.6
1785970797,600640,14240,83886080,0,0,0,171808,171808,14,7.6
1785970807,605836,14240,83886080,0,0,0,171840,171840,14,7.6
1785970817,601020,14240,83886080,0,0,0,171872,171872,12,7.6
1785970827,601172,14240,83886080,0,0,0,171904,171904,14,7.6
1785970837,601628,14240,83886080,0,0,0,171938,171938,12,7.6
1785970847,600880,14240,83886080,0,0,0,171966,171966,15,7.6
1785970858,600924,14240,83886080,0,0,0,172000,172000,13,7.6
1785970868,606948,14240,83886080,0,0,0,172033,172033,13,7.6
1785970878,601420,14240,83886080,0,0,0,172064,172064,12,7.6
1785970888,603236,14240,83886080,0,0,0,172098,172097,14,7.6
1785970898,606492,14240,83886080,0,0,0,172131,172131,12,7.6
1785970908,603880,14240,83886080,0,0,0,172144,172143,23,7.6
1785970918,601316,14240,83886080,0,0,0,172175,172175,12,7.6
1785970928,603112,14240,83886080,0,0,0,172208,172208,12,7.6
1785970938,605016,14240,83886080,0,0,0,172237,172237,16,7.6
1785970948,603400,14240,83886080,0,0,0,172269,172269,15,7.6
1785970958,603392,14240,83886080,0,0,0,172303,172303,13,7.6
1785970969,601316,14240,83886080,0,0,0,172335,172335,13,7.6
1785970979,607752,14240,83886080,0,0,0,172367,172367,15,7.6
1785970989,604308,14240,83886080,0,0,0,172401,172401,12,7.6
1785970999,602148,14240,83886080,0,0,0,172429,172429,14,7.6
1785971009,600092,14240,83886080,0,0,0,172463,172463,14,7.6
1785971019,603328,14240,83886080,0,0,0,172495,172495,13,7.6
1785971029,605860,14240,83886080,0,0,0,172527,172527,13,7.6
1785971039,606768,14240,83886080,0,0,0,172559,172559,14,7.6
1785971049,600228,14240,83886080,0,0,0,172593,172593,12,7.6
1785971059,606828,14240,83886080,0,0,0,172621,172621,14,7.6
1785971069,606304,14240,83886080,0,0,0,172654,172653,15,7.6
1785971079,602188,14240,83886080,0,0,0,172687,172687,12,7.6
1785971090,602024,14240,83886080,0,0,0,172715,172715,14,7.6
1785971100,601240,14240,83886080,0,0,0,172749,172749,13,7.6
1785971110,600580,14240,83886080,0,0,0,172781,172781,13,7.6
1785971120,605700,14240,83886080,0,0,0,172811,172811,13,7.6
1785971130,603564,14240,83886080,0,0,0,172844,172843,14,7.6
1785971140,602008,14240,83886080,0,0,0,172875,172875,14,7.6
1785971150,601400,14240,83886080,0,0,0,172906,172906,14,7.6
1785971160,603024,14240,83886080,0,0,0,172937,172937,13,7.6
1785971170,603064,14240,83886080,0,0,0,172969,172969,13,7.6
1785971180,601104,14240,83886080,0,0,0,173001,173001,14,7.6
1785971191,606460,14240,83886080,0,0,0,173034,173034,13,7.6
1785971201,603340,14240,83886080,0,0,0,173063,173063,15,7.6
1785971211,601668,14240,83886080,0,0,0,173097,173097,12,7.6
1785971221,603944,14240,83886080,0,0,0,173129,173129,13,7.6
1785971231,602844,14240,83886080,0,0,0,173157,173157,14,7.6
1785971241,605612,14240,83886080,0,0,0,173192,173192,12,7.6
1785971251,602276,14240,83886080,0,0,0,173223,173223,14,7.6
1785971261,599592,14240,83886080,0,0,0,173247,173243,21,7.6
1785971271,601100,14240,83886080,0,0,0,173267,173267,13,7.6
1785971281,602960,14240,83886080,0,0,0,173299,173299,13,7.6
1785971291,602528,14240,83886080,0,0,0,173333,173333,12,7.6
1785971302,602928,14240,83886080,0,0,0,173361,173361,14,7.6
1785971312,601380,14240,83886080,0,0,0,173395,173395,12,7.6
1785971322,606600,14240,83886080,0,0,0,173427,173427,12,7.6
1785971332,604904,14240,83886080,0,0,0,173455,173455,13,7.6
1785971342,608236,14240,83886080,0,0,0,173487,173487,14,7.6
1785971352,601376,14240,83886080,0,0,0,173520,173520,13,7.6
1785971362,602220,14240,83886080,0,0,0,173549,173549,12,7.6
1785971372,604752,14240,83886080,0,0,0,173581,173581,11,7.6
1785971382,603812,14240,83886080,0,0,0,173614,173612,14,7.6
1785971392,603352,14240,83886080,0,0,0,173625,173624,20,7.6
1785971402,603448,14240,83886080,0,0,0,173659,173659,11,7.6
1785971413,602220,14240,83886080,0,0,0,173690,173690,13,7.6
1785971423,602016,14240,83886080,0,0,0,173721,173721,12,7.6
1785971433,604460,14240,83886080,0,0,0,173753,173753,12,7.6
1785971443,602496,14240,83886080,0,0,0,173784,173784,14,7.6
1785971453,600240,14240,83886080,0,0,0,173815,173815,14,7.6
1785971463,603420,14240,83886080,0,0,0,173847,173847,14,7.6
1785971473,605840,14240,83886080,0,0,0,173879,173879,15,7.6
1785971483,604588,14240,83886080,0,0,0,173901,173900,19,7.6
1785971493,604420,14240,83886080,0,0,0,173921,173921,16,7.6
1785971503,605140,14240,83886080,0,0,0,173955,173955,11,7.6
1785971513,603848,14240,83886080,0,0,0,173987,173987,12,7.6
1785971524,602788,14240,83886080,0,0,0,174015,174015,13,7.6
1785971534,600580,14240,83886080,0,0,0,174049,174049,12,7.6
1785971544,607040,14240,83886080,0,0,0,174081,174081,12,7.6
1785971554,605044,14240,83886080,0,0,0,174109,174109,14,7.6
1785971564,600348,14240,83886080,0,0,0,174143,174143,13,7.6
1785971574,603132,14240,83886080,0,0,0,174172,174171,16,7.6
1785971584,604460,14240,83886080,0,0,0,174204,174204,14,7.6
1785971594,601796,14240,83886080,0,0,0,174237,174237,13,7.6
1785971604,603864,14240,83886080,0,0,0,174266,174265,18,7.6
1785971614,603328,14240,83886080,0,0,0,174300,174300,12,7.6
1785971624,602528,14240,83886080,0,0,0,174332,174332,15,7.6
1785971635,601700,14240,83886080,0,0,0,174363,174363,13,7.6
1785971645,609940,14240,83886080,0,0,0,174396,174395,14,7.6
1785971655,600688,14240,83886080,0,0,0,174430,174430,13,7.6
1785971665,604240,14240,83886080,0,0,0,174461,174461,13,7.6
1785971675,601376,14240,83886080,0,0,0,174493,174493,15,7.6
1785971685,601172,14240,83886080,0,0,0,174527,174527,13,7.6
1785971695,602648,14240,83886080,0,0,0,174545,174544,21,7.6
1785971705,603120,14240,83886080,0,0,0,174570,174570,15,7.6
1785971716,602652,14240,83886080,0,0,0,174603,174603,13,7.6
1785971726,602228,14240,83886080,0,0,0,174634,174634,16,7.6
1785971736,601484,14240,83886080,0,0,0,174668,174668,11,7.6
1785971746,602280,14240,83886080,0,0,0,174700,174700,13,7.6
1785971756,604464,14240,83886080,0,0,0,174729,174729,14,7.6
1785971766,602536,14240,83886080,0,0,0,174764,174764,13,7.6
1785971776,601704,14240,83886080,0,0,0,174796,174796,12,7.6
1785971786,608580,14240,83886080,0,0,0,174827,174827,13,7.6
1785971796,609668,14240,83886080,0,0,0,174861,174861,13,7.6
1785971807,602040,14240,83886080,0,0,0,174894,174894,12,7.6
1785971817,611364,14240,83886080,0,0,0,174910,174910,19,7.6
1785971827,601524,14240,83886080,0,0,0,174938,174938,12,7.6
1785971837,602856,14240,83886080,0,0,0,174970,174970,12,7.6
1785971847,611312,14240,83886080,0,0,0,175000,175000,16,7.6
1785971857,602148,14240,83886080,0,0,0,175032,175032,12,7.6
1785971867,602064,14240,83886080,0,0,0,175064,175064,13,7.6
1785971877,602708,14240,83886080,0,0,0,175094,175094,16,7.6
1785971887,605652,14240,83886080,0,0,0,175126,175126,13,7.6
1785971897,600636,14240,83886080,0,0,0,175160,175160,12,7.6
1785971908,606308,14240,83886080,0,0,0,175192,175192,12,7.6
1785971918,603400,14240,83886080,0,0,0,175224,175224,14,7.6
1785971928,602184,14240,83886080,0,0,0,175258,175258,14,7.6
1785971938,603252,14240,83886080,0,0,0,175286,175286,16,7.6
1785971948,604240,14240,83886080,0,0,0,175320,175320,14,7.6
1785971958,603720,14240,83886080,0,0,0,175352,175352,16,7.6
1785971968,604160,14240,83886080,0,0,0,175384,175384,12,7.6
1785971978,603520,14240,83886080,0,0,0,175418,175418,12,7.6
1785971988,604796,14240,83886080,0,0,0,175450,175450,12,7.6
1785971998,603092,14240,83886080,0,0,0,175482,175482,12,7.6
1785972008,601912,14240,83886080,0,0,0,175514,175514,12,7.6
1785972018,602196,14240,83886080,0,0,0,175548,175548,14,7.6
1785972029,601896,14240,83886080,0,0,0,175580,175580,12,7.6
1785972039,601960,14240,83886080,0,0,0,175612,175612,14,7.6
1785972049,604168,14240,83886080,0,0,0,175642,175642,16,7.6
1785972059,604556,14240,83886080,0,0,0,175676,175676,14,7.6
1785972069,602548,14240,83886080,0,0,0,175708,175708,14,7.6
1785972079,600436,14240,83886080,0,0,0,175740,175740,12,7.6
1785972089,601860,14240,83886080,0,0,0,175772,175772,12,7.6
1785972099,601988,14240,83886080,0,0,0,175806,175806,13,7.6
1785972109,602700,14240,83886080,0,0,0,175838,175838,12,7.6
1785972119,606232,14240,83886080,0,0,0,175870,175870,12,7.6
1785972129,604548,14240,83886080,0,0,0,175904,175904,12,7.6
1785972139,610100,14240,83886080,0,0,0,175932,175932,15,7.6
1785972149,602948,14240,83886080,0,0,0,175968,175968,13,7.6
1785972160,601176,14240,83886080,0,0,0,176002,176002,13,7.6
1785972170,606756,14240,83886080,0,0,0,176033,176033,13,7.6
1785972180,604076,14240,83886080,0,0,0,176066,176066,12,7.6
1785972190,600984,14240,83886080,0,0,0,176100,176100,12,7.6
1785972200,603400,14240,83886080,0,0,0,176128,176128,14,7.6
1785972210,602284,14240,83886080,0,0,0,176160,176160,13,7.6
1785972220,603256,14240,83886080,0,0,0,176194,176193,14,7.6
1785972230,601716,14240,83886080,0,0,0,176225,176225,14,7.6
1785972240,601104,14240,83886080,0,0,0,176257,176257,13,7.6
1785972251,607588,14240,83886080,0,0,0,176287,176285,18,7.6
1785972261,602648,14240,83886080,0,0,0,176319,176319,13,7.6
1785972271,602456,14240,83886080,0,0,0,176351,176351,13,7.6
1785972281,603084,14240,83886080,0,0,0,176381,176379,15,7.6
1785972291,602864,14240,83886080,0,0,0,176414,176414,12,7.6
1785972301,603936,14240,83886080,0,0,0,176445,176445,13,7.6
1785972311,603056,14240,83886080,0,0,0,176474,176474,15,7.6
1785972321,601864,14240,83886080,0,0,0,176508,176508,13,7.6
1785972331,603464,14240,83886080,0,0,0,176539,176539,15,7.6
1785972341,603164,14240,83886080,0,0,0,176569,176569,14,7.6
1785972351,606688,14240,83886080,0,0,0,176602,176602,12,7.6
1785972362,601144,14240,83886080,0,0,0,176634,176634,12,7.6
1785972372,601952,14240,83886080,0,0,0,176665,176665,14,7.6
1785972382,607084,14240,83886080,0,0,0,176697,176697,13,7.6
1785972392,610984,14240,83886080,0,0,0,176729,176729,13,7.6
1785972402,602620,14240,83886080,0,0,0,176760,176760,10,7.6
1785972412,602284,14240,83886080,0,0,0,176792,176792,12,7.6
1785972422,604420,14240,83886080,0,0,0,176823,176823,14,7.6
1785972432,602368,14240,83886080,0,0,0,176854,176854,12,7.6
1785972442,609584,14240,83886080,0,0,0,176888,176888,11,7.6
1785972452,602680,14240,83886080,0,0,0,176920,176920,12,7.6
1785972463,602360,14240,83886080,0,0,0,176948,176948,13,7.6
1785972473,603332,14240,83886080,0,0,0,176980,176980,13,7.6
1785972483,606648,14240,83886080,0,0,0,177014,177014,12,7.6
1785972493,605204,14240,83886080,0,0,0,177042,177042,12,7.6
1785972503,602080,14240,83886080,0,0,0,177074,177074,12,7.6
1785972513,605972,14240,83886080,0,0,0,177108,177108,12,7.6
1785972523,600616,14240,83886080,0,0,0,177136,177136,15,7.6
1785972533,602948,14240,83886080,0,0,0,177170,177170,13,7.6
1785972543,602960,14240,83886080,0,0,0,177202,177202,12,7.6
1785972553,602328,14240,83886080,0,0,0,177231,177231,12,7.6
1785972563,606288,14240,83886080,0,0,0,177265,177265,14,7.6
1785972573,601488,14240,83886080,0,0,0,177296,177294,16,7.6
1785972583,602488,14240,83886080,0,0,0,177329,177329,14,7.6
1785972594,601280,14240,83886080,0,0,0,177363,177363,12,7.6
1785972604,604752,14240,83886080,0,0,0,177395,177395,12,7.6
1785972614,604848,14240,83886080,0,0,0,177427,177427,11,7.6
1785972624,603124,14240,83886080,0,0,0,177461,177461,12,7.6
1785972634,606412,14240,83886080,0,0,0,177489,177489,15,7.6
1785972644,602408,14240,83886080,0,0,0,177524,177524,12,7.6
1785972654,602748,14240,83886080,0,0,0,177557,177557,11,7.6
1785972664,603972,14240,83886080,0,0,0,177574,177572,22,7.6
1785972674,602456,14240,83886080,0,0,0,177599,177599,12,7.6
1785972685,601192,14240,83886080,0,0,0,177632,177631,13,7.6
1785972695,607156,14240,83886080,0,0,0,177666,177666,13,7.6
1785972705,602360,14240,83886080,0,0,0,177695,177695,14,7.6
1785972715,608352,14240,83886080,0,0,0,177729,177729,15,7.6
1785972725,606292,14240,83886080,0,0,0,177761,177761,15,7.6
1785972735,609344,14240,83886080,0,0,0,177791,177791,14,7.6
1785972745,603872,14240,83886080,0,0,0,177824,177824,14,7.6
1785972755,603116,14240,83886080,0,0,0,177856,177852,16,7.6
1785972765,602316,14240,83886080,0,0,0,177888,177888,14,7.6
1785972775,601828,14240,83886080,0,0,0,177922,177922,12,7.6
1785972786,604008,14240,83886080,0,0,0,177950,177950,16,7.6
1785972796,607696,14240,83886080,0,0,0,177985,177985,12,7.6
1785972806,600484,14240,83886080,0,0,0,178020,178020,13,7.6
1785972816,600388,14240,83886080,0,0,0,178048,178048,12,7.6
1785972826,601380,14240,83886080,0,0,0,178083,178083,13,7.6
1785972836,603172,14240,83886080,0,0,0,178117,178116,14,7.6
1785972846,601724,14240,83886080,0,0,0,178146,178146,14,7.6
1785972856,602036,14240,83886080,0,0,0,178180,178180,15,7.6
1785972866,603164,14240,83886080,0,0,0,178216,178216,12,7.6
1785972876,610564,14240,83886080,0,0,0,178246,178245,14,7.6
1785972886,607564,14240,83886080,0,0,0,178280,178280,14,7.6
1785972897,606156,14240,83886080,0,0,0,178314,178314,15,7.6
1785972907,600432,14240,83886080,0,0,0,178346,178346,15,7.6
1785972917,602276,14240,83886080,0,0,0,178380,178380,14,7.6
1785972927,603264,14240,83886080,0,0,0,178412,178412,13,7.6
1785972937,604632,14240,83886080,0,0,0,178446,178446,13,7.6
1785972947,604784,14240,83886080,0,0,0,178481,178480,14,7.6
1785972957,612672,14240,83886080,0,0,0,178510,178510,14,7.6
1785972967,602840,14240,83886080,0,0,0,178544,178544,13,7.6
1785972977,603988,14240,83886080,0,0,0,178578,178577,14,7.6
1785972987,602112,14240,83886080,0,0,0,178610,178610,14,7.6
1785972997,602640,14240,83886080,0,0,0,178643,178643,15,7.6
1785973007,608088,14240,83886080,0,0,0,178678,178678,12,7.6
1785973017,605404,14240,83886080,0,0,0,178709,178709,13,7.6
1785973028,602152,14240,83886080,0,0,0,178744,178744,12,7.6
1785973038,603216,14240,83886080,0,0,0,178778,178778,12,7.6
1785973048,600952,14240,83886080,0,0,0,178811,178811,12,7.6
1785973058,602300,14240,83886080,0,0,0,178845,178845,12,7.6
1785973068,607364,14240,83886080,0,0,0,178875,178874,18,7.6
1785973078,604884,14240,83886080,0,0,0,178908,178908,13,7.6
1785973088,603696,14240,83886080,0,0,0,178942,178942,14,7.6
1785973098,600352,14240,83886080,0,0,0,178972,178972,16,7.6
1785973108,602216,14240,83886080,0,0,0,179004,179004,12,7.6
1785973118,601052,14240,83886080,0,0,0,179034,179034,12,7.6
1785973128,606556,14240,83886080,0,0,0,179063,179062,17,7.6
1785973138,602012,14240,83886080,0,0,0,179094,179094,15,7.6
1785973148,603352,14240,83886080,0,0,0,179127,179126,14,7.6
1785973159,602684,14240,83886080,0,0,0,179156,179156,15,7.6
1785973169,607264,14240,83886080,0,0,0,179188,179188,12,7.6
1785973179,600788,14240,83886080,0,0,0,179218,179218,13,7.6
1785973189,606880,14240,83886080,0,0,0,179246,179246,17,7.6
1785973199,606180,14240,83886080,0,0,0,179278,179278,12,7.6
1785973209,603912,14240,83886080,0,0,0,179310,179310,12,7.6
1785973219,600680,14240,83886080,0,0,0,179340,179340,13,7.6
1785973229,600132,14240,83886080,0,0,0,179372,179372,11,7.6
1785973239,601592,14240,83886080,0,0,0,179402,179402,13,7.6
1785973249,606268,14240,83886080,0,0,0,179432,179431,16,7.6
1785973259,608568,14240,83886080,0,0,0,179464,179464,14,7.6
1785973269,603072,14240,83886080,0,0,0,179496,179496,13,7.6
1785973280,605596,14240,83886080,0,0,0,179525,179525,12,7.6
1785973290,601360,14240,83886080,0,0,0,179557,179557,12,7.6
1785973300,602644,14240,83886080,0,0,0,179587,179587,14,7.6
1785973310,602616,14240,83886080,0,0,0,179619,179619,14,7.6
1785973320,602908,14240,83886080,0,0,0,179648,179648,13,7.6
1785973330,600916,14240,83886080,0,0,0,179680,179680,12,7.6
1785973340,601608,14240,83886080,0,0,0,179710,179710,13,7.6
1785973350,605872,14240,83886080,0,0,0,179739,179739,12,7.6
1785973360,602564,14240,83886080,0,0,0,179772,179772,11,7.6
1785973370,600836,14240,83886080,0,0,0,179804,179804,11,7.6
1785973380,602492,14240,83886080,0,0,0,179813,179812,23,7.6
1785973391,603520,14240,83886080,0,0,0,179846,179846,12,7.6
1785973401,607172,14240,83886080,0,0,0,179878,179878,13,7.6
1785973411,605300,14240,83886080,0,0,0,179907,179906,17,7.6
1785973421,602400,14240,83886080,0,0,0,179923,179923,13,7.6
1785973431,599508,14240,83886080,0,0,0,179956,179956,12,7.6
1785973441,602244,14240,83886080,0,0,0,179989,179989,14,7.6
1785973451,604744,14240,83886080,0,0,0,180020,180020,13,7.6
1785973461,608444,14240,83886080,0,0,0,180053,180053,12,7.6
1785973471,602728,14240,83886080,0,0,0,180086,180086,14,7.6
1785973481,605408,14240,83886080,0,0,0,180118,180118,11,7.6
1785973491,602204,14240,83886080,0,0,0,180150,180150,11,7.6
1785973501,601152,14240,83886080,0,0,0,180183,180183,12,7.6
1785973512,604620,14240,83886080,0,0,0,180212,180212,13,7.6
1785973522,601004,14240,83886080,0,0,0,180246,180246,12,7.6
1785973532,600928,14240,83886080,0,0,0,180278,180278,14,7.6
1785973542,607508,14240,83886080,0,0,0,180291,180290,24,7.6
1785973552,608208,14240,83886080,0,0,0,180319,180319,14,7.6
1785973562,602840,14240,83886080,0,0,0,180353,180353,13,7.6
1785973572,600680,14240,83886080,0,0,0,180384,180384,15,7.6
1785973582,602976,14240,83886080,0,0,0,180418,180418,13,7.6
1785973592,603484,14240,83886080,0,0,0,180450,180450,15,7.6
1785973602,611616,14240,83886080,0,0,0,180478,180478,19,7.6
1785973612,609424,14240,83886080,0,0,0,180512,180511,14,7.6
1785973622,603152,14240,83886080,0,0,0,180544,180544,15,7.6
1785973633,603960,14240,83886080,0,0,0,180576,180576,15,7.6
1785973643,601336,14240,83886080,0,0,0,180608,180608,13,7.6
1785973653,602600,14240,83886080,0,0,0,180642,180642,12,7.6
1785973663,603608,14240,83886080,0,0,0,180674,180673,13,7.6
1785973673,602048,14240,83886080,0,0,0,180706,180706,14,7.6
1785973683,600924,14240,83886080,0,0,0,180740,180740,12,7.6
1785973693,601920,14240,83886080,0,0,0,180768,180768,14,7.6
1785973703,603772,14240,83886080,0,0,0,180800,180800,14,7.6
1785973713,605996,14240,83886080,0,0,0,180834,180834,12,7.6
1785973723,605800,14240,83886080,0,0,0,180864,180864,14,7.6
1785973734,604796,14240,83886080,0,0,0,180897,180897,13,7.6
1785973744,602504,14240,83886080,0,0,0,180929,180929,15,7.6
1785973754,605412,14240,83886080,0,0,0,180945,180944,24,7.6
1785973764,604184,14240,83886080,0,0,0,180972,180972,12,7.6
1785973774,601864,14240,83886080,0,0,0,181006,181006,13,7.6
1785973784,603296,14240,83886080,0,0,0,181037,181034,17,7.6
1785973794,605684,14240,83886080,0,0,0,181070,181069,14,7.6
1785973804,611732,14240,83886080,0,0,0,181101,181101,13,7.6
1785973814,602288,14240,83886080,0,0,0,181132,181132,12,7.6
1785973824,602060,14240,83886080,0,0,0,181164,181164,14,7.6
1785973835,604064,14240,83886080,0,0,0,181198,181198,13,7.6
1785973845,601448,14240,83886080,0,0,0,181222,181218,24,7.6
1785973855,602028,14240,83886080,0,0,0,181242,181242,12,7.6
1785973865,603564,14240,83886080,0,0,0,181274,181274,14,7.6
1785973875,603056,14240,83886080,0,0,0,181308,181308,12,7.6
1785973885,605064,14240,83886080,0,0,0,181336,181336,13,7.6
1785973895,603748,14240,83886080,0,0,0,181370,181370,12,7.6
1785973905,605076,14240,83886080,0,0,0,181402,181402,13,7.6
1785973915,605036,14240,83886080,0,0,0,181432,181432,14,7.6
1785973925,605788,14240,83886080,0,0,0,181464,181464,15,7.6
1785973935,608736,14240,83886080,0,0,0,181496,181496,14,7.6
1785973945,604220,14240,83886080,0,0,0,181528,181528,14,7.6
1785973956,603484,14240,83886080,0,0,0,181562,181562,11,7.6
1785973966,602376,14240,83886080,0,0,0,181590,181590,16,7.6
1785973976,606584,14240,83886080,0,0,0,181622,181622,14,7.6
1785973986,606448,14240,83886080,0,0,0,181656,181656,12,7.6
1785973996,601912,14240,83886080,0,0,0,181686,181686,13,7.6
1785974006,605748,14240,83886080,0,0,0,181720,181720,12,7.6
1785974016,603060,14240,83886080,0,0,0,181752,181752,13,7.6
1785974026,608788,14240,83886080,0,0,0,181783,181783,13,7.6
1785974036,600168,14240,83886080,0,0,0,181818,181818,14,7.6
1785974046,600560,14240,83886080,0,0,0,181852,181852,13,7.6
1785974056,601536,14240,83886080,0,0,0,181882,181882,14,7.6
1785974066,603992,14240,83886080,0,0,0,181916,181916,12,7.6
1785974076,600868,14240,83886080,0,0,0,181948,181948,13,7.6
1785974087,603284,14240,83886080,0,0,0,181980,181980,14,7.6
1785974097,602396,14240,83886080,0,0,0,182014,182014,12,7.6
1785974107,607452,14240,83886080,0,0,0,182047,182046,16,7.6
1785974117,603348,14240,83886080,0,0,0,182080,182080,12,7.6
1785974127,601356,14240,83886080,0,0,0,182112,182112,14,7.6
1785974137,604952,14240,83886080,0,0,0,182144,182144,13,7.6
1785974147,603284,14240,83886080,0,0,0,182176,182176,14,7.6
1785974157,601872,14240,83886080,0,0,0,182210,182210,13,7.6
1785974167,605220,14240,83886080,0,0,0,182242,182242,13,7.6
1785974177,603576,14240,83886080,0,0,0,182274,182274,13,7.6
1785974187,603116,14240,83886080,0,0,0,182308,182308,14,7.6
1785974197,603664,14240,83886080,0,0,0,182340,182340,12,7.6
1785974208,605548,14240,83886080,0,0,0,182372,182372,12,7.6
1785974218,601996,14240,83886080,0,0,0,182406,182406,12,7.6
1785974228,601280,14240,83886080,0,0,0,182436,182436,14,7.6
1785974238,602860,14240,83886080,0,0,0,182470,182470,13,7.6
1785974248,600696,14240,83886080,0,0,0,182502,182502,14,7.6
1785974258,601920,14240,83886080,0,0,0,182533,182533,14,7.6
1785974268,603464,14240,83886080,0,0,0,182567,182567,13,7.6
1785974278,606280,14240,83886080,0,0,0,182599,182599,14,7.6
1785974288,601532,14240,83886080,0,0,0,182629,182629,13,7.6
1785974298,602996,14240,83886080,0,0,0,182663,182663,11,7.6
1785974308,602604,14240,83886080,0,0,0,182697,182697,12,7.6
1785974318,605016,14240,83886080,0,0,0,182725,182725,14,7.6
1785974329,602512,14240,83886080,0,0,0,182759,182759,13,7.6
1785974339,601132,14240,83886080,0,0,0,182791,182791,13,7.6
1785974349,603156,14240,83886080,0,0,0,182821,182821,14,7.6
1785974359,601288,14240,83886080,0,0,0,182853,182853,15,7.6
1785974369,602004,14240,83886080,0,0,0,182885,182885,14,7.6
1785974379,601120,14240,83886080,0,0,0,182917,182917,12,7.6
1785974389,606964,14240,83886080,0,0,0,182947,182947,15,7.6
1785974399,605880,14240,83886080,0,0,0,182979,182979,14,7.6
1785974409,601440,14240,83886080,0,0,0,183011,183011,10,7.6
1785974419,603292,14240,83886080,0,0,0,183043,183043,13,7.6
1785974429,607248,14240,83886080,0,0,0,183074,183074,13,7.6
1785974439,600568,14240,83886080,0,0,0,183107,183107,15,7.6
1785974449,604556,14240,83886080,0,0,0,183139,183139,16,7.6
1785974460,601780,14240,83886080,0,0,0,183171,183171,13,7.6
1785974470,601664,14240,83886080,0,0,0,183204,183204,15,7.6
1785974480,605912,14240,83886080,0,0,0,183237,183237,13,7.6
1785974490,603352,14240,83886080,0,0,0,183266,183266,14,7.6
1785974500,606744,14240,83886080,0,0,0,183301,183300,13,7.6
1785974510,602220,14240,83886080,0,0,0,183333,183333,14,7.6
1785974520,603652,14240,83886080,0,0,0,183363,183363,12,7.6
1785974530,602404,14240,83886080,0,0,0,183395,183395,14,7.6
1785974540,604116,14240,83886080,0,0,0,183426,183426,15,7.6
1785974550,603216,14240,83886080,0,0,0,183458,183458,12,7.6
1785974560,605024,14240,83886080,0,0,0,183492,183492,12,7.6
1785974570,602720,14240,83886080,0,0,0,183524,183524,14,7.6
1785974581,603396,14240,83886080,0,0,0,183556,183556,11,7.6
1785974591,604720,14240,83886080,0,0,0,183588,183588,12,7.6
1785974601,600232,14240,83886080,0,0,0,183622,183622,12,7.6
1785974611,599764,14240,83886080,0,0,0,183650,183650,13,7.6
1785974621,605220,14240,83886080,0,0,0,183684,183684,13,7.6
1785974631,604500,14240,83886080,0,0,0,183712,183712,17,7.6
1785974641,607256,14240,83886080,0,0,0,183744,183744,13,7.6
1785974651,604960,14240,83886080,0,0,0,183778,183778,12,7.6
1785974662,607716,14240,83886080,0,0,0,183806,183806,16,7.6
1785974672,604460,14240,83886080,0,0,0,183822,183822,13,7.6
1785974682,607320,14240,83886080,0,0,0,183856,183856,13,7.6
1785974692,605432,14240,83886080,0,0,0,183888,183888,14,7.6
1785974702,601912,14240,83886080,0,0,0,183917,183917,15,7.6
1785974712,602644,14240,83886080,0,0,0,183951,183951,13,7.6
1785974722,606448,14240,83886080,0,0,0,183983,183983,13,7.6
1785974732,603860,14240,83886080,0,0,0,184011,184011,15,7.6
1785974742,602288,14240,83886080,0,0,0,184045,184045,13,7.6
1785974752,602948,14240,83886080,0,0,0,184077,184077,14,7.6
1785974763,600796,14240,83886080,0,0,0,184089,184088,23,7.6
1785974773,605468,14240,83886080,0,0,0,184121,184121,13,7.6
1785974783,601160,14240,83886080,0,0,0,184154,184154,14,7.6
1785974793,608380,14240,83886080,0,0,0,184186,184186,14,7.6
1785974803,602692,14240,83886080,0,0,0,184218,184218,15,7.6
1785974813,607008,14240,83886080,0,0,0,184251,184251,13,7.6
1785974823,601536,14240,83886080,0,0,0,184281,184281,13,7.6
1785974833,602632,14240,83886080,0,0,0,184315,184315,12,7.6
1785974843,601548,14240,83886080,0,0,0,184347,184347,11,7.6
1785974853,601168,14240,83886080,0,0,0,184378,184378,11,7.6
1785974863,606392,14240,83886080,0,0,0,184410,184410,13,7.6
1785974873,609916,14240,83886080,0,0,0,184442,184442,12,7.6
1785974883,600848,14240,83886080,0,0,0,184472,184472,12,7.6
1785974894,601604,14240,83886080,0,0,0,184504,184504,13,7.6
1785974904,599624,14240,83886080,0,0,0,184538,184538,12,7.6
1785974914,600492,14240,83886080,0,0,0,184570,184570,12,7.6
1785974924,603232,14240,83886080,0,0,0,184602,184602,12,7.6
1785974934,608220,14240,83886080,0,0,0,184636,184636,13,7.6
1785974944,600488,14240,83886080,0,0,0,184668,184667,13,7.6
1785974954,603840,14240,83886080,0,0,0,184700,184700,12,7.6
1785974964,607220,14240,83886080,0,0,0,184734,184734,14,7.6
1785974974,606708,14240,83886080,0,0,0,184762,184762,12,7.6
1785974984,602060,14240,83886080,0,0,0,184796,184796,14,7.6
1785974995,602524,14240,83886080,0,0,0,184828,184828,16,7.6
1785975005,600608,14240,83886080,0,0,0,184860,184860,12,7.6
1785975015,602968,14240,83886080,0,0,0,184894,184894,12,7.6
1785975025,603016,14240,83886080,0,0,0,184926,184926,13,7.6
1785975035,599460,14240,83886080,0,0,0,184958,184958,12,7.6
1785975045,599768,14240,83886080,0,0,0,184992,184992,13,7.6
1785975055,601528,14240,83886080,0,0,0,185023,185020,19,7.6
1785975065,603420,14240,83886080,0,0,0,185056,185056,13,7.6
1785975075,601004,14240,83886080,0,0,0,185090,185090,12,7.6
1785975085,601188,14240,83886080,0,0,0,185118,185118,17,7.6
1785975095,605164,14240,83886080,0,0,0,185154,185153,13,7.6
1785975106,605712,14240,83886080,0,0,0,185186,185186,14,7.6
1785975116,605636,14240,83886080,0,0,0,185216,185216,12,7.6
1785975126,603708,14240,83886080,0,0,0,185248,185248,15,7.6
1785975136,604284,14240,83886080,0,0,0,185282,185282,13,7.6
1785975146,603276,14240,83886080,0,0,0,185314,185314,12,7.6
1785975156,599784,14240,83886080,0,0,0,185346,185346,15,7.6
1785975166,601696,14240,83886080,0,0,0,185380,185380,14,7.6
1785975176,602740,14240,83886080,0,0,0,185408,185408,15,7.6
1785975186,599516,14240,83886080,0,0,0,185442,185442,13,7.6
1785975196,603764,14240,83886080,0,0,0,185474,185474,14,7.6
1785975206,601680,14240,83886080,0,0,0,185506,185506,12,7.6
1785975216,607600,14240,83886080,0,0,0,185538,185538,13,7.6
1785975226,606276,14240,83886080,0,0,0,185572,185572,14,7.6
1785975237,603884,14240,83886080,0,0,0,185600,185600,15,7.6
1785975247,607912,14240,83886080,0,0,0,185634,185634,15,7.6
1785975257,604844,14240,83886080,0,0,0,185669,185668,13,7.6
1785975267,604744,14240,83886080,0,0,0,185682,185682,24,7.6
1785975277,599280,14240,83886080,0,0,0,185712,185712,12,7.6
1785975287,607924,14240,83886080,0,0,0,185745,185745,14,7.6
1785975297,601764,14240,83886080,0,0,0,185776,185776,14,7.6
1785975307,602688,14240,83886080,0,0,0,185812,185812,11,7.6
1785975317,602268,14240,83886080,0,0,0,185844,185844,14,7.6
1785975327,606324,14240,83886080,0,0,0,185874,185874,16,7.6
1785975337,599836,14240,83886080,0,0,0,185906,185906,13,7.6
1785975348,602956,14240,83886080,0,0,0,185940,185940,13,7.6
1785975358,605760,14240,83886080,0,0,0,185965,185964,19,7.6
1785975368,600924,14240,83886080,0,0,0,185984,185984,12,7.6
1785975378,601112,14240,83886080,0,0,0,186018,186018,12,7.6
1785975388,604276,14240,83886080,0,0,0,186050,186050,14,7.6
1785975398,601384,14240,83886080,0,0,0,186082,186082,16,7.6
1785975408,609472,14240,83886080,0,0,0,186116,186116,14,7.6
1785975418,602600,14240,83886080,0,0,0,186148,186148,15,7.6
1785975428,608636,14240,83886080,0,0,0,186180,186180,12,7.6
1785975438,599452,14240,83886080,0,0,0,186214,186214,12,7.6
1785975448,602500,14240,83886080,0,0,0,186246,186246,14,7.6
1785975459,601880,14240,83886080,0,0,0,186278,186278,12,7.6
1785975469,604524,14240,83886080,0,0,0,186310,186310,13,7.6
1785975479,601196,14240,83886080,0,0,0,186344,186342,14,7.6
1785975489,600548,14240,83886080,0,0,0,186374,186374,13,7.6
1785975499,601904,14240,83886080,0,0,0,186408,186408,11,7.6
1785975509,605896,14240,83886080,0,0,0,186434,186434,18,7.6
1785975519,602992,14240,83886080,0,0,0,186450,186450,13,7.6
1785975529,599048,14240,83886080,0,0,0,186484,186484,14,7.6
1785975539,608352,14240,83886080,0,0,0,186516,186516,16,7.6
1785975549,607300,14240,83886080,0,0,0,186548,186548,14,7.6
1785975560,601260,14240,83886080,0,0,0,186582,186582,12,7.6
1785975570,604268,14240,83886080,0,0,0,186614,186614,13,7.6
1785975580,603432,14240,83886080,0,0,0,186646,186646,14,7.6
1785975590,602472,14240,83886080,0,0,0,186680,186680,13,7.6
1785975600,604348,14240,83886080,0,0,0,186712,186712,16,7.6
1785975610,601616,14240,83886080,0,0,0,186744,186744,12,7.6
1785975620,601480,14240,83886080,0,0,0,186776,186776,14,7.6
1785975630,606260,14240,83886080,0,0,0,186808,186807,15,7.6
1785975640,601704,14240,83886080,0,0,0,186842,186842,12,7.6
1785975650,603192,14240,83886080,0,0,0,186874,186874,13,7.6
1785975660,602100,14240,83886080,0,0,0,186905,186905,15,7.6
1785975670,602968,14240,83886080,0,0,0,186940,186940,12,7.6
1785975680,601968,14240,83886080,0,0,0,186974,186974,13,7.6
1785975691,603112,14240,83886080,0,0,0,187002,187002,12,7.6
1785975701,604416,14240,83886080,0,0,0,187036,187036,13,7.6
1785975711,605088,14240,83886080,0,0,0,187069,187069,13,7.6
1785975721,605184,14240,83886080,0,0,0,187097,187097,15,7.6
1785975731,602740,14240,83886080,0,0,0,187132,187132,14,7.6
1785975741,609956,14240,83886080,0,0,0,187167,187166,13,7.6
1785975751,603680,14240,83886080,0,0,0,187197,187197,14,7.6
1785975761,600620,14240,83886080,0,0,0,187230,187230,12,7.6
1785975771,602688,14240,83886080,0,0,0,187265,187265,12,7.6
1785975781,601840,14240,83886080,0,0,0,187295,187295,13,7.6
1785975791,604080,14240,83886080,0,0,0,187327,187327,14,7.6
1785975801,605492,14240,83886080,0,0,0,187359,187359,14,7.6
1785975812,610796,14240,83886080,0,0,0,187392,187392,15,7.6
1785975822,602008,14240,83886080,0,0,0,187427,187427,13,7.6
1785975832,603376,14240,83886080,0,0,0,187458,187458,14,7.6
1785975842,600916,14240,83886080,0,0,0,187492,187492,14,7.6
1785975852,606268,14240,83886080,0,0,0,187525,187525,15,7.6
1785975862,600152,14240,83886080,0,0,0,187556,187556,13,7.6
1785975872,602644,14240,83886080,0,0,0,187590,187590,13,7.6
1785975882,603296,14240,83886080,0,0,0,187623,187623,13,7.6
1785975892,603648,14240,83886080,0,0,0,187639,187639,22,7.6
1785975902,603300,14240,83886080,0,0,0,187668,187667,14,7.6
1785975913,603700,14240,83886080,0,0,0,187702,187701,14,7.6
1785975923,611632,14240,83886080,0,0,0,187733,187733,15,7.6
1785975933,603052,14240,83886080,0,0,0,187767,187767,12,7.6
1785975943,600972,14240,83886080,0,0,0,187799,187799,12,7.6
1785975953,601520,14240,83886080,0,0,0,187831,187831,12,7.6
1785975963,605444,14240,83886080,0,0,0,187863,187863,14,7.6
1785975973,602448,14240,83886080,0,0,0,187897,187897,14,7.6
1785975983,603380,14240,83886080,0,0,0,187929,187929,13,7.6
1785975993,602580,14240,83886080,0,0,0,187965,187965,11,7.6
1785976003,605764,14240,83886080,0,0,0,187999,187999,12,7.6
1785976013,604200,14240,83886080,0,0,0,188027,188027,14,7.6
1785976024,603556,14240,83886080,0,0,0,188063,188063,12,7.6
1785976034,602756,14240,83886080,0,0,0,188097,188097,12,7.6
1785976044,606584,14240,83886080,0,0,0,188125,188125,14,7.6
1785976054,604488,14240,83886080,0,0,0,188159,188159,14,7.6
1785976064,601240,14240,83886080,0,0,0,188195,188195,13,7.6
1785976074,603088,14240,83886080,0,0,0,188223,188223,14,7.6
1785976084,605308,14240,83886080,0,0,0,188258,188258,13,7.6
1785976094,604676,14240,83886080,0,0,0,188289,188289,13,7.6
1785976104,602816,14240,83886080,0,0,0,188323,188323,14,7.6
1785976114,603236,14240,83886080,0,0,0,188357,188357,13,7.6
1785976124,604508,14240,83886080,0,0,0,188387,188387,16,7.6
1785976135,600452,14240,83886080,0,0,0,188421,188421,14,7.6
1785976145,607624,14240,83886080,0,0,0,188453,188453,15,7.6
1785976155,601372,14240,83886080,0,0,0,188477,188473,23,7.6
1785976165,602636,14240,83886080,0,0,0,188497,188497,12,7.6
1785976175,601680,14240,83886080,0,0,0,188531,188531,13,7.6
1785976185,601364,14240,83886080,0,0,0,188563,188563,15,7.6
1785976195,603736,14240,83886080,0,0,0,188593,188593,13,7.6
1785976205,606324,14240,83886080,0,0,0,188625,188625,13,7.6
1785976215,604916,14240,83886080,0,0,0,188658,188657,16,7.6
1785976225,602168,14240,83886080,0,0,0,188689,188689,16,7.6
1785976235,601344,14240,83886080,0,0,0,188724,188724,14,7.6
1785976246,601040,14240,83886080,0,0,0,188755,188755,16,7.6
1785976256,605056,14240,83886080,0,0,0,188787,188787,12,7.6
1785976266,602108,14240,83886080,0,0,0,188821,188821,12,7.6
1785976276,605672,14240,83886080,0,0,0,188851,188851,14,7.6
1785976286,606004,14240,83886080,0,0,0,188885,188885,14,7.6
1785976296,603664,14240,83886080,0,0,0,188917,188917,14,7.6
1785976306,602444,14240,83886080,0,0,0,188947,188947,12,7.6
1785976316,604724,14240,83886080,0,0,0,188979,188979,14,7.6
1785976326,602484,14240,83886080,0,0,0,189013,189013,13,7.6
1785976336,601336,14240,83886080,0,0,0,189045,189045,13,7.6
1785976346,602088,14240,83886080,0,0,0,189077,189077,13,7.6
1785976357,605776,14240,83886080,0,0,0,189111,189111,13,7.6
1785976367,607640,14240,83886080,0,0,0,189141,189141,13,7.6
1785976377,605852,14240,83886080,0,0,0,189173,189173,14,7.6
1785976387,601528,14240,83886080,0,0,0,189207,189207,14,7.6
1785976397,603496,14240,83886080,0,0,0,189237,189237,15,7.6
1785976407,602076,14240,83886080,0,0,0,189271,189271,12,7.6
1785976417,600012,14240,83886080,0,0,0,189303,189303,12,7.6
1785976427,600220,14240,83886080,0,0,0,189331,189331,12,7.6
1785976437,602276,14240,83886080,0,0,0,189361,189361,15,7.6
1785976447,600084,14240,83886080,0,0,0,189393,189393,11,7.6
1785976457,602328,14240,83886080,0,0,0,189421,189421,12,7.6
1785976467,602612,14240,83886080,0,0,0,189451,189451,14,7.6
1785976478,603052,14240,83886080,0,0,0,189483,189483,13,7.6
1785976488,603124,14240,83886080,0,0,0,189514,189514,14,7.6
1785976498,601256,14240,83886080,0,0,0,189545,189545,13,7.6
1785976508,601128,14240,83886080,0,0,0,189576,189576,13,7.6
1785976518,604664,14240,83886080,0,0,0,189606,189606,12,7.6
1785976528,601660,14240,83886080,0,0,0,189637,189636,14,7.6
1785976538,600672,14240,83886080,0,0,0,189668,189668,12,7.6
1785976548,602008,14240,83886080,0,0,0,189680,189680,13,7.6
1785976558,603916,14240,83886080,0,0,0,189710,189710,13,7.6
1785976568,600504,14240,83886080,0,0,0,189741,189741,14,7.6
1785976578,608172,14240,83886080,0,0,0,189771,189771,13,7.6
1785976588,601572,14240,83886080,0,0,0,189802,189802,12,7.6
1785976599,606428,14240,83886080,0,0,0,189833,189833,13,7.6
1785976609,603360,14240,83886080,0,0,0,189862,189862,14,7.6
1785976619,603792,14240,83886080,0,0,0,189894,189893,13,7.6
1785976629,603136,14240,83886080,0,0,0,189925,189925,13,7.6
1785976639,605108,14240,83886080,0,0,0,189955,189955,13,7.6
1785976649,602824,14240,83886080,0,0,0,189987,189987,12,7.6
1785976659,603024,14240,83886080,0,0,0,190017,190017,14,7.6
1785976669,601160,14240,83886080,0,0,0,190045,190045,15,7.6
1785976679,602584,14240,83886080,0,0,0,190077,190077,12,7.6
1785976689,599704,14240,83886080,0,0,0,190107,190107,13,7.6
1785976699,600884,14240,83886080,0,0,0,190139,190139,12,7.6
1785976709,601772,14240,83886080,0,0,0,190171,190170,13,7.6
1785976720,604308,14240,83886080,0,0,0,190204,190204,12,7.6
1785976730,604400,14240,83886080,0,0,0,190234,190234,15,7.6
1785976740,602568,14240,83886080,0,0,0,190269,190269,12,7.6
1785976750,600304,14240,83886080,0,0,0,190303,190303,12,7.6
1785976760,604208,14240,83886080,0,0,0,190332,190332,14,7.6
1785976770,606804,14240,83886080,0,0,0,190367,190367,13,7.6
1785976780,602412,14240,83886080,0,0,0,190401,190401,12,7.6
1785976790,605208,14240,83886080,0,0,0,190429,190429,14,7.6
1785976800,603820,14240,83886080,0,0,0,190463,190463,14,7.6
1785976810,605428,14240,83886080,0,0,0,190496,190495,15,7.6
1785976820,601388,14240,83886080,0,0,0,190527,190527,13,7.6
1785976830,601736,14240,83886080,0,0,0,190559,190559,14,7.6
1785976840,600800,14240,83886080,0,0,0,190593,190593,12,7.6
1785976851,607064,14240,83886080,0,0,0,190625,190625,12,7.6
1785976861,606428,14240,83886080,0,0,0,190658,190657,15,7.6
1785976871,604620,14240,83886080,0,0,0,190691,190691,13,7.6
1785976881,602144,14240,83886080,0,0,0,190723,190723,12,7.6
1785976891,603864,14240,83886080,0,0,0,190755,190755,13,7.6
1785976901,607004,14240,83886080,0,0,0,190787,190787,15,7.6
1785976911,606636,14240,83886080,0,0,0,190820,190820,13,7.6
1785976921,606720,14240,83886080,0,0,0,190853,190853,14,7.6
1785976931,607004,14240,83886080,0,0,0,190883,190883,14,7.6
1785976941,601504,14240,83886080,0,0,0,190917,190917,13,7.6
1785976951,609236,14240,83886080,0,0,0,190949,190949,15,7.6
1785976961,607672,14240,83886080,0,0,0,190981,190981,12,7.6
1785976971,602964,14240,83886080,0,0,0,191013,191013,12,7.6
1785976982,602780,14240,83886080,0,0,0,191047,191047,12,7.6
1785976992,602388,14240,83886080,0,0,0,191075,191075,12,7.6
1785977002,602648,14240,83886080,0,0,0,191111,191111,11,7.6
1785977012,607104,14240,83886080,0,0,0,191145,191145,12,7.6
1785977022,602476,14240,83886080,0,0,0,191175,191174,15,7.6
1785977032,604276,14240,83886080,0,0,0,191209,191209,14,7.6
1785977042,600256,14240,83886080,0,0,0,191243,191243,12,7.6
1785977052,602628,14240,83886080,0,0,0,191271,191271,14,7.6
1785977062,601452,14240,83886080,0,0,0,191305,191305,14,7.6
1785977072,603648,14240,83886080,0,0,0,191337,191337,16,7.6
1785977083,602840,14240,83886080,0,0,0,191371,191371,12,7.6
1785977093,602076,14240,83886080,0,0,0,191405,191405,11,7.6
1785977103,608272,14240,83886080,0,0,0,191435,191435,14,7.6
1785977113,599948,14240,83886080,0,0,0,191469,191469,14,7.6
1785977123,602128,14240,83886080,0,0,0,191501,191501,16,7.6
1785977133,603404,14240,83886080,0,0,0,191533,191533,12,7.6
1785977143,601032,14240,83886080,0,0,0,191565,191565,13,7.6
1785977153,600716,14240,83886080,0,0,0,191599,191599,14,7.6
1785977163,602940,14240,83886080,0,0,0,191627,191627,15,7.6
1785977173,607104,14240,83886080,0,0,0,191663,191663,12,7.6
1785977183,604056,14240,83886080,0,0,0,191695,191695,14,7.6
1785977193,602464,14240,83886080,0,0,0,191725,191725,12,7.6
1785977204,601892,14240,83886080,0,0,0,191759,191759,13,7.6
1785977214,605708,14240,83886080,0,0,0,191792,191792,14,7.6
1785977224,603980,14240,83886080,0,0,0,191823,191823,14,7.6
1785977234,603860,14240,83886080,0,0,0,191857,191857,15,7.6
1785977244,606840,14240,83886080,0,0,0,191889,191889,16,7.6
1785977254,599328,14240,83886080,0,0,0,191923,191923,14,7.6
1785977264,604684,14240,83886080,0,0,0,191957,191957,12,7.6
1785977275,603936,14240,83886080,0,0,0,191987,191987,15,7.6
1785977285,602400,14240,83886080,0,0,0,192023,192023,12,7.6
1785977295,598856,14240,83886080,0,0,0,192057,192057,12,7.6
1785977305,604968,14240,83886080,0,0,0,192089,192089,12,7.6
1785977315,603228,14240,83886080,0,0,0,192121,192121,14,7.6
1785977325,604016,14240,83886080,0,0,0,192155,192155,13,7.6
1785977335,602536,14240,83886080,0,0,0,192183,192183,12,7.6
1785977345,603524,14240,83886080,0,0,0,192217,192217,13,7.6
1785977355,600616,14240,83886080,0,0,0,192249,192249,14,7.6
1785977365,609064,14240,83886080,0,0,0,192269,192269,22,7.6
1785977375,605500,14240,83886080,0,0,0,192293,192293,13,7.6
1785977386,600164,14240,83886080,0,0,0,192327,192327,13,7.6
1785977396,607804,14240,83886080,0,0,0,192359,192359,13,7.6
1785977406,603936,14240,83886080,0,0,0,192391,192391,12,7.6
1785977416,598736,14240,83886080,0,0,0,192425,192425,13,7.6
1785977426,609224,14240,83886080,0,0,0,192456,192453,17,7.6
1785977436,602472,14240,83886080,0,0,0,192489,192489,14,7.6
1785977446,599316,14240,83886080,0,0,0,192523,192523,12,7.6
1785977456,601220,14240,83886080,0,0,0,192551,192551,16,7.6
1785977466,603328,14240,83886080,0,0,0,192587,192587,12,7.6
1785977476,604840,14240,83886080,0,0,0,192621,192621,12,7.6
1785977486,601088,14240,83886080,0,0,0,192651,192651,13,7.6
1785977497,603296,14240,83886080,0,0,0,192685,192685,12,7.6
1785977507,601068,14240,83886080,0,0,0,192717,192717,13,7.6
1785977517,604572,14240,83886080,0,0,0,192747,192747,15,7.6
1785977527,600100,14240,83886080,0,0,0,192783,192783,12,7.6
1785977537,601192,14240,83886080,0,0,0,192817,192816,13,7.6
1785977547,603408,14240,83886080,0,0,0,192849,192849,14,7.6
1785977557,604492,14240,83886080,0,0,0,192882,192882,12,7.6
1785977567,601404,14240,83886080,0,0,0,192915,192915,12,7.6
1785977577,603384,14240,83886080,0,0,0,192947,192947,12,7.6
1785977587,603352,14240,83886080,0,0,0,192979,192979,14,7.6
1785977597,605616,14240,83886080,0,0,0,193010,193009,17,7.6
1785977607,600696,14240,83886080,0,0,0,193045,193045,13,7.6
1785977618,605024,14240,83886080,0,0,0,193079,193078,13,7.6
1785977628,605172,14240,83886080,0,0,0,193107,193107,15,7.6
1785977638,604144,14240,83886080,0,0,0,193141,193141,15,7.6
1785977648,601920,14240,83886080,0,0,0,193173,193173,16,7.6
1785977658,600088,14240,83886080,0,0,0,193205,193205,12,7.6
1785977668,602120,14240,83886080,0,0,0,193237,193237,14,7.6
1785977678,600888,14240,83886080,0,0,0,193271,193271,12,7.6
1785977688,602104,14240,83886080,0,0,0,193303,193303,12,7.6
1785977698,603580,14240,83886080,0,0,0,193336,193336,13,7.6
1785977708,603660,14240,83886080,0,0,0,193369,193369,13,7.6
1785977718,602684,14240,83886080,0,0,0,193399,193399,13,7.6
1785977729,599980,14240,83886080,0,0,0,193433,193433,12,7.6
1785977739,600796,14240,83886080,0,0,0,193467,193467,12,7.6
1785977749,600424,14240,83886080,0,0,0,193496,193496,12,7.6
1785977759,601620,14240,83886080,0,0,0,193528,193528,13,7.6
1785977769,603476,14240,83886080,0,0,0,193561,193558,16,7.6
1785977779,604924,14240,83886080,0,0,0,193590,193590,14,7.6
1785977789,603364,14240,83886080,0,0,0,193624,193624,12,7.6
1785977799,606176,14240,83886080,0,0,0,193652,193652,19,7.6
1785977809,601884,14240,83886080,0,0,0,193686,193686,13,7.6
1785977819,601132,14240,83886080,0,0,0,193720,193718,16,7.6
1785977830,601460,14240,83886080,0,0,0,193750,193750,14,7.6
1785977840,601964,14240,83886080,0,0,0,193784,193784,14,7.6
1785977850,602752,14240,83886080,0,0,0,193816,193816,15,7.6
1785977860,599740,14240,83886080,0,0,0,193848,193848,12,7.6
1785977870,601924,14240,83886080,0,0,0,193880,193880,13,7.6
1785977880,603500,14240,83886080,0,0,0,193914,193914,12,7.6
1785977890,607364,14240,83886080,0,0,0,193942,193942,13,7.6
1785977900,603988,14240,83886080,0,0,0,193976,193976,12,7.6
1785977910,601332,14240,83886080,0,0,0,194008,194008,13,7.6
1785977920,602316,14240,83886080,0,0,0,194040,194039,12,7.6
1785977930,601592,14240,83886080,0,0,0,194070,194070,14,7.6
1785977940,603528,14240,83886080,0,0,0,194102,194102,13,7.6
1785977950,602368,14240,83886080,0,0,0,194130,194130,14,7.6
1785977960,603452,14240,83886080,0,0,0,194164,194164,10,7.6
1785977971,602472,14240,83886080,0,0,0,194196,194196,12,7.6
1785977981,607212,14240,83886080,0,0,0,194224,194224,14,7.6
1785977991,602292,14240,83886080,0,0,0,194258,194258,12,7.6
1785978001,605224,14240,83886080,0,0,0,194290,194290,12,7.6
1785978011,604128,14240,83886080,0,0,0,194318,194318,14,7.6
1785978021,601920,14240,83886080,0,0,0,194352,194352,13,7.6
1785978031,602344,14240,83886080,0,0,0,194384,194384,13,7.6
1785978041,603240,14240,83886080,0,0,0,194393,194393,16,7.6
1785978051,601928,14240,83886080,0,0,0,194424,194424,13,7.6
1785978061,600656,14240,83886080,0,0,0,194458,194458,12,7.6
1785978072,608188,14240,83886080,0,0,0,194487,194487,13,7.6
1785978082,607248,14240,83886080,0,0,0,194519,194519,13,7.6
1785978092,602268,14240,83886080,0,0,0,194551,194550,14,7.6
1785978102,605012,14240,83886080,0,0,0,194573,194573,18,7.6
1785978112,601200,14240,83886080,0,0,0,194592,194591,14,7.6
1785978122,600836,14240,83886080,0,0,0,194624,194624,13,7.6
1785978132,606920,14240,83886080,0,0,0,194655,194655,14,7.6
1785978142,605068,14240,83886080,0,0,0,194684,194684,14,7.6
1785978152,602112,14240,83886080,0,0,0,194718,194718,12,7.6
1785978162,601336,14240,83886080,0,0,0,194750,194750,12,7.6
1785978172,601764,14240,83886080,0,0,0,194779,194779,14,7.6
1785978182,600748,14240,83886080,0,0,0,194812,194812,13,7.6
1785978193,600060,14240,83886080,0,0,0,194844,194844,13,7.6
1785978203,602664,14240,83886080,0,0,0,194872,194872,14,7.6
1785978213,599808,14240,83886080,0,0,0,194906,194906,13,7.6
1785978223,600084,14240,83886080,0,0,0,194938,194938,13,7.6
1785978233,602672,14240,83886080,0,0,0,194970,194970,14,7.6
1785978243,603204,14240,83886080,0,0,0,195004,195004,13,7.6
1785978253,603288,14240,83886080,0,0,0,195034,195032,18,7.6
1785978263,599512,14240,83886080,0,0,0,195068,195068,12,7.6
1785978273,602476,14240,83886080,0,0,0,195100,195100,14,7.6
1785978283,600924,14240,83886080,0,0,0,195131,195131,12,7.6
1785978293,604828,14240,83886080,0,0,0,195165,195165,13,7.6
1785978304,604476,14240,83886080,0,0,0,195198,195198,15,7.6
1785978314,605840,14240,83886080,0,0,0,195229,195229,14,7.6
1785978324,603160,14240,83886080,0,0,0,195263,195263,14,7.6
1785978334,601260,14240,83886080,0,0,0,195295,195295,15,7.6
1785978344,601856,14240,83886080,0,0,0,195327,195327,12,7.6
1785978354,607292,14240,83886080,0,0,0,195361,195361,14,7.6
1785978364,610280,14240,83886080,0,0,0,195393,195393,15,7.6
1785978374,599648,14240,83886080,0,0,0,195426,195426,13,7.6
1785978384,603696,14240,83886080,0,0,0,195459,195459,14,7.6
1785978394,602436,14240,83886080,0,0,0,195492,195491,14,7.6
1785978405,607548,14240,83886080,0,0,0,195524,195524,14,7.6
1785978415,602108,14240,83886080,0,0,0,195557,195557,15,7.6
1785978425,602644,14240,83886080,0,0,0,195589,195589,16,7.6
1785978435,600200,14240,83886080,0,0,0,195622,195622,12,7.6
1785978445,605224,14240,83886080,0,0,0,195655,195655,12,7.6
1785978455,605224,14240,83886080,0,0,0,195688,195688,13,7.6
1785978465,601020,14240,83886080,0,0,0,195720,195720,14,7.6
1785978475,605988,14240,83886080,0,0,0,195754,195754,14,7.6
1785978485,601844,14240,83886080,0,0,0,195786,195786,12,7.6
1785978495,600672,14240,83886080,0,0,0,195819,195818,14,7.6
1785978505,603644,14240,83886080,0,0,0,195852,195852,11,7.6
1785978516,607288,14240,83886080,0,0,0,195865,195864,23,7.6
1785978526,606092,14240,83886080,0,0,0,195893,195893,14,7.6
1785978536,604196,14240,83886080,0,0,0,195925,195925,14,7.6
1785978546,603560,14240,83886080,0,0,0,195955,195955,16,7.6
1785978556,605728,14240,83886080,0,0,0,195987,195987,14,7.6
1785978566,603304,14240,83886080,0,0,0,196019,196019,15,7.6
1785978576,606204,14240,83886080,0,0,0,196047,196046,19,7.6
1785978586,605820,14240,83886080,0,0,0,196062,196062,13,7.6
1785978596,605744,14240,83886080,0,0,0,196094,196094,13,7.6
1785978606,602936,14240,83886080,0,0,0,196125,196125,13,7.6
1785978617,604996,14240,83886080,0,0,0,196154,196153,15,7.6
1785978627,599428,14240,83886080,0,0,0,196187,196187,13,7.6
1785978637,601736,14240,83886080,0,0,0,196219,196219,13,7.6
1785978647,601976,14240,83886080,0,0,0,196248,196248,14,7.6
1785978657,602108,14240,83886080,0,0,0,196281,196281,12,7.6
1785978667,600776,14240,83886080,0,0,0,196313,196313,13,7.6
1785978677,602592,14240,83886080,0,0,0,196341,196341,15,7.6
1785978687,602784,14240,83886080,0,0,0,196375,196375,14,7.6
1785978697,602364,14240,83886080,0,0,0,196407,196407,14,7.6
1785978707,608212,14240,83886080,0,0,0,196437,196435,16,7.6
1785978717,600888,14240,83886080,0,0,0,196469,196469,12,7.6
1785978727,601376,14240,83886080,0,0,0,196501,196501,12,7.6
1785978737,599624,14240,83886080,0,0,0,196531,196531,13,7.6
1785978747,604568,14240,83886080,0,0,0,196563,196563,14,7.6
1785978758,604560,14240,83886080,0,0,0,196595,196595,13,7.6
1785978768,601940,14240,83886080,0,0,0,196626,196625,12,7.6
1785978778,601932,14240,83886080,0,0,0,196657,196657,12,7.6
1785978788,604448,14240,83886080,0,0,0,196689,196689,14,7.6
1785978798,601428,14240,83886080,0,0,0,196721,196721,10,7.6
1785978808,607164,14240,83886080,0,0,0,196751,196751,13,7.6
1785978818,604988,14240,83886080,0,0,0,196783,196783,13,7.6
1785978828,601604,14240,83886080,0,0,0,196815,196815,12,7.6
1785978838,604512,14240,83886080,0,0,0,196847,196847,13,7.6
1785978848,603856,14240,83886080,0,0,0,196881,196881,12,7.6
1785978858,602876,14240,83886080,0,0,0,196909,196909,12,7.6
1785978868,601936,14240,83886080,0,0,0,196943,196943,12,7.6
1785978878,605308,14240,83886080,0,0,0,196976,196976,13,7.6
1785978889,606372,14240,83886080,0,0,0,197007,197007,15,7.6
1785978899,602484,14240,83886080,0,0,0,197041,197041,14,7.6
1785978909,601756,14240,83886080,0,0,0,197073,197073,14,7.6
1785978919,601292,14240,83886080,0,0,0,197105,197105,14,7.6
1785978929,605764,14240,83886080,0,0,0,197139,197139,12,7.6
1785978939,606272,14240,83886080,0,0,0,197171,197171,15,7.6
1785978949,605072,14240,83886080,0,0,0,197203,197203,12,7.6
1785978959,606004,14240,83886080,0,0,0,197235,197235,14,7.6
1785978969,605112,14240,83886080,0,0,0,197265,197265,16,7.6
1785978979,603984,14240,83886080,0,0,0,197277,197277,14,7.6
1785978989,603396,14240,83886080,0,0,0,197311,197311,14,7.6
1785978999,606872,14240,83886080,0,0,0,197345,197345,14,7.6
1785979010,602096,14240,83886080,0,0,0,197375,197375,12,7.6
1785979020,599344,14240,83886080,0,0,0,197407,197407,12,7.6
1785979030,601376,14240,83886080,0,0,0,197441,197441,13,7.6
1785979040,603052,14240,83886080,0,0,0,197473,197473,13,7.6
1785979050,599776,14240,83886080,0,0,0,197507,197507,13,7.6
1785979060,604700,14240,83886080,0,0,0,197539,197539,14,7.6
1785979070,599416,14240,83886080,0,0,0,197570,197570,13,7.6
1785979080,600984,14240,83886080,0,0,0,197603,197603,14,7.6
1785979090,602544,14240,83886080,0,0,0,197635,197634,15,7.6
1785979100,601372,14240,83886080,0,0,0,197666,197666,12,7.6
1785979110,601596,14240,83886080,0,0,0,197700,197700,13,7.6
1785979120,601568,14240,83886080,0,0,0,197732,197728,19,7.6
1785979130,605972,14240,83886080,0,0,0,197764,197764,12,7.6
1785979141,600860,14240,83886080,0,0,0,197798,197798,12,7.6
1785979151,600840,14240,83886080,0,0,0,197827,197827,12,7.6
1785979161,600256,14240,83886080,0,0,0,197861,197861,13,7.6
1785979171,601224,14240,83886080,0,0,0,197894,197894,12,7.6
1785979181,600688,14240,83886080,0,0,0,197924,197924,16,7.6
1785979191,600948,14240,83886080,0,0,0,197959,197959,13,7.6
1785979201,600876,14240,83886080,0,0,0,197992,197992,14,7.6
1785979211,601984,14240,83886080,0,0,0,198023,198023,11,7.6
1785979221,604048,14240,83886080,0,0,0,198055,198055,14,7.6
1785979231,603612,14240,83886080,0,0,0,198089,198089,14,7.6
1785979241,601464,14240,83886080,0,0,0,198117,198117,14,7.6
1785979251,602676,14240,83886080,0,0,0,198151,198151,13,7.6
1785979261,603908,14240,83886080,0,0,0,198183,198183,15,7.6
1785979271,603364,14240,83886080,0,0,0,198215,198215,14,7.6
1785979282,600852,14240,83886080,0,0,0,198249,198249,12,7.6
1785979292,606764,14240,83886080,0,0,0,198281,198281,13,7.6
1785979302,600052,14240,83886080,0,0,0,198313,198313,15,7.6
1785979312,600576,14240,83886080,0,0,0,198347,198347,13,7.6
1785979322,601200,14240,83886080,0,0,0,198379,198379,13,7.6
1785979332,601576,14240,83886080,0,0,0,198409,198409,12,7.6
1785979342,601204,14240,83886080,0,0,0,198441,198441,13,7.6
1785979352,602964,14240,83886080,0,0,0,198473,198473,15,7.6
1785979362,605608,14240,83886080,0,0,0,198485,198485,14,7.6
1785979373,602468,14240,83886080,0,0,0,198519,198519,13,7.6
1785979383,605912,14240,83886080,0,0,0,198551,198551,15,7.6
1785979393,601620,14240,83886080,0,0,0,198583,198583,14,7.6
1785979403,606452,14240,83886080,0,0,0,198617,198617,14,7.6
1785979413,600320,14240,83886080,0,0,0,198651,198651,13,7.6
1785979423,603336,14240,83886080,0,0,0,198681,198681,14,7.6
1785979433,599776,14240,83886080,0,0,0,198717,198717,14,7.6
1785979443,602668,14240,83886080,0,0,0,198751,198751,13,7.6
1785979453,601568,14240,83886080,0,0,0,198783,198782,13,7.6
1785979463,605456,14240,83886080,0,0,0,198815,198815,14,7.6
1785979473,605828,14240,83886080,0,0,0,198849,198849,14,7.6
1785979483,608236,14240,83886080,0,0,0,198879,198879,13,7.6
1785979494,607040,14240,83886080,0,0,0,198911,198911,16,7.6
1785979504,603868,14240,83886080,0,0,0,198947,198947,12,7.6
1785979514,607640,14240,83886080,0,0,0,198977,198977,13,7.6
1785979524,602852,14240,83886080,0,0,0,199011,199011,13,7.6
1785979534,606564,14240,83886080,0,0,0,199041,199041,17,7.6
1785979544,601304,14240,83886080,0,0,0,199073,199073,12,7.6
1785979554,604344,14240,83886080,0,0,0,199107,199107,13,7.6
1785979564,600800,14240,83886080,0,0,0,199139,199137,17,7.6
1785979574,604528,14240,83886080,0,0,0,199171,199171,12,7.6
1785979584,604072,14240,83886080,0,0,0,199205,199205,13,7.6
1785979595,603432,14240,83886080,0,0,0,199237,199237,15,7.6
1785979605,600492,14240,83886080,0,0,0,199271,199271,14,7.6
1785979615,603372,14240,83886080,0,0,0,199305,199305,10,7.6
1785979625,606712,14240,83886080,0,0,0,199335,199335,14,7.6
1785979635,600788,14240,83886080,0,0,0,199369,199369,14,7.6
1785979645,608756,14240,83886080,0,0,0,199401,199401,16,7.6
1785979655,601944,14240,83886080,0,0,0,199433,199433,13,7.6
1785979665,601032,14240,83886080,0,0,0,199467,199467,14,7.6
1785979675,601656,14240,83886080,0,0,0,199501,199501,13,7.6
1785979685,602888,14240,83886080,0,0,0,199531,199531,13,7.6
1785979695,601548,14240,83886080,0,0,0,199565,199563,14,7.6
1785979706,603304,14240,83886080,0,0,0,199597,199597,14,7.6
1785979716,610500,14240,83886080,0,0,0,199626,199626,13,7.6
1785979726,602448,14240,83886080,0,0,0,199659,199659,13,7.6
1785979736,602400,14240,83886080,0,0,0,199691,199691,13,7.6
1785979746,604008,14240,83886080,0,0,0,199719,199719,13,7.6
1785979756,602240,14240,83886080,0,0,0,199753,199753,12,7.6
1785979766,603984,14240,83886080,0,0,0,199785,199785,13,7.6
1785979776,601828,14240,83886080,0,0,0,199817,199817,13,7.6
1785979786,603332,14240,83886080,0,0,0,199849,199849,14,7.6
1785979796,600700,14240,83886080,0,0,0,199883,199883,10,7.6
1785979806,612188,14240,83886080,0,0,0,199891,199887,30,7.6
1785979816,603500,14240,83886080,0,0,0,199919,199919,14,7.6
1785979827,604916,14240,83886080,0,0,0,199953,199953,12,7.6
1785979837,611100,14240,83886080,0,0,0,199985,199984,12,7.6
1785979847,602596,14240,83886080,0,0,0,200017,200016,12,7.6
1785979857,602844,14240,83886080,0,0,0,200047,200047,14,7.6
1785979867,600132,14240,83886080,0,0,0,200079,200079,12,7.6
1785979877,604136,14240,83886080,0,0,0,200109,200109,13,7.6
1785979887,604932,14240,83886080,0,0,0,200141,200141,13,7.6
1785979897,604636,14240,83886080,0,0,0,200173,200173,13,7.6
1785979907,604332,14240,83886080,0,0,0,200205,200205,14,7.6
1785979917,602216,14240,83886080,0,0,0,200239,200239,12,7.6
1785979927,603160,14240,83886080,0,0,0,200267,200267,13,7.6
1785979937,601124,14240,83886080,0,0,0,200301,200301,12,7.6
1785979947,602892,14240,83886080,0,0,0,200333,200333,13,7.6
1785979958,601164,14240,83886080,0,0,0,200361,200361,12,7.6
1785979968,602136,14240,83886080,0,0,0,200393,200393,14,7.6
1785979978,600048,14240,83886080,0,0,0,200427,200427,12,7.6
1785979988,605588,14240,83886080,0,0,0,200456,200456,12,7.6
1785979998,602760,14240,83886080,0,0,0,200489,200489,12,7.6
1785980008,602128,14240,83886080,0,0,0,200521,200521,14,7.6
1785980018,602780,14240,83886080,0,0,0,200549,200549,14,7.6
1785980028,603468,14240,83886080,0,0,0,200583,200583,12,7.6
1785980038,601976,14240,83886080,0,0,0,200615,200615,12,7.6
1785980048,603924,14240,83886080,0,0,0,200643,200643,11,7.6
1785980058,603332,14240,83886080,0,0,0,200674,200674,11,7.6
1785980069,603748,14240,83886080,0,0,0,200705,200705,13,7.6
1785980079,600784,14240,83886080,0,0,0,200737,200737,13,7.6
1785980089,602976,14240,83886080,0,0,0,200769,200769,13,7.6
1785980099,611228,14240,83886080,0,0,0,200799,200799,15,7.6
1785980109,601044,14240,83886080,0,0,0,200829,200829,14,7.6
1785980119,601392,14240,83886080,0,0,0,200861,200861,13,7.6
1785980129,602540,14240,83886080,0,0,0,200890,200889,18,7.6
1785980139,605856,14240,83886080,0,0,0,200921,200921,14,7.6
1785980149,602140,14240,83886080,0,0,0,200955,200955,12,7.6
1785980160,606372,14240,83886080,0,0,0,200984,200983,17,7.6
1785980170,606392,14240,83886080,0,0,0,201015,201015,13,7.6
1785980180,605284,14240,83886080,0,0,0,201047,201047,14,7.6
1785980190,600632,14240,83886080,0,0,0,201077,201074,19,7.6
1785980200,601052,14240,83886080,0,0,0,201108,201108,12,7.6
1785980210,600476,14240,83886080,0,0,0,201139,201139,13,7.6
1785980220,602284,14240,83886080,0,0,0,201168,201168,14,7.6
1785980230,602780,14240,83886080,0,0,0,201200,201200,12,7.6
1785980240,604280,14240,83886080,0,0,0,201231,201231,13,7.6
1785980250,600088,14240,83886080,0,0,0,201262,201262,12,7.6
1785980260,603448,14240,83886080,0,0,0,201294,201294,13,7.6
1785980270,602560,14240,83886080,0,0,0,201326,201325,15,7.6
1785980281,602020,14240,83886080,0,0,0,201356,201356,12,7.6
1785980291,602312,14240,83886080,0,0,0,201388,201388,12,7.6
1785980301,605188,14240,83886080,0,0,0,201418,201418,12,7.6
1785980311,602620,14240,83886080,0,0,0,201449,201449,13,7.6
1785980321,601952,14240,83886080,0,0,0,201480,201480,14,7.6
1785980331,600748,14240,83886080,0,0,0,201515,201515,12,7.6
1785980341,604024,14240,83886080,0,0,0,201544,201544,13,7.6
1785980351,601032,14240,83886080,0,0,0,201578,201578,12,7.6
1785980361,602848,14240,83886080,0,0,0,201610,201610,14,7.6
1785980371,606928,14240,83886080,0,0,0,201642,201642,12,7.6
1785980381,609028,14240,83886080,0,0,0,201674,201674,12,7.6
1785980391,606324,14240,83886080,0,0,0,201708,201708,12,7.6
1785980401,600144,14240,83886080,0,0,0,201738,201738,14,7.6
1785980411,603748,14240,83886080,0,0,0,201770,201770,14,7.6
1785980422,603684,14240,83886080,0,0,0,201804,201804,12,7.6
1785980432,603128,14240,83886080,0,0,0,201832,201832,13,7.6
1785980442,603108,14240,83886080,0,0,0,201866,201866,12,7.6
1785980452,610200,14240,83886080,0,0,0,201899,201898,14,7.6
1785980462,602204,14240,83886080,0,0,0,201932,201932,12,7.6
1785980472,603824,14240,83886080,0,0,0,201964,201964,14,7.6
1785980482,602268,14240,83886080,0,0,0,201994,201994,16,7.6
1785980492,610704,14240,83886080,0,0,0,202028,202028,14,7.6
1785980502,601244,14240,83886080,0,0,0,202062,202062,14,7.6
1785980513,606920,14240,83886080,0,0,0,202094,202092,16,7.6
1785980523,607172,14240,83886080,0,0,0,202128,202128,13,7.6
1785980533,603340,14240,83886080,0,0,0,202162,202162,12,7.6
1785980543,602096,14240,83886080,0,0,0,202194,202194,12,7.6
1785980553,601280,14240,83886080,0,0,0,202226,202226,13,7.6
1785980563,601700,14240,83886080,0,0,0,202260,202260,13,7.6
1785980573,602680,14240,83886080,0,0,0,202288,202288,14,7.6
1785980583,603320,14240,83886080,0,0,0,202322,202322,12,7.6
1785980593,601516,14240,83886080,0,0,0,202354,202354,16,7.6
1785980603,604324,14240,83886080,0,0,0,202386,202386,13,7.6
1785980613,609852,14240,83886080,0,0,0,202419,202419,14,7.6
1785980624,605684,14240,83886080,0,0,0,202452,202452,14,7.6
1785980634,602232,14240,83886080,0,0,0,202484,202484,13,7.6
1785980644,602276,14240,83886080,0,0,0,202518,202518,11,7.6
1785980654,601580,14240,83886080,0,0,0,202548,202547,15,7.6
1785980664,603112,14240,83886080,0,0,0,202582,202582,11,7.6
1785980674,602924,14240,83886080,0,0,0,202617,202617,12,7.6
1785980684,601844,14240,83886080,0,0,0,202645,202645,14,7.6
1785980694,607668,14240,83886080,0,0,0,202679,202679,14,7.6
1785980704,606700,14240,83886080,0,0,0,202713,202713,14,7.6
1785980714,607940,14240,83886080,0,0,0,202743,202743,13,7.6
1785980724,604920,14240,83886080,0,0,0,202777,202777,12,7.6
1785980734,602988,14240,83886080,0,0,0,202809,202809,13,7.6
1785980745,602008,14240,83886080,0,0,0,202841,202841,14,7.6
1785980755,603384,14240,83886080,0,0,0,202875,202875,14,7.6
1785980765,604288,14240,83886080,0,0,0,202907,202907,14,7.6
1785980775,605412,14240,83886080,0,0,0,202939,202939,13,7.6
1785980785,601948,14240,83886080,0,0,0,202973,202973,14,7.6
1785980795,600624,14240,83886080,0,0,0,203005,203005,15,7.6
1785980805,602464,14240,83886080,0,0,0,203037,203037,12,7.6
1785980815,603852,14240,83886080,0,0,0,203071,203070,14,7.6
1785980825,603944,14240,83886080,0,0,0,203101,203100,16,7.6
1785980835,603616,14240,83886080,0,0,0,203135,203135,13,7.6
1785980845,602588,14240,83886080,0,0,0,203167,203167,13,7.6
1785980856,603652,14240,83886080,0,0,0,203198,203198,15,7.6
1785980866,606676,14240,83886080,0,0,0,203233,203233,13,7.6
1785980876,604480,14240,83886080,0,0,0,203265,203265,13,7.6
1785980886,602276,14240,83886080,0,0,0,203297,203297,14,7.6
1785980896,607120,14240,83886080,0,0,0,203331,203331,12,7.6
1785980906,605688,14240,83886080,0,0,0,203363,203363,15,7.6
1785980916,607208,14240,83886080,0,0,0,203396,203396,13,7.6
1785980926,601748,14240,83886080,0,0,0,203430,203430,12,7.6
1785980936,607792,14240,83886080,0,0,0,203464,203464,11,7.6
1785980946,602972,14240,83886080,0,0,0,203494,203494,12,7.6
1785980956,604960,14240,83886080,0,0,0,203527,203527,14,7.6
1785980966,604764,14240,83886080,0,0,0,203560,203560,13,7.6
1785980977,602416,14240,83886080,0,0,0,203592,203592,14,7.6
1785980987,602988,14240,83886080,0,0,0,203626,203626,12,7.6
1785980997,606328,14240,83886080,0,0,0,203655,203654,16,7.6
1785981007,601520,14240,83886080,0,0,0,203690,203690,12,7.6
1785981017,602216,14240,83886080,0,0,0,203724,203724,12,7.6
1785981027,608272,14240,83886080,0,0,0,203747,203744,20,7.6
1785981037,602824,14240,83886080,0,0,0,203764,203764,14,7.6
1785981047,602156,14240,83886080,0,0,0,203798,203798,13,7.6
1785981057,606412,14240,83886080,0,0,0,203831,203831,13,7.6
1785981067,602556,14240,83886080,0,0,0,203862,203862,15,7.6
1785981077,608660,14240,83886080,0,0,0,203896,203896,14,7.6
1785981087,602144,14240,83886080,0,0,0,203932,203932,11,7.6
1785981098,605568,14240,83886080,0,0,0,203940,203940,26,7.6
1785981108,602108,14240,83886080,0,0,0,203976,203976,11,7.6
1785981118,603308,14240,83886080,0,0,0,204008,204008,14,7.6
1785981128,603464,14240,83886080,0,0,0,204039,204039,14,7.6
1785981138,611700,14240,83886080,0,0,0,204073,204073,14,7.6
1785981148,601756,14240,83886080,0,0,0,204106,204106,14,7.6
1785981158,606396,14240,83886080,0,0,0,204137,204137,16,7.6
1785981168,601184,14240,83886080,0,0,0,204172,204172,11,7.6
1785981178,605572,14240,83886080,0,0,0,204203,204203,15,7.6
1785981188,603080,14240,83886080,0,0,0,204234,204234,14,7.6
1785981199,602020,14240,83886080,0,0,0,204270,204270,12,7.6
1785981209,609188,14240,83886080,0,0,0,204303,204302,13,7.6
1785981219,606660,14240,83886080,0,0,0,204332,204332,14,7.6
1785981229,608288,14240,83886080,0,0,0,204366,204366,15,7.6
1785981239,603084,14240,83886080,0,0,0,204402,204402,12,7.6
1785981249,602388,14240,83886080,0,0,0,204431,204431,14,7.6
1785981259,602756,14240,83886080,0,0,0,204466,204466,14,7.6
1785981269,606736,14240,83886080,0,0,0,204500,204500,13,7.6
1785981279,604696,14240,83886080,0,0,0,204530,204529,14,7.6
1785981289,604184,14240,83886080,0,0,0,204564,204564,14,7.6
1785981299,600584,14240,83886080,0,0,0,204598,204598,14,7.6
1785981309,600300,14240,83886080,0,0,0,204628,204628,13,7.6
1785981319,603500,14240,83886080,0,0,0,204662,204662,13,7.6
1785981330,609936,14240,83886080,0,0,0,204692,204692,16,7.6
1785981340,601496,14240,83886080,0,0,0,204726,204726,13,7.6
1785981350,611860,14240,83886080,0,0,0,204761,204761,13,7.6
1785981360,601524,14240,83886080,0,0,0,204790,204790,16,7.6
1785981370,603032,14240,83886080,0,0,0,204826,204826,13,7.6
1785981380,601996,14240,83886080,0,0,0,204860,204860,13,7.6
1785981390,607172,14240,83886080,0,0,0,204892,204892,12,7.6
1785981400,614924,14240,83886080,0,0,0,204924,204924,14,7.6
1785981410,603888,14240,83886080,0,0,0,204958,204958,15,7.6
1785981420,604596,14240,83886080,0,0,0,204990,204990,14,7.6
1785981430,603712,14240,83886080,0,0,0,205024,205024,14,7.6
1785981440,600692,14240,83886080,0,0,0,205060,205060,13,7.6
1785981450,606888,14240,83886080,0,0,0,205088,205088,15,7.6
1785981461,604224,14240,83886080,0,0,0,205124,205124,13,7.6
1785981471,603972,14240,83886080,0,0,0,205158,205158,15,7.6
1785981481,604200,14240,83886080,0,0,0,205190,205190,13,7.6
1785981491,603472,14240,83886080,0,0,0,205224,205224,12,7.6
1785981501,603768,14240,83886080,0,0,0,205256,205256,15,7.6
1785981511,605384,14240,83886080,0,0,0,205288,205288,15,7.6
1785981521,606804,14240,83886080,0,0,0,205323,205323,13,7.6
1785981531,607052,14240,83886080,0,0,0,205354,205354,17,7.6
1785981542,603840,14240,83886080,0,0,0,205388,205386,15,7.6
1785981552,602680,14240,83886080,0,0,0,205422,205422,13,7.6
1785981562,602468,14240,83886080,0,0,0,205454,205454,15,7.6
1785981572,603100,14240,83886080,0,0,0,205490,205488,14,7.6
1785981582,601348,14240,83886080,0,0,0,205524,205524,12,7.6
1785981592,606932,14240,83886080,0,0,0,205548,205546,20,7.6
1785981602,607680,14240,83886080,0,0,0,205568,205568,12,7.6
1785981612,602716,14240,83886080,0,0,0,205602,205602,13,7.6
1785981622,605080,14240,83886080,0,0,0,205635,205635,14,7.6
1785981633,601324,14240,83886080,0,0,0,205668,205668,14,7.6
1785981643,602796,14240,83886080,0,0,0,205702,205702,13,7.6
1785981653,602952,14240,83886080,0,0,0,205734,205733,16,7.6
1785981663,601616,14240,83886080,0,0,0,205769,205769,12,7.6
1785981673,603976,14240,83886080,0,0,0,205803,205803,13,7.6
1785981683,600280,14240,83886080,0,0,0,205835,205835,15,7.6
1785981693,601032,14240,83886080,0,0,0,205871,205870,12,7.6
1785981703,606692,14240,83886080,0,0,0,205905,205905,12,7.6
1785981714,601460,14240,83886080,0,0,0,205923,205921,22,7.6
1785981724,600964,14240,83886080,0,0,0,205949,205949,15,7.6
1785981734,601500,14240,83886080,0,0,0,205985,205985,13,7.6
1785981744,603920,14240,83886080,0,0,0,206016,206015,17,7.6
1785981754,601804,14240,83886080,0,0,0,206051,206051,13,7.6
1785981764,601188,14240,83886080,0,0,0,206085,206085,13,7.6
1785981774,603208,14240,83886080,0,0,0,206117,206117,15,7.6
1785981784,603136,14240,83886080,0,0,0,206153,206153,12,7.6
1785981794,601232,14240,83886080,0,0,0,206185,206185,13,7.6
1785981804,602476,14240,83886080,0,0,0,206215,206215,16,7.6
1785981814,604488,14240,83886080,0,0,0,206251,206251,12,7.6
1785981824,602724,14240,83886080,0,0,0,206285,206285,13,7.6
1785981834,604500,14240,83886080,0,0,0,206315,206315,13,7.6
1785981844,604580,14240,83886080,0,0,0,206347,206347,14,7.6
1785981855,601704,14240,83886080,0,0,0,206379,206379,12,7.6
1785981865,608368,14240,83886080,0,0,0,206407,206407,16,7.6
1785981875,605356,14240,83886080,0,0,0,206441,206441,12,7.6
1785981885,600844,14240,83886080,0,0,0,206473,206473,12,7.6
1785981895,602920,14240,83886080,0,0,0,206502,206502,12,7.6
1785981905,600348,14240,83886080,0,0,0,206535,206535,12,7.6
1785981915,602580,14240,83886080,0,0,0,206567,206567,12,7.6
1785981925,600828,14240,83886080,0,0,0,206595,206595,12,7.6
1785981935,603916,14240,83886080,0,0,0,206629,206629,12,7.6
1785981945,604856,14240,83886080,0,0,0,206657,206657,15,7.6
1785981956,601400,14240,83886080,0,0,0,206689,206689,15,7.6
1785981966,603336,14240,83886080,0,0,0,206721,206721,14,7.6
1785981976,606236,14240,83886080,0,0,0,206751,206751,14,7.6
1785981986,601156,14240,83886080,0,0,0,206783,206783,13,7.6
1785981996,605032,14240,83886080,0,0,0,206815,206815,14,7.6
1785982006,611000,14240,83886080,0,0,0,206845,206845,15,7.6
1785982016,602876,14240,83886080,0,0,0,206875,206875,13,7.6
1785982026,606912,14240,83886080,0,0,0,206907,206907,13,7.6
1785982036,602400,14240,83886080,0,0,0,206939,206939,15,7.6
1785982046,602380,14240,83886080,0,0,0,206967,206967,14,7.6
1785982056,600016,14240,83886080,0,0,0,207001,207001,12,7.6
1785982067,604248,14240,83886080,0,0,0,207033,207033,12,7.6
1785982077,603484,14240,83886080,0,0,0,207063,207063,12,7.6
1785982087,604244,14240,83886080,0,0,0,207095,207095,12,7.6
1785982097,604700,14240,83886080,0,0,0,207127,207127,12,7.6
1785982107,602720,14240,83886080,0,0,0,207157,207157,14,7.6
1785982117,599904,14240,83886080,0,0,0,207189,207189,12,7.6
1785982127,602004,14240,83886080,0,0,0,207221,207221,13,7.6
1785982137,600944,14240,83886080,0,0,0,207251,207251,12,7.6
1785982147,607052,14240,83886080,0,0,0,207283,207283,12,7.6
1785982157,604200,14240,83886080,0,0,0,207315,207315,14,7.6
1785982167,602036,14240,83886080,0,0,0,207327,207327,12,7.6
1785982178,601572,14240,83886080,0,0,0,207359,207359,12,7.6
1785982188,600964,14240,83886080,0,0,0,207392,207392,12,7.6
1785982198,603428,14240,83886080,0,0,0,207421,207421,14,7.6
1785982208,602476,14240,83886080,0,0,0,207455,207455,12,7.6
1785982218,604408,14240,83886080,0,0,0,207487,207487,12,7.6
1785982228,603392,14240,83886080,0,0,0,207519,207519,12,7.6
1785982238,602992,14240,83886080,0,0,0,207551,207551,12,7.6
1785982248,602104,14240,83886080,0,0,0,207585,207585,12,7.6
1785982258,603816,14240,83886080,0,0,0,207615,207615,13,7.6
1785982268,605764,14240,83886080,0,0,0,207647,207647,13,7.6
1785982279,606812,14240,83886080,0,0,0,207681,207681,13,7.6
1785982289,606988,14240,83886080,0,0,0,207711,207711,12,7.6
1785982299,605344,14240,83886080,0,0,0,207743,207743,12,7.6
1785982309,601696,14240,83886080,0,0,0,207777,207777,12,7.6
1785982319,601560,14240,83886080,0,0,0,207805,207805,15,7.6
1785982329,601784,14240,83886080,0,0,0,207839,207839,14,7.6
1785982339,601284,14240,83886080,0,0,0,207871,207871,13,7.6
1785982349,603336,14240,83886080,0,0,0,207899,207899,16,7.6
1785982359,601392,14240,83886080,0,0,0,207933,207933,14,7.6
1785982369,604460,14240,83886080,0,0,0,207965,207965,14,7.6
1785982379,612892,14240,83886080,0,0,0,207981,207981,23,7.6
1785982389,603776,14240,83886080,0,0,0,208009,208009,15,7.6
1785982400,601840,14240,83886080,0,0,0,208043,208043,13,7.6
1785982410,612496,14240,83886080,0,0,0,208074,208071,15,7.6
1785982420,601980,14240,83886080,0,0,0,208107,208107,12,7.6
1785982430,603996,14240,83886080,0,0,0,208139,208139,13,7.6
1785982440,602056,14240,83886080,0,0,0,208171,208169,16,7.6
1785982450,601208,14240,83886080,0,0,0,208205,208205,12,7.6
1785982460,600636,14240,83886080,0,0,0,208237,208237,15,7.6
1785982470,604064,14240,83886080,0,0,0,208269,208269,15,7.6
1785982480,602708,14240,83886080,0,0,0,208303,208303,16,7.6
1785982490,601536,14240,83886080,0,0,0,208339,208339,13,7.6
1785982500,601504,14240,83886080,0,0,0,208371,208369,14,7.6
1785982511,603400,14240,83886080,0,0,0,208403,208403,13,7.6
1785982521,604224,14240,83886080,0,0,0,208437,208437,13,7.6
1785982531,600520,14240,83886080,0,0,0,208469,208469,13,7.6
1785982541,602432,14240,83886080,0,0,0,208503,208503,12,7.6
1785982551,603324,14240,83886080,0,0,0,208535,208535,14,7.6
1785982561,605684,14240,83886080,0,0,0,208567,208567,13,7.6
1785982571,604312,14240,83886080,0,0,0,208601,208601,12,7.6
1785982581,602896,14240,83886080,0,0,0,208633,208633,13,7.6
1785982591,605480,14240,83886080,0,0,0,208661,208661,14,7.6
1785982601,603256,14240,83886080,0,0,0,208697,208697,14,7.6
1785982611,602252,14240,83886080,0,0,0,208731,208731,12,7.6
1785982621,603132,14240,83886080,0,0,0,208763,208763,12,7.6
1785982631,605640,14240,83886080,0,0,0,208797,208797,14,7.6
1785982641,606928,14240,83886080,0,0,0,208829,208829,14,7.6
1785982652,604448,14240,83886080,0,0,0,208861,208861,13,7.6
1785982662,602312,14240,83886080,0,0,0,208895,208895,15,7.6
1785982672,602020,14240,83886080,0,0,0,208926,208923,19,7.6
1785982682,601380,14240,83886080,0,0,0,208959,208959,12,7.6
1785982692,600700,14240,83886080,0,0,0,208993,208993,14,7.6
1785982702,601664,14240,83886080,0,0,0,209025,209025,12,7.6
1785982712,603848,14240,83886080,0,0,0,209057,209057,14,7.6
1785982722,603640,14240,83886080,0,0,0,209091,209091,13,7.6
1785982732,600952,14240,83886080,0,0,0,209123,209123,12,7.6
1785982742,603548,14240,83886080,0,0,0,209153,209153,15,7.6
1785982752,605564,14240,83886080,0,0,0,209187,209187,12,7.6
1785982763,609660,14240,83886080,0,0,0,209217,209217,14,7.6
1785982773,604416,14240,83886080,0,0,0,209249,209249,14,7.6
1785982783,607552,14240,83886080,0,0,0,209283,209283,12,7.6
1785982793,604832,14240,83886080,0,0,0,209303,209301,21,7.6
1785982803,604048,14240,83886080,0,0,0,209326,209325,14,7.6
1785982813,603960,14240,83886080,0,0,0,209359,209358,14,7.6
1785982823,606344,14240,83886080,0,0,0,209392,209392,13,7.6
1785982833,608984,14240,83886080,0,0,0,209421,209421,14,7.6
1785982843,602304,14240,83886080,0,0,0,209455,209455,13,7.6
1785982853,603228,14240,83886080,0,0,0,209487,209487,13,7.6
1785982863,601084,14240,83886080,0,0,0,209519,209519,13,7.6
1785982873,600412,14240,83886080,0,0,0,209551,209551,14,7.6
1785982884,604884,14240,83886080,0,0,0,209582,209581,14,7.6
1785982894,601736,14240,83886080,0,0,0,209613,209613,15,7.6
1785982904,603288,14240,83886080,0,0,0,209646,209646,12,7.6
1785982914,604664,14240,83886080,0,0,0,209678,209678,14,7.6
1785982924,605384,14240,83886080,0,0,0,209712,209712,12,7.6
1785982934,599384,14240,83886080,0,0,0,209746,209746,12,7.6
1785982944,601244,14240,83886080,0,0,0,209775,209775,14,7.6
1785982954,605316,14240,83886080,0,0,0,209809,209809,12,7.6
1785982964,601968,14240,83886080,0,0,0,209841,209841,14,7.6
1785982974,608324,14240,83886080,0,0,0,209873,209873,13,7.6
1785982985,604076,14240,83886080,0,0,0,209907,209907,13,7.6
1785982995,602308,14240,83886080,0,0,0,209939,209939,14,7.6
1785983005,602592,14240,83886080,0,0,0,209971,209971,13,7.6
1785983015,607444,14240,83886080,0,0,0,210003,210003,14,7.6
1785983025,601868,14240,83886080,0,0,0,210037,210037,14,7.6
1785983035,609448,14240,83886080,0,0,0,210069,210069,13,7.6
1785983045,602900,14240,83886080,0,0,0,210103,210103,12,7.6
1785983055,606456,14240,83886080,0,0,0,210135,210132,16,7.6
1785983065,602192,14240,83886080,0,0,0,210167,210167,12,7.6
1785983075,600568,14240,83886080,0,0,0,210202,210202,12,7.6
1785983086,601488,14240,83886080,0,0,0,210234,210234,13,7.6
1785983096,602420,14240,83886080,0,0,0,210266,210266,14,7.6
1785983106,601536,14240,83886080,0,0,0,210301,210301,14,7.6
1785983116,602764,14240,83886080,0,0,0,210332,210332,12,7.6
1785983126,602396,14240,83886080,0,0,0,210366,210366,12,7.6
1785983136,608088,14240,83886080,0,0,0,210399,210399,14,7.6
1785983146,603020,14240,83886080,0,0,0,210430,210430,14,7.6
1785983156,602984,14240,83886080,0,0,0,210464,210464,14,7.6
1785983166,610920,14240,83886080,0,0,0,210497,210497,14,7.6
1785983176,608180,14240,83886080,0,0,0,210529,210529,13,7.6
1785983187,604628,14240,83886080,0,0,0,210563,210563,12,7.6
1785983197,602856,14240,83886080,0,0,0,210595,210595,15,7.6
1785983207,600776,14240,83886080,0,0,0,210627,210627,13,7.6
1785983217,600520,14240,83886080,0,0,0,210661,210661,12,7.6
1785983227,600112,14240,83886080,0,0,0,210693,210693,12,7.6
1785983237,602368,14240,83886080,0,0,0,210725,210725,15,7.6
1785983247,602308,14240,83886080,0,0,0,210759,210759,15,7.6
1785983257,604092,14240,83886080,0,0,0,210791,210791,13,7.6
1785983267,602224,14240,83886080,0,0,0,210825,210825,13,7.6
1785983277,602428,14240,83886080,0,0,0,210858,210858,13,7.6
1785983287,600408,14240,83886080,0,0,0,210889,210889,14,7.6
1785983297,601608,14240,83886080,0,0,0,210924,210924,13,7.6
1785983307,603276,14240,83886080,0,0,0,210957,210957,14,7.6
1785983317,601772,14240,83886080,0,0,0,210988,210988,12,7.6
1785983328,600464,14240,83886080,0,0,0,211022,211022,13,7.6
1785983338,603044,14240,83886080,0,0,0,211054,211054,12,7.6
1785983348,602728,14240,83886080,0,0,0,211086,211086,12,7.6
1785983358,600908,14240,83886080,0,0,0,211117,211117,15,7.6
1785983368,602136,14240,83886080,0,0,0,211148,211148,16,7.6
1785983378,603372,14240,83886080,0,0,0,211180,211180,12,7.6
1785983388,602636,14240,83886080,0,0,0,211212,211212,11,7.6
1785983398,601572,14240,83886080,0,0,0,211242,211242,13,7.6
1785983408,602644,14240,83886080,0,0,0,211274,211274,14,7.6
1785983418,601944,14240,83886080,0,0,0,211306,211306,13,7.6
1785983429,602524,14240,83886080,0,0,0,211337,211337,15,7.6
1785983439,601508,14240,83886080,0,0,0,211371,211371,12,7.6
1785983449,602044,14240,83886080,0,0,0,211403,211403,12,7.6
1785983459,602604,14240,83886080,0,0,0,211431,211431,15,7.6
1785983469,604180,14240,83886080,0,0,0,211465,211465,14,7.6
1785983479,602952,14240,83886080,0,0,0,211497,211497,15,7.6
1785983489,612108,14240,83886080,0,0,0,211525,211525,14,7.6
1785983499,600480,14240,83886080,0,0,0,211559,211559,12,7.6
1785983509,601936,14240,83886080,0,0,0,211591,211591,12,7.6
1785983519,601536,14240,83886080,0,0,0,211611,211611,19,7.6
1785983529,605616,14240,83886080,0,0,0,211631,211631,14,7.6
1785983539,603100,14240,83886080,0,0,0,211665,211665,12,7.6
1785983549,606068,14240,83886080,0,0,0,211697,211697,13,7.6
1785983560,606484,14240,83886080,0,0,0,211727,211727,14,7.6
1785983570,601980,14240,83886080,0,0,0,211759,211759,14,7.6
1785983580,601844,14240,83886080,0,0,0,211791,211791,14,7.6
1785983590,599912,14240,83886080,0,0,0,211823,211823,13,7.6
1785983600,604052,14240,83886080,0,0,0,211855,211855,14,7.6
1785983610,602804,14240,83886080,0,0,0,211885,211885,16,7.6
1785983620,602940,14240,83886080,0,0,0,211917,211917,15,7.6
1785983630,603872,14240,83886080,0,0,0,211951,211951,13,7.6
1785983640,601800,14240,83886080,0,0,0,211979,211979,15,7.6
1785983651,607016,14240,83886080,0,0,0,212011,212011,12,7.6
1785983661,605032,14240,83886080,0,0,0,212043,212043,12,7.6
1785983671,600640,14240,83886080,0,0,0,212073,212073,14,7.6
1785983681,601192,14240,83886080,0,0,0,212105,212105,14,7.6
1785983691,604428,14240,83886080,0,0,0,212138,212138,13,7.6
1785983701,602956,14240,83886080,0,0,0,212167,212167,13,7.6
1785983711,606148,14240,83886080,0,0,0,212199,212199,14,7.6
1785983721,604036,14240,83886080,0,0,0,212233,212233,12,7.6
1785983731,600228,14240,83886080,0,0,0,212261,212261,13,7.6
1785983741,600864,14240,83886080,0,0,0,212293,212293,13,7.6
1785983751,600216,14240,83886080,0,0,0,212325,212325,14,7.6
1785983761,603820,14240,83886080,0,0,0,212354,212354,13,7.6
1785983772,606984,14240,83886080,0,0,0,212385,212385,15,7.6
1785983782,602008,14240,83886080,0,0,0,212417,212417,15,7.6
1785983792,604844,14240,83886080,0,0,0,212449,212449,14,7.6
1785983802,601276,14240,83886080,0,0,0,212481,212481,13,7.6
1785983812,603316,14240,83886080,0,0,0,212514,212513,12,7.6
1785983822,604308,14240,83886080,0,0,0,212527,212527,24,7.6
1785983832,600536,14240,83886080,0,0,0,212555,212555,12,7.6
1785983842,601892,14240,83886080,0,0,0,212586,212586,13,7.6
1785983852,600396,14240,83886080,0,0,0,212617,212617,16,7.6
1785983863,602392,14240,83886080,0,0,0,212648,212648,12,7.6
1785983873,605932,14240,83886080,0,0,0,212680,212680,11,7.6
1785983883,599500,14240,83886080,0,0,0,212711,212708,15,7.6
1785983893,601116,14240,83886080,0,0,0,212742,212742,11,7.6
1785983903,607340,14240,83886080,0,0,0,212774,212774,12,7.6
1785983913,602324,14240,83886080,0,0,0,212803,212803,15,7.6
1785983923,602664,14240,83886080,0,0,0,212837,212837,13,7.6
1785983933,602948,14240,83886080,0,0,0,212869,212869,14,7.6
1785983943,604228,14240,83886080,0,0,0,212900,212900,14,7.6
1785983953,602520,14240,83886080,0,0,0,212932,212932,13,7.6
1785983963,607804,14240,83886080,0,0,0,212966,212966,11,7.6
1785983973,602276,14240,83886080,0,0,0,212993,212993,14,7.6
1785983983,604956,14240,83886080,0,0,0,213025,213025,14,7.6
1785983994,604452,14240,83886080,0,0,0,213057,213057,14,7.6
1785984004,606256,14240,83886080,0,0,0,213089,213089,13,7.6
1785984014,602024,14240,83886080,0,0,0,213121,213121,12,7.6
1785984024,601944,14240,83886080,0,0,0,213155,213155,12,7.6
1785984034,604352,14240,83886080,0,0,0,213171,213171,21,7.6
1785984044,603360,14240,83886080,0,0,0,213198,213198,12,7.6
1785984054,601480,14240,83886080,0,0,0,213229,213229,14,7.6
1785984064,603368,14240,83886080,0,0,0,213261,213261,14,7.6
1785984075,600016,14240,83886080,0,0,0,213293,213293,11,7.6
1785984085,601284,14240,83886080,0,0,0,213325,213325,12,7.6
1785984095,608132,14240,83886080,0,0,0,213355,213352,17,7.6
1785984105,602128,14240,83886080,0,0,0,213387,213387,11,7.6
1785984115,602964,14240,83886080,0,0,0,213419,213419,12,7.6
1785984125,599856,14240,83886080,0,0,0,213449,213449,14,7.6
1785984135,600184,14240,83886080,0,0,0,213481,213481,14,7.6
1785984145,604016,14240,83886080,0,0,0,213515,213515,12,7.6
1785984155,605104,14240,83886080,0,0,0,213543,213543,15,7.6
1785984165,605164,14240,83886080,0,0,0,213577,213577,13,7.6
1785984176,602456,14240,83886080,0,0,0,213609,213609,14,7.6
1785984186,600032,14240,83886080,0,0,0,213641,213641,12,7.6
1785984196,605160,14240,83886080,0,0,0,213673,213673,14,7.6
1785984206,601020,14240,83886080,0,0,0,213705,213705,14,7.6
1785984216,603760,14240,83886080,0,0,0,213735,213735,12,7.6
1785984226,600600,14240,83886080,0,0,0,213769,213769,12,7.6
1785984236,602240,14240,83886080,0,0,0,213801,213801,14,7.6
1785984246,603020,14240,83886080,0,0,0,213833,213833,15,7.6
1785984256,604828,14240,83886080,0,0,0,213865,213865,13,7.6
1785984266,602424,14240,83886080,0,0,0,213900,213900,12,7.6
1785984276,606040,14240,83886080,0,0,0,213931,213931,12,7.6
1785984287,601336,14240,83886080,0,0,0,213963,213963,14,7.6
1785984297,604404,14240,83886080,0,0,0,213995,213995,14,7.6
1785984307,601920,14240,83886080,0,0,0,214027,214027,13,7.6
1785984317,602272,14240,83886080,0,0,0,214061,214061,12,7.6
1785984327,603444,14240,83886080,0,0,0,214089,214087,17,7.6
1785984337,599068,14240,83886080,0,0,0,214107,214107,12,7.6
1785984347,601440,14240,83886080,0,0,0,214139,214139,14,7.6
1785984357,601588,14240,83886080,0,0,0,214173,214173,13,7.6
1785984367,602144,14240,83886080,0,0,0,214205,214205,15,7.6
1785984377,605036,14240,83886080,0,0,0,214237,214237,15,7.6
1785984387,610708,14240,83886080,0,0,0,214269,214269,16,7.6
1785984397,605160,14240,83886080,0,0,0,214302,214302,12,7.6
1785984408,601408,14240,83886080,0,0,0,214335,214335,13,7.6
1785984418,602572,14240,83886080,0,0,0,214367,214367,12,7.6
1785984428,605552,14240,83886080,0,0,0,214400,214400,14,7.6
1785984438,600576,14240,83886080,0,0,0,214433,214433,13,7.6
1785984448,606520,14240,83886080,0,0,0,214461,214461,14,7.6
1785984458,604988,14240,83886080,0,0,0,214497,214497,12,7.6
1785984468,601792,14240,83886080,0,0,0,214531,214531,12,7.6
1785984478,602992,14240,83886080,0,0,0,214559,214559,15,7.6
1785984488,599708,14240,83886080,0,0,0,214595,214595,12,7.6
1785984498,600248,14240,83886080,0,0,0,214629,214628,11,7.6
1785984508,602944,14240,83886080,0,0,0,214657,214657,15,7.6
1785984518,603344,14240,83886080,0,0,0,214691,214691,15,7.6
1785984529,608400,14240,83886080,0,0,0,214725,214723,15,7.6
1785984539,608128,14240,83886080,0,0,0,214755,214755,13,7.6
1785984549,601128,14240,83886080,0,0,0,214789,214789,12,7.6
1785984559,600516,14240,83886080,0,0,0,214821,214821,14,7.6
1785984569,600624,14240,83886080,0,0,0,214853,214853,14,7.6
1785984579,604160,14240,83886080,0,0,0,214887,214887,15,7.6
1785984589,602332,14240,83886080,0,0,0,214915,214913,18,7.6
1785984599,602276,14240,83886080,0,0,0,214947,214947,14,7.6
1785984609,603100,14240,83886080,0,0,0,214981,214981,13,7.6
1785984619,603440,14240,83886080,0,0,0,215013,215013,14,7.6
1785984629,605716,14240,83886080,0,0,0,215045,215045,13,7.6
1785984639,606552,14240,83886080,0,0,0,215079,215079,12,7.6
1785984650,607544,14240,83886080,0,0,0,215111,215111,11,7.6
1785984660,602336,14240,83886080,0,0,0,215143,215143,12,7.6
1785984670,602776,14240,83886080,0,0,0,215175,215175,14,7.6
1785984680,604044,14240,83886080,0,0,0,215205,215205,13,7.6
1785984690,601652,14240,83886080,0,0,0,215239,215239,13,7.6
1785984700,606232,14240,83886080,0,0,0,215273,215273,13,7.6
1785984710,604284,14240,83886080,0,0,0,215303,215303,11,7.6
1785984720,602124,14240,83886080,0,0,0,215335,215335,13,7.6
1785984730,600832,14240,83886080,0,0,0,215369,215369,12,7.6
1785984740,605288,14240,83886080,0,0,0,215397,215397,13,7.6
1785984750,603156,14240,83886080,0,0,0,215430,215430,14,7.6
1785984761,604752,14240,83886080,0,0,0,215463,215463,14,7.6
1785984771,605016,14240,83886080,0,0,0,215495,215495,14,7.6
1785984781,600916,14240,83886080,0,0,0,215527,215527,14,7.6
1785984791,604376,14240,83886080,0,0,0,215558,215558,15,7.6
1785984801,601796,14240,83886080,0,0,0,215592,215592,13,7.6
1785984811,602960,14240,83886080,0,0,0,215624,215624,15,7.6
1785984821,601728,14240,83886080,0,0,0,215656,215656,13,7.6
1785984831,605448,14240,83886080,0,0,0,215690,215690,13,7.6
1785984841,600924,14240,83886080,0,0,0,215723,215723,12,7.6
1785984851,603076,14240,83886080,0,0,0,215754,215754,12,7.6
1785984861,601028,14240,83886080,0,0,0,215786,215786,13,7.6
1785984872,603028,14240,83886080,0,0,0,215820,215820,13,7.6
1785984882,604664,14240,83886080,0,0,0,215852,215852,12,7.6
1785984892,602788,14240,83886080,0,0,0,215882,215882,14,7.6
1785984902,603264,14240,83886080,0,0,0,215915,215915,15,7.6
1785984912,606744,14240,83886080,0,0,0,215946,215946,13,7.6
1785984922,602756,14240,83886080,0,0,0,215980,215980,12,7.6
1785984932,608812,14240,83886080,0,0,0,216012,216012,14,7.6
1785984942,604572,14240,83886080,0,0,0,216023,216023,17,7.6
1785984952,605012,14240,83886080,0,0,0,216056,216056,15,7.6
1785984962,602280,14240,83886080,0,0,0,216089,216089,15,7.6
1785984972,604316,14240,83886080,0,0,0,216121,216121,15,7.6
1785984983,603704,14240,83886080,0,0,0,216154,216154,13,7.6
1785984993,604152,14240,83886080,0,0,0,216186,216186,14,7.6
1785985003,602700,14240,83886080,0,0,0,216219,216219,12,7.6
1785985013,603732,14240,83886080,0,0,0,216252,216252,13,7.6
1785985023,602536,14240,83886080,0,0,0,216285,216285,14,7.6
1785985033,601800,14240,83886080,0,0,0,216313,216313,14,7.6
1785985043,603104,14240,83886080,0,0,0,216348,216348,12,7.6
1785985053,608076,14240,83886080,0,0,0,216380,216380,15,7.6
1785985063,602612,14240,83886080,0,0,0,216411,216411,13,7.6
1785985073,604472,14240,83886080,0,0,0,216444,216444,13,7.6
1785985084,601012,14240,83886080,0,0,0,216477,216475,14,7.6
1785985094,600456,14240,83886080,0,0,0,216510,216510,11,7.6
1785985104,604908,14240,83886080,0,0,0,216543,216542,14,7.6
1785985114,603084,14240,83886080,0,0,0,216572,216572,16,7.6
1785985124,602264,14240,83886080,0,0,0,216606,216606,13,7.6
1785985134,604984,14240,83886080,0,0,0,216638,216638,12,7.6
1785985144,603016,14240,83886080,0,0,0,216670,216670,14,7.6
1785985154,601792,14240,83886080,0,0,0,216705,216705,12,7.6
1785985164,602892,14240,83886080,0,0,0,216738,216738,13,7.6
1785985174,602820,14240,83886080,0,0,0,216770,216770,12,7.6
1785985184,601084,14240,83886080,0,0,0,216804,216804,14,7.6
1785985194,610576,14240,83886080,0,0,0,216837,216837,13,7.6
1785985205,603916,14240,83886080,0,0,0,216869,216869,12,7.6
1785985215,600840,14240,83886080,0,0,0,216903,216903,13,7.6
1785985225,601936,14240,83886080,0,0,0,216937,216937,14,7.6
1785985235,599744,14240,83886080,0,0,0,216968,216968,13,7.6
1785985245,603392,14240,83886080,0,0,0,217002,217002,13,7.6
1785985255,603656,14240,83886080,0,0,0,217037,217037,12,7.6
1785985265,604264,14240,83886080,0,0,0,217067,217067,13,7.6
1785985275,603156,14240,83886080,0,0,0,217101,217101,13,7.6
1785985285,610068,14240,83886080,0,0,0,217134,217134,16,7.6
1785985295,607616,14240,83886080,0,0,0,217167,217166,14,7.6
1785985305,601612,14240,83886080,0,0,0,217201,217201,12,7.6
1785985315,603092,14240,83886080,0,0,0,217232,217232,14,7.6
1785985326,601688,14240,83886080,0,0,0,217266,217266,14,7.6
1785985336,603628,14240,83886080,0,0,0,217300,217300,12,7.6
1785985346,602760,14240,83886080,0,0,0,217330,217330,14,7.6
1785985356,600676,14240,83886080,0,0,0,217366,217366,14,7.6
1785985366,602048,14240,83886080,0,0,0,217400,217400,12,7.6
1785985376,600108,14240,83886080,0,0,0,217432,217432,12,7.6
1785985386,601916,14240,83886080,0,0,0,217466,217466,14,7.6
1785985396,603864,14240,83886080,0,0,0,217500,217500,14,7.6
1785985406,601344,14240,83886080,0,0,0,217530,217530,12,7.6
1785985416,604192,14240,83886080,0,0,0,217562,217562,15,7.6
1785985426,603544,14240,83886080,0,0,0,217597,217597,14,7.6
1785985436,601228,14240,83886080,0,0,0,217628,217628,13,7.6
1785985446,603708,14240,83886080,0,0,0,217660,217660,15,7.6
1785985456,609744,14240,83886080,0,0,0,217692,217692,15,7.6
1785985467,603052,14240,83886080,0,0,0,217726,217726,11,7.6
1785985477,606620,14240,83886080,0,0,0,217758,217758,12,7.6
1785985487,608512,14240,83886080,0,0,0,217786,217786,16,7.6
1785985497,600456,14240,83886080,0,0,0,217820,217820,13,7.6
1785985507,603108,14240,83886080,0,0,0,217852,217852,15,7.6
1785985517,603828,14240,83886080,0,0,0,217881,217881,14,7.6
1785985527,609136,14240,83886080,0,0,0,217915,217915,12,7.6
1785985537,604116,14240,83886080,0,0,0,217948,217948,12,7.6
1785985547,600748,14240,83886080,0,0,0,217978,217978,13,7.6
1785985557,601076,14240,83886080,0,0,0,218011,218011,12,7.6
1785985567,603628,14240,83886080,0,0,0,218043,218043,14,7.6
1785985577,602144,14240,83886080,0,0,0,218074,218074,14,7.6
1785985588,608404,14240,83886080,0,0,0,218107,218107,13,7.6
1785985598,604308,14240,83886080,0,0,0,218140,218140,13,7.6
1785985608,599916,14240,83886080,0,0,0,218172,218172,12,7.6
1785985618,601448,14240,83886080,0,0,0,218204,218204,13,7.6
1785985628,600108,14240,83886080,0,0,0,218238,218238,12,7.6
1785985638,606736,14240,83886080,0,0,0,218246,218246,25,7.6
1785985648,600400,14240,83886080,0,0,0,218280,218280,13,7.6
1785985658,605568,14240,83886080,0,0,0,218313,218312,14,7.6
1785985668,603180,14240,83886080,0,0,0,218338,218336,20,7.6
1785985678,602432,14240,83886080,0,0,0,218356,218356,13,7.6
1785985688,601596,14240,83886080,0,0,0,218388,218388,14,7.6
1785985699,604316,14240,83886080,0,0,0,218422,218422,12,7.6
1785985709,600860,14240,83886080,0,0,0,218450,218450,14,7.6
1785985719,604000,14240,83886080,0,0,0,218483,218483,14,7.6
1785985729,601048,14240,83886080,0,0,0,218516,218516,13,7.6
1785985739,605388,14240,83886080,0,0,0,218548,218548,13,7.6
1785985749,606856,14240,83886080,0,0,0,218578,218578,14,7.6
1785985759,601900,14240,83886080,0,0,0,218610,218610,15,7.6
1785985769,602740,14240,83886080,0,0,0,218642,218642,15,7.6
1785985779,602932,14240,83886080,0,0,0,218676,218675,12,7.6
1785985789,611076,14240,83886080,0,0,0,218704,218704,16,7.6
1785985799,600660,14240,83886080,0,0,0,218736,218736,13,7.6
1785985810,606180,14240,83886080,0,0,0,218769,218769,12,7.6
1785985820,604776,14240,83886080,0,0,0,218798,218798,16,7.6
1785985830,599016,14240,83886080,0,0,0,218832,218832,13,7.6
1785985840,604016,14240,83886080,0,0,0,218864,218864,14,7.6
1785985850,602812,14240,83886080,0,0,0,218892,218892,19,7.6
1785985860,602124,14240,83886080,0,0,0,218926,218926,13,7.6
1785985870,603648,14240,83886080,0,0,0,218958,218958,15,7.6
1785985880,603932,14240,83886080,0,0,0,218987,218987,16,7.6
1785985890,602788,14240,83886080,0,0,0,219020,219020,15,7.6
1785985900,602948,14240,83886080,0,0,0,219053,219053,13,7.6
1785985910,602212,14240,83886080,0,0,0,219085,219085,13,7.6
1785985920,603816,14240,83886080,0,0,0,219117,219117,14,7.6
1785985931,615584,14240,83886080,0,0,0,219151,219151,12,7.6
1785985941,602856,14240,83886080,0,0,0,219179,219179,13,7.6
1785985951,603828,14240,83886080,0,0,0,219211,219211,14,7.6
1785985961,600892,14240,83886080,0,0,0,219245,219245,12,7.6
1785985971,606656,14240,83886080,0,0,0,219273,219273,14,7.6
1785985981,600788,14240,83886080,0,0,0,219307,219307,14,7.6
1785985991,607816,14240,83886080,0,0,0,219339,219339,13,7.6
1785986001,602716,14240,83886080,0,0,0,219371,219371,14,7.6
1785986011,600372,14240,83886080,0,0,0,219403,219403,14,7.6
1785986021,601776,14240,83886080,0,0,0,219437,219437,12,7.6
1785986031,606728,14240,83886080,0,0,0,219465,219465,14,7.6
1785986041,602260,14240,83886080,0,0,0,219499,219499,13,7.6
1785986051,608236,14240,83886080,0,0,0,219531,219531,13,7.6
1785986061,603772,14240,83886080,0,0,0,219563,219563,14,7.6
1785986072,602216,14240,83886080,0,0,0,219597,219597,15,7.6
1785986082,598448,14240,83886080,0,0,0,219629,219629,10,7.6
1785986092,604060,14240,83886080,0,0,0,219661,219661,13,7.6
1785986102,605156,14240,83886080,0,0,0,219695,219695,12,7.6
1785986112,602016,14240,83886080,0,0,0,219727,219727,13,7.6
1785986122,602184,14240,83886080,0,0,0,219760,219760,13,7.6
1785986132,603924,14240,83886080,0,0,0,219793,219793,15,7.6
1785986142,605124,14240,83886080,0,0,0,219825,219825,12,7.6
1785986152,604240,14240,83886080,0,0,0,219857,219857,13,7.6
1785986162,606124,14240,83886080,0,0,0,219891,219891,15,7.6
1785986172,602864,14240,83886080,0,0,0,219906,219903,23,7.6
1785986183,603336,14240,83886080,0,0,0,219937,219937,14,7.6
1785986193,601204,14240,83886080,0,0,0,219971,219971,13,7.6
1785986203,602804,14240,83886080,0,0,0,220002,220002,12,7.6
1785986213,602392,14240,83886080,0,0,0,220034,220034,13,7.6
1785986223,603152,14240,83886080,0,0,0,220068,220068,13,7.6
1785986233,602704,14240,83886080,0,0,0,220100,220100,14,7.6
1785986243,602192,14240,83886080,0,0,0,220134,220134,14,7.6
1785986253,604788,14240,83886080,0,0,0,220168,220168,14,7.6
1785986263,604292,14240,83886080,0,0,0,220198,220198,14,7.6
1785986273,601664,14240,83886080,0,0,0,220233,220233,13,7.6
1785986283,603208,14240,83886080,0,0,0,220268,220268,11,7.6
1785986293,603584,14240,83886080,0,0,0,220300,220300,12,7.6
1785986304,603344,14240,83886080,0,0,0,220332,220332,14,7.6
1785986314,601028,14240,83886080,0,0,0,220366,220364,16,7.6
1785986324,603332,14240,83886080,0,0,0,220398,220398,13,7.6
1785986334,604096,14240,83886080,0,0,0,220432,220432,13,7.6
1785986344,602520,14240,83886080,0,0,0,220464,220464,13,7.6
1785986354,601652,14240,83886080,0,0,0,220496,220496,13,7.6
1785986364,602668,14240,83886080,0,0,0,220527,220527,15,7.6
1785986374,602416,14240,83886080,0,0,0,220557,220557,13,7.6
1785986384,602364,14240,83886080,0,0,0,220590,220590,11,7.6
1785986394,604588,14240,83886080,0,0,0,220622,220622,11,7.6
1785986404,603204,14240,83886080,0,0,0,220652,220652,12,7.6
1785986414,603600,14240,83886080,0,0,0,220684,220684,13,7.6
1785986424,604976,14240,83886080,0,0,0,220716,220716,14,7.6
1785986434,600436,14240,83886080,0,0,0,220745,220745,14,7.6
1785986445,602880,14240,83886080,0,0,0,220778,220778,13,7.6
1785986455,600704,14240,83886080,0,0,0,220811,220811,12,7.6
1785986465,602392,14240,83886080,0,0,0,220841,220841,12,7.6
1785986475,601948,14240,83886080,0,0,0,220874,220874,13,7.6
1785986485,601048,14240,83886080,0,0,0,220905,220905,13,7.6
1785986495,600980,14240,83886080,0,0,0,220937,220937,12,7.6
1785986505,606360,14240,83886080,0,0,0,220967,220967,14,7.6
1785986515,606416,14240,83886080,0,0,0,220999,220999,16,7.6
1785986525,603428,14240,83886080,0,0,0,221029,221029,14,7.6
1785986535,605916,14240,83886080,0,0,0,221061,221061,13,7.6
1785986545,600108,14240,83886080,0,0,0,221094,221094,12,7.6
1785986556,603044,14240,83886080,0,0,0,221123,221123,14,7.6
1785986566,603880,14240,83886080,0,0,0,221155,221155,15,7.6
1785986576,604336,14240,83886080,0,0,0,221188,221188,14,7.6
1785986586,603956,14240,83886080,0,0,0,221200,221197,26,7.6
1785986596,600976,14240,83886080,0,0,0,221233,221233,12,7.6
1785986607,603840,14240,83886080,0,0,0,221264,221263,15,7.6
1785986617,606976,14240,83886080,0,0,0,221291,221291,18,7.6
1785986627,603976,14240,83886080,0,0,0,221325,221325,12,7.6
1785986637,603192,14240,83886080,0,0,0,221357,221357,12,7.6
1785986647,600792,14240,83886080,0,0,0,221389,221389,12,7.6
1785986657,605220,14240,83886080,0,0,0,221421,221421,12,7.6
1785986667,604420,14240,83886080,0,0,0,221455,221455,14,7.6
1785986677,599484,14240,83886080,0,0,0,221487,221487,12,7.6
1785986687,600600,14240,83886080,0,0,0,221519,221519,14,7.6
1785986697,602212,14240,83886080,0,0,0,221553,221553,12,7.6
1785986707,605640,14240,83886080,0,0,0,221567,221566,23,7.6
1785986717,600476,14240,83886080,0,0,0,221594,221594,12,7.6
1785986728,602688,14240,83886080,0,0,0,221626,221626,12,7.6
1785986738,610560,14240,83886080,0,0,0,221657,221656,16,7.6
1785986748,600896,14240,83886080,0,0,0,221690,221690,14,7.6
1785986758,601120,14240,83886080,0,0,0,221722,221722,15,7.6
1785986768,603760,14240,83886080,0,0,0,221754,221754,12,7.6
1785986778,604004,14240,83886080,0,0,0,221786,221786,14,7.6
1785986788,601700,14240,83886080,0,0,0,221820,221820,13,7.6
1785986798,602428,14240,83886080,0,0,0,221852,221852,13,7.6
1785986808,606628,14240,83886080,0,0,0,221884,221884,15,7.6
1785986819,604548,14240,83886080,0,0,0,221918,221918,14,7.6
1785986829,600400,14240,83886080,0,0,0,221950,221950,13,7.6
1785986839,604036,14240,83886080,0,0,0,221982,221982,13,7.6
1785986849,600708,14240,83886080,0,0,0,222016,222016,14,7.6
1785986859,603772,14240,83886080,0,0,0,222044,222044,14,7.6
1785986869,602672,14240,83886080,0,0,0,222078,222078,13,7.6
1785986879,605376,14240,83886080,0,0,0,222112,222112,13,7.6
1785986889,600504,14240,83886080,0,0,0,222142,222142,13,7.6
1785986899,606192,14240,83886080,0,0,0,222176,222176,13,7.6
1785986909,606836,14240,83886080,0,0,0,222205,222204,16,7.6
1785986919,604292,14240,83886080,0,0,0,222220,222220,13,7.6
1785986929,606240,14240,83886080,0,0,0,222252,222252,14,7.6
1785986940,603160,14240,83886080,0,0,0,222286,222286,13,7.6
1785986950,601680,14240,83886080,0,0,0,222314,222314,14,7.6
1785986960,604064,14240,83886080,0,0,0,222348,222348,14,7.6
1785986970,601892,14240,83886080,0,0,0,222382,222382,14,7.6
1785986980,603480,14240,83886080,0,0,0,222398,222396,24,7.6
1785986990,601464,14240,83886080,0,0,0,222424,222424,13,7.6
1785987000,599948,14240,83886080,0,0,0,222458,222458,13,7.6
1785987010,604912,14240,83886080,0,0,0,222489,222486,17,7.6
1785987020,603360,14240,83886080,0,0,0,222522,222522,14,7.6
1785987031,604944,14240,83886080,0,0,0,222554,222554,13,7.6
1785987041,602260,14240,83886080,0,0,0,222584,222584,16,7.6
1785987051,600492,14240,83886080,0,0,0,222618,222618,12,7.6
1785987061,600860,14240,83886080,0,0,0,222651,222651,14,7.6
1785987071,603444,14240,83886080,0,0,0,222683,222682,13,7.6
1785987081,599220,14240,83886080,0,0,0,222717,222717,13,7.6
1785987091,607220,14240,83886080,0,0,0,222749,222749,13,7.6
1785987101,600964,14240,83886080,0,0,0,222780,222780,16,7.6
1785987111,602872,14240,83886080,0,0,0,222814,222814,12,7.6
1785987121,600544,14240,83886080,0,0,0,222847,222847,12,7.6
1785987131,600260,14240,83886080,0,0,0,222878,222878,12,7.6
1785987141,602728,14240,83886080,0,0,0,222910,222910,14,7.6
1785987151,600256,14240,83886080,0,0,0,222944,222944,12,7.6
1785987162,604964,14240,83886080,0,0,0,222973,222973,13,7.6
1785987172,606180,14240,83886080,0,0,0,223007,223007,13,7.6
1785987182,604048,14240,83886080,0,0,0,223039,223039,13,7.6
1785987192,599916,14240,83886080,0,0,0,223071,223071,11,7.6
1785987202,606092,14240,83886080,0,0,0,223103,223103,12,7.6
1785987212,600472,14240,83886080,0,0,0,223137,223137,12,7.6
1785987222,603856,14240,83886080,0,0,0,223165,223165,12,7.6
1785987232,601032,14240,83886080,0,0,0,223199,223199,13,7.6
1785987242,603412,14240,83886080,0,0,0,223231,223231,13,7.6
1785987252,603704,14240,83886080,0,0,0,223262,223261,16,7.6
1785987262,606504,14240,83886080,0,0,0,223293,223293,14,7.6
1785987272,605816,14240,83886080,0,0,0,223325,223325,15,7.6
1785987283,603012,14240,83886080,0,0,0,223337,223337,13,7.6
1785987293,601652,14240,83886080,0,0,0,223369,223369,14,7.6
1785987303,600632,14240,83886080,0,0,0,223403,223403,12,7.6
1785987313,607692,14240,83886080,0,0,0,223431,223431,14,7.6
1785987323,608180,14240,83886080,0,0,0,223463,223463,13,7.6
1785987333,604300,14240,83886080,0,0,0,223497,223497,12,7.6
1785987343,604632,14240,83886080,0,0,0,223525,223525,15,7.6
1785987353,605004,14240,83886080,0,0,0,223559,223559,13,7.6
1785987363,604804,14240,83886080,0,0,0,223591,223591,16,7.6
1785987374,601772,14240,83886080,0,0,0,223623,223623,12,7.6
1785987384,602808,14240,83886080,0,0,0,223655,223655,12,7.6
1785987394,604484,14240,83886080,0,0,0,223688,223688,13,7.6
1785987404,604888,14240,83886080,0,0,0,223718,223717,15,7.6
1785987414,605140,14240,83886080,0,0,0,223751,223751,13,7.6
1785987424,602652,14240,83886080,0,0,0,223783,223783,14,7.6
1785987434,601984,14240,83886080,0,0,0,223813,223813,13,7.6
1785987444,603168,14240,83886080,0,0,0,223845,223845,12,7.6
1785987454,605068,14240,83886080,0,0,0,223877,223877,13,7.6
1785987464,601208,14240,83886080,0,0,0,223909,223909,12,7.6
1785987474,605496,14240,83886080,0,0,0,223941,223941,13,7.6
1785987484,601248,14240,83886080,0,0,0,223971,223971,16,7.6
1785987495,607716,14240,83886080,0,0,0,224003,224003,14,7.6
1785987505,605032,14240,83886080,0,0,0,224036,224036,11,7.6
1785987515,602136,14240,83886080,0,0,0,224069,224069,12,7.6
1785987525,600076,14240,83886080,0,0,0,224101,224101,12,7.6
1785987535,602484,14240,83886080,0,0,0,224133,224133,13,7.6
1785987545,608380,14240,83886080,0,0,0,224164,224164,15,7.6
1785987555,608236,14240,83886080,0,0,0,224179,224179,24,7.6
1785987565,601012,14240,83886080,0,0,0,224207,224207,14,7.6
1785987575,600692,14240,83886080,0,0,0,224241,224241,14,7.6
1785987585,602572,14240,83886080,0,0,0,224273,224273,16,7.6
1785987596,600368,14240,83886080,0,0,0,224303,224303,13,7.6
1785987606,604724,14240,83886080,0,0,0,224336,224336,14,7.6
1785987616,603552,14240,83886080,0,0,0,224369,224368,14,7.6
1785987626,600052,14240,83886080,0,0,0,224399,224399,14,7.6
1785987636,603668,14240,83886080,0,0,0,224431,224431,12,7.6
1785987646,609496,14240,83886080,0,0,0,224461,224461,16,7.6
1785987656,604024,14240,83886080,0,0,0,224494,224494,14,7.6
1785987666,604568,14240,83886080,0,0,0,224527,224527,15,7.6
1785987676,607144,14240,83886080,0,0,0,224559,224559,16,7.6
1785987686,607980,14240,83886080,0,0,0,224591,224591,12,7.6
1785987696,601292,14240,83886080,0,0,0,224625,224625,12,7.6
1785987706,601220,14240,83886080,0,0,0,224653,224653,13,7.6
1785987717,600924,14240,83886080,0,0,0,224685,224685,11,7.6
1785987727,603580,14240,83886080,0,0,0,224719,224718,13,7.6
1785987737,607408,14240,83886080,0,0,0,224747,224747,16,7.6
1785987747,601740,14240,83886080,0,0,0,224781,224781,14,7.6
1785987757,601676,14240,83886080,0,0,0,224814,224814,15,7.6
1785987767,601060,14240,83886080,0,0,0,224845,224845,13,7.6
1785987777,603728,14240,83886080,0,0,0,224877,224877,14,7.6
1785987787,602236,14240,83886080,0,0,0,224911,224911,12,7.6
1785987797,602596,14240,83886080,0,0,0,224940,224940,13,7.6
1785987807,599548,14240,83886080,0,0,0,224974,224974,12,7.6
1785987817,601440,14240,83886080,0,0,0,225006,225006,14,7.6
1785987827,606952,14240,83886080,0,0,0,225038,225037,13,7.6
1785987838,603424,14240,83886080,0,0,0,225070,225070,13,7.6
1785987848,600212,14240,83886080,0,0,0,225104,225104,12,7.6
1785987858,604844,14240,83886080,0,0,0,225132,225132,14,7.6
1785987868,600772,14240,83886080,0,0,0,225166,225166,12,7.6
1785987878,603892,14240,83886080,0,0,0,225195,225195,15,7.6
1785987888,600792,14240,83886080,0,0,0,225208,225208,14,7.6
1785987898,605420,14240,83886080,0,0,0,225241,225241,14,7.6
1785987908,601440,14240,83886080,0,0,0,225273,225273,14,7.6
1785987918,601584,14240,83886080,0,0,0,225305,225305,12,7.6
1785987928,602424,14240,83886080,0,0,0,225337,225337,13,7.6
1785987938,600632,14240,83886080,0,0,0,225368,225368,15,7.6
1785987948,598856,14240,83886080,0,0,0,225398,225398,12,7.6
1785987959,602444,14240,83886080,0,0,0,225430,225430,11,7.6
1785987969,602636,14240,83886080,0,0,0,225461,225461,12,7.6
1785987979,600496,14240,83886080,0,0,0,225491,225491,12,7.6
1785987989,603284,14240,83886080,0,0,0,225522,225522,14,7.6
1785987999,603132,14240,83886080,0,0,0,225555,225555,14,7.6
1785988009,602648,14240,83886080,0,0,0,225587,225587,13,7.6
1785988019,604064,14240,83886080,0,0,0,225619,225619,13,7.6
1785988029,608480,14240,83886080,0,0,0,225651,225651,14,7.6
1785988039,601884,14240,83886080,0,0,0,225683,225683,10,7.6
1785988049,605480,14240,83886080,0,0,0,225713,225713,12,7.6
1785988059,601388,14240,83886080,0,0,0,225745,225745,14,7.6
1785988069,602636,14240,83886080,0,0,0,225779,225779,12,7.6
1785988079,606048,14240,83886080,0,0,0,225811,225811,12,7.6
1785988089,599104,14240,83886080,0,0,0,225841,225841,14,7.6
1785988100,599564,14240,83886080,0,0,0,225873,225873,14,7.6
1785988110,599780,14240,83886080,0,0,0,225905,225905,12,7.6
1785988120,601584,14240,83886080,0,0,0,225935,225935,12,7.6
1785988130,601844,14240,83886080,0,0,0,225968,225968,13,7.6
1785988140,599156,14240,83886080,0,0,0,226002,226002,12,7.6
1785988150,601332,14240,83886080,0,0,0,226031,226031,13,7.6
1785988160,601724,14240,83886080,0,0,0,226063,226063,13,7.6
1785988170,599584,14240,83886080,0,0,0,226097,226097,13,7.6
1785988181,602680,14240,83886080,0,0,0,226126,226126,14,7.6
1785988191,600972,14240,83886080,0,0,0,226159,226159,15,7.6
1785988201,604648,14240,83886080,0,0,0,226193,226193,13,7.6
1785988211,604808,14240,83886080,0,0,0,226224,226224,15,7.6
1785988221,602220,14240,83886080,0,0,0,226257,226257,15,7.6
1785988231,600744,14240,83886080,0,0,0,226290,226290,15,7.6
1785988241,603904,14240,83886080,0,0,0,226321,226321,13,7.6
1785988251,600988,14240,83886080,0,0,0,226352,226352,14,7.6
1785988261,600692,14240,83886080,0,0,0,226385,226385,15,7.6
1785988271,600384,14240,83886080,0,0,0,226417,226417,14,7.6
1785988281,602960,14240,83886080,0,0,0,226451,226451,12,7.6
1785988291,603908,14240,83886080,0,0,0,226482,226482,13,7.6
1785988302,600184,14240,83886080,0,0,0,226514,226514,12,7.6
1785988312,603612,14240,83886080,0,0,0,226548,226548,12,7.6
1785988322,602152,14240,83886080,0,0,0,226580,226580,12,7.6
1785988332,604368,14240,83886080,0,0,0,226613,226613,15,7.6
1785988342,606956,14240,83886080,0,0,0,226646,226646,16,7.6
1785988352,606356,14240,83886080,0,0,0,226674,226674,16,7.6
1785988362,604296,14240,83886080,0,0,0,226708,226708,14,7.6
1785988372,606620,14240,83886080,0,0,0,226741,226740,16,7.6
1785988382,603368,14240,83886080,0,0,0,226772,226772,13,7.6
1785988392,602196,14240,83886080,0,0,0,226806,226806,13,7.6
1785988403,601492,14240,83886080,0,0,0,226838,226838,13,7.6
1785988413,605416,14240,83886080,0,0,0,226868,226868,14,7.6
1785988423,608304,14240,83886080,0,0,0,226902,226901,14,7.6
1785988433,606396,14240,83886080,0,0,0,226934,226934,13,7.7
1785988443,604388,14240,83886080,0,0,0,226964,226964,14,7.7
1785988453,600648,14240,83886080,0,0,0,226998,226998,13,7.7
1785988463,600992,14240,83886080,0,0,0,227030,227030,16,7.7
1785988473,600620,14240,83886080,0,0,0,227062,227062,12,7.7
1785988483,604520,14240,83886080,0,0,0,227094,227094,14,7.7
1785988493,605988,14240,83886080,0,0,0,227128,227128,13,7.7
1785988503,603744,14240,83886080,0,0,0,227158,227158,13,7.7
1785988514,600724,14240,83886080,0,0,0,227192,227192,13,7.7
1785988524,602220,14240,83886080,0,0,0,227226,227226,11,7.7
1785988534,601444,14240,83886080,0,0,0,227256,227256,12,7.7
1785988544,605216,14240,83886080,0,0,0,227288,227288,14,7.7
1785988554,604732,14240,83886080,0,0,0,227320,227320,14,7.7
1785988564,601528,14240,83886080,0,0,0,227352,227352,13,7.7
1785988574,601276,14240,83886080,0,0,0,227386,227386,14,7.7
1785988584,604056,14240,83886080,0,0,0,227415,227414,18,7.7
1785988594,599476,14240,83886080,0,0,0,227448,227448,14,7.7
1785988604,601648,14240,83886080,0,0,0,227482,227482,13,7.7
1785988614,602940,14240,83886080,0,0,0,227512,227512,15,7.7
1785988624,604348,14240,83886080,0,0,0,227544,227544,14,7.7
1785988635,603684,14240,83886080,0,0,0,227578,227578,15,7.7
1785988645,600016,14240,83886080,0,0,0,227610,227610,12,7.7
1785988655,607232,14240,83886080,0,0,0,227642,227642,13,7.7
1785988665,605068,14240,83886080,0,0,0,227676,227676,12,7.7
1785988675,599420,14240,83886080,0,0,0,227708,227708,12,7.7
1785988685,603744,14240,83886080,0,0,0,227740,227740,13,7.7
1785988695,599256,14240,83886080,0,0,0,227774,227774,12,7.7
1785988705,605272,14240,83886080,0,0,0,227802,227802,13,7.7
1785988715,603264,14240,83886080,0,0,0,227834,227834,14,7.7
1785988725,603428,14240,83886080,0,0,0,227868,227868,12,7.7
1785988735,601016,14240,83886080,0,0,0,227900,227900,11,7.7
1785988745,601084,14240,83886080,0,0,0,227932,227932,13,7.7
1785988755,599536,14240,83886080,0,0,0,227966,227966,12,7.7
1785988765,604928,14240,83886080,0,0,0,227994,227994,15,7.7
1785988776,603256,14240,83886080,0,0,0,228028,228028,13,7.7
1785988786,601152,14240,83886080,0,0,0,228060,228060,13,7.7
1785988796,600448,14240,83886080,0,0,0,228092,228092,11,7.7
1785988806,604584,14240,83886080,0,0,0,228124,228124,13,7.7
1785988816,605892,14240,83886080,0,0,0,228154,228154,15,7.7
1785988826,602024,14240,83886080,0,0,0,228186,228186,13,7.7
1785988836,605228,14240,83886080,0,0,0,228220,228220,12,7.7
1785988846,608232,14240,83886080,0,0,0,228252,228252,13,7.7
1785988856,603100,14240,83886080,0,0,0,228280,228280,13,7.7
1785988866,602668,14240,83886080,0,0,0,228314,228314,12,7.7
1785988876,604868,14240,83886080,0,0,0,228346,228346,13,7.7
1785988886,603336,14240,83886080,0,0,0,228378,228378,14,7.7
1785988896,603480,14240,83886080,0,0,0,228411,228411,13,7.7
1785988907,605248,14240,83886080,0,0,0,228441,228440,15,7.7
1785988917,606384,14240,83886080,0,0,0,228473,228473,14,7.7
1785988927,602536,14240,83886080,0,0,0,228506,228506,13,7.7
1785988937,604316,14240,83886080,0,0,0,228535,228535,17,7.7
1785988947,600184,14240,83886080,0,0,0,228569,228569,12,7.7
1785988957,601228,14240,83886080,0,0,0,228601,228601,12,7.7
1785988967,601024,14240,83886080,0,0,0,228633,228633,13,7.7
1785988977,602444,14240,83886080,0,0,0,228665,228665,14,7.7
1785988987,606964,14240,83886080,0,0,0,228699,228699,11,7.7
1785988997,601240,14240,83886080,0,0,0,228727,228727,13,7.7
1785989007,605048,14240,83886080,0,0,0,228759,228759,14,7.7
1785989017,611784,14240,83886080,0,0,0,228793,228793,13,7.7
1785989027,604904,14240,83886080,0,0,0,228821,228821,12,7.7
1785989038,604700,14240,83886080,0,0,0,228853,228853,14,7.7
1785989048,601484,14240,83886080,0,0,0,228887,228887,12,7.7
1785989058,604468,14240,83886080,0,0,0,228919,228919,13,7.7
1785989068,600324,14240,83886080,0,0,0,228951,228951,12,7.7
1785989078,602940,14240,83886080,0,0,0,228985,228985,13,7.7
1785989088,599892,14240,83886080,0,0,0,229013,229013,13,7.7
1785989098,602004,14240,83886080,0,0,0,229045,229045,15,7.7
1785989108,602652,14240,83886080,0,0,0,229079,229079,12,7.7
1785989118,603028,14240,83886080,0,0,0,229110,229110,13,7.7
1785989128,602712,14240,83886080,0,0,0,229143,229143,14,7.7
1785989138,603944,14240,83886080,0,0,0,229174,229174,15,7.7
1785989149,602804,14240,83886080,0,0,0,229208,229208,12,7.7
1785989159,602924,14240,83886080,0,0,0,229240,229240,12,7.7
1785989169,607708,14240,83886080,0,0,0,229272,229272,13,7.7
1785989179,607372,14240,83886080,0,0,0,229304,229304,12,7.7
1785989189,601356,14240,83886080,0,0,0,229338,229338,13,7.7
1785989199,602100,14240,83886080,0,0,0,229370,229370,11,7.7
1785989209,600060,14240,83886080,0,0,0,229402,229402,12,7.7
1785989219,604548,14240,83886080,0,0,0,229435,229435,13,7.7
1785989229,603348,14240,83886080,0,0,0,229465,229465,12,7.7
1785989239,604416,14240,83886080,0,0,0,229497,229497,15,7.7
1785989249,599764,14240,83886080,0,0,0,229531,229531,13,7.7
1785989259,601776,14240,83886080,0,0,0,229548,229546,19,7.7
1785989270,601788,14240,83886080,0,0,0,229578,229578,12,7.7
1785989280,602404,14240,83886080,0,0,0,229610,229610,15,7.7
1785989290,604052,14240,83886080,0,0,0,229638,229637,19,7.7
1785989300,603368,14240,83886080,0,0,0,229654,229654,13,7.7
1785989310,604412,14240,83886080,0,0,0,229688,229688,13,7.7
1785989320,602468,14240,83886080,0,0,0,229720,229720,13,7.7
1785989330,605388,14240,83886080,0,0,0,229751,229751,12,7.7
1785989340,601184,14240,83886080,0,0,0,229785,229784,14,7.7
1785989350,603024,14240,83886080,0,0,0,229817,229817,13,7.7
1785989361,602164,14240,83886080,0,0,0,229849,229849,14,7.7
1785989371,604308,14240,83886080,0,0,0,229881,229881,13,7.7
1785989381,603872,14240,83886080,0,0,0,229915,229915,13,7.7
1785989391,601788,14240,83886080,0,0,0,229947,229947,11,7.7
1785989401,603840,14240,83886080,0,0,0,229979,229979,14,7.7
1785989411,602272,14240,83886080,0,0,0,230013,230013,14,7.7
1785989421,605548,14240,83886080,0,0,0,230045,230045,12,7.7
1785989431,605300,14240,83886080,0,0,0,230077,230077,13,7.7
1785989441,605180,14240,83886080,0,0,0,230109,230108,15,7.7
1785989451,601680,14240,83886080,0,0,0,230143,230143,12,7.7
1785989461,607124,14240,83886080,0,0,0,230175,230175,14,7.7
1785989471,600472,14240,83886080,0,0,0,230207,230207,13,7.7
1785989482,602980,14240,83886080,0,0,0,230241,230241,12,7.7
1785989492,605224,14240,83886080,0,0,0,230273,230273,13,7.7
1785989502,603464,14240,83886080,0,0,0,230305,230305,13,7.7
1785989512,602196,14240,83886080,0,0,0,230339,230339,12,7.7
1785989522,601792,14240,83886080,0,0,0,230371,230371,13,7.7
1785989532,600244,14240,83886080,0,0,0,230403,230403,11,7.7
1785989542,602504,14240,83886080,0,0,0,230435,230435,12,7.7
1785989552,607512,14240,83886080,0,0,0,230469,230469,12,7.7
1785989562,602432,14240,83886080,0,0,0,230497,230497,14,7.7
1785989572,603712,14240,83886080,0,0,0,230531,230531,12,7.7
1785989582,602072,14240,83886080,0,0,0,230563,230563,15,7.7
1785989592,605952,14240,83886080,0,0,0,230595,230595,13,7.7
1785989603,600088,14240,83886080,0,0,0,230629,230629,13,7.7
1785989613,604560,14240,83886080,0,0,0,230661,230661,14,7.7
1785989623,602332,14240,83886080,0,0,0,230693,230693,14,7.7
1785989633,602828,14240,83886080,0,0,0,230725,230725,13,7.7
1785989643,605036,14240,83886080,0,0,0,230757,230755,16,7.7
1785989653,600808,14240,83886080,0,0,0,230791,230791,12,7.7
1785989663,603476,14240,83886080,0,0,0,230823,230823,13,7.7
1785989673,601288,14240,83886080,0,0,0,230853,230853,12,7.7
1785989683,600512,14240,83886080,0,0,0,230885,230885,13,7.7
1785989693,602628,14240,83886080,0,0,0,230917,230917,13,7.7
1785989703,603352,14240,83886080,0,0,0,230947,230947,12,7.7
1785989713,604464,14240,83886080,0,0,0,230979,230979,13,7.7
1785989724,607920,14240,83886080,0,0,0,231013,231013,12,7.7
1785989734,600692,14240,83886080,0,0,0,231041,231041,13,7.7
1785989744,603408,14240,83886080,0,0,0,231074,231074,13,7.7
1785989754,604768,14240,83886080,0,0,0,231107,231107,12,7.7
1785989764,601296,14240,83886080,0,0,0,231139,231139,12,7.7
1785989774,603856,14240,83886080,0,0,0,231171,231171,12,7.7
1785989784,608068,14240,83886080,0,0,0,231201,231201,14,7.7
1785989794,609544,14240,83886080,0,0,0,231233,231233,14,7.7
1785989804,600728,14240,83886080,0,0,0,231265,231265,14,7.7
1785989814,602068,14240,83886080,0,0,0,231299,231299,12,7.7
1785989824,603356,14240,83886080,0,0,0,231330,231328,14,7.7
1785989835,601672,14240,83886080,0,0,0,231361,231361,14,7.7
1785989845,603444,14240,83886080,0,0,0,231393,231393,13,7.7
1785989855,607280,14240,83886080,0,0,0,231425,231425,12,7.7
1785989865,604092,14240,83886080,0,0,0,231458,231458,13,7.7
1785989875,600840,14240,83886080,0,0,0,231491,231491,13,7.7
1785989885,601620,14240,83886080,0,0,0,231521,231520,13,7.7
1785989895,603648,14240,83886080,0,0,0,231553,231553,14,7.7
1785989905,602480,14240,83886080,0,0,0,231585,231585,13,7.6
1785989915,602672,14240,83886080,0,0,0,231617,231617,12,7.6
1785989925,606668,14240,83886080,0,0,0,231649,231649,13,7.6
1785989935,601860,14240,83886080,0,0,0,231679,231679,15,7.6
1785989945,602640,14240,83886080,0,0,0,231711,231711,12,7.6
1785989956,600008,14240,83886080,0,0,0,231743,231743,12,7.6
1785989966,602876,14240,83886080,0,0,0,231777,231777,12,7.6
1785989976,601080,14240,83886080,0,0,0,231805,231805,13,7.6
1785989986,603308,14240,83886080,0,0,0,231837,231837,12,7.6
1785989996,606396,14240,83886080,0,0,0,231871,231871,12,7.6
1785990006,601572,14240,83886080,0,0,0,231901,231901,13,7.6
1785990016,603232,14240,83886080,0,0,0,231933,231933,13,7.6
1785990026,607340,14240,83886080,0,0,0,231965,231965,16,7.6
1785990036,600940,14240,83886080,0,0,0,231997,231997,13,7.6
1785990046,602796,14240,83886080,0,0,0,232031,232030,13,7.6
1785990056,601836,14240,83886080,0,0,0,232063,232063,12,7.6
1785990066,601904,14240,83886080,0,0,0,232092,232092,15,7.6
1785990077,607300,14240,83886080,0,0,0,232125,232125,15,7.6
1785990087,603512,14240,83886080,0,0,0,232155,232153,17,7.6
1785990097,602180,14240,83886080,0,0,0,232189,232188,13,7.6
1785990107,601144,14240,83886080,0,0,0,232219,232219,14,7.6
1785990117,602680,14240,83886080,0,0,0,232251,232251,15,7.6
1785990127,603400,14240,83886080,0,0,0,232283,232283,14,7.6
1785990137,599432,14240,83886080,0,0,0,232317,232317,13,7.6
1785990147,603336,14240,83886080,0,0,0,232345,232345,13,7.6
1785990157,604796,14240,83886080,0,0,0,232377,232377,15,7.6
1785990167,605652,14240,83886080,0,0,0,232411,232411,14,7.6
1785990177,604428,14240,83886080,0,0,0,232443,232443,12,7.6
1785990188,606836,14240,83886080,0,0,0,232475,232475,12,7.6
1785990198,603972,14240,83886080,0,0,0,232507,232507,14,7.6
1785990208,601300,14240,83886080,0,0,0,232537,232537,12,7.6
1785990218,603156,14240,83886080,0,0,0,232569,232569,13,7.6
1785990228,601796,14240,83886080,0,0,0,232603,232603,12,7.6
1785990238,599740,14240,83886080,0,0,0,232631,232631,15,7.6
1785990248,604200,14240,83886080,0,0,0,232663,232663,14,7.6
1785990258,601996,14240,83886080,0,0,0,232697,232697,12,7.6
1785990268,601908,14240,83886080,0,0,0,232726,232725,15,7.6
1785990278,603856,14240,83886080,0,0,0,232759,232759,13,7.6
1785990288,602132,14240,83886080,0,0,0,232795,232794,12,7.6
1785990298,604028,14240,83886080,0,0,0,232823,232823,15,7.6
1785990308,600324,14240,83886080,0,0,0,232857,232857,15,7.6
1785990318,605976,14240,83886080,0,0,0,232891,232891,12,7.6
1785990329,602556,14240,83886080,0,0,0,232921,232921,13,7.6
1785990339,604308,14240,83886080,0,0,0,232954,232954,14,7.6
1785990349,602748,14240,83886080,0,0,0,232987,232987,14,7.6
1785990359,600888,14240,83886080,0,0,0,233017,233017,13,7.6
1785990369,605276,14240,83886080,0,0,0,233051,233051,13,7.6
1785990379,607084,14240,83886080,0,0,0,233081,233081,16,7.6
1785990389,605808,14240,83886080,0,0,0,233113,233113,14,7.6
1785990399,600832,14240,83886080,0,0,0,233147,233147,12,7.6
1785990409,604328,14240,83886080,0,0,0,233177,233175,17,7.6
1785990419,603500,14240,83886080,0,0,0,233211,233211,13,7.6
1785990429,603588,14240,83886080,0,0,0,233243,233243,13,7.6
1785990439,603524,14240,83886080,0,0,0,233273,233273,16,7.6
1785990449,605384,14240,83886080,0,0,0,233305,233305,13,7.6
1785990459,602584,14240,83886080,0,0,0,233339,233339,13,7.6
1785990469,608236,14240,83886080,0,0,0,233371,233371,14,7.6
1785990480,608168,14240,83886080,0,0,0,233403,233403,15,7.6
1785990490,601940,14240,83886080,0,0,0,233437,233437,14,7.6
1785990500,604348,14240,83886080,0,0,0,233466,233465,16,7.6
1785990510,600876,14240,83886080,0,0,0,233501,233501,14,7.6
1785990520,608088,14240,83886080,0,0,0,233533,233533,12,7.6
1785990530,601756,14240,83886080,0,0,0,233563,233563,14,7.6
1785990540,606512,14240,83886080,0,0,0,233598,233598,14,7.6
1785990550,605224,14240,83886080,0,0,0,233631,233631,14,7.6
1785990560,609204,14240,83886080,0,0,0,233661,233661,14,7.6
1785990570,602772,14240,83886080,0,0,0,233696,233696,13,7.6
1785990580,601672,14240,83886080,0,0,0,233731,233731,11,7.6
1785990590,606792,14240,83886080,0,0,0,233759,233759,16,7.6
1785990601,602252,14240,83886080,0,0,0,233793,233793,13,7.6
1785990611,599640,14240,83886080,0,0,0,233829,233829,12,7.6
1785990621,601596,14240,83886080,0,0,0,233857,233857,13,7.6
1785990631,600232,14240,83886080,0,0,0,233891,233891,14,7.6
1785990641,606516,14240,83886080,0,0,0,233923,233923,16,7.6
1785990651,605732,14240,83886080,0,0,0,233953,233953,14,7.6
1785990661,604980,14240,83886080,0,0,0,233987,233987,13,7.6
1785990671,605840,14240,83886080,0,0,0,234021,234021,12,7.6
1785990681,602920,14240,83886080,0,0,0,234049,234049,13,7.6
1785990691,601428,14240,83886080,0,0,0,234083,234083,12,7.6
1785990701,603092,14240,83886080,0,0,0,234115,234115,13,7.6
1785990711,600268,14240,83886080,0,0,0,234147,234147,13,7.6
1785990722,599892,14240,83886080,0,0,0,234181,234181,10,7.6
1785990732,613692,14240,83886080,0,0,0,234209,234209,17,7.6
1785990742,603456,14240,83886080,0,0,0,234244,234244,12,7.6
1785990752,601928,14240,83886080,0,0,0,234277,234277,14,7.6
1785990762,603144,14240,83886080,0,0,0,234307,234307,17,7.6
1785990772,609112,14240,83886080,0,0,0,234342,234341,14,7.6
1785990782,601632,14240,83886080,0,0,0,234375,234375,14,7.6
1785990792,604556,14240,83886080,0,0,0,234405,234405,14,7.6
1785990802,602384,14240,83886080,0,0,0,234441,234441,12,7.6
1785990812,598960,14240,83886080,0,0,0,234475,234475,12,7.6
1785990822,609712,14240,83886080,0,0,0,234504,234503,15,7.6
1785990832,601680,14240,83886080,0,0,0,234539,234539,11,7.6
1785990843,605388,14240,83886080,0,0,0,234571,234571,13,7.6
1785990853,608792,14240,83886080,0,0,0,234601,234601,13,7.6
1785990863,606960,14240,83886080,0,0,0,234633,234633,15,7.6
1785990873,603872,14240,83886080,0,0,0,234667,234667,14,7.6
1785990883,602268,14240,83886080,0,0,0,234695,234695,16,7.6
1785990893,601316,14240,83886080,0,0,0,234729,234729,14,7.6
1785990903,604108,14240,83886080,0,0,0,234761,234761,15,7.6
1785990913,608624,14240,83886080,0,0,0,234793,234792,13,7.6
1785990923,605744,14240,83886080,0,0,0,234825,234825,13,7.6
1785990933,601664,14240,83886080,0,0,0,234859,234859,12,7.6
1785990943,602648,14240,83886080,0,0,0,234889,234889,14,7.6
1785990953,603944,14240,83886080,0,0,0,234921,234921,15,7.6
1785990964,603956,14240,83886080,0,0,0,234953,234953,16,7.6
1785990974,601420,14240,83886080,0,0,0,234983,234982,15,7.6
1785990984,602220,14240,83886080,0,0,0,235015,235015,15,7.6
1785990994,606152,14240,83886080,0,0,0,235047,235047,16,7.6
1785991004,601668,14240,83886080,0,0,0,235079,235079,12,7.6
1785991014,607268,14240,83886080,0,0,0,235111,235111,14,7.6
1785991024,600184,14240,83886080,0,0,0,235145,235145,12,7.6
1785991034,601760,14240,83886080,0,0,0,235175,235175,12,7.6
1785991044,602664,14240,83886080,0,0,0,235207,235207,14,7.6
1785991054,604844,14240,83886080,0,0,0,235240,235239,15,7.6
1785991064,602636,14240,83886080,0,0,0,235271,235271,14,7.6
1785991074,605628,14240,83886080,0,0,0,235305,235305,12,7.6
1785991084,604432,14240,83886080,0,0,0,235337,235337,13,7.6
1785991095,603884,14240,83886080,0,0,0,235369,235369,13,7.6
1785991105,602532,14240,83886080,0,0,0,235401,235401,15,7.6
1785991115,607756,14240,83886080,0,0,0,235431,235431,17,7.6
1785991125,602368,14240,83886080,0,0,0,235465,235465,13,7.6
1785991135,608804,14240,83886080,0,0,0,235497,235497,15,7.6
1785991145,603456,14240,83886080,0,0,0,235526,235525,19,7.6
1785991155,602284,14240,83886080,0,0,0,235558,235557,16,7.6
1785991165,602368,14240,83886080,0,0,0,235591,235591,14,7.6
1785991175,606144,14240,83886080,0,0,0,235623,235623,14,7.6
1785991186,605372,14240,83886080,0,0,0,235655,235655,15,7.6
1785991196,601948,14240,83886080,0,0,0,235689,235689,12,7.6
1785991206,601704,14240,83886080,0,0,0,235717,235717,18,7.6
1785991216,602996,14240,83886080,0,0,0,235751,235751,13,7.6
1785991226,606196,14240,83886080,0,0,0,235784,235783,15,7.6
1785991236,603340,14240,83886080,0,0,0,235815,235815,12,7.6
1785991246,601148,14240,83886080,0,0,0,235848,235848,13,7.6
1785991256,606800,14240,83886080,0,0,0,235881,235881,14,7.6
1785991266,613016,14240,83886080,0,0,0,235913,235913,14,7.6
1785991276,602596,14240,83886080,0,0,0,235947,235947,13,7.6
1785991287,601624,14240,83886080,0,0,0,235979,235979,13,7.6
1785991297,605388,14240,83886080,0,0,0,236011,236011,12,7.6
1785991307,602808,14240,83886080,0,0,0,236043,236043,13,7.6
1785991317,604708,14240,83886080,0,0,0,236077,236077,12,7.6
1785991327,603956,14240,83886080,0,0,0,236109,236109,14,7.6
1785991337,605052,14240,83886080,0,0,0,236141,236141,16,7.6
1785991347,608268,14240,83886080,0,0,0,236172,236172,17,7.6
1785991357,609448,14240,83886080,0,0,0,236204,236204,15,7.6
1785991367,604716,14240,83886080,0,0,0,236238,236238,14,7.6
1785991377,604696,14240,83886080,0,0,0,236267,236266,16,7.6
1785991387,609560,14240,83886080,0,0,0,236300,236300,13,7.6
1785991398,601248,14240,83886080,0,0,0,236334,236334,14,7.6
1785991408,605184,14240,83886080,0,0,0,236364,236364,13,7.6
1785991418,601888,14240,83886080,0,0,0,236396,236396,14,7.6
1785991428,598668,14240,83886080,0,0,0,236430,236430,13,7.6
1785991438,607032,14240,83886080,0,0,0,236459,236459,12,7.6
1785991448,602520,14240,83886080,0,0,0,236492,236492,13,7.6
1785991458,602100,14240,83886080,0,0,0,236525,236525,12,7.6
1785991468,603880,14240,83886080,0,0,0,236554,236554,14,7.6
1785991478,601208,14240,83886080,0,0,0,236586,236586,14,7.6
1785991488,604616,14240,83886080,0,0,0,236617,236617,13,7.6
1785991498,603428,14240,83886080,0,0,0,236647,236647,14,7.6
1785991509,604688,14240,83886080,0,0,0,236679,236679,14,7.6
1785991519,601676,14240,83886080,0,0,0,236711,236711,13,7.6
1785991529,601204,14240,83886080,0,0,0,236740,236740,12,7.6
1785991539,605120,14240,83886080,0,0,0,236772,236772,12,7.6
1785991549,606516,14240,83886080,0,0,0,236803,236803,13,7.6
1785991559,601864,14240,83886080,0,0,0,236834,236834,13,7.6
1785991569,603388,14240,83886080,0,0,0,236865,236865,13,7.6
1785991579,603120,14240,83886080,0,0,0,236896,236896,13,7.6
1785991589,602696,14240,83886080,0,0,0,236925,236925,13,7.6
1785991599,605236,14240,83886080,0,0,0,236956,236956,13,7.6
1785991609,604796,14240,83886080,0,0,0,236988,236988,12,7.6
1785991620,609048,14240,83886080,0,0,0,237004,237003,21,7.6
1785991630,602220,14240,83886080,0,0,0,237031,237031,13,7.6
1785991640,602540,14240,83886080,0,0,0,237061,237061,13,7.6
1785991650,602036,14240,83886080,0,0,0,237093,237093,13,7.6
1785991660,605808,14240,83886080,0,0,0,237121,237121,13,7.6
1785991670,601808,14240,83886080,0,0,0,237153,237153,11,7.6
1785991680,602748,14240,83886080,0,0,0,237183,237183,12,7.6
1785991690,604520,14240,83886080,0,0,0,237211,237211,14,7.6
1785991700,608264,14240,83886080,0,0,0,237243,237243,13,7.6
1785991710,610584,14240,83886080,0,0,0,237273,237273,13,7.6
1785991720,604320,14240,83886080,0,0,0,237301,237301,16,7.6
1785991730,605296,14240,83886080,0,0,0,237333,237333,15,7.6
1785991740,602324,14240,83886080,0,0,0,237364,237364,14,7.6
1785991750,602876,14240,83886080,0,0,0,237395,237395,13,7.6
1785991761,603672,14240,83886080,0,0,0,237427,237427,14,7.6
1785991771,607648,14240,83886080,0,0,0,237457,237457,16,7.6
1785991781,604192,14240,83886080,0,0,0,237493,237493,12,7.6
1785991791,602328,14240,83886080,0,0,0,237527,237527,11,7.6
1785991801,602316,14240,83886080,0,0,0,237559,237559,12,7.6
1785991811,606940,14240,83886080,0,0,0,237591,237591,14,7.6
1785991821,601148,14240,83886080,0,0,0,237625,237625,14,7.6
1785991831,612568,14240,83886080,0,0,0,237647,237645,21,7.6
1785991841,601324,14240,83886080,0,0,0,237672,237671,13,7.6
1785991852,600996,14240,83886080,0,0,0,237705,237705,14,7.6
1785991862,612884,14240,83886080,0,0,0,237738,237738,14,7.6
1785991872,602456,14240,83886080,0,0,0,237770,237770,13,7.6
1785991882,605900,14240,83886080,0,0,0,237804,237804,14,7.6
1785991892,602572,14240,83886080,0,0,0,237836,237836,14,7.6
1785991902,604648,14240,83886080,0,0,0,237870,237870,14,7.6
1785991912,604120,14240,83886080,0,0,0,237905,237905,13,7.6
1785991922,602996,14240,83886080,0,0,0,237936,237934,16,7.6
1785991932,604804,14240,83886080,0,0,0,237970,237970,14,7.6
1785991942,603076,14240,83886080,0,0,0,238004,238004,15,7.6
1785991952,603960,14240,83886080,0,0,0,238034,238032,15,7.6
1785991963,603192,14240,83886080,0,0,0,238068,238068,14,7.6
1785991973,603288,14240,83886080,0,0,0,238102,238102,13,7.6
1785991983,607420,14240,83886080,0,0,0,238134,238134,14,7.6
1785991993,608500,14240,83886080,0,0,0,238170,238170,12,7.6
1785992003,609348,14240,83886080,0,0,0,238202,238201,16,7.6
1785992013,608728,14240,83886080,0,0,0,238233,238233,13,7.6
1785992023,603464,14240,83886080,0,0,0,238267,238267,14,7.6
1785992033,602116,14240,83886080,0,0,0,238300,238300,12,7.6
1785992043,601920,14240,83886080,0,0,0,238334,238334,13,7.6
1785992053,610728,14240,83886080,0,0,0,238366,238366,16,7.6
1785992063,605804,14240,83886080,0,0,0,238398,238398,12,7.6
1785992073,608552,14240,83886080,0,0,0,238430,238430,14,7.6
1785992084,606728,14240,83886080,0,0,0,238464,238464,13,7.6
1785992094,605564,14240,83886080,0,0,0,238496,238496,16,7.6
1785992104,605720,14240,83886080,0,0,0,238530,238530,14,7.6
1785992114,605724,14240,83886080,0,0,0,238566,238566,10,7.6
1785992124,604200,14240,83886080,0,0,0,238594,238594,15,7.6
1785992134,599880,14240,83886080,0,0,0,238628,238628,14,7.6
1785992144,604576,14240,83886080,0,0,0,238660,238660,14,7.6
1785992154,600272,14240,83886080,0,0,0,238692,238692,13,7.6
1785992164,606264,14240,83886080,0,0,0,238724,238724,13,7.6
1785992174,603944,14240,83886080,0,0,0,238755,238754,16,7.6
1785992184,606988,14240,83886080,0,0,0,238789,238789,12,7.6
1785992194,605768,14240,83886080,0,0,0,238822,238822,13,7.6
1785992205,603784,14240,83886080,0,0,0,238856,238855,13,7.6
1785992215,606156,14240,83886080,0,0,0,238888,238888,13,7.6
1785992225,603052,14240,83886080,0,0,0,238922,238922,13,7.6
1785992235,608320,14240,83886080,0,0,0,238951,238950,15,7.6
1785992245,601172,14240,83886080,0,0,0,238986,238986,13,7.6
1785992255,602036,14240,83886080,0,0,0,239020,239020,13,7.6
1785992265,602300,14240,83886080,0,0,0,239052,239052,12,7.6
1785992275,601936,14240,83886080,0,0,0,239084,239084,14,7.6
1785992285,606116,14240,83886080,0,0,0,239118,239118,13,7.6
1785992295,607084,14240,83886080,0,0,0,239150,239150,13,7.6
1785992305,603608,14240,83886080,0,0,0,239182,239182,14,7.6
1785992315,602600,14240,83886080,0,0,0,239216,239216,12,7.6
1785992326,605156,14240,83886080,0,0,0,239248,239248,13,7.6
1785992336,608424,14240,83886080,0,0,0,239282,239282,12,7.6
1785992346,604604,14240,83886080,0,0,0,239311,239311,15,7.6
1785992356,601712,14240,83886080,0,0,0,239346,239346,13,7.6
1785992366,604396,14240,83886080,0,0,0,239380,239380,13,7.6
1785992376,609492,14240,83886080,0,0,0,239410,239408,16,7.6
1785992386,602680,14240,83886080,0,0,0,239444,239444,12,7.6
1785992396,604572,14240,83886080,0,0,0,239478,239478,12,7.6
1785992406,602180,14240,83886080,0,0,0,239507,239507,14,7.6
1785992416,607452,14240,83886080,0,0,0,239542,239542,12,7.6
1785992426,604296,14240,83886080,0,0,0,239576,239576,12,7.6
1785992436,602652,14240,83886080,0,0,0,239608,239608,11,7.6
1785992447,603304,14240,83886080,0,0,0,239640,239640,12,7.6
1785992457,606240,14240,83886080,0,0,0,239672,239672,13,7.6
1785992467,600612,14240,83886080,0,0,0,239704,239704,13,7.6
1785992477,602700,14240,83886080,0,0,0,239738,239738,12,7.6
1785992487,604896,14240,83886080,0,0,0,239769,239768,16,7.6
1785992497,606460,14240,83886080,0,0,0,239801,239801,14,7.6
1785992507,603520,14240,83886080,0,0,0,239836,239836,11,7.6
1785992517,601556,14240,83886080,0,0,0,239867,239867,12,7.6
1785992527,602808,14240,83886080,0,0,0,239902,239901,13,7.6
1785992537,600600,14240,83886080,0,0,0,239934,239934,13,7.6
1785992548,608008,14240,83886080,0,0,0,239966,239966,14,7.6
1785992558,603560,14240,83886080,0,0,0,240000,240000,13,7.6
1785992568,603468,14240,83886080,0,0,0,240033,240033,13,7.6
1785992578,601600,14240,83886080,0,0,0,240062,240062,14,7.6
1785992588,607804,14240,83886080,0,0,0,240096,240096,12,7.6
1785992598,603044,14240,83886080,0,0,0,240129,240129,11,7.6
1785992608,604688,14240,83886080,0,0,0,240161,240161,13,7.6
1785992618,603544,14240,83886080,0,0,0,240195,240195,14,7.6
1785992628,602880,14240,83886080,0,0,0,240227,240227,15,7.6
1785992638,602260,14240,83886080,0,0,0,240260,240260,12,7.6
1785992648,602292,14240,83886080,0,0,0,240294,240293,15,7.6
1785992658,604680,14240,83886080,0,0,0,240325,240325,15,7.6
1785992668,604716,14240,83886080,0,0,0,240360,240360,12,7.6
1785992679,603588,14240,83886080,0,0,0,240392,240392,14,7.6
1785992689,603844,14240,83886080,0,0,0,240423,240423,13,7.6
1785992699,605068,14240,83886080,0,0,0,240457,240457,13,7.6
1785992709,602144,14240,83886080,0,0,0,240490,240490,12,7.6
1785992719,605032,14240,83886080,0,0,0,240522,240522,14,7.6
1785992729,602716,14240,83886080,0,0,0,240556,240555,11,7.6
1785992739,602932,14240,83886080,0,0,0,240588,240588,14,7.6
1785992749,607276,14240,83886080,0,0,0,240604,240604,22,7.6
1785992759,606188,14240,83886080,0,0,0,240632,240631,13,7.6
1785992769,603792,14240,83886080,0,0,0,240664,240664,12,7.6
1785992779,606700,14240,83886080,0,0,0,240694,240694,16,7.6
1785992790,604312,14240,83886080,0,0,0,240726,240726,12,7.6
1785992800,603200,14240,83886080,0,0,0,240760,240760,13,7.6
1785992810,603976,14240,83886080,0,0,0,240792,240792,12,7.6
1785992820,603616,14240,83886080,0,0,0,240824,240824,14,7.6
1785992830,603964,14240,83886080,0,0,0,240859,240859,11,7.6
1785992840,604336,14240,83886080,0,0,0,240887,240887,15,7.6
1785992850,610440,14240,83886080,0,0,0,240922,240922,13,7.6
1785992860,602440,14240,83886080,0,0,0,240954,240954,14,7.6
1785992870,600452,14240,83886080,0,0,0,240985,240985,12,7.6
1785992880,603276,14240,83886080,0,0,0,241019,241019,12,7.6
1785992890,603284,14240,83886080,0,0,0,241051,241051,14,7.6
1785992900,602400,14240,83886080,0,0,0,241083,241083,15,7.6
1785992911,604204,14240,83886080,0,0,0,241117,241117,13,7.6
1785992921,604556,14240,83886080,0,0,0,241149,241149,15,7.6
1785992931,607664,14240,83886080,0,0,0,241180,241180,14,7.6
1785992941,601632,14240,83886080,0,0,0,241213,241213,14,7.6
1785992951,609776,14240,83886080,0,0,0,241247,241247,13,7.6
1785992961,603676,14240,83886080,0,0,0,241279,241279,13,7.6
1785992971,602720,14240,83886080,0,0,0,241311,241311,15,7.6
1785992981,602520,14240,83886080,0,0,0,241342,241342,16,7.6
1785992991,603188,14240,83886080,0,0,0,241376,241375,13,7.6
1785993001,604044,14240,83886080,0,0,0,241408,241408,15,7.6
1785993011,603060,14240,83886080,0,0,0,241440,241440,12,7.6
1785993021,602884,14240,83886080,0,0,0,241473,241473,13,7.6
1785993032,601300,14240,83886080,0,0,0,241506,241506,13,7.6
1785993042,603344,14240,83886080,0,0,0,241538,241538,12,7.6
1785993052,603036,14240,83886080,0,0,0,241570,241570,12,7.6
1785993062,601480,14240,83886080,0,0,0,241604,241604,13,7.6
1785993072,602424,14240,83886080,0,0,0,241636,241635,12,7.6
1785993082,606144,14240,83886080,0,0,0,241668,241668,13,7.6
1785993092,601312,14240,83886080,0,0,0,241702,241702,13,7.6
1785993102,602880,14240,83886080,0,0,0,241730,241730,14,7.6
1785993112,603040,14240,83886080,0,0,0,241764,241764,14,7.6
1785993122,604284,14240,83886080,0,0,0,241798,241798,13,7.6
1785993132,604692,14240,83886080,0,0,0,241830,241830,13,7.6
1785993142,604160,14240,83886080,0,0,0,241865,241865,13,7.6
1785993152,605868,14240,83886080,0,0,0,241895,241895,15,7.6
1785993163,602380,14240,83886080,0,0,0,241927,241927,14,7.6
1785993173,604572,14240,83886080,0,0,0,241961,241961,13,7.6
1785993183,601700,14240,83886080,0,0,0,241993,241993,13,7.6
1785993193,606716,14240,83886080,0,0,0,242027,242027,13,7.6
1785993203,606448,14240,83886080,0,0,0,242059,242059,15,7.6
1785993213,603208,14240,83886080,0,0,0,242091,242091,12,7.6
1785993223,604084,14240,83886080,0,0,0,242123,242123,13,7.6
1785993233,601860,14240,83886080,0,0,0,242157,242157,14,7.6
1785993243,602680,14240,83886080,0,0,0,242189,242189,12,7.6
1785993253,604504,14240,83886080,0,0,0,242221,242221,14,7.6
1785993263,601204,14240,83886080,0,0,0,242255,242255,13,7.6
1785993273,601720,14240,83886080,0,0,0,242283,242283,16,7.6
1785993283,603184,14240,83886080,0,0,0,242317,242317,14,7.6
1785993294,606028,14240,83886080,0,0,0,242349,242349,16,7.6
1785993304,601816,14240,83886080,0,0,0,242381,242381,13,7.6
1785993314,604348,14240,83886080,0,0,0,242413,242413,13,7.6
1785993324,605696,14240,83886080,0,0,0,242444,242443,16,7.6
1785993334,602760,14240,83886080,0,0,0,242478,242478,12,7.6
1785993344,603420,14240,83886080,0,0,0,242511,242511,13,7.6
1785993354,601200,14240,83886080,0,0,0,242541,242541,15,7.6
1785993364,602484,14240,83886080,0,0,0,242575,242575,11,7.6
1785993374,602656,14240,83886080,0,0,0,242607,242607,14,7.6
1785993384,601564,14240,83886080,0,0,0,242639,242639,12,7.6
1785993395,601236,14240,83886080,0,0,0,242671,242671,14,7.6
1785993405,603368,14240,83886080,0,0,0,242705,242705,13,7.6
1785993415,603044,14240,83886080,0,0,0,242733,242733,14,7.6
1785993425,603612,14240,83886080,0,0,0,242767,242767,13,7.6
1785993435,602680,14240,83886080,0,0,0,242799,242799,14,7.6
1785993445,601896,14240,83886080,0,0,0,242831,242831,12,7.6
1785993455,605848,14240,83886080,0,0,0,242863,242863,12,7.6
1785993465,604716,14240,83886080,0,0,0,242895,242895,13,7.6
1785993475,600948,14240,83886080,0,0,0,242925,242925,14,7.6
1785993485,605944,14240,83886080,0,0,0,242959,242958,14,7.6
1785993495,607576,14240,83886080,0,0,0,242991,242991,13,7.6
1785993506,603148,14240,83886080,0,0,0,243023,243023,13,7.6
1785993516,603484,14240,83886080,0,0,0,243055,243055,14,7.6
1785993526,602300,14240,83886080,0,0,0,243089,243089,13,7.6
1785993536,602184,14240,83886080,0,0,0,243117,243117,13,7.6
1785993546,601452,14240,83886080,0,0,0,243151,243151,14,7.6
1785993556,609472,14240,83886080,0,0,0,243183,243183,15,7.6
1785993566,607656,14240,83886080,0,0,0,243215,243215,14,7.6
1785993576,605148,14240,83886080,0,0,0,243249,243249,13,7.6
1785993586,603192,14240,83886080,0,0,0,243281,243281,13,7.6
1785993596,604968,14240,83886080,0,0,0,243311,243311,14,7.6
1785993607,605108,14240,83886080,0,0,0,243344,243344,14,7.6
1785993617,602428,14240,83886080,0,0,0,243379,243379,11,7.6
1785993627,601780,14240,83886080,0,0,0,243407,243407,14,7.6
1785993637,604820,14240,83886080,0,0,0,243441,243441,14,7.6
1785993647,601416,14240,83886080,0,0,0,243473,243473,14,7.6
1785993657,608772,14240,83886080,0,0,0,243505,243505,14,7.6
1785993667,600952,14240,83886080,0,0,0,243539,243539,13,7.6
1785993677,600908,14240,83886080,0,0,0,243571,243571,14,7.6
1785993687,602680,14240,83886080,0,0,0,243603,243603,13,7.6
1785993697,602016,14240,83886080,0,0,0,243636,243636,13,7.6
1785993707,606800,14240,83886080,0,0,0,243665,243665,16,7.6
1785993718,603016,14240,83886080,0,0,0,243699,243699,12,7.6
1785993728,602960,14240,83886080,0,0,0,243731,243731,13,7.6
1785993738,611484,14240,83886080,0,0,0,243760,243759,18,7.6
1785993748,602816,14240,83886080,0,0,0,243795,243795,12,7.6
1785993758,603340,14240,83886080,0,0,0,243827,243827,14,7.6
1785993768,601248,14240,83886080,0,0,0,243857,243857,16,7.6
1785993778,603308,14240,83886080,0,0,0,243889,243889,15,7.6
1785993788,605420,14240,83886080,0,0,0,243923,243923,13,7.6
1785993799,601676,14240,83886080,0,0,0,243955,243955,11,7.6
1785993809,602916,14240,83886080,0,0,0,243987,243987,12,7.6
1785993819,607724,14240,83886080,0,0,0,244019,244019,13,7.6
1785993829,604044,14240,83886080,0,0,0,244049,244049,15,7.6
1785993839,602000,14240,83886080,0,0,0,244083,244083,13,7.6
1785993849,605424,14240,83886080,0,0,0,244115,244115,14,7.6
1785993859,602296,14240,83886080,0,0,0,244147,244147,12,7.6
1785993869,602908,14240,83886080,0,0,0,244179,244179,14,7.6
1785993879,606220,14240,83886080,0,0,0,244211,244211,14,7.6
1785993889,604700,14240,83886080,0,0,0,244241,244241,12,7.6
1785993899,603128,14240,83886080,0,0,0,244273,244272,12,7.6
1785993909,608692,14240,83886080,0,0,0,244303,244303,13,7.6
1785993919,602712,14240,83886080,0,0,0,244335,244335,12,7.6
1785993929,603460,14240,83886080,0,0,0,244366,244365,14,7.6
1785993939,608564,14240,83886080,0,0,0,244397,244397,13,7.6
1785993950,604984,14240,83886080,0,0,0,244426,244425,14,7.6
1785993960,602520,14240,83886080,0,0,0,244459,244459,13,7.6
1785993970,606780,14240,83886080,0,0,0,244491,244491,14,7.6
1785993980,602100,14240,83886080,0,0,0,244519,244519,14,7.6
1785993990,601632,14240,83886080,0,0,0,244551,244551,13,7.6
1785994000,604972,14240,83886080,0,0,0,244584,244583,13,7.6
1785994010,601248,14240,83886080,0,0,0,244613,244613,12,7.6
1785994020,605568,14240,83886080,0,0,0,244645,244645,13,7.6
1785994030,603992,14240,83886080,0,0,0,244676,244675,15,7.6
1785994040,603044,14240,83886080,0,0,0,244707,244707,14,7.6
1785994051,604404,14240,83886080,0,0,0,244738,244737,15,7.6
1785994061,601436,14240,83886080,0,0,0,244773,244773,11,7.6
1785994071,604588,14240,83886080,0,0,0,244802,244802,13,7.6
1785994081,604456,14240,83886080,0,0,0,244834,244834,12,7.6
1785994091,602204,14240,83886080,0,0,0,244864,244864,14,7.6
1785994101,602360,14240,83886080,0,0,0,244896,244896,14,7.6
1785994111,602792,14240,83886080,0,0,0,244929,244929,12,7.6
1785994121,607264,14240,83886080,0,0,0,244959,244959,13,7.6
1785994131,603268,14240,83886080,0,0,0,244991,244991,13,7.6
1785994141,607144,14240,83886080,0,0,0,245023,245023,13,7.6
1785994152,603444,14240,83886080,0,0,0,245056,245056,11,7.6
1785994162,600156,14240,83886080,0,0,0,245085,245085,12,7.6
1785994172,604332,14240,83886080,0,0,0,245117,245117,13,7.6
1785994182,603232,14240,83886080,0,0,0,245147,245147,16,7.6
1785994192,603056,14240,83886080,0,0,0,245179,245179,13,7.6
1785994202,600820,14240,83886080,0,0,0,245209,245209,14,7.6
1785994212,604252,14240,83886080,0,0,0,245241,245241,15,7.6
1785994222,602892,14240,83886080,0,0,0,245272,245272,12,7.6
1785994232,608132,14240,83886080,0,0,0,245303,245303,13,7.6
1785994243,603356,14240,83886080,0,0,0,245335,245335,12,7.6
1785994253,604656,14240,83886080,0,0,0,245366,245366,12,7.6
1785994263,606340,14240,83886080,0,0,0,245397,245397,14,7.6
1785994273,600868,14240,83886080,0,0,0,245429,245429,15,7.6
1785994283,602800,14240,83886080,0,0,0,245459,245459,11,7.6
1785994293,600968,14240,83886080,0,0,0,245491,245491,12,7.6
1785994303,602560,14240,83886080,0,0,0,245523,245523,12,7.6
1785994313,602832,14240,83886080,0,0,0,245553,245553,14,7.6
1785994323,600116,14240,83886080,0,0,0,245585,245585,14,7.6
1785994333,604936,14240,83886080,0,0,0,245617,245617,13,7.6
1785994343,601388,14240,83886080,0,0,0,245649,245649,11,7.6
1785994353,600224,14240,83886080,0,0,0,245679,245679,14,7.6
1785994364,600948,14240,83886080,0,0,0,245711,245711,14,7.6
1785994374,607872,14240,83886080,0,0,0,245742,245741,13,7.6
1785994384,601040,14240,83886080,0,0,0,245773,245773,13,7.6
1785994394,601724,14240,83886080,0,0,0,245805,245805,14,7.6
1785994404,605336,14240,83886080,0,0,0,245837,245837,12,7.6
1785994414,601280,14240,83886080,0,0,0,245867,245867,14,7.6
1785994424,602512,14240,83886080,0,0,0,245899,245899,13,7.6
1785994434,604972,14240,83886080,0,0,0,245929,245929,13,7.6
1785994444,603340,14240,83886080,0,0,0,245961,245961,14,7.6
1785994454,600368,14240,83886080,0,0,0,245993,245993,12,7.6
1785994464,603408,14240,83886080,0,0,0,246021,246021,12,7.6
1785994474,602448,14240,83886080,0,0,0,246053,246053,12,7.6
1785994484,603976,14240,83886080,0,0,0,246084,246083,15,7.6
1785994494,602236,14240,83886080,0,0,0,246115,246115,15,7.6
1785994505,601148,14240,83886080,0,0,0,246147,246147,14,7.6
1785994515,603668,14240,83886080,0,0,0,246178,246178,14,7.6
1785994525,599736,14240,83886080,0,0,0,246209,246209,13,7.6
1785994535,605304,14240,83886080,0,0,0,246241,246241,13,7.6
1785994545,602372,14240,83886080,0,0,0,246275,246275,11,7.6
1785994555,601148,14240,83886080,0,0,0,246303,246303,15,7.6
1785994565,602016,14240,83886080,0,0,0,246337,246337,13,7.6
1785994575,605272,14240,83886080,0,0,0,246366,246365,16,7.6
1785994585,603944,14240,83886080,0,0,0,246397,246397,13,7.6
1785994595,602532,14240,83886080,0,0,0,246431,246431,12,7.6
1785994605,608304,14240,83886080,0,0,0,246459,246459,16,7.6
1785994616,603512,14240,83886080,0,0,0,246493,246493,13,7.6
1785994626,603336,14240,83886080,0,0,0,246525,246525,13,7.6
1785994636,603340,14240,83886080,0,0,0,246553,246553,16,7.6
1785994646,601836,14240,83886080,0,0,0,246585,246585,13,7.6
1785994656,601076,14240,83886080,0,0,0,246617,246617,14,7.6
1785994666,605392,14240,83886080,0,0,0,246648,246648,13,7.6
1785994676,602504,14240,83886080,0,0,0,246679,246679,14,7.6
1785994686,607556,14240,83886080,0,0,0,246711,246711,13,7.6
1785994696,604704,14240,83886080,0,0,0,246735,246734,20,7.6
1785994706,603428,14240,83886080,0,0,0,246754,246754,12,7.6
1785994717,601920,14240,83886080,0,0,0,246786,246786,12,7.6
1785994727,601528,14240,83886080,0,0,0,246816,246816,14,7.6
1785994737,604756,14240,83886080,0,0,0,246848,246848,12,7.6
1785994747,606580,14240,83886080,0,0,0,246879,246878,13,7.6
1785994757,608612,14240,83886080,0,0,0,246910,246910,14,7.6
1785994767,602104,14240,83886080,0,0,0,246942,246942,13,7.6
1785994777,606744,14240,83886080,0,0,0,246975,246975,12,7.6
1785994787,608572,14240,83886080,0,0,0,247004,247004,17,7.6
1785994797,607592,14240,83886080,0,0,0,247036,247036,13,7.6
1785994807,607880,14240,83886080,0,0,0,247070,247070,13,7.6
1785994817,607064,14240,83886080,0,0,0,247102,247102,12,7.6
1785994827,604540,14240,83886080,0,0,0,247134,247134,15,7.6
1785994838,602892,14240,83886080,0,0,0,247168,247168,14,7.6
1785994848,602548,14240,83886080,0,0,0,247200,247200,12,7.6
1785994858,606492,14240,83886080,0,0,0,247232,247232,14,7.6
1785994868,605916,14240,83886080,0,0,0,247266,247266,13,7.6
1785994878,609684,14240,83886080,0,0,0,247298,247298,12,7.6
1785994888,603160,14240,83886080,0,0,0,247332,247332,13,7.6
1785994898,602328,14240,83886080,0,0,0,247364,247364,14,7.6
1785994908,605112,14240,83886080,0,0,0,247395,247395,13,7.6
1785994918,606084,14240,83886080,0,0,0,247428,247428,14,7.6
1785994928,604832,14240,83886080,0,0,0,247462,247462,12,7.6
1785994938,600308,14240,83886080,0,0,0,247493,247493,13,7.6
1785994949,605580,14240,83886080,0,0,0,247525,247525,14,7.6
1785994959,607744,14240,83886080,0,0,0,247557,247556,16,7.6
1785994969,605460,14240,83886080,0,0,0,247588,247588,14,7.6
1785994979,603996,14240,83886080,0,0,0,247623,247622,13,7.6
1785994989,601556,14240,83886080,0,0,0,247654,247654,12,7.6
1785994999,603940,14240,83886080,0,0,0,247687,247687,14,7.6
1785995009,603952,14240,83886080,0,0,0,247721,247721,15,7.6
1785995019,601396,14240,83886080,0,0,0,247753,247753,12,7.6
1785995029,607260,14240,83886080,0,0,0,247785,247785,14,7.6
1785995039,604644,14240,83886080,0,0,0,247819,247819,12,7.6
1785995049,601452,14240,83886080,0,0,0,247851,247851,13,7.6
1785995060,601280,14240,83886080,0,0,0,247883,247883,13,7.6
1785995070,600612,14240,83886080,0,0,0,247917,247917,14,7.6
1785995080,606348,14240,83886080,0,0,0,247949,247949,13,7.6
1785995090,602376,14240,83886080,0,0,0,247981,247981,13,7.6
1785995100,603992,14240,83886080,0,0,0,248015,248015,13,7.6
1785995110,602676,14240,83886080,0,0,0,248046,248046,13,7.6
1785995120,602336,14240,83886080,0,0,0,248079,248079,13,7.6
1785995130,603696,14240,83886080,0,0,0,248109,248109,15,7.6
1785995140,601940,14240,83886080,0,0,0,248141,248141,14,7.6
1785995150,603748,14240,83886080,0,0,0,248175,248175,13,7.6
1785995161,606920,14240,83886080,0,0,0,248205,248204,16,7.6
1785995171,600412,14240,83886080,0,0,0,248239,248239,12,7.6
1785995181,606244,14240,83886080,0,0,0,248273,248272,12,7.6
1785995191,602648,14240,83886080,0,0,0,248301,248301,14,7.6
1785995201,601320,14240,83886080,0,0,0,248335,248335,13,7.6
1785995211,603064,14240,83886080,0,0,0,248368,248367,15,7.6
1785995221,600336,14240,83886080,0,0,0,248399,248399,13,7.6
1785995231,604356,14240,83886080,0,0,0,248433,248433,11,7.6
1785995241,600724,14240,83886080,0,0,0,248465,248465,12,7.6
1785995251,601212,14240,83886080,0,0,0,248497,248497,12,7.6
1785995262,603808,14240,83886080,0,0,0,248529,248529,14,7.6
1785995272,601992,14240,83886080,0,0,0,248563,248563,13,7.6
1785995282,602316,14240,83886080,0,0,0,248595,248595,12,7.6
1785995292,602968,14240,83886080,0,0,0,248627,248627,14,7.6
1785995302,604816,14240,83886080,0,0,0,248658,248658,15,7.6
1785995312,603540,14240,83886080,0,0,0,248692,248692,13,7.6
1785995322,603952,14240,83886080,0,0,0,248724,248724,14,7.6
1785995332,605292,14240,83886080,0,0,0,248756,248756,15,7.6
1785995342,601228,14240,83886080,0,0,0,248790,248790,13,7.6
1785995352,601848,14240,83886080,0,0,0,248822,248822,15,7.6
1785995362,598736,14240,83886080,0,0,0,248846,248844,20,7.6
1785995372,605032,14240,83886080,0,0,0,248866,248866,12,7.6
1785995383,603876,14240,83886080,0,0,0,248896,248896,14,7.6
1785995393,605980,14240,83886080,0,0,0,248928,248928,16,7.6
1785995403,602436,14240,83886080,0,0,0,248960,248959,13,7.6
1785995413,604304,14240,83886080,0,0,0,248992,248992,13,7.6
1785995423,604008,14240,83886080,0,0,0,249024,249024,14,7.6
1785995433,603500,14240,83886080,0,0,0,249054,249054,15,7.6
1785995443,599768,14240,83886080,0,0,0,249089,249089,13,7.6
1785995453,613260,14240,83886080,0,0,0,249120,249120,14,7.6
1785995463,603700,14240,83886080,0,0,0,249151,249151,13,7.6
1785995473,603812,14240,83886080,0,0,0,249183,249183,13,7.6
1785995483,601900,14240,83886080,0,0,0,249215,249215,14,7.6
1785995494,602244,14240,83886080,0,0,0,249248,249248,14,7.6
1785995504,598820,14240,83886080,0,0,0,249281,249281,13,7.6
1785995514,602556,14240,83886080,0,0,0,249309,249309,17,7.6
1785995524,603784,14240,83886080,0,0,0,249343,249343,12,7.6
1785995534,603012,14240,83886080,0,0,0,249375,249375,13,7.6
1785995544,601184,14240,83886080,0,0,0,249407,249407,11,7.6
1785995554,600932,14240,83886080,0,0,0,249439,249439,12,7.6
1785995564,604256,14240,83886080,0,0,0,249472,249472,12,7.6
1785995574,602744,14240,83886080,0,0,0,249501,249501,13,7.6
1785995584,602900,14240,83886080,0,0,0,249534,249534,13,7.6
1785995594,603612,14240,83886080,0,0,0,249567,249567,12,7.6
1785995604,601936,14240,83886080,0,0,0,249596,249596,15,7.6
1785995615,603476,14240,83886080,0,0,0,249629,249629,14,7.6
1785995625,609524,14240,83886080,0,0,0,249661,249661,15,7.6
1785995635,600544,14240,83886080,0,0,0,249693,249693,12,7.6
1785995645,601796,14240,83886080,0,0,0,249726,249726,12,7.6
1785995655,603108,14240,83886080,0,0,0,249758,249758,13,7.6
1785995665,610792,14240,83886080,0,0,0,249769,249768,24,7.6
1785995675,603428,14240,83886080,0,0,0,249798,249798,12,7.6
1785995685,604816,14240,83886080,0,0,0,249830,249830,13,7.6
1785995695,603792,14240,83886080,0,0,0,249862,249862,14,7.6
1785995705,602776,14240,83886080,0,0,0,249894,249894,13,7.6
1785995715,608156,14240,83886080,0,0,0,249928,249928,12,7.6
1785995725,607684,14240,83886080,0,0,0,249959,249958,14,7.6
1785995735,606416,14240,83886080,0,0,0,249992,249992,13,7.6
1785995746,608700,14240,83886080,0,0,0,250026,250026,12,7.6
1785995756,611496,14240,83886080,0,0,0,250056,250054,13,7.6
1785995766,608388,14240,83886080,0,0,0,250090,250090,11,7.6
1785995776,605784,14240,83886080,0,0,0,250124,250124,12,7.6
1785995786,607756,14240,83886080,0,0,0,250152,250152,15,7.6
1785995796,605556,14240,83886080,0,0,0,250186,250186,13,7.6
1785995806,604892,14240,83886080,0,0,0,250218,250218,14,7.6
1785995816,606908,14240,83886080,0,0,0,250250,250250,12,7.6
1785995826,608660,14240,83886080,0,0,0,250284,250284,12,7.6
1785995836,606112,14240,83886080,0,0,0,250316,250316,13,7.6
1785995846,608264,14240,83886080,0,0,0,250347,250346,14,7.6
1785995856,605492,14240,83886080,0,0,0,250380,250380,12,7.6
1785995866,608464,14240,83886080,0,0,0,250410,250410,16,7.6
1785995877,608112,14240,83886080,0,0,0,250444,250444,13,7.6
1785995887,606724,14240,83886080,0,0,0,250476,250476,13,7.6
1785995897,605036,14240,83886080,0,0,0,250508,250508,12,7.6
1785995907,602932,14240,83886080,0,0,0,250540,250540,12,7.6
1785995917,602296,14240,83886080,0,0,0,250574,250573,13,7.6
1785995927,603936,14240,83886080,0,0,0,250603,250603,14,7.6
1785995937,605380,14240,83886080,0,0,0,250637,250637,12,7.6
1785995947,604612,14240,83886080,0,0,0,250669,250669,13,7.6
1785995957,603008,14240,83886080,0,0,0,250700,250700,12,7.6
1785995967,603228,14240,83886080,0,0,0,250732,250732,14,7.6
1785995977,604292,14240,83886080,0,0,0,250764,250764,13,7.6
1785995987,601872,14240,83886080,0,0,0,250794,250794,13,7.6
1785995997,602632,14240,83886080,0,0,0,250826,250826,12,7.6
1785996008,603112,14240,83886080,0,0,0,250857,250857,14,7.6
1785996018,604112,14240,83886080,0,0,0,250888,250888,12,7.6
1785996028,602568,14240,83886080,0,0,0,250920,250920,11,7.6
1785996038,601812,14240,83886080,0,0,0,250950,250950,14,7.6
1785996048,602888,14240,83886080,0,0,0,250982,250982,14,7.6
1785996058,606068,14240,83886080,0,0,0,251015,251015,13,7.6
1785996068,603880,14240,83886080,0,0,0,251048,251048,12,7.6
1785996078,600748,14240,83886080,0,0,0,251076,251076,12,7.6
1785996088,603380,14240,83886080,0,0,0,251110,251110,12,7.6
1785996098,602748,14240,83886080,0,0,0,251142,251142,12,7.6
1785996108,605860,14240,83886080,0,0,0,251170,251170,14,7.6
1785996118,604044,14240,83886080,0,0,0,251204,251204,13,7.6
1785996129,605992,14240,83886080,0,0,0,251232,251232,17,7.6
1785996139,601344,14240,83886080,0,0,0,251266,251266,14,7.6
1785996149,599852,14240,83886080,0,0,0,251298,251298,13,7.6
1785996159,605220,14240,83886080,0,0,0,251326,251324,17,7.6
1785996169,603420,14240,83886080,0,0,0,251342,251342,13,7.6
1785996179,602536,14240,83886080,0,0,0,251374,251374,13,7.6
1785996189,602412,14240,83886080,0,0,0,251406,251406,13,7.6
1785996199,607268,14240,83886080,0,0,0,251436,251436,13,7.6
1785996209,604804,14240,83886080,0,0,0,251468,251468,14,7.6
1785996219,602572,14240,83886080,0,0,0,251502,251502,12,7.6
1785996229,606548,14240,83886080,0,0,0,251530,251530,12,7.6
1785996239,606136,14240,83886080,0,0,0,251562,251562,12,7.6
1785996250,606068,14240,83886080,0,0,0,251592,251592,14,7.6
1785996260,604580,14240,83886080,0,0,0,251621,251621,14,7.6
1785996270,601580,14240,83886080,0,0,0,251655,251655,12,7.6
1785996280,607428,14240,83886080,0,0,0,251687,251687,14,7.6
1785996290,601036,14240,83886080,0,0,0,251721,251721,14,7.6
1785996300,608196,14240,83886080,0,0,0,251754,251754,15,7.6
1785996310,600728,14240,83886080,0,0,0,251788,251785,17,7.6
1785996320,604236,14240,83886080,0,0,0,251821,251821,12,7.6
1785996330,603732,14240,83886080,0,0,0,251855,251855,12,7.6
1785996340,600972,14240,83886080,0,0,0,251887,251887,14,7.6
1785996350,603368,14240,83886080,0,0,0,251921,251921,14,7.6
1785996360,605276,14240,83886080,0,0,0,251955,251955,13,7.6
1785996370,605024,14240,83886080,0,0,0,251987,251987,13,7.6
1785996381,601916,14240,83886080,0,0,0,252021,252021,15,7.6
1785996391,603752,14240,83886080,0,0,0,252055,252055,13,7.6
1785996401,601480,14240,83886080,0,0,0,252086,252084,16,7.6
1785996411,607520,14240,83886080,0,0,0,252120,252120,12,7.6
1785996421,605144,14240,83886080,0,0,0,252154,252154,14,7.6
1785996431,602664,14240,83886080,0,0,0,252186,252186,14,7.6
1785996441,605368,14240,83886080,0,0,0,252220,252220,13,7.6
1785996451,604200,14240,83886080,0,0,0,252251,252249,17,7.6
1785996461,604076,14240,83886080,0,0,0,252285,252285,14,7.6
1785996471,608236,14240,83886080,0,0,0,252319,252319,13,7.6
1785996481,602980,14240,83886080,0,0,0,252351,252351,12,7.6
1785996491,602300,14240,83886080,0,0,0,252383,252383,14,7.6
1785996502,601452,14240,83886080,0,0,0,252417,252417,15,7.6
1785996512,606404,14240,83886080,0,0,0,252449,252449,15,7.6
1785996522,601728,14240,83886080,0,0,0,252483,252483,14,7.6
1785996532,608832,14240,83886080,0,0,0,252515,252515,14,7.6
1785996542,601572,14240,83886080,0,0,0,252547,252547,14,7.6
1785996552,602132,14240,83886080,0,0,0,252583,252583,14,7.6
1785996562,606528,14240,83886080,0,0,0,252617,252617,12,7.6
1785996572,602144,14240,83886080,0,0,0,252649,252649,12,7.6
1785996582,600592,14240,83886080,0,0,0,252681,252681,12,7.6
1785996592,602700,14240,83886080,0,0,0,252711,252711,14,7.6
1785996602,603508,14240,83886080,0,0,0,252739,252739,13,7.6
1785996612,602176,14240,83886080,0,0,0,252773,252773,12,7.6
1785996622,607320,14240,83886080,0,0,0,252802,252802,15,7.6
1785996632,603840,14240,83886080,0,0,0,252833,252833,14,7.6
1785996643,604060,14240,83886080,0,0,0,252867,252865,15,7.6
1785996653,607244,14240,83886080,0,0,0,252896,252895,17,7.6
1785996663,603032,14240,83886080,0,0,0,252927,252927,14,7.6
1785996673,600568,14240,83886080,0,0,0,252959,252959,13,7.6
1785996683,604492,14240,83886080,0,0,0,252989,252986,18,7.6
1785996693,602564,14240,83886080,0,0,0,253020,253020,14,7.6
1785996703,604016,14240,83886080,0,0,0,253052,253052,14,7.6
1785996713,602544,14240,83886080,0,0,0,253080,253078,16,7.6
1785996724,601180,14240,83886080,0,0,0,253096,253096,13,7.6
1785996734,601904,14240,83886080,0,0,0,253128,253128,13,7.6
1785996744,604700,14240,83886080,0,0,0,253159,253159,14,7.6
1785996754,609464,14240,83886080,0,0,0,253190,253190,13,7.6
1785996764,600736,14240,83886080,0,0,0,253222,253222,14,7.6
1785996774,604336,14240,83886080,0,0,0,253252,253252,14,7.6
1785996784,609532,14240,83886080,0,0,0,253282,253281,14,7.6
1785996794,602988,14240,83886080,0,0,0,253314,253314,13,7.6
1785996804,600912,14240,83886080,0,0,0,253346,253346,14,7.6
1785996814,602812,14240,83886080,0,0,0,253375,253375,14,7.6
1785996824,602496,14240,83886080,0,0,0,253408,253408,13,7.6
1785996835,603820,14240,83886080,0,0,0,253436,253436,15,7.6
1785996845,604124,14240,83886080,0,0,0,253468,253468,13,7.6
1785996855,602308,14240,83886080,0,0,0,253499,253499,14,7.6
1785996865,603072,14240,83886080,0,0,0,253530,253530,13,7.6
1785996875,601868,14240,83886080,0,0,0,253560,253560,13,7.6
1785996885,613588,14240,83886080,0,0,0,253592,253592,14,7.6
1785996895,601712,14240,83886080,0,0,0,253624,253624,14,7.6
1785996905,607216,14240,83886080,0,0,0,253656,253656,12,7.6
1785996915,602676,14240,83886080,0,0,0,253688,253688,13,7.6
1785996925,604520,14240,83886080,0,0,0,253722,253722,12,7.6
1785996935,610800,14240,83886080,0,0,0,253750,253750,12,7.6
1785996945,603776,14240,83886080,0,0,0,253782,253782,12,7.6
1785996955,611020,14240,83886080,0,0,0,253812,253812,16,7.6
1785996965,607444,14240,83886080,0,0,0,253844,253844,12,7.6
1785996976,604048,14240,83886080,0,0,0,253876,253876,13,7.6
1785996986,605076,14240,83886080,0,0,0,253906,253906,13,7.6
1785996996,603768,14240,83886080,0,0,0,253938,253938,14,7.6
1785997006,601248,14240,83886080,0,0,0,253970,253970,13,7.6
1785997016,603028,14240,83886080,0,0,0,254000,254000,14,7.6
1785997026,604432,14240,83886080,0,0,0,254032,254032,15,7.6
1785997036,604004,14240,83886080,0,0,0,254066,254066,13,7.6
1785997046,603472,14240,83886080,0,0,0,254094,254094,13,7.6
1785997056,604256,14240,83886080,0,0,0,254126,254126,12,7.6
1785997066,603884,14240,83886080,0,0,0,254160,254160,13,7.6
1785997077,608452,14240,83886080,0,0,0,254192,254192,12,7.6
1785997087,603484,14240,83886080,0,0,0,254224,254224,12,7.6
1785997097,602616,14240,83886080,0,0,0,254256,254256,13,7.6
1785997107,606360,14240,83886080,0,0,0,254286,254286,13,7.6
1785997117,603484,14240,83886080,0,0,0,254318,254318,14,7.6
1785997127,601148,14240,83886080,0,0,0,254352,254352,11,7.6
1785997137,602744,14240,83886080,0,0,0,254380,254380,12,7.6
1785997147,601500,14240,83886080,0,0,0,254412,254412,13,7.6
1785997157,604384,14240,83886080,0,0,0,254444,254444,13,7.6
1785997167,607004,14240,83886080,0,0,0,254474,254474,13,7.6
1785997177,609732,14240,83886080,0,0,0,254508,254508,11,7.6
1785997187,600668,14240,83886080,0,0,0,254540,254540,13,7.6
1785997197,608568,14240,83886080,0,0,0,254572,254571,12,7.6
1785997208,601496,14240,83886080,0,0,0,254604,254604,13,7.6
1785997218,604336,14240,83886080,0,0,0,254636,254634,15,7.6
1785997228,602728,14240,83886080,0,0,0,254670,254669,12,7.6
1785997238,601180,14240,83886080,0,0,0,254702,254702,13,7.6
1785997248,605848,14240,83886080,0,0,0,254732,254732,16,7.6
1785997258,605324,14240,83886080,0,0,0,254766,254766,14,7.6
1785997268,605284,14240,83886080,0,0,0,254800,254800,13,7.6
1785997278,603356,14240,83886080,0,0,0,254830,254830,14,7.6
1785997288,605336,14240,83886080,0,0,0,254862,254862,14,7.6
1785997299,603464,14240,83886080,0,0,0,254896,254896,13,7.6
1785997309,600612,14240,83886080,0,0,0,254928,254928,12,7.6
1785997319,603336,14240,83886080,0,0,0,254960,254960,13,7.6
1785997329,604116,14240,83886080,0,0,0,254994,254994,12,7.6
1785997339,603440,14240,83886080,0,0,0,255025,255022,15,7.6
1785997349,605368,14240,83886080,0,0,0,255058,255058,13,7.6
1785997359,601444,14240,83886080,0,0,0,255090,255090,13,7.6
1785997369,602356,14240,83886080,0,0,0,255120,255120,12,7.6
1785997379,606292,14240,83886080,0,0,0,255152,255152,14,7.6
1785997389,604368,14240,83886080,0,0,0,255186,255186,14,7.6
1785997399,602952,14240,83886080,0,0,0,255214,255214,14,7.6
1785997409,606240,14240,83886080,0,0,0,255248,255248,13,7.6
1785997420,600432,14240,83886080,0,0,0,255281,255281,14,7.6
1785997430,603660,14240,83886080,0,0,0,255312,255312,12,7.6
1785997440,604632,14240,83886080,0,0,0,255344,255344,15,7.6
1785997450,600992,14240,83886080,0,0,0,255378,255378,13,7.6
1785997460,606012,14240,83886080,0,0,0,255408,255408,14,7.6
1785997470,604664,14240,83886080,0,0,0,255442,255442,12,7.6
1785997480,608608,14240,83886080,0,0,0,255474,255473,14,7.6
1785997490,601636,14240,83886080,0,0,0,255504,255504,14,7.6
1785997500,603816,14240,83886080,0,0,0,255536,255536,12,7.6
1785997510,605096,14240,83886080,0,0,0,255567,255567,14,7.6
1785997520,601592,14240,83886080,0,0,0,255598,255598,12,7.6
1785997530,604212,14240,83886080,0,0,0,255630,255630,12,7.6
1785997541,604612,14240,83886080,0,0,0,255660,255660,15,7.6
1785997551,603624,14240,83886080,0,0,0,255692,255692,15,7.6
1785997561,603228,14240,83886080,0,0,0,255724,255724,12,7.6
1785997571,601872,14240,83886080,0,0,0,255758,255758,10,7.6
1785997581,607420,14240,83886080,0,0,0,255786,255786,15,7.6
1785997591,603880,14240,83886080,0,0,0,255818,255818,14,7.6
1785997601,603336,14240,83886080,0,0,0,255851,255851,13,7.6
1785997611,606132,14240,83886080,0,0,0,255880,255880,13,7.6
1785997621,611124,14240,83886080,0,0,0,255912,255912,14,7.6
1785997631,604104,14240,83886080,0,0,0,255946,255946,11,7.6
1785997641,603528,14240,83886080,0,0,0,255974,255974,13,7.6
1785997652,604256,14240,83886080,0,0,0,256006,256006,14,7.6
1785997662,601284,14240,83886080,0,0,0,256040,256040,12,7.6
1785997672,602980,14240,83886080,0,0,0,256068,256068,12,7.6
1785997682,604300,14240,83886080,0,0,0,256100,256100,13,7.6
1785997692,601620,14240,83886080,0,0,0,256134,256133,13,7.6
1785997702,606660,14240,83886080,0,0,0,256162,256162,15,7.6
1785997712,601668,14240,83886080,0,0,0,256194,256194,14,7.6
1785997722,602844,14240,83886080,0,0,0,256228,256228,11,7.6
1785997732,603172,14240,83886080,0,0,0,256256,256256,13,7.6
1785997742,603688,14240,83886080,0,0,0,256288,256288,12,7.6
1785997752,604440,14240,83886080,0,0,0,256322,256321,12,7.6
1785997763,602748,14240,83886080,0,0,0,256350,256350,14,7.6
1785997773,604416,14240,83886080,0,0,0,256382,256382,14,7.6
1785997783,604352,14240,83886080,0,0,0,256416,256416,12,7.6
1785997793,603864,14240,83886080,0,0,0,256444,256444,14,7.6
1785997803,610892,14240,83886080,0,0,0,256478,256478,12,7.6
1785997813,602528,14240,83886080,0,0,0,256509,256507,16,7.6
1785997823,603844,14240,83886080,0,0,0,256542,256542,12,7.6
1785997833,603520,14240,83886080,0,0,0,256574,256574,13,7.6
1785997843,604540,14240,83886080,0,0,0,256605,256605,14,7.6
1785997853,604316,14240,83886080,0,0,0,256640,256640,12,7.6
1785997863,605012,14240,83886080,0,0,0,256672,256672,15,7.6
1785997873,603500,14240,83886080,0,0,0,256703,256703,12,7.6
1785997884,603516,14240,83886080,0,0,0,256734,256734,14,7.6
1785997894,601560,14240,83886080,0,0,0,256767,256767,12,7.6
1785997904,602412,14240,83886080,0,0,0,256798,256798,15,7.6
1785997914,603380,14240,83886080,0,0,0,256832,256832,13,7.6
1785997924,603948,14240,83886080,0,0,0,256864,256864,15,7.6
1785997934,604616,14240,83886080,0,0,0,256895,256895,12,7.6
1785997944,603332,14240,83886080,0,0,0,256928,256928,12,7.6
1785997954,603196,14240,83886080,0,0,0,256961,256961,12,7.6
1785997964,605244,14240,83886080,0,0,0,256990,256990,15,7.6
1785997974,609124,14240,83886080,0,0,0,257024,257024,12,7.6
1785997984,601180,14240,83886080,0,0,0,257056,257056,13,7.6
1785997994,600992,14240,83886080,0,0,0,257088,257088,13,7.6
1785998004,602720,14240,83886080,0,0,0,257120,257120,12,7.6
1785998014,602860,14240,83886080,0,0,0,257151,257150,15,7.6
1785998024,602276,14240,83886080,0,0,0,257182,257182,14,7.6
1785998035,600960,14240,83886080,0,0,0,257216,257216,13,7.6
1785998045,605260,14240,83886080,0,0,0,257248,257248,11,7.6
1785998055,604044,14240,83886080,0,0,0,257280,257280,13,7.6
1785998065,602800,14240,83886080,0,0,0,257312,257312,13,7.6
1785998075,602132,14240,83886080,0,0,0,257342,257342,15,7.6
1785998085,603616,14240,83886080,0,0,0,257376,257376,13,7.6
1785998095,604204,14240,83886080,0,0,0,257408,257408,14,7.6
1785998105,602268,14240,83886080,0,0,0,257440,257440,14,7.6
1785998115,604144,14240,83886080,0,0,0,257473,257472,14,7.6
1785998125,602444,14240,83886080,0,0,0,257506,257506,13,7.6
1785998135,601140,14240,83886080,0,0,0,257538,257538,11,7.6
1785998145,609164,14240,83886080,0,0,0,257561,257561,20,7.6
1785998156,600384,14240,83886080,0,0,0,257581,257581,14,7.6
1785998166,606148,14240,83886080,0,0,0,257609,257608,16,7.6
1785998176,607108,14240,83886080,0,0,0,257642,257642,13,7.6
1785998186,604220,14240,83886080,0,0,0,257675,257675,12,7.6
1785998196,601020,14240,83886080,0,0,0,257704,257704,16,7.6
1785998206,602008,14240,83886080,0,0,0,257738,257738,12,7.6
1785998216,608100,14240,83886080,0,0,0,257770,257770,13,7.6
1785998226,607044,14240,83886080,0,0,0,257799,257799,15,7.6
1785998237,606476,14240,83886080,0,0,0,257834,257834,13,7.6
1785998247,606820,14240,83886080,0,0,0,257864,257864,14,7.6
1785998257,602588,14240,83886080,0,0,0,257896,257896,12,7.6
1785998267,604400,14240,83886080,0,0,0,257930,257930,11,7.6
1785998277,601696,14240,83886080,0,0,0,257962,257962,12,7.6
1785998287,602512,14240,83886080,0,0,0,257994,257993,11,7.6
1785998297,603988,14240,83886080,0,0,0,258026,258026,12,7.6
1785998307,604492,14240,83886080,0,0,0,258058,258058,12,7.6
1785998317,604440,14240,83886080,0,0,0,258088,258088,12,7.6
1785998327,602932,14240,83886080,0,0,0,258120,258120,13,7.6
1785998338,604240,14240,83886080,0,0,0,258154,258154,12,7.6
1785998348,600872,14240,83886080,0,0,0,258182,258182,13,7.6
1785998358,606564,14240,83886080,0,0,0,258216,258216,13,7.6
1785998368,602100,14240,83886080,0,0,0,258248,258248,14,7.6
1785998378,602268,14240,83886080,0,0,0,258276,258276,13,7.6
1785998388,602336,14240,83886080,0,0,0,258310,258310,13,7.6
1785998398,603392,14240,83886080,0,0,0,258344,258342,16,7.6
1785998408,601832,14240,83886080,0,0,0,258374,258374,15,7.6
1785998418,603476,14240,83886080,0,0,0,258408,258408,14,7.6
1785998428,603652,14240,83886080,0,0,0,258440,258440,14,7.6
1785998438,605084,14240,83886080,0,0,0,258472,258472,12,7.6
1785998449,601636,14240,83886080,0,0,0,258506,258506,13,7.6
1785998459,601768,14240,83886080,0,0,0,258535,258535,15,7.6
1785998469,603188,14240,83886080,0,0,0,258567,258567,14,7.6
1785998479,606612,14240,83886080,0,0,0,258601,258601,12,7.6
1785998489,601804,14240,83886080,0,0,0,258632,258632,13,7.6
1785998499,603384,14240,83886080,0,0,0,258664,258664,16,7.6
1785998509,604672,14240,83886080,0,0,0,258698,258698,15,7.6
1785998519,603344,14240,83886080,0,0,0,258729,258729,14,7.6
1785998529,604124,14240,83886080,0,0,0,258762,258762,14,7.6
1785998539,602324,14240,83886080,0,0,0,258796,258795,13,7.6
1785998549,601472,14240,83886080,0,0,0,258828,258828,11,7.6
1785998559,602888,14240,83886080,0,0,0,258860,258860,12,7.6
1785998569,603628,14240,83886080,0,0,0,258894,258894,13,7.6
1785998579,604492,14240,83886080,0,0,0,258924,258924,14,7.6
1785998590,605612,14240,83886080,0,0,0,258958,258958,12,7.6
1785998600,603652,14240,83886080,0,0,0,258990,258990,13,7.6
1785998610,603224,14240,83886080,0,0,0,259022,259022,13,7.6
1785998620,603120,14240,83886080,0,0,0,259055,259055,13,7.6
1785998630,605796,14240,83886080,0,0,0,259085,259085,16,7.6
1785998640,601252,14240,83886080,0,0,0,259118,259118,12,7.6
1785998650,604468,14240,83886080,0,0,0,259151,259151,13,7.6
1785998660,603448,14240,83886080,0,0,0,259183,259183,12,7.6
1785998670,611144,14240,83886080,0,0,0,259216,259216,13,7.6
1785998680,603148,14240,83886080,0,0,0,259249,259249,13,7.6
1785998690,605524,14240,83886080,0,0,0,259277,259277,14,7.6
1785998701,603728,14240,83886080,0,0,0,259310,259310,14,7.6
1785998711,603344,14240,83886080,0,0,0,259343,259343,12,7.6
1785998721,603568,14240,83886080,0,0,0,259371,259371,16,7.6
1785998731,604268,14240,83886080,0,0,0,259403,259403,16,7.6
1785998741,600312,14240,83886080,0,0,0,259437,259437,10,7.6
1785998751,602564,14240,83886080,0,0,0,259465,259465,12,7.6
1785998761,603220,14240,83886080,0,0,0,259497,259497,12,7.6
1785998771,602132,14240,83886080,0,0,0,259528,259528,12,7.6
1785998781,604424,14240,83886080,0,0,0,259559,259559,10,7.6
1785998791,601124,14240,83886080,0,0,0,259590,259590,12,7.6
1785998801,604956,14240,83886080,0,0,0,259622,259622,12,7.6
1785998811,601352,14240,83886080,0,0,0,259652,259652,12,7.6
1785998822,599792,14240,83886080,0,0,0,259684,259684,13,7.6
1785998832,603172,14240,83886080,0,0,0,259716,259716,13,7.6
1785998842,604384,14240,83886080,0,0,0,259744,259744,14,7.6
1785998852,604004,14240,83886080,0,0,0,259776,259776,13,7.6
1785998862,603984,14240,83886080,0,0,0,259806,259806,15,7.6
1785998872,603392,14240,83886080,0,0,0,259838,259838,12,7.6
1785998882,605400,14240,83886080,0,0,0,259869,259868,13,7.6
1785998892,606024,14240,83886080,0,0,0,259900,259900,14,7.6
1785998902,601164,14240,83886080,0,0,0,259928,259928,14,7.6
1785998912,601928,14240,83886080,0,0,0,259960,259960,14,7.6
1785998922,604156,14240,83886080,0,0,0,259992,259992,13,7.6
1785998932,606712,14240,83886080,0,0,0,260020,260020,12,7.6
1785998943,603648,14240,83886080,0,0,0,260052,260052,11,7.6
1785998953,606584,14240,83886080,0,0,0,260084,260084,12,7.6
1785998963,601180,14240,83886080,0,0,0,260112,260112,15,7.6
1785998973,601664,14240,83886080,0,0,0,260144,260144,14,7.6
1785998983,604536,14240,83886080,0,0,0,260178,260178,12,7.6
1785998993,603452,14240,83886080,0,0,0,260208,260208,13,7.6
1785999003,603172,14240,83886080,0,0,0,260242,260242,13,7.6
1785999013,601448,14240,83886080,0,0,0,260276,260276,12,7.6
1785999023,602152,14240,83886080,0,0,0,260304,260304,14,7.6
1785999033,604832,14240,83886080,0,0,0,260338,260338,13,7.6
1785999043,603500,14240,83886080,0,0,0,260370,260370,13,7.6
1785999054,604200,14240,83886080,0,0,0,260402,260401,11,7.6
1785999064,608148,14240,83886080,0,0,0,260434,260434,13,7.6
1785999074,611352,14240,83886080,0,0,0,260464,260464,15,7.6
1785999084,601896,14240,83886080,0,0,0,260496,260496,14,7.6
1785999094,601176,14240,83886080,0,0,0,260530,260530,14,7.6
1785999104,605036,14240,83886080,0,0,0,260562,260562,15,7.6
1785999114,602836,14240,83886080,0,0,0,260594,260594,13,7.6
1785999124,601464,14240,83886080,0,0,0,260628,260628,12,7.6
1785999134,609840,14240,83886080,0,0,0,260658,260657,15,7.6
1785999144,605080,14240,83886080,0,0,0,260692,260692,13,7.6
1785999154,605768,14240,83886080,0,0,0,260724,260724,14,7.6
1785999164,602388,14240,83886080,0,0,0,260756,260756,14,7.6
1785999174,601888,14240,83886080,0,0,0,260789,260789,14,7.6
1785999184,604480,14240,83886080,0,0,0,260822,260821,14,7.6
1785999195,602812,14240,83886080,0,0,0,260852,260852,13,7.6
1785999205,603476,14240,83886080,0,0,0,260884,260884,15,7.6
1785999215,601000,14240,83886080,0,0,0,260918,260918,13,7.6
1785999225,606692,14240,83886080,0,0,0,260949,260949,14,7.6
1785999235,604452,14240,83886080,0,0,0,260981,260981,14,7.6
1785999245,605532,14240,83886080,0,0,0,261014,261014,15,7.6
1785999255,604136,14240,83886080,0,0,0,261045,261045,13,7.6
1785999265,603284,14240,83886080,0,0,0,261077,261077,14,7.6
1785999275,601708,14240,83886080,0,0,0,261108,261108,15,7.6
1785999286,602996,14240,83886080,0,0,0,261142,261142,12,7.6
1785999296,602596,14240,83886080,0,0,0,261175,261174,14,7.6
1785999306,608448,14240,83886080,0,0,0,261206,261206,14,7.6
1785999316,603264,14240,83886080,0,0,0,261240,261240,14,7.6
1785999326,602100,14240,83886080,0,0,0,261272,261272,16,7.6
1785999336,604852,14240,83886080,0,0,0,261304,261304,12,7.6
1785999346,610400,14240,83886080,0,0,0,261336,261336,13,7.6
1785999356,602076,14240,83886080,0,0,0,261370,261370,12,7.6
1785999366,602728,14240,83886080,0,0,0,261398,261398,15,7.6
1785999376,607984,14240,83886080,0,0,0,261433,261433,13,7.6
1785999386,606532,14240,83886080,0,0,0,261467,261467,11,7.6
1785999396,600300,14240,83886080,0,0,0,261496,261496,14,7.6
1785999406,602700,14240,83886080,0,0,0,261530,261530,14,7.6
1785999417,608184,14240,83886080,0,0,0,261563,261563,13,7.6
1785999427,606832,14240,83886080,0,0,0,261594,261594,14,7.6
1785999437,605944,14240,83886080,0,0,0,261628,261628,14,7.6
1785999447,600528,14240,83886080,0,0,0,261660,261660,14,7.6
1785999457,606596,14240,83886080,0,0,0,261692,261692,14,7.6
1785999467,603144,14240,83886080,0,0,0,261726,261726,13,7.6
1785999477,601644,14240,83886080,0,0,0,261755,261755,16,7.6
1785999487,600204,14240,83886080,0,0,0,261789,261789,13,7.6
1785999497,601096,14240,83886080,0,0,0,261821,261821,14,7.6
1785999508,608296,14240,83886080,0,0,0,261853,261853,12,7.6
1785999518,605692,14240,83886080,0,0,0,261885,261885,13,7.6
1785999528,604748,14240,83886080,0,0,0,261919,261919,13,7.6
1785999538,606468,14240,83886080,0,0,0,261951,261951,13,7.6
1785999548,603928,14240,83886080,0,0,0,261983,261983,13,7.6
1785999558,604152,14240,83886080,0,0,0,262017,262017,12,7.6
1785999568,601440,14240,83886080,0,0,0,262045,262045,14,7.6
1785999578,603304,14240,83886080,0,0,0,262079,262079,14,7.6
1785999588,603628,14240,83886080,0,0,0,262111,262111,15,7.6
1785999598,605776,14240,83886080,0,0,0,262141,262141,13,7.6
1785999608,602032,14240,83886080,0,0,0,262174,262174,12,7.6
1785999619,603292,14240,83886080,0,0,0,262206,262206,14,7.6
1785999629,602036,14240,83886080,0,0,0,262238,262238,11,7.6
1785999639,603260,14240,83886080,0,0,0,262270,262270,12,7.6
1785999649,605752,14240,83886080,0,0,0,262300,262300,15,7.6
1785999659,607612,14240,83886080,0,0,0,262332,262332,14,7.6
1785999669,602488,14240,83886080,0,0,0,262366,262366,12,7.6
1785999679,601920,14240,83886080,0,0,0,262398,262398,12,7.6
1785999689,602024,14240,83886080,0,0,0,262430,262430,12,7.6
1785999699,602072,14240,83886080,0,0,0,262462,262462,14,7.6
1785999709,608820,14240,83886080,0,0,0,262493,262492,15,7.6
1785999719,604376,14240,83886080,0,0,0,262526,262526,13,7.6
1785999729,606152,14240,83886080,0,0,0,262558,262558,14,7.6
1785999739,603392,14240,83886080,0,0,0,262590,262586,17,7.6
1785999750,601848,14240,83886080,0,0,0,262622,262622,14,7.6
1785999760,602312,14240,83886080,0,0,0,262654,262654,13,7.6
1785999770,602356,14240,83886080,0,0,0,262684,262680,19,7.6
1785999780,602760,14240,83886080,0,0,0,262716,262716,12,7.6
1785999790,602208,14240,83886080,0,0,0,262748,262748,13,7.6
1785999800,601172,14240,83886080,0,0,0,262778,262778,15,7.6
1785999810,604176,14240,83886080,0,0,0,262810,262810,16,7.6
1785999820,603016,14240,83886080,0,0,0,262844,262844,15,7.6
1785999830,600964,14240,83886080,0,0,0,262876,262876,12,7.6
1785999840,604288,14240,83886080,0,0,0,262908,262908,12,7.6
1785999850,603504,14240,83886080,0,0,0,262940,262940,14,7.6
1785999860,604896,14240,83886080,0,0,0,262970,262970,15,7.6
1785999870,608472,14240,83886080,0,0,0,263004,263004,14,7.6
1785999881,608924,14240,83886080,0,0,0,263036,263036,15,7.6
1785999891,601896,14240,83886080,0,0,0,263068,263068,12,7.6
1785999901,605324,14240,83886080,0,0,0,263100,263100,13,7.6
1785999911,604396,14240,83886080,0,0,0,263134,263134,12,7.6
1785999921,604268,14240,83886080,0,0,0,263162,263162,13,7.6
1785999931,607432,14240,83886080,0,0,0,263194,263194,13,7.6
1785999941,602348,14240,83886080,0,0,0,263228,263228,12,7.6
1785999951,602712,14240,83886080,0,0,0,263256,263256,15,7.6
1785999961,604744,14240,83886080,0,0,0,263260,263260,26,7.6
1785999971,610340,14240,83886080,0,0,0,263264,263264,26,7.6
1785999981,605912,14240,83886080,0,0,0,263288,263288,13,7.6
1785999991,604676,14240,83886080,0,0,0,263322,263322,12,7.6
1786000002,606200,14240,83886080,0,0,0,263352,263352,13,7.6
1786000012,605372,14240,83886080,0,0,0,263386,263386,11,7.6
1786000022,601368,14240,83886080,0,0,0,263418,263418,11,7.6
1786000032,610052,14240,83886080,0,0,0,263447,263446,13,7.6
1786000042,606316,14240,83886080,0,0,0,263480,263480,12,7.6
1786000052,602120,14240,83886080,0,0,0,263512,263512,12,7.6
1786000062,602572,14240,83886080,0,0,0,263540,263540,14,7.6
1786000072,604372,14240,83886080,0,0,0,263574,263574,13,7.6
1786000082,605204,14240,83886080,0,0,0,263606,263606,13,7.6
1786000092,602040,14240,83886080,0,0,0,263636,263635,12,7.6
1786000103,605496,14240,83886080,0,0,0,263668,263668,12,7.6
1786000113,608536,14240,83886080,0,0,0,263700,263700,13,7.6
1786000123,601828,14240,83886080,0,0,0,263732,263732,12,7.6
1786000133,602840,14240,83886080,0,0,0,263764,263764,13,7.6
1786000143,603856,14240,83886080,0,0,0,263795,263794,16,7.6
1786000153,610092,14240,83886080,0,0,0,263826,263826,13,7.6
1786000163,602684,14240,83886080,0,0,0,263860,263860,12,7.6
1786000173,601704,14240,83886080,0,0,0,263892,263892,12,7.6
1786000183,603232,14240,83886080,0,0,0,263921,263921,12,7.6
1786000193,604192,14240,83886080,0,0,0,263954,263954,13,7.6
1786000203,601980,14240,83886080,0,0,0,263986,263986,13,7.6
1786000213,603900,14240,83886080,0,0,0,264018,264018,13,7.6
1786000224,607520,14240,83886080,0,0,0,264051,264049,15,7.6
1786000234,605272,14240,83886080,0,0,0,264082,264080,17,7.6
1786000244,606188,14240,83886080,0,0,0,264115,264115,14,7.6
1786000254,606820,14240,83886080,0,0,0,264148,264148,14,7.6
1786000264,608988,14240,83886080,0,0,0,264178,264178,16,7.6
1786000274,609888,14240,83886080,0,0,0,264212,264212,12,7.6
1786000284,601564,14240,83886080,0,0,0,264244,264244,13,7.6
1786000294,607140,14240,83886080,0,0,0,264276,264276,13,7.6
1786000304,602348,14240,83886080,0,0,0,264308,264308,13,7.6
1786000314,602400,14240,83886080,0,0,0,264342,264342,14,7.6
1786000324,610276,14240,83886080,0,0,0,264370,264370,16,7.6
1786000334,606768,14240,83886080,0,0,0,264404,264404,14,7.6
1786000344,608584,14240,83886080,0,0,0,264438,264438,13,7.6
1786000355,606196,14240,83886080,0,0,0,264468,264468,13,7.6
1786000365,602008,14240,83886080,0,0,0,264502,264502,12,7.6
1786000375,608684,14240,83886080,0,0,0,264534,264534,13,7.6
1786000385,601244,14240,83886080,0,0,0,264566,264566,13,7.6
1786000395,603336,14240,83886080,0,0,0,264598,264598,14,7.6
1786000405,601596,14240,83886080,0,0,0,264632,264632,12,7.6
1786000415,606208,14240,83886080,0,0,0,264656,264656,17,7.6
1786000425,604664,14240,83886080,0,0,0,264670,264670,14,7.6
1786000435,603856,14240,83886080,0,0,0,264704,264704,12,7.6
1786000445,606332,14240,83886080,0,0,0,264734,264734,16,7.6
1786000455,600700,14240,83886080,0,0,0,264766,264766,15,7.6
1786000465,602172,14240,83886080,0,0,0,264800,264800,13,7.6
1786000475,607296,14240,83886080,0,0,0,264832,264832,14,7.6
1786000486,606800,14240,83886080,0,0,0,264864,264864,14,7.6
1786000496,603152,14240,83886080,0,0,0,264896,264896,14,7.6
1786000506,601800,14240,83886080,0,0,0,264926,264926,15,7.6
1786000516,601224,14240,83886080,0,0,0,264958,264958,14,7.6
1786000526,601036,14240,83886080,0,0,0,264990,264990,12,7.6
1786000536,601152,14240,83886080,0,0,0,265020,265020,14,7.6
1786000546,601720,14240,83886080,0,0,0,265052,265052,13,7.6
1786000556,603772,14240,83886080,0,0,0,265083,265083,14,7.6
1786000566,608784,14240,83886080,0,0,0,265114,265114,14,7.6
1786000576,605276,14240,83886080,0,0,0,265146,265146,12,7.6
1786000587,602544,14240,83886080,0,0,0,265179,265179,12,7.6
1786000597,603440,14240,83886080,0,0,0,265208,265208,13,7.6
1786000607,603068,14240,83886080,0,0,0,265241,265241,13,7.6
1786000617,603296,14240,83886080,0,0,0,265274,265274,13,7.6
1786000627,603224,14240,83886080,0,0,0,265303,265303,15,7.6
1786000637,602004,14240,83886080,0,0,0,265336,265336,12,7.6
1786000647,602516,14240,83886080,0,0,0,265368,265368,12,7.6
1786000657,603256,14240,83886080,0,0,0,265397,265397,12,7.6
1786000667,603144,14240,83886080,0,0,0,265430,265430,13,7.6
1786000677,601352,14240,83886080,0,0,0,265462,265462,12,7.6
1786000687,602184,14240,83886080,0,0,0,265490,265490,16,7.6
1786000697,601124,14240,83886080,0,0,0,265522,265522,13,7.6
1786000707,609856,14240,83886080,0,0,0,265553,265552,14,7.6
1786000717,604252,14240,83886080,0,0,0,265584,265584,14,7.6
1786000728,603668,14240,83886080,0,0,0,265616,265616,11,7.6
1786000738,608700,14240,83886080,0,0,0,265646,265646,14,7.6
1786000748,605680,14240,83886080,0,0,0,265678,265678,15,7.6
1786000758,606652,14240,83886080,0,0,0,265683,265682,24,7.6
1786000768,603008,14240,83886080,0,0,0,265698,265698,14,7.6
1786000778,606112,14240,83886080,0,0,0,265709,265707,22,7.6
1786000788,607200,14240,83886080,0,0,0,265717,265717,15,7.6
1786000798,601924,14240,83886080,0,0,0,265729,265729,15,7.6
1786000808,602908,14240,83886080,0,0,0,265761,265761,13,7.6
1786000818,609580,14240,83886080,0,0,0,265793,265793,14,7.6
1786000829,602524,14240,83886080,0,0,0,265827,265827,13,7.6
1786000839,602156,14240,83886080,0,0,0,265859,265859,11,7.6
1786000849,601328,14240,83886080,0,0,0,265891,265891,12,7.6
1786000859,603324,14240,83886080,0,0,0,265925,265925,11,7.6
1786000869,604140,14240,83886080,0,0,0,265953,265953,16,7.6
1786000879,603720,14240,83886080,0,0,0,265987,265987,14,7.6
1786000889,605700,14240,83886080,0,0,0,266021,266021,13,7.6
1786000899,603484,14240,83886080,0,0,0,266053,266053,13,7.6
1786000909,600980,14240,83886080,0,0,0,266087,266087,13,7.6
1786000919,602644,14240,83886080,0,0,0,266120,266120,12,7.6
1786000929,603528,14240,83886080,0,0,0,266148,266148,11,7.6
1786000940,603972,14240,83886080,0,0,0,266181,266181,13,7.6
1786000950,605756,14240,83886080,0,0,0,266212,266212,13,7.6
1786000960,610016,14240,83886080,0,0,0,266244,266244,15,7.6
1786000970,604000,14240,83886080,0,0,0,266278,266278,11,7.6
1786000980,600324,14240,83886080,0,0,0,266310,266310,13,7.6
1786000990,605828,14240,83886080,0,0,0,266342,266342,12,7.6
1786001000,602664,14240,83886080,0,0,0,266375,266375,13,7.6
1786001010,604500,14240,83886080,0,0,0,266404,266404,12,7.6
1786001020,604932,14240,83886080,0,0,0,266436,266436,14,7.6
1786001030,604268,14240,83886080,0,0,0,266470,266470,12,7.6
1786001040,606676,14240,83886080,0,0,0,266500,266499,13,7.6
1786001050,602428,14240,83886080,0,0,0,266534,266534,12,7.6
1786001061,600672,14240,83886080,0,0,0,266566,266566,13,7.6
1786001071,604380,14240,83886080,0,0,0,266597,266597,15,7.6
1786001081,606480,14240,83886080,0,0,0,266631,266631,12,7.6
1786001091,602172,14240,83886080,0,0,0,266664,266664,12,7.6
1786001101,602232,14240,83886080,0,0,0,266694,266694,13,7.6
1786001111,603784,14240,83886080,0,0,0,266727,266727,13,7.6
1786001121,603276,14240,83886080,0,0,0,266759,266759,14,7.6
1786001131,600692,14240,83886080,0,0,0,266788,266788,14,7.6
1786001141,605900,14240,83886080,0,0,0,266820,266820,15,7.6
1786001151,601452,14240,83886080,0,0,0,266853,266853,14,7.6
1786001161,605248,14240,83886080,0,0,0,266884,266884,12,7.6
1786001172,602296,14240,83886080,0,0,0,266915,266915,11,7.6
1786001182,602940,14240,83886080,0,0,0,266948,266948,12,7.6
1786001192,605592,14240,83886080,0,0,0,266979,266979,13,7.6
1786001202,602892,14240,83886080,0,0,0,267011,267011,13,7.6
1786001212,604104,14240,83886080,0,0,0,267040,267039,18,7.6
1786001222,604068,14240,83886080,0,0,0,267070,267069,14,7.6
1786001232,605164,14240,83886080,0,0,0,267083,267083,14,7.6
1786001242,602920,14240,83886080,0,0,0,267117,267117,12,7.6
1786001252,603296,14240,83886080,0,0,0,267133,267133,19,7.6
1786001262,607780,14240,83886080,0,0,0,267157,267157,16,7.6
1786001273,603756,14240,83886080,0,0,0,267191,267191,13,7.6
1786001283,599796,14240,83886080,0,0,0,267223,267223,12,7.6
1786001293,602400,14240,83886080,0,0,0,267251,267251,12,7.6
1786001303,603648,14240,83886080,0,0,0,267283,267283,12,7.6
1786001313,605468,14240,83886080,0,0,0,267314,267313,16,7.6
1786001323,609192,14240,83886080,0,0,0,267345,267345,14,7.6
1786001333,606108,14240,83886080,0,0,0,267377,267377,13,7.6
1786001343,601084,14240,83886080,0,0,0,267411,267410,11,7.6
1786001353,603568,14240,83886080,0,0,0,267439,267439,11,7.6
1786001363,600456,14240,83886080,0,0,0,267471,267471,13,7.6
1786001373,607244,14240,83886080,0,0,0,267501,267501,15,7.6
1786001383,612428,14240,83886080,0,0,0,267533,267533,12,7.6
1786001393,601172,14240,83886080,0,0,0,267565,267565,14,7.6
1786001404,606464,14240,83886080,0,0,0,267595,267595,15,7.6
1786001414,601420,14240,83886080,0,0,0,267627,267627,14,7.6
1786001424,600540,14240,83886080,0,0,0,267659,267659,13,7.6
1786001434,603592,14240,83886080,0,0,0,267689,267689,13,7.6
1786001444,601488,14240,83886080,0,0,0,267721,267721,12,7.6
1786001454,602972,14240,83886080,0,0,0,267753,267753,12,7.6
1786001464,600968,14240,83886080,0,0,0,267784,267783,16,7.6
1786001474,602160,14240,83886080,0,0,0,267815,267815,16,7.6
1786001484,603180,14240,83886080,0,0,0,267849,267849,12,7.6
1786001494,612092,14240,83886080,0,0,0,267878,267877,16,7.6
1786001504,603740,14240,83886080,0,0,0,267913,267913,13,7.6
1786001514,603152,14240,83886080,0,0,0,267943,267943,15,7.6
1786001524,603352,14240,83886080,0,0,0,267975,267975,15,7.6
1786001535,601248,14240,83886080,0,0,0,268007,268007,12,7.6
1786001545,604608,14240,83886080,0,0,0,268039,268039,13,7.6
1786001555,603216,14240,83886080,0,0,0,268068,268065,19,7.6
1786001565,602252,14240,83886080,0,0,0,268099,268099,14,7.6
1786001575,605056,14240,83886080,0,0,0,268131,268131,13,7.6
1786001585,609316,14240,83886080,0,0,0,268162,268161,14,7.6
1786001595,607752,14240,83886080,0,0,0,268193,268193,15,7.6
1786001605,603960,14240,83886080,0,0,0,268225,268225,15,7.6
1786001615,607144,14240,83886080,0,0,0,268257,268257,14,7.6
1786001625,604496,14240,83886080,0,0,0,268289,268289,13,7.6
1786001635,602848,14240,83886080,0,0,0,268321,268321,14,7.6
1786001645,603488,14240,83886080,0,0,0,268351,268351,15,7.6
1786001656,602696,14240,83886080,0,0,0,268383,268383,13,7.6
1786001666,602392,14240,83886080,0,0,0,268415,268415,12,7.6
1786001676,601768,14240,83886080,0,0,0,268445,268445,13,7.6
1786001686,607468,14240,83886080,0,0,0,268449,268449,24,7.6
1786001696,605556,14240,83886080,0,0,0,268456,268453,27,7.6
1786001706,602912,14240,83886080,0,0,0,268465,268463,20,7.6
1786001716,605040,14240,83886080,0,0,0,268471,268468,27,7.6
1786001727,602272,14240,83886080,0,0,0,268499,268499,14,7.6
1786001737,606264,14240,83886080,0,0,0,268531,268531,12,7.6
1786001747,602956,14240,83886080,0,0,0,268563,268563,13,7.6
1786001757,608420,14240,83886080,0,0,0,268595,268595,13,7.6
1786001767,607764,14240,83886080,0,0,0,268625,268625,13,7.6
1786001777,603496,14240,83886080,0,0,0,268657,268657,14,7.6
1786001787,601120,14240,83886080,0,0,0,268691,268691,11,7.6
1786001798,603260,14240,83886080,0,0,0,268719,268719,14,7.6
1786001808,607036,14240,83886080,0,0,0,268751,268751,14,7.6
1786001818,604076,14240,83886080,0,0,0,268785,268785,13,7.6
1786001828,604756,14240,83886080,0,0,0,268813,268813,14,7.6
1786001838,602532,14240,83886080,0,0,0,268847,268847,12,7.6
1786001848,601572,14240,83886080,0,0,0,268879,268879,13,7.6
1786001858,608620,14240,83886080,0,0,0,268910,268909,13,7.6
1786001868,605456,14240,83886080,0,0,0,268941,268941,13,7.6
1786001878,605052,14240,83886080,0,0,0,268973,268973,14,7.6
1786001888,602920,14240,83886080,0,0,0,269005,269005,13,7.6
1786001899,602240,14240,83886080,0,0,0,269038,269038,13,7.6
1786001909,601384,14240,83886080,0,0,0,269071,269071,12,7.6
1786001919,603780,14240,83886080,0,0,0,269099,269099,14,7.6
1786001929,603972,14240,83886080,0,0,0,269133,269133,12,7.6
1786001939,607684,14240,83886080,0,0,0,269165,269165,13,7.6
1786001949,607184,14240,83886080,0,0,0,269193,269193,15,7.6
1786001959,609160,14240,83886080,0,0,0,269227,269227,12,7.6
1786001969,606124,14240,83886080,0,0,0,269259,269259,13,7.6
1786001979,607364,14240,83886080,0,0,0,269291,269291,12,7.6
1786001989,606988,14240,83886080,0,0,0,269323,269323,13,7.6
1786001999,602984,14240,83886080,0,0,0,269355,269355,13,7.6
