   Compiling inf-simd v0.0.0 (/home/kcaicedo/Documents/Projects/databases/infinitydb/crates/inf-simd)
   Compiling inf-wire v0.0.0 (/home/kcaicedo/Documents/Projects/databases/infinitydb/crates/inf-wire)
   Compiling inf-wire-fuzz v0.0.0 (/home/kcaicedo/Documents/Projects/databases/infinitydb/crates/inf-wire/fuzz)
    Finished `release` profile [optimized + debuginfo] target(s) in 0.64s
    Finished `release` profile [optimized + debuginfo] target(s) in 0.00s
     Running `fuzz/target/x86_64-unknown-linux-gnu/release/resp_parse -artifact_prefix=/home/kcaicedo/Documents/Projects/databases/infinitydb/crates/inf-wire/fuzz/artifacts/resp_parse/ -max_total_time=300 /home/kcaicedo/Documents/Projects/databases/infinitydb/crates/inf-wire/fuzz/corpus/resp_parse`
INFO: Running with entropic power schedule (0xFF, 100).
INFO: Seed: 33913420
INFO: Loaded 1 modules   (856 inline 8-bit counters): 856 [0x57c37fdd3ad0, 0x57c37fdd3e28), 
INFO: Loaded 1 PC tables (856 PCs): 856 [0x57c37fdd3e28,0x57c37fdd73a8), 
INFO:      810 files found in /home/kcaicedo/Documents/Projects/databases/infinitydb/crates/inf-wire/fuzz/corpus/resp_parse
INFO: -max_len is not provided; libFuzzer will not generate inputs larger than 4096 bytes
INFO: seed corpus: files: 810 min: 1b max: 3856b total: 231474b rss: 33Mb
#811	INITED cov: 266 ft: 1350 corp: 362/68Kb exec/s: 0 rss: 51Mb
#1701	REDUCE cov: 266 ft: 1350 corp: 362/67Kb lim: 3867 exec/s: 0 rss: 53Mb L: 3368/3856 MS: 5 ShuffleBytes-ChangeByte-InsertByte-EraseBytes-InsertByte-
#3078	REDUCE cov: 266 ft: 1350 corp: 362/67Kb lim: 3878 exec/s: 0 rss: 56Mb L: 161/3856 MS: 2 ChangeBinInt-EraseBytes-
#4764	REDUCE cov: 266 ft: 1350 corp: 362/67Kb lim: 3889 exec/s: 0 rss: 58Mb L: 530/3856 MS: 1 EraseBytes-
#6110	REDUCE cov: 266 ft: 1350 corp: 362/67Kb lim: 3900 exec/s: 0 rss: 60Mb L: 107/3856 MS: 1 EraseBytes-
#6275	REDUCE cov: 266 ft: 1350 corp: 362/67Kb lim: 3900 exec/s: 0 rss: 60Mb L: 181/3856 MS: 5 ShuffleBytes-ChangeBinInt-ChangeBinInt-ShuffleBytes-EraseBytes-
#11948	REDUCE cov: 266 ft: 1350 corp: 362/67Kb lim: 3955 exec/s: 0 rss: 68Mb L: 357/3856 MS: 3 EraseBytes-ChangeBit-CrossOver-
#13524	REDUCE cov: 266 ft: 1350 corp: 362/67Kb lim: 3966 exec/s: 0 rss: 70Mb L: 234/3856 MS: 1 EraseBytes-
#16910	REDUCE cov: 266 ft: 1350 corp: 362/67Kb lim: 3999 exec/s: 0 rss: 75Mb L: 44/3856 MS: 1 EraseBytes-
#18066	REDUCE cov: 266 ft: 1350 corp: 362/67Kb lim: 4010 exec/s: 0 rss: 76Mb L: 42/3856 MS: 1 EraseBytes-
#22814	REDUCE cov: 266 ft: 1350 corp: 362/67Kb lim: 4054 exec/s: 0 rss: 82Mb L: 76/3856 MS: 3 ChangeASCIIInt-ChangeASCIIInt-EraseBytes-
#26310	REDUCE cov: 266 ft: 1350 corp: 362/67Kb lim: 4087 exec/s: 0 rss: 87Mb L: 104/3856 MS: 1 EraseBytes-
#26886	REDUCE cov: 266 ft: 1350 corp: 362/67Kb lim: 4087 exec/s: 0 rss: 88Mb L: 66/3856 MS: 1 EraseBytes-
#27542	REDUCE cov: 266 ft: 1350 corp: 362/67Kb lim: 4087 exec/s: 0 rss: 88Mb L: 29/3856 MS: 1 EraseBytes-
#28874	REDUCE cov: 266 ft: 1350 corp: 362/67Kb lim: 4096 exec/s: 0 rss: 90Mb L: 87/3856 MS: 2 ShuffleBytes-EraseBytes-
#29417	REDUCE cov: 266 ft: 1350 corp: 362/67Kb lim: 4096 exec/s: 0 rss: 91Mb L: 41/3856 MS: 3 ChangeASCIIInt-ChangeBit-EraseBytes-
#35489	REDUCE cov: 266 ft: 1350 corp: 362/67Kb lim: 4096 exec/s: 35489 rss: 100Mb L: 289/3856 MS: 1 EraseBytes-
#37515	REDUCE cov: 266 ft: 1350 corp: 362/67Kb lim: 4096 exec/s: 37515 rss: 103Mb L: 356/3856 MS: 1 CrossOver-
#40556	REDUCE cov: 266 ft: 1350 corp: 362/67Kb lim: 4096 exec/s: 40556 rss: 107Mb L: 1209/3856 MS: 1 EraseBytes-
#47251	REDUCE cov: 266 ft: 1350 corp: 362/67Kb lim: 4096 exec/s: 47251 rss: 115Mb L: 3466/3856 MS: 5 ChangeBinInt-ChangeByte-ChangeByte-ShuffleBytes-EraseBytes-
#56139	REDUCE cov: 266 ft: 1350 corp: 362/67Kb lim: 4096 exec/s: 56139 rss: 126Mb L: 13/3856 MS: 3 InsertByte-ShuffleBytes-EraseBytes-
#58845	REDUCE cov: 266 ft: 1350 corp: 362/67Kb lim: 4096 exec/s: 58845 rss: 131Mb L: 35/3856 MS: 1 EraseBytes-
#63663	REDUCE cov: 266 ft: 1350 corp: 362/67Kb lim: 4096 exec/s: 31831 rss: 137Mb L: 224/3856 MS: 3 CopyPart-ShuffleBytes-EraseBytes-
#65536	pulse  cov: 266 ft: 1350 corp: 362/67Kb lim: 4096 exec/s: 32768 rss: 140Mb
#65924	REDUCE cov: 266 ft: 1350 corp: 362/67Kb lim: 4096 exec/s: 32962 rss: 141Mb L: 423/3856 MS: 1 EraseBytes-
#68098	REDUCE cov: 266 ft: 1350 corp: 362/67Kb lim: 4096 exec/s: 34049 rss: 143Mb L: 523/3856 MS: 4 CMP-EraseBytes-CopyPart-CopyPart- DE: "\002\000\000\000\000\000\000\000"-
#74696	REDUCE cov: 266 ft: 1350 corp: 362/67Kb lim: 4096 exec/s: 37348 rss: 152Mb L: 283/3856 MS: 3 PersAutoDict-InsertRepeatedBytes-EraseBytes- DE: "\002\000\000\000\000\000\000\000"-
#74762	REDUCE cov: 266 ft: 1350 corp: 362/67Kb lim: 4096 exec/s: 37381 rss: 152Mb L: 53/3856 MS: 1 EraseBytes-
#75042	REDUCE cov: 266 ft: 1350 corp: 362/67Kb lim: 4096 exec/s: 37521 rss: 153Mb L: 1011/3856 MS: 5 EraseBytes-CopyPart-ChangeASCIIInt-ChangeBit-CopyPart-
#79015	REDUCE cov: 266 ft: 1350 corp: 362/67Kb lim: 4096 exec/s: 39507 rss: 158Mb L: 37/3856 MS: 3 CrossOver-ChangeASCIIInt-EraseBytes-
#82166	REDUCE cov: 266 ft: 1350 corp: 362/67Kb lim: 4096 exec/s: 41083 rss: 162Mb L: 9/3856 MS: 1 EraseBytes-
#82694	REDUCE cov: 266 ft: 1350 corp: 362/67Kb lim: 4096 exec/s: 41347 rss: 163Mb L: 33/3856 MS: 3 ShuffleBytes-ChangeBinInt-EraseBytes-
#82816	REDUCE cov: 266 ft: 1350 corp: 362/67Kb lim: 4096 exec/s: 41408 rss: 163Mb L: 47/3856 MS: 2 ChangeBit-EraseBytes-
#83549	REDUCE cov: 266 ft: 1350 corp: 362/67Kb lim: 4096 exec/s: 41774 rss: 164Mb L: 257/3856 MS: 3 ShuffleBytes-ShuffleBytes-EraseBytes-
#84130	REDUCE cov: 266 ft: 1350 corp: 362/67Kb lim: 4096 exec/s: 42065 rss: 165Mb L: 33/3856 MS: 1 EraseBytes-
#85811	REDUCE cov: 266 ft: 1350 corp: 362/67Kb lim: 4096 exec/s: 42905 rss: 167Mb L: 5/3856 MS: 1 EraseBytes-
#85853	REDUCE cov: 266 ft: 1350 corp: 362/67Kb lim: 4096 exec/s: 42926 rss: 167Mb L: 281/3856 MS: 2 CMP-EraseBytes- DE: "\376\377\377\377"-
#86079	REDUCE cov: 266 ft: 1350 corp: 362/67Kb lim: 4096 exec/s: 43039 rss: 168Mb L: 807/3856 MS: 1 EraseBytes-
#87650	REDUCE cov: 266 ft: 1350 corp: 362/67Kb lim: 4096 exec/s: 43825 rss: 169Mb L: 23/3856 MS: 1 EraseBytes-
#91271	REDUCE cov: 266 ft: 1350 corp: 362/67Kb lim: 4096 exec/s: 45635 rss: 175Mb L: 77/3856 MS: 1 EraseBytes-
#96028	REDUCE cov: 266 ft: 1350 corp: 362/67Kb lim: 4096 exec/s: 32009 rss: 182Mb L: 25/3856 MS: 1 EraseBytes-
#96449	REDUCE cov: 266 ft: 1350 corp: 362/67Kb lim: 4096 exec/s: 32149 rss: 183Mb L: 150/3856 MS: 1 EraseBytes-
#96533	REDUCE cov: 266 ft: 1350 corp: 362/67Kb lim: 4096 exec/s: 32177 rss: 183Mb L: 794/3856 MS: 4 InsertByte-InsertByte-CrossOver-EraseBytes-
#97969	REDUCE cov: 266 ft: 1350 corp: 362/67Kb lim: 4096 exec/s: 32656 rss: 184Mb L: 53/3856 MS: 1 EraseBytes-
#99560	REDUCE cov: 266 ft: 1350 corp: 362/67Kb lim: 4096 exec/s: 33186 rss: 187Mb L: 650/3856 MS: 1 EraseBytes-
#101211	REDUCE cov: 266 ft: 1350 corp: 362/67Kb lim: 4096 exec/s: 33737 rss: 189Mb L: 75/3856 MS: 1 EraseBytes-
#103522	REDUCE cov: 266 ft: 1350 corp: 362/67Kb lim: 4096 exec/s: 34507 rss: 192Mb L: 4/3856 MS: 1 EraseBytes-
#103833	REDUCE cov: 266 ft: 1350 corp: 362/67Kb lim: 4096 exec/s: 34611 rss: 192Mb L: 86/3856 MS: 1 EraseBytes-
#110259	REDUCE cov: 266 ft: 1350 corp: 362/67Kb lim: 4096 exec/s: 36753 rss: 199Mb L: 990/3856 MS: 1 EraseBytes-
#111700	REDUCE cov: 266 ft: 1350 corp: 362/67Kb lim: 4096 exec/s: 37233 rss: 201Mb L: 23/3856 MS: 1 EraseBytes-
#111713	REDUCE cov: 266 ft: 1350 corp: 362/67Kb lim: 4096 exec/s: 37237 rss: 201Mb L: 12/3856 MS: 3 CopyPart-ShuffleBytes-EraseBytes-
#116877	REDUCE cov: 266 ft: 1350 corp: 362/67Kb lim: 4096 exec/s: 38959 rss: 208Mb L: 965/3856 MS: 4 ChangeBit-CrossOver-PersAutoDict-EraseBytes- DE: "\376\377\377\377"-
#120400	REDUCE cov: 266 ft: 1350 corp: 362/67Kb lim: 4096 exec/s: 40133 rss: 212Mb L: 622/3856 MS: 3 InsertByte-ShuffleBytes-EraseBytes-
#123935	REDUCE cov: 266 ft: 1350 corp: 362/67Kb lim: 4096 exec/s: 41311 rss: 216Mb L: 594/3856 MS: 5 CopyPart-InsertByte-ChangeBit-EraseBytes-EraseBytes-
#126486	REDUCE cov: 266 ft: 1350 corp: 362/67Kb lim: 4096 exec/s: 31621 rss: 219Mb L: 204/3856 MS: 1 EraseBytes-
#131031	REDUCE cov: 266 ft: 1350 corp: 362/67Kb lim: 4096 exec/s: 32757 rss: 226Mb L: 340/3856 MS: 2 ChangeByte-EraseBytes-
#131072	pulse  cov: 266 ft: 1350 corp: 362/67Kb lim: 4096 exec/s: 32768 rss: 226Mb
#133532	REDUCE cov: 266 ft: 1350 corp: 362/66Kb lim: 4096 exec/s: 33383 rss: 229Mb L: 627/3856 MS: 1 EraseBytes-
#133588	REDUCE cov: 266 ft: 1350 corp: 362/66Kb lim: 4096 exec/s: 33397 rss: 229Mb L: 21/3856 MS: 1 EraseBytes-
#138148	REDUCE cov: 266 ft: 1350 corp: 362/66Kb lim: 4096 exec/s: 34537 rss: 235Mb L: 229/3856 MS: 5 ShuffleBytes-ChangeASCIIInt-ChangeByte-CMP-EraseBytes- DE: "\014\000\000\000\000\000\000\000"-
#138774	REDUCE cov: 266 ft: 1350 corp: 362/66Kb lim: 4096 exec/s: 34693 rss: 236Mb L: 952/3856 MS: 1 EraseBytes-
#139573	REDUCE cov: 266 ft: 1350 corp: 362/66Kb lim: 4096 exec/s: 34893 rss: 237Mb L: 949/3856 MS: 4 CrossOver-PersAutoDict-CopyPart-EraseBytes- DE: "\376\377\377\377"-
#143599	REDUCE cov: 266 ft: 1350 corp: 362/66Kb lim: 4096 exec/s: 35899 rss: 242Mb L: 14/3856 MS: 1 EraseBytes-
#145070	REDUCE cov: 266 ft: 1350 corp: 362/66Kb lim: 4096 exec/s: 36267 rss: 244Mb L: 166/3856 MS: 1 EraseBytes-
#145866	REDUCE cov: 266 ft: 1350 corp: 362/66Kb lim: 4096 exec/s: 36466 rss: 245Mb L: 10/3856 MS: 1 EraseBytes-
#146053	REDUCE cov: 266 ft: 1350 corp: 362/66Kb lim: 4096 exec/s: 36513 rss: 245Mb L: 2488/3856 MS: 2 ChangeBinInt-EraseBytes-
#147984	REDUCE cov: 266 ft: 1350 corp: 362/66Kb lim: 4096 exec/s: 36996 rss: 247Mb L: 179/3856 MS: 1 EraseBytes-
#148065	REDUCE cov: 266 ft: 1350 corp: 362/66Kb lim: 4096 exec/s: 37016 rss: 248Mb L: 3778/3778 MS: 1 EraseBytes-
#151716	REDUCE cov: 266 ft: 1350 corp: 362/66Kb lim: 4096 exec/s: 37929 rss: 252Mb L: 1252/3778 MS: 1 EraseBytes-
#152107	REDUCE cov: 266 ft: 1350 corp: 362/66Kb lim: 4096 exec/s: 38026 rss: 253Mb L: 2526/3778 MS: 1 EraseBytes-
#160706	REDUCE cov: 266 ft: 1350 corp: 362/66Kb lim: 4096 exec/s: 32141 rss: 265Mb L: 519/3778 MS: 1 EraseBytes-
#165615	REDUCE cov: 266 ft: 1350 corp: 362/66Kb lim: 4096 exec/s: 33123 rss: 272Mb L: 2326/3778 MS: 4 InsertRepeatedBytes-PersAutoDict-ChangeByte-EraseBytes- DE: "\002\000\000\000\000\000\000\000"-
#169952	REDUCE cov: 266 ft: 1350 corp: 362/66Kb lim: 4096 exec/s: 33990 rss: 278Mb L: 4/3778 MS: 2 ChangeASCIIInt-EraseBytes-
#181378	REDUCE cov: 266 ft: 1350 corp: 362/66Kb lim: 4096 exec/s: 36275 rss: 293Mb L: 106/3778 MS: 1 EraseBytes-
#181407	REDUCE cov: 266 ft: 1350 corp: 362/66Kb lim: 4096 exec/s: 36281 rss: 293Mb L: 203/3778 MS: 4 CopyPart-CrossOver-CMP-EraseBytes- DE: "\013\000"-
#181938	REDUCE cov: 266 ft: 1350 corp: 362/66Kb lim: 4096 exec/s: 36387 rss: 294Mb L: 46/3778 MS: 1 EraseBytes-
#190495	REDUCE cov: 266 ft: 1350 corp: 362/66Kb lim: 4096 exec/s: 31749 rss: 304Mb L: 8/3778 MS: 2 EraseBytes-CopyPart-
#192363	REDUCE cov: 266 ft: 1350 corp: 362/66Kb lim: 4096 exec/s: 32060 rss: 307Mb L: 60/3778 MS: 2 ChangeBinInt-EraseBytes-
#193250	REDUCE cov: 266 ft: 1350 corp: 362/66Kb lim: 4096 exec/s: 32208 rss: 309Mb L: 32/3778 MS: 2 ChangeBinInt-EraseBytes-
#193906	REDUCE cov: 266 ft: 1350 corp: 362/66Kb lim: 4096 exec/s: 32317 rss: 310Mb L: 1194/3778 MS: 1 EraseBytes-
#195872	REDUCE cov: 266 ft: 1350 corp: 362/66Kb lim: 4096 exec/s: 32645 rss: 313Mb L: 269/3778 MS: 1 EraseBytes-
#202151	REDUCE cov: 266 ft: 1350 corp: 362/66Kb lim: 4096 exec/s: 33691 rss: 320Mb L: 2196/3778 MS: 4 ShuffleBytes-ChangeBinInt-ChangeASCIIInt-EraseBytes-
#215332	REDUCE cov: 266 ft: 1350 corp: 362/66Kb lim: 4096 exec/s: 35888 rss: 336Mb L: 937/3778 MS: 1 EraseBytes-
#216078	REDUCE cov: 266 ft: 1350 corp: 362/66Kb lim: 4096 exec/s: 36013 rss: 337Mb L: 22/3778 MS: 1 EraseBytes-
#217079	REDUCE cov: 266 ft: 1350 corp: 362/66Kb lim: 4096 exec/s: 36179 rss: 338Mb L: 2282/3778 MS: 1 EraseBytes-
#225341	REDUCE cov: 266 ft: 1350 corp: 362/66Kb lim: 4096 exec/s: 32191 rss: 349Mb L: 177/3778 MS: 2 ShuffleBytes-EraseBytes-
#226633	REDUCE cov: 266 ft: 1350 corp: 362/66Kb lim: 4096 exec/s: 32376 rss: 350Mb L: 68/3778 MS: 2 ChangeBit-EraseBytes-
#236014	REDUCE cov: 266 ft: 1350 corp: 362/66Kb lim: 4096 exec/s: 33716 rss: 361Mb L: 12/3778 MS: 1 EraseBytes-
#236171	REDUCE cov: 266 ft: 1350 corp: 362/66Kb lim: 4096 exec/s: 33738 rss: 361Mb L: 3258/3778 MS: 2 ChangeBinInt-EraseBytes-
#242292	REDUCE cov: 266 ft: 1350 corp: 362/66Kb lim: 4096 exec/s: 34613 rss: 368Mb L: 32/3778 MS: 1 EraseBytes-
#250522	REDUCE cov: 266 ft: 1350 corp: 362/66Kb lim: 4096 exec/s: 35788 rss: 378Mb L: 22/3778 MS: 5 ShuffleBytes-EraseBytes-CopyPart-InsertByte-EraseBytes-
#250545	REDUCE cov: 266 ft: 1350 corp: 362/66Kb lim: 4096 exec/s: 35792 rss: 378Mb L: 499/3778 MS: 3 ChangeBinInt-EraseBytes-CopyPart-
#251938	REDUCE cov: 266 ft: 1350 corp: 362/66Kb lim: 4096 exec/s: 35991 rss: 380Mb L: 27/3778 MS: 3 EraseBytes-InsertByte-CopyPart-
#252974	REDUCE cov: 266 ft: 1350 corp: 362/66Kb lim: 4096 exec/s: 36139 rss: 381Mb L: 28/3778 MS: 1 EraseBytes-
#255841	REDUCE cov: 266 ft: 1350 corp: 362/66Kb lim: 4096 exec/s: 36548 rss: 384Mb L: 188/3778 MS: 2 EraseBytes-CopyPart-
#259922	REDUCE cov: 266 ft: 1350 corp: 362/66Kb lim: 4096 exec/s: 32490 rss: 390Mb L: 196/3778 MS: 1 EraseBytes-
#260495	REDUCE cov: 266 ft: 1350 corp: 362/66Kb lim: 4096 exec/s: 32561 rss: 391Mb L: 63/3778 MS: 3 ChangeASCIIInt-CopyPart-EraseBytes-
#261761	REDUCE cov: 266 ft: 1350 corp: 362/66Kb lim: 4096 exec/s: 32720 rss: 392Mb L: 21/3778 MS: 1 EraseBytes-
#262144	pulse  cov: 266 ft: 1350 corp: 362/66Kb lim: 4096 exec/s: 32768 rss: 393Mb
#271442	REDUCE cov: 266 ft: 1350 corp: 362/66Kb lim: 4096 exec/s: 33930 rss: 405Mb L: 24/3778 MS: 1 EraseBytes-
#272878	REDUCE cov: 266 ft: 1350 corp: 362/66Kb lim: 4096 exec/s: 34109 rss: 407Mb L: 2247/3778 MS: 1 EraseBytes-
#274139	REDUCE cov: 266 ft: 1350 corp: 362/66Kb lim: 4096 exec/s: 34267 rss: 409Mb L: 19/3778 MS: 1 EraseBytes-
#282099	REDUCE cov: 266 ft: 1350 corp: 362/66Kb lim: 4096 exec/s: 35262 rss: 418Mb L: 274/3778 MS: 5 PersAutoDict-CrossOver-CopyPart-ChangeASCIIInt-EraseBytes- DE: "\014\000\000\000\000\000\000\000"-
#282801	REDUCE cov: 266 ft: 1350 corp: 362/66Kb lim: 4096 exec/s: 35350 rss: 419Mb L: 62/3778 MS: 2 ChangeBit-EraseBytes-
#285452	REDUCE cov: 266 ft: 1350 corp: 362/66Kb lim: 4096 exec/s: 35681 rss: 422Mb L: 40/3778 MS: 1 EraseBytes-
#291159	REDUCE cov: 266 ft: 1350 corp: 362/66Kb lim: 4096 exec/s: 32351 rss: 429Mb L: 156/3778 MS: 2 InsertByte-EraseBytes-
#291491	REDUCE cov: 266 ft: 1350 corp: 362/66Kb lim: 4096 exec/s: 32387 rss: 430Mb L: 11/3778 MS: 1 EraseBytes-
#301348	REDUCE cov: 266 ft: 1350 corp: 362/66Kb lim: 4096 exec/s: 33483 rss: 441Mb L: 426/3778 MS: 2 ChangeBit-EraseBytes-
#302904	REDUCE cov: 266 ft: 1350 corp: 362/66Kb lim: 4096 exec/s: 33656 rss: 443Mb L: 611/3778 MS: 1 EraseBytes-
#305176	REDUCE cov: 266 ft: 1350 corp: 362/66Kb lim: 4096 exec/s: 33908 rss: 446Mb L: 2516/3778 MS: 2 ShuffleBytes-EraseBytes-
#311342	REDUCE cov: 266 ft: 1350 corp: 362/66Kb lim: 4096 exec/s: 34593 rss: 454Mb L: 108/3778 MS: 1 EraseBytes-
#318788	REDUCE cov: 266 ft: 1350 corp: 362/66Kb lim: 4096 exec/s: 35420 rss: 463Mb L: 16/3778 MS: 1 EraseBytes-
#322219	REDUCE cov: 266 ft: 1350 corp: 362/66Kb lim: 4096 exec/s: 35802 rss: 467Mb L: 12/3778 MS: 1 EraseBytes-
#325090	REDUCE cov: 266 ft: 1350 corp: 362/66Kb lim: 4096 exec/s: 32509 rss: 470Mb L: 26/3778 MS: 1 EraseBytes-
#327126	REDUCE cov: 266 ft: 1350 corp: 362/66Kb lim: 4096 exec/s: 32712 rss: 473Mb L: 67/3778 MS: 1 EraseBytes-
#327152	REDUCE cov: 266 ft: 1350 corp: 362/66Kb lim: 4096 exec/s: 32715 rss: 473Mb L: 11/3778 MS: 1 EraseBytes-
#332127	REDUCE cov: 266 ft: 1350 corp: 362/66Kb lim: 4096 exec/s: 33212 rss: 474Mb L: 21/3778 MS: 5 ChangeBit-ChangeBit-CrossOver-ChangeBit-EraseBytes-
#335273	REDUCE cov: 266 ft: 1350 corp: 362/66Kb lim: 4096 exec/s: 33527 rss: 474Mb L: 147/3778 MS: 1 EraseBytes-
#336569	REDUCE cov: 266 ft: 1350 corp: 362/66Kb lim: 4096 exec/s: 33656 rss: 474Mb L: 20/3778 MS: 1 EraseBytes-
#338246	REDUCE cov: 266 ft: 1350 corp: 362/66Kb lim: 4096 exec/s: 33824 rss: 474Mb L: 917/3778 MS: 2 ChangeASCIIInt-EraseBytes-
#339947	REDUCE cov: 266 ft: 1350 corp: 362/66Kb lim: 4096 exec/s: 33994 rss: 474Mb L: 23/3778 MS: 1 EraseBytes-
#344023	REDUCE cov: 266 ft: 1350 corp: 362/66Kb lim: 4096 exec/s: 34402 rss: 474Mb L: 250/3778 MS: 1 EraseBytes-
#348760	REDUCE cov: 266 ft: 1350 corp: 362/66Kb lim: 4096 exec/s: 34876 rss: 475Mb L: 592/3778 MS: 2 ShuffleBytes-EraseBytes-
#352545	REDUCE cov: 266 ft: 1350 corp: 362/66Kb lim: 4096 exec/s: 35254 rss: 476Mb L: 929/3778 MS: 5 ChangeASCIIInt-CrossOver-PersAutoDict-EraseBytes-CopyPart- DE: "\002\000\000\000\000\000\000\000"-
#358134	REDUCE cov: 266 ft: 1350 corp: 362/66Kb lim: 4096 exec/s: 32557 rss: 481Mb L: 41/3778 MS: 4 ShuffleBytes-ChangeASCIIInt-InsertByte-EraseBytes-
#358265	REDUCE cov: 266 ft: 1350 corp: 362/66Kb lim: 4096 exec/s: 32569 rss: 482Mb L: 2232/3778 MS: 1 EraseBytes-
#362206	REDUCE cov: 266 ft: 1350 corp: 362/66Kb lim: 4096 exec/s: 32927 rss: 487Mb L: 11/3778 MS: 1 EraseBytes-
#366108	REDUCE cov: 266 ft: 1350 corp: 362/66Kb lim: 4096 exec/s: 33282 rss: 487Mb L: 219/3778 MS: 2 ChangeByte-EraseBytes-
#369855	REDUCE cov: 266 ft: 1350 corp: 362/66Kb lim: 4096 exec/s: 33623 rss: 487Mb L: 253/3778 MS: 2 ShuffleBytes-EraseBytes-
#379166	REDUCE cov: 266 ft: 1350 corp: 362/66Kb lim: 4096 exec/s: 34469 rss: 487Mb L: 174/3778 MS: 1 EraseBytes-
#379532	REDUCE cov: 266 ft: 1350 corp: 362/66Kb lim: 4096 exec/s: 34502 rss: 487Mb L: 212/3778 MS: 1 EraseBytes-
#384121	REDUCE cov: 266 ft: 1350 corp: 362/66Kb lim: 4096 exec/s: 34920 rss: 487Mb L: 2003/3778 MS: 4 ChangeASCIIInt-ChangeByte-ChangeASCIIInt-EraseBytes-
#387562	REDUCE cov: 266 ft: 1350 corp: 362/66Kb lim: 4096 exec/s: 35232 rss: 487Mb L: 563/3778 MS: 1 EraseBytes-
#387770	REDUCE cov: 266 ft: 1350 corp: 362/66Kb lim: 4096 exec/s: 35251 rss: 487Mb L: 184/3778 MS: 3 EraseBytes-ChangeBit-CopyPart-
#393052	REDUCE cov: 266 ft: 1350 corp: 362/66Kb lim: 4096 exec/s: 32754 rss: 487Mb L: 187/3778 MS: 1 EraseBytes-
#397849	REDUCE cov: 266 ft: 1350 corp: 362/66Kb lim: 4096 exec/s: 33154 rss: 488Mb L: 49/3778 MS: 2 CrossOver-EraseBytes-
#403035	REDUCE cov: 266 ft: 1350 corp: 362/66Kb lim: 4096 exec/s: 33586 rss: 489Mb L: 22/3778 MS: 1 EraseBytes-
#404910	REDUCE cov: 266 ft: 1350 corp: 362/66Kb lim: 4096 exec/s: 33742 rss: 489Mb L: 65/3778 MS: 5 ChangeBit-ChangeASCIIInt-ShuffleBytes-ShuffleBytes-EraseBytes-
#413986	REDUCE cov: 266 ft: 1350 corp: 362/65Kb lim: 4096 exec/s: 34498 rss: 489Mb L: 62/3778 MS: 1 EraseBytes-
#415129	REDUCE cov: 266 ft: 1350 corp: 362/65Kb lim: 4096 exec/s: 34594 rss: 489Mb L: 78/3778 MS: 3 ChangeByte-EraseBytes-ChangeBinInt-
#417340	REDUCE cov: 266 ft: 1350 corp: 362/65Kb lim: 4096 exec/s: 34778 rss: 489Mb L: 106/3778 MS: 1 EraseBytes-
#417759	REDUCE cov: 266 ft: 1350 corp: 362/65Kb lim: 4096 exec/s: 34813 rss: 489Mb L: 610/3778 MS: 4 ChangeBit-ChangeASCIIInt-InsertRepeatedBytes-EraseBytes-
#427206	REDUCE cov: 266 ft: 1350 corp: 362/65Kb lim: 4096 exec/s: 32862 rss: 489Mb L: 98/3778 MS: 1 EraseBytes-
#432297	REDUCE cov: 266 ft: 1350 corp: 362/65Kb lim: 4096 exec/s: 33253 rss: 489Mb L: 9/3778 MS: 1 EraseBytes-
#432773	REDUCE cov: 266 ft: 1350 corp: 362/65Kb lim: 4096 exec/s: 33290 rss: 490Mb L: 778/3778 MS: 1 EraseBytes-
#434679	REDUCE cov: 266 ft: 1350 corp: 362/65Kb lim: 4096 exec/s: 33436 rss: 490Mb L: 562/3778 MS: 1 EraseBytes-
#436900	REDUCE cov: 266 ft: 1350 corp: 362/65Kb lim: 4096 exec/s: 33607 rss: 490Mb L: 12/3778 MS: 1 EraseBytes-
#439051	REDUCE cov: 266 ft: 1350 corp: 362/65Kb lim: 4096 exec/s: 33773 rss: 490Mb L: 123/3778 MS: 1 EraseBytes-
#442947	REDUCE cov: 266 ft: 1350 corp: 362/65Kb lim: 4096 exec/s: 34072 rss: 490Mb L: 21/3778 MS: 1 EraseBytes-
#446448	REDUCE cov: 266 ft: 1350 corp: 362/65Kb lim: 4096 exec/s: 34342 rss: 490Mb L: 1600/3778 MS: 1 EraseBytes-
#450616	REDUCE cov: 266 ft: 1350 corp: 362/65Kb lim: 4096 exec/s: 34662 rss: 490Mb L: 3338/3778 MS: 3 ChangeByte-ChangeBit-CrossOver-
#453047	REDUCE cov: 266 ft: 1350 corp: 362/65Kb lim: 4096 exec/s: 34849 rss: 490Mb L: 534/3778 MS: 1 EraseBytes-
#457600	REDUCE cov: 266 ft: 1350 corp: 362/65Kb lim: 4096 exec/s: 32685 rss: 490Mb L: 1985/3778 MS: 3 ChangeBit-InsertRepeatedBytes-EraseBytes-
#466719	REDUCE cov: 266 ft: 1350 corp: 362/65Kb lim: 4096 exec/s: 33337 rss: 491Mb L: 910/3778 MS: 3 CrossOver-ChangeASCIIInt-EraseBytes-
#469631	REDUCE cov: 266 ft: 1350 corp: 362/65Kb lim: 4096 exec/s: 33545 rss: 491Mb L: 103/3778 MS: 2 ChangeASCIIInt-EraseBytes-
#473792	REDUCE cov: 266 ft: 1350 corp: 362/65Kb lim: 4096 exec/s: 33842 rss: 491Mb L: 251/3778 MS: 1 EraseBytes-
#476673	REDUCE cov: 266 ft: 1350 corp: 362/65Kb lim: 4096 exec/s: 34048 rss: 491Mb L: 1679/3778 MS: 1 EraseBytes-
#480251	REDUCE cov: 266 ft: 1350 corp: 362/65Kb lim: 4096 exec/s: 34303 rss: 492Mb L: 9/3778 MS: 3 InsertByte-EraseBytes-CopyPart-
#480470	REDUCE cov: 266 ft: 1351 corp: 363/65Kb lim: 4096 exec/s: 34319 rss: 492Mb L: 163/3778 MS: 4 ShuffleBytes-ShuffleBytes-ChangeASCIIInt-CrossOver-
#484126	REDUCE cov: 266 ft: 1351 corp: 363/65Kb lim: 4096 exec/s: 34580 rss: 492Mb L: 2507/3778 MS: 1 CrossOver-
#485782	REDUCE cov: 266 ft: 1351 corp: 363/65Kb lim: 4096 exec/s: 34698 rss: 492Mb L: 151/3778 MS: 1 EraseBytes-
#486708	REDUCE cov: 266 ft: 1351 corp: 363/65Kb lim: 4096 exec/s: 34764 rss: 492Mb L: 48/3778 MS: 1 EraseBytes-
#488522	REDUCE cov: 266 ft: 1351 corp: 363/65Kb lim: 4096 exec/s: 34894 rss: 492Mb L: 30/3778 MS: 4 CopyPart-PersAutoDict-ChangeASCIIInt-EraseBytes- DE: "\376\377\377\377"-
#489497	REDUCE cov: 266 ft: 1351 corp: 363/65Kb lim: 4096 exec/s: 34964 rss: 492Mb L: 1043/3778 MS: 5 ChangeByte-ChangeBit-EraseBytes-ChangeBinInt-InsertByte-
#496205	REDUCE cov: 266 ft: 1351 corp: 363/65Kb lim: 4096 exec/s: 33080 rss: 492Mb L: 1237/3778 MS: 3 EraseBytes-PersAutoDict-CopyPart- DE: "\014\000\000\000\000\000\000\000"-
#498806	REDUCE cov: 266 ft: 1351 corp: 363/65Kb lim: 4096 exec/s: 33253 rss: 492Mb L: 176/3778 MS: 1 EraseBytes-
#499642	REDUCE cov: 266 ft: 1351 corp: 363/65Kb lim: 4096 exec/s: 33309 rss: 492Mb L: 159/3778 MS: 1 EraseBytes-
#499721	REDUCE cov: 266 ft: 1351 corp: 363/65Kb lim: 4096 exec/s: 33314 rss: 492Mb L: 508/3778 MS: 4 CopyPart-ChangeASCIIInt-CopyPart-EraseBytes-
#501337	REDUCE cov: 266 ft: 1351 corp: 363/65Kb lim: 4096 exec/s: 33422 rss: 492Mb L: 133/3778 MS: 1 EraseBytes-
#501963	REDUCE cov: 266 ft: 1351 corp: 363/65Kb lim: 4096 exec/s: 33464 rss: 492Mb L: 107/3778 MS: 1 EraseBytes-
#506604	REDUCE cov: 266 ft: 1351 corp: 363/65Kb lim: 4096 exec/s: 33773 rss: 493Mb L: 31/3778 MS: 1 EraseBytes-
#507545	REDUCE cov: 266 ft: 1351 corp: 363/65Kb lim: 4096 exec/s: 33836 rss: 493Mb L: 22/3778 MS: 1 EraseBytes-
#508126	REDUCE cov: 266 ft: 1351 corp: 363/65Kb lim: 4096 exec/s: 33875 rss: 493Mb L: 35/3778 MS: 1 EraseBytes-
#510221	REDUCE cov: 266 ft: 1351 corp: 363/65Kb lim: 4096 exec/s: 34014 rss: 493Mb L: 58/3778 MS: 5 CopyPart-CopyPart-ChangeByte-ChangeBinInt-EraseBytes-
#515100	REDUCE cov: 266 ft: 1351 corp: 363/65Kb lim: 4096 exec/s: 34340 rss: 493Mb L: 271/3778 MS: 4 CMP-ChangeByte-ChangeASCIIInt-EraseBytes- DE: "\376\377\377\377\377\377\377\377"-
#515176	REDUCE cov: 266 ft: 1351 corp: 363/65Kb lim: 4096 exec/s: 34345 rss: 493Mb L: 36/3778 MS: 1 EraseBytes-
#515307	REDUCE cov: 266 ft: 1351 corp: 363/65Kb lim: 4096 exec/s: 34353 rss: 493Mb L: 29/3778 MS: 1 EraseBytes-
#515403	REDUCE cov: 266 ft: 1351 corp: 363/65Kb lim: 4096 exec/s: 34360 rss: 493Mb L: 423/3778 MS: 1 EraseBytes-
#518570	REDUCE cov: 266 ft: 1351 corp: 363/65Kb lim: 4096 exec/s: 34571 rss: 493Mb L: 3678/3678 MS: 2 CMP-EraseBytes- DE: "\000\000\000\000\000\000\000\002"-
#521796	REDUCE cov: 266 ft: 1351 corp: 363/65Kb lim: 4096 exec/s: 34786 rss: 493Mb L: 45/3678 MS: 1 EraseBytes-
#522382	REDUCE cov: 266 ft: 1352 corp: 364/69Kb lim: 4096 exec/s: 34825 rss: 493Mb L: 4061/4061 MS: 1 CopyPart-
#523678	REDUCE cov: 266 ft: 1352 corp: 364/69Kb lim: 4096 exec/s: 34911 rss: 493Mb L: 45/4061 MS: 1 EraseBytes-
#524288	pulse  cov: 266 ft: 1352 corp: 364/69Kb lim: 4096 exec/s: 34952 rss: 493Mb
#527184	REDUCE cov: 266 ft: 1352 corp: 364/69Kb lim: 4096 exec/s: 32949 rss: 493Mb L: 239/4061 MS: 1 EraseBytes-
#529438	REDUCE cov: 266 ft: 1352 corp: 364/69Kb lim: 4096 exec/s: 33089 rss: 493Mb L: 28/4061 MS: 4 InsertByte-EraseBytes-CopyPart-CopyPart-
#530671	REDUCE cov: 266 ft: 1352 corp: 364/69Kb lim: 4096 exec/s: 33166 rss: 493Mb L: 94/4061 MS: 1 EraseBytes-
#532473	REDUCE cov: 266 ft: 1352 corp: 364/69Kb lim: 4096 exec/s: 33279 rss: 493Mb L: 10/4061 MS: 2 ChangeBinInt-EraseBytes-
#533364	REDUCE cov: 266 ft: 1353 corp: 365/69Kb lim: 4096 exec/s: 33335 rss: 493Mb L: 135/4061 MS: 1 CopyPart-
#534395	REDUCE cov: 266 ft: 1353 corp: 365/69Kb lim: 4096 exec/s: 33399 rss: 493Mb L: 145/4061 MS: 1 EraseBytes-
#534689	NEW    cov: 266 ft: 1354 corp: 366/69Kb lim: 4096 exec/s: 33418 rss: 493Mb L: 135/4061 MS: 4 ShuffleBytes-ChangeByte-ChangeByte-CMP- DE: "\025\000\000\000\000\000\000\000"-
#535423	REDUCE cov: 266 ft: 1354 corp: 366/69Kb lim: 4096 exec/s: 33463 rss: 493Mb L: 206/4061 MS: 4 ChangeBinInt-InsertRepeatedBytes-CMP-EraseBytes- DE: "\010\000\000\000"-
#535521	REDUCE cov: 266 ft: 1354 corp: 366/69Kb lim: 4096 exec/s: 33470 rss: 493Mb L: 68/4061 MS: 3 ChangeASCIIInt-InsertByte-EraseBytes-
#541882	REDUCE cov: 266 ft: 1354 corp: 366/69Kb lim: 4096 exec/s: 33867 rss: 493Mb L: 22/4061 MS: 1 EraseBytes-
#545786	REDUCE cov: 266 ft: 1354 corp: 366/69Kb lim: 4096 exec/s: 34111 rss: 493Mb L: 94/4061 MS: 4 ChangeBit-CopyPart-CrossOver-EraseBytes-
#546598	REDUCE cov: 266 ft: 1354 corp: 366/69Kb lim: 4096 exec/s: 34162 rss: 493Mb L: 1601/4061 MS: 2 ChangeByte-EraseBytes-
#550339	REDUCE cov: 266 ft: 1354 corp: 366/69Kb lim: 4096 exec/s: 34396 rss: 493Mb L: 205/4061 MS: 1 EraseBytes-
#554195	REDUCE cov: 266 ft: 1354 corp: 366/69Kb lim: 4096 exec/s: 34637 rss: 493Mb L: 20/4061 MS: 1 EraseBytes-
#554791	REDUCE cov: 266 ft: 1354 corp: 366/69Kb lim: 4096 exec/s: 34674 rss: 493Mb L: 1158/4061 MS: 1 EraseBytes-
#560245	REDUCE cov: 266 ft: 1354 corp: 366/69Kb lim: 4096 exec/s: 35015 rss: 493Mb L: 557/4061 MS: 4 ShuffleBytes-ChangeBit-ChangeBit-EraseBytes-
#561313	REDUCE cov: 266 ft: 1354 corp: 366/69Kb lim: 4096 exec/s: 35082 rss: 493Mb L: 39/4061 MS: 3 EraseBytes-ChangeBinInt-CopyPart-
#569221	REDUCE cov: 266 ft: 1354 corp: 366/69Kb lim: 4096 exec/s: 33483 rss: 493Mb L: 18/4061 MS: 1 EraseBytes-
#569913	REDUCE cov: 266 ft: 1354 corp: 366/69Kb lim: 4096 exec/s: 33524 rss: 493Mb L: 58/4061 MS: 2 EraseBytes-ChangeByte-
#575270	REDUCE cov: 266 ft: 1354 corp: 366/69Kb lim: 4096 exec/s: 33839 rss: 493Mb L: 505/4061 MS: 2 CopyPart-EraseBytes-
#576692	REDUCE cov: 266 ft: 1354 corp: 366/69Kb lim: 4096 exec/s: 33923 rss: 493Mb L: 168/4061 MS: 2 CrossOver-EraseBytes-
#585362	REDUCE cov: 266 ft: 1354 corp: 366/69Kb lim: 4096 exec/s: 34433 rss: 493Mb L: 140/4061 MS: 5 ChangeBit-EraseBytes-ChangeASCIIInt-CopyPart-CopyPart-
#586926	REDUCE cov: 266 ft: 1354 corp: 366/69Kb lim: 4096 exec/s: 34525 rss: 493Mb L: 105/4061 MS: 4 CopyPart-ChangeBinInt-ShuffleBytes-EraseBytes-
#587377	REDUCE cov: 266 ft: 1354 corp: 366/69Kb lim: 4096 exec/s: 34551 rss: 493Mb L: 21/4061 MS: 1 EraseBytes-
#595693	REDUCE cov: 266 ft: 1354 corp: 366/69Kb lim: 4096 exec/s: 35040 rss: 493Mb L: 312/4061 MS: 1 EraseBytes-
#596489	REDUCE cov: 266 ft: 1354 corp: 366/69Kb lim: 4096 exec/s: 35087 rss: 493Mb L: 15/4061 MS: 1 EraseBytes-
#597380	REDUCE cov: 266 ft: 1354 corp: 366/69Kb lim: 4096 exec/s: 35140 rss: 493Mb L: 355/4061 MS: 1 EraseBytes-
#600229	REDUCE cov: 266 ft: 1354 corp: 366/68Kb lim: 4096 exec/s: 35307 rss: 493Mb L: 2458/4061 MS: 4 EraseBytes-CopyPart-ChangeBinInt-EraseBytes-
#605225	REDUCE cov: 266 ft: 1354 corp: 366/68Kb lim: 4096 exec/s: 33623 rss: 493Mb L: 58/4061 MS: 1 EraseBytes-
#606652	REDUCE cov: 266 ft: 1354 corp: 366/68Kb lim: 4096 exec/s: 33702 rss: 493Mb L: 4043/4043 MS: 2 ChangeByte-EraseBytes-
#608741	REDUCE cov: 266 ft: 1354 corp: 366/68Kb lim: 4096 exec/s: 33818 rss: 493Mb L: 45/4043 MS: 4 ChangeBinInt-CopyPart-ChangeBit-EraseBytes-
#620823	REDUCE cov: 266 ft: 1354 corp: 366/68Kb lim: 4096 exec/s: 34490 rss: 493Mb L: 19/4043 MS: 2 EraseBytes-CrossOver-
#628249	REDUCE cov: 266 ft: 1354 corp: 366/68Kb lim: 4096 exec/s: 34902 rss: 493Mb L: 38/4043 MS: 1 EraseBytes-
#631483	REDUCE cov: 266 ft: 1354 corp: 366/68Kb lim: 4096 exec/s: 35082 rss: 493Mb L: 111/4043 MS: 4 ShuffleBytes-ShuffleBytes-InsertByte-EraseBytes-
#631779	REDUCE cov: 266 ft: 1354 corp: 366/68Kb lim: 4096 exec/s: 35098 rss: 493Mb L: 20/4043 MS: 1 EraseBytes-
#638020	REDUCE cov: 266 ft: 1354 corp: 366/68Kb lim: 4096 exec/s: 33580 rss: 493Mb L: 106/4043 MS: 1 EraseBytes-
#640993	REDUCE cov: 266 ft: 1354 corp: 366/68Kb lim: 4096 exec/s: 33736 rss: 493Mb L: 625/4043 MS: 2 CopyPart-EraseBytes-
#641184	REDUCE cov: 266 ft: 1354 corp: 366/68Kb lim: 4096 exec/s: 33746 rss: 493Mb L: 24/4043 MS: 1 EraseBytes-
#642196	REDUCE cov: 266 ft: 1354 corp: 366/68Kb lim: 4096 exec/s: 33799 rss: 493Mb L: 18/4043 MS: 2 EraseBytes-InsertByte-
#646423	REDUCE cov: 266 ft: 1354 corp: 366/68Kb lim: 4096 exec/s: 34022 rss: 493Mb L: 1666/4043 MS: 2 ShuffleBytes-EraseBytes-
#650480	REDUCE cov: 266 ft: 1354 corp: 366/68Kb lim: 4096 exec/s: 34235 rss: 493Mb L: 87/4043 MS: 2 CopyPart-EraseBytes-
#654691	REDUCE cov: 266 ft: 1354 corp: 366/68Kb lim: 4096 exec/s: 34457 rss: 493Mb L: 150/4043 MS: 1 EraseBytes-
#657512	REDUCE cov: 266 ft: 1354 corp: 366/68Kb lim: 4096 exec/s: 34605 rss: 493Mb L: 52/4043 MS: 1 EraseBytes-
#658588	REDUCE cov: 266 ft: 1354 corp: 366/68Kb lim: 4096 exec/s: 34662 rss: 493Mb L: 1134/4043 MS: 1 EraseBytes-
#665065	REDUCE cov: 266 ft: 1354 corp: 366/68Kb lim: 4096 exec/s: 35003 rss: 493Mb L: 37/4043 MS: 2 CopyPart-EraseBytes-
#669891	REDUCE cov: 266 ft: 1354 corp: 366/68Kb lim: 4096 exec/s: 35257 rss: 493Mb L: 557/4043 MS: 1 EraseBytes-
#673092	REDUCE cov: 266 ft: 1354 corp: 366/68Kb lim: 4096 exec/s: 35425 rss: 493Mb L: 85/4043 MS: 1 EraseBytes-
#673289	REDUCE cov: 266 ft: 1354 corp: 366/68Kb lim: 4096 exec/s: 35436 rss: 493Mb L: 103/4043 MS: 2 EraseBytes-CopyPart-
#678011	NEW    cov: 266 ft: 1356 corp: 367/69Kb lim: 4096 exec/s: 33900 rss: 493Mb L: 199/4043 MS: 1 CopyPart-
#682596	REDUCE cov: 266 ft: 1356 corp: 367/69Kb lim: 4096 exec/s: 34129 rss: 493Mb L: 53/4043 MS: 5 ShuffleBytes-InsertByte-CrossOver-ChangeBinInt-EraseBytes-
#685489	REDUCE cov: 266 ft: 1356 corp: 367/69Kb lim: 4096 exec/s: 34274 rss: 493Mb L: 57/4043 MS: 3 ShuffleBytes-InsertByte-EraseBytes-
#686679	REDUCE cov: 266 ft: 1356 corp: 367/68Kb lim: 4096 exec/s: 34333 rss: 493Mb L: 482/4043 MS: 5 CrossOver-ChangeByte-ChangeASCIIInt-CMP-EraseBytes- DE: "\377\377\377\377"-
#687275	REDUCE cov: 266 ft: 1356 corp: 367/68Kb lim: 4096 exec/s: 34363 rss: 493Mb L: 1205/4043 MS: 1 EraseBytes-
#688868	REDUCE cov: 266 ft: 1356 corp: 367/68Kb lim: 4096 exec/s: 34443 rss: 493Mb L: 176/4043 MS: 3 EraseBytes-CrossOver-CopyPart-
#691341	REDUCE cov: 266 ft: 1356 corp: 367/68Kb lim: 4096 exec/s: 34567 rss: 493Mb L: 934/4043 MS: 3 ChangeBit-CrossOver-EraseBytes-
#705785	REDUCE cov: 266 ft: 1356 corp: 367/68Kb lim: 4096 exec/s: 35289 rss: 493Mb L: 97/4043 MS: 4 ChangeByte-ChangeBinInt-InsertByte-EraseBytes-
#706278	REDUCE cov: 266 ft: 1356 corp: 367/68Kb lim: 4096 exec/s: 35313 rss: 493Mb L: 36/4043 MS: 3 CopyPart-InsertByte-EraseBytes-
#706895	REDUCE cov: 266 ft: 1356 corp: 367/68Kb lim: 4096 exec/s: 35344 rss: 493Mb L: 466/4043 MS: 2 ChangeByte-EraseBytes-
#708092	REDUCE cov: 266 ft: 1356 corp: 367/68Kb lim: 4096 exec/s: 35404 rss: 493Mb L: 87/4043 MS: 2 ChangeBit-EraseBytes-
#713655	REDUCE cov: 266 ft: 1356 corp: 367/68Kb lim: 4096 exec/s: 33983 rss: 493Mb L: 422/4043 MS: 3 InsertByte-EraseBytes-CopyPart-
#715740	REDUCE cov: 266 ft: 1357 corp: 368/69Kb lim: 4096 exec/s: 34082 rss: 493Mb L: 358/4043 MS: 5 CMP-EraseBytes-CMP-EraseBytes-CrossOver- DE: "\377\377\377\012"-"\000\000\000\000\000\000\000\000"-
#717027	NEW    cov: 266 ft: 1358 corp: 369/69Kb lim: 4096 exec/s: 34144 rss: 493Mb L: 415/4043 MS: 2 ChangeByte-CopyPart-
#718540	NEW    cov: 266 ft: 1361 corp: 370/70Kb lim: 4096 exec/s: 34216 rss: 493Mb L: 700/4043 MS: 3 ChangeBinInt-InsertRepeatedBytes-CopyPart-
#719187	REDUCE cov: 266 ft: 1361 corp: 370/70Kb lim: 4096 exec/s: 34247 rss: 493Mb L: 144/4043 MS: 2 ShuffleBytes-EraseBytes-
#719558	REDUCE cov: 266 ft: 1361 corp: 370/70Kb lim: 4096 exec/s: 34264 rss: 493Mb L: 81/4043 MS: 1 EraseBytes-
#721764	REDUCE cov: 266 ft: 1361 corp: 370/70Kb lim: 4096 exec/s: 34369 rss: 493Mb L: 69/4043 MS: 1 EraseBytes-
#722565	REDUCE cov: 266 ft: 1361 corp: 370/70Kb lim: 4096 exec/s: 34407 rss: 493Mb L: 311/4043 MS: 1 EraseBytes-
#723117	REDUCE cov: 266 ft: 1361 corp: 370/70Kb lim: 4096 exec/s: 34434 rss: 493Mb L: 383/4043 MS: 2 CMP-EraseBytes- DE: "\376\377\377\377"-
#723488	REDUCE cov: 266 ft: 1361 corp: 370/70Kb lim: 4096 exec/s: 34451 rss: 493Mb L: 298/4043 MS: 1 EraseBytes-
#725045	REDUCE cov: 266 ft: 1361 corp: 370/70Kb lim: 4096 exec/s: 34525 rss: 493Mb L: 14/4043 MS: 2 ChangeBit-EraseBytes-
#727718	REDUCE cov: 266 ft: 1361 corp: 370/70Kb lim: 4096 exec/s: 34653 rss: 493Mb L: 271/4043 MS: 3 EraseBytes-ChangeByte-CopyPart-
#728036	REDUCE cov: 266 ft: 1361 corp: 370/70Kb lim: 4096 exec/s: 34668 rss: 493Mb L: 170/4043 MS: 3 ChangeBit-ShuffleBytes-EraseBytes-
#728983	NEW    cov: 266 ft: 1364 corp: 371/71Kb lim: 4096 exec/s: 34713 rss: 493Mb L: 1279/4043 MS: 2 PersAutoDict-CopyPart- DE: "\025\000\000\000\000\000\000\000"-
#730445	REDUCE cov: 266 ft: 1364 corp: 371/71Kb lim: 4096 exec/s: 34783 rss: 493Mb L: 177/4043 MS: 2 ChangeASCIIInt-EraseBytes-
#732006	REDUCE cov: 266 ft: 1364 corp: 371/71Kb lim: 4096 exec/s: 34857 rss: 493Mb L: 31/4043 MS: 1 EraseBytes-
#733422	NEW    cov: 266 ft: 1365 corp: 372/73Kb lim: 4096 exec/s: 34924 rss: 493Mb L: 2493/4043 MS: 1 CopyPart-
#733958	REDUCE cov: 266 ft: 1365 corp: 372/73Kb lim: 4096 exec/s: 34950 rss: 493Mb L: 926/4043 MS: 1 EraseBytes-
#734204	REDUCE cov: 266 ft: 1365 corp: 372/73Kb lim: 4096 exec/s: 34962 rss: 493Mb L: 1948/4043 MS: 1 EraseBytes-
#734535	REDUCE cov: 266 ft: 1365 corp: 372/73Kb lim: 4096 exec/s: 34977 rss: 493Mb L: 232/4043 MS: 1 EraseBytes-
#735071	REDUCE cov: 266 ft: 1365 corp: 372/73Kb lim: 4096 exec/s: 35003 rss: 493Mb L: 1943/4043 MS: 1 EraseBytes-
#735864	REDUCE cov: 266 ft: 1365 corp: 372/72Kb lim: 4096 exec/s: 35041 rss: 493Mb L: 1483/4043 MS: 3 ChangeBit-ChangeASCIIInt-EraseBytes-
#736811	REDUCE cov: 266 ft: 1365 corp: 372/72Kb lim: 4096 exec/s: 35086 rss: 493Mb L: 1274/4043 MS: 2 ChangeASCIIInt-EraseBytes-
#740405	REDUCE cov: 266 ft: 1365 corp: 372/72Kb lim: 4096 exec/s: 33654 rss: 493Mb L: 70/4043 MS: 4 EraseBytes-ChangeByte-ChangeBinInt-CopyPart-
#740862	REDUCE cov: 266 ft: 1365 corp: 372/72Kb lim: 4096 exec/s: 33675 rss: 493Mb L: 141/4043 MS: 2 PersAutoDict-EraseBytes- DE: "\000\000\000\000\000\000\000\002"-
#744200	REDUCE cov: 266 ft: 1365 corp: 372/72Kb lim: 4096 exec/s: 33827 rss: 493Mb L: 657/4043 MS: 3 InsertRepeatedBytes-ChangeByte-EraseBytes-
#745047	REDUCE cov: 266 ft: 1365 corp: 372/72Kb lim: 4096 exec/s: 33865 rss: 493Mb L: 11/4043 MS: 2 EraseBytes-CopyPart-
#746003	REDUCE cov: 266 ft: 1365 corp: 372/72Kb lim: 4096 exec/s: 33909 rss: 493Mb L: 643/4043 MS: 1 EraseBytes-
#747744	REDUCE cov: 266 ft: 1365 corp: 372/72Kb lim: 4096 exec/s: 33988 rss: 493Mb L: 1403/4043 MS: 1 EraseBytes-
#747987	REDUCE cov: 266 ft: 1365 corp: 372/72Kb lim: 4096 exec/s: 33999 rss: 493Mb L: 74/4043 MS: 3 CopyPart-ChangeByte-EraseBytes-
#749858	REDUCE cov: 266 ft: 1365 corp: 372/72Kb lim: 4096 exec/s: 34084 rss: 493Mb L: 599/4043 MS: 1 EraseBytes-
#753321	REDUCE cov: 266 ft: 1365 corp: 372/72Kb lim: 4096 exec/s: 34241 rss: 493Mb L: 44/4043 MS: 3 EraseBytes-ChangeASCIIInt-CMP- DE: "\015\000"-
#754107	REDUCE cov: 266 ft: 1365 corp: 372/72Kb lim: 4096 exec/s: 34277 rss: 493Mb L: 1333/4043 MS: 1 EraseBytes-
#756019	REDUCE cov: 266 ft: 1365 corp: 372/72Kb lim: 4096 exec/s: 34364 rss: 493Mb L: 2421/4043 MS: 2 CopyPart-EraseBytes-
#758770	REDUCE cov: 266 ft: 1365 corp: 372/72Kb lim: 4096 exec/s: 34489 rss: 493Mb L: 539/4043 MS: 1 EraseBytes-
#759211	REDUCE cov: 266 ft: 1365 corp: 372/72Kb lim: 4096 exec/s: 34509 rss: 493Mb L: 122/4043 MS: 1 EraseBytes-
#759795	REDUCE cov: 266 ft: 1366 corp: 373/73Kb lim: 4096 exec/s: 34536 rss: 493Mb L: 895/4043 MS: 4 ChangeBinInt-CrossOver-CopyPart-CrossOver-
#760916	REDUCE cov: 266 ft: 1366 corp: 373/73Kb lim: 4096 exec/s: 34587 rss: 493Mb L: 102/4043 MS: 1 EraseBytes-
#761767	REDUCE cov: 266 ft: 1366 corp: 373/73Kb lim: 4096 exec/s: 34625 rss: 493Mb L: 353/4043 MS: 1 EraseBytes-
#761985	REDUCE cov: 266 ft: 1366 corp: 373/73Kb lim: 4096 exec/s: 34635 rss: 493Mb L: 142/4043 MS: 3 InsertByte-ChangeByte-EraseBytes-
#762162	REDUCE cov: 266 ft: 1366 corp: 373/73Kb lim: 4096 exec/s: 33137 rss: 493Mb L: 511/4043 MS: 2 InsertRepeatedBytes-EraseBytes-
#763136	REDUCE cov: 266 ft: 1366 corp: 373/73Kb lim: 4096 exec/s: 33179 rss: 493Mb L: 787/4043 MS: 4 ChangeByte-CrossOver-PersAutoDict-EraseBytes- DE: "\377\377\377\012"-
#767052	REDUCE cov: 266 ft: 1366 corp: 373/73Kb lim: 4096 exec/s: 33350 rss: 493Mb L: 498/4043 MS: 1 EraseBytes-
#772393	REDUCE cov: 266 ft: 1366 corp: 373/73Kb lim: 4096 exec/s: 33582 rss: 493Mb L: 139/4043 MS: 1 EraseBytes-
#773845	REDUCE cov: 266 ft: 1366 corp: 373/73Kb lim: 4096 exec/s: 33645 rss: 493Mb L: 47/4043 MS: 2 ChangeByte-EraseBytes-
#775871	REDUCE cov: 266 ft: 1366 corp: 373/73Kb lim: 4096 exec/s: 33733 rss: 493Mb L: 369/4043 MS: 1 EraseBytes-
#776262	REDUCE cov: 266 ft: 1366 corp: 373/73Kb lim: 4096 exec/s: 33750 rss: 493Mb L: 113/4043 MS: 1 EraseBytes-
#778930	REDUCE cov: 266 ft: 1368 corp: 374/74Kb lim: 4096 exec/s: 33866 rss: 493Mb L: 1556/4043 MS: 3 EraseBytes-CMP-CrossOver- DE: "\377\377\377\377"-
#780128	NEW    cov: 266 ft: 1369 corp: 375/76Kb lim: 4096 exec/s: 33918 rss: 493Mb L: 1671/4043 MS: 3 CrossOver-CMP-InsertRepeatedBytes- DE: "\377\377\377\377\377\377\377\377"-
#780564	REDUCE cov: 266 ft: 1369 corp: 375/75Kb lim: 4096 exec/s: 33937 rss: 493Mb L: 977/4043 MS: 1 EraseBytes-
#781412	REDUCE cov: 266 ft: 1369 corp: 375/75Kb lim: 4096 exec/s: 33974 rss: 493Mb L: 655/4043 MS: 3 CrossOver-ChangeASCIIInt-EraseBytes-
#782488	NEW    cov: 266 ft: 1371 corp: 376/76Kb lim: 4096 exec/s: 34021 rss: 493Mb L: 1560/4043 MS: 1 CMP- DE: "\000\000\000\020"-
#786704	REDUCE cov: 266 ft: 1371 corp: 376/76Kb lim: 4096 exec/s: 32779 rss: 493Mb L: 1280/4043 MS: 1 EraseBytes-
#790041	REDUCE cov: 266 ft: 1371 corp: 376/76Kb lim: 4096 exec/s: 32918 rss: 494Mb L: 554/4043 MS: 2 CMP-EraseBytes- DE: "\001\000\000\000\000\000\000\011"-
#790601	REDUCE cov: 266 ft: 1371 corp: 376/76Kb lim: 4096 exec/s: 32941 rss: 494Mb L: 1213/4043 MS: 5 InsertRepeatedBytes-ChangeBinInt-ChangeASCIIInt-InsertByte-EraseBytes-
#790992	REDUCE cov: 266 ft: 1371 corp: 376/76Kb lim: 4096 exec/s: 32958 rss: 494Mb L: 101/4043 MS: 1 EraseBytes-
#792548	REDUCE cov: 266 ft: 1371 corp: 376/76Kb lim: 4096 exec/s: 33022 rss: 495Mb L: 1489/4043 MS: 1 EraseBytes-
#793689	REDUCE cov: 266 ft: 1371 corp: 376/76Kb lim: 4096 exec/s: 33070 rss: 496Mb L: 1084/4043 MS: 1 EraseBytes-
#797825	REDUCE cov: 266 ft: 1371 corp: 376/76Kb lim: 4096 exec/s: 33242 rss: 497Mb L: 439/4043 MS: 1 EraseBytes-
#798206	REDUCE cov: 266 ft: 1371 corp: 376/76Kb lim: 4096 exec/s: 33258 rss: 497Mb L: 321/4043 MS: 1 EraseBytes-
#800399	REDUCE cov: 266 ft: 1371 corp: 376/75Kb lim: 4096 exec/s: 33349 rss: 497Mb L: 371/4043 MS: 3 CrossOver-ChangeByte-EraseBytes-
#801248	REDUCE cov: 266 ft: 1371 corp: 376/75Kb lim: 4096 exec/s: 33385 rss: 497Mb L: 1168/4043 MS: 4 ChangeBit-ChangeBit-ChangeBinInt-EraseBytes-
#801269	REDUCE cov: 266 ft: 1371 corp: 376/75Kb lim: 4096 exec/s: 33386 rss: 497Mb L: 789/4043 MS: 1 EraseBytes-
#802756	REDUCE cov: 266 ft: 1371 corp: 376/75Kb lim: 4096 exec/s: 33448 rss: 497Mb L: 2242/4043 MS: 2 CrossOver-EraseBytes-
#802917	REDUCE cov: 266 ft: 1372 corp: 377/75Kb lim: 4096 exec/s: 33454 rss: 497Mb L: 379/4043 MS: 1 InsertRepeatedBytes-
#803141	REDUCE cov: 266 ft: 1372 corp: 377/75Kb lim: 4096 exec/s: 33464 rss: 497Mb L: 370/4043 MS: 4 CMP-ChangeASCIIInt-CrossOver-EraseBytes- DE: "\005\000\000\000"-
#804778	REDUCE cov: 266 ft: 1373 corp: 378/76Kb lim: 4096 exec/s: 33532 rss: 497Mb L: 431/4043 MS: 2 PersAutoDict-CrossOver- DE: "\000\000\000\020"-
#805754	REDUCE cov: 266 ft: 1373 corp: 378/76Kb lim: 4096 exec/s: 33573 rss: 497Mb L: 367/4043 MS: 1 EraseBytes-
#807995	REDUCE cov: 266 ft: 1373 corp: 378/76Kb lim: 4096 exec/s: 33666 rss: 497Mb L: 219/4043 MS: 1 EraseBytes-
#808200	REDUCE cov: 266 ft: 1373 corp: 378/76Kb lim: 4096 exec/s: 32328 rss: 497Mb L: 354/4043 MS: 5 PersAutoDict-InsertRepeatedBytes-CrossOver-InsertByte-EraseBytes- DE: "\000\000\000\000\000\000\000\000"-
#808496	REDUCE cov: 266 ft: 1373 corp: 378/76Kb lim: 4096 exec/s: 32339 rss: 497Mb L: 307/4043 MS: 1 CrossOver-
#808827	REDUCE cov: 266 ft: 1373 corp: 378/75Kb lim: 4096 exec/s: 32353 rss: 497Mb L: 1425/4043 MS: 1 EraseBytes-
#809953	REDUCE cov: 266 ft: 1373 corp: 378/75Kb lim: 4096 exec/s: 32398 rss: 497Mb L: 296/4043 MS: 1 EraseBytes-
#809999	REDUCE cov: 266 ft: 1373 corp: 378/75Kb lim: 4096 exec/s: 32399 rss: 497Mb L: 74/4043 MS: 1 EraseBytes-
#810565	REDUCE cov: 266 ft: 1373 corp: 378/75Kb lim: 4096 exec/s: 32422 rss: 497Mb L: 65/4043 MS: 1 EraseBytes-
#812524	REDUCE cov: 266 ft: 1373 corp: 378/75Kb lim: 4096 exec/s: 32500 rss: 498Mb L: 131/4043 MS: 4 ChangeBit-CopyPart-ChangeBit-EraseBytes-
#812695	REDUCE cov: 266 ft: 1373 corp: 378/75Kb lim: 4096 exec/s: 32507 rss: 498Mb L: 102/4043 MS: 1 EraseBytes-
#813852	REDUCE cov: 266 ft: 1373 corp: 378/75Kb lim: 4096 exec/s: 32554 rss: 498Mb L: 374/4043 MS: 2 PersAutoDict-EraseBytes- DE: "\010\000\000\000"-
#818550	REDUCE cov: 266 ft: 1373 corp: 378/75Kb lim: 4096 exec/s: 32742 rss: 498Mb L: 157/4043 MS: 3 PersAutoDict-CopyPart-EraseBytes- DE: "\376\377\377\377"-
#819195	REDUCE cov: 266 ft: 1373 corp: 378/75Kb lim: 4096 exec/s: 32767 rss: 499Mb L: 298/4043 MS: 5 ChangeASCIIInt-ShuffleBytes-ChangeASCIIInt-ChangeASCIIInt-EraseBytes-
#820342	REDUCE cov: 266 ft: 1373 corp: 378/75Kb lim: 4096 exec/s: 32813 rss: 500Mb L: 282/4043 MS: 2 ChangeASCIIInt-EraseBytes-
#820868	REDUCE cov: 266 ft: 1373 corp: 378/75Kb lim: 4096 exec/s: 32834 rss: 500Mb L: 226/4043 MS: 1 EraseBytes-
#821107	REDUCE cov: 266 ft: 1373 corp: 378/75Kb lim: 4096 exec/s: 32844 rss: 500Mb L: 198/4043 MS: 4 CopyPart-ChangeByte-PersAutoDict-EraseBytes- DE: "\002\000\000\000\000\000\000\000"-
#822139	REDUCE cov: 266 ft: 1373 corp: 378/75Kb lim: 4096 exec/s: 32885 rss: 500Mb L: 23/4043 MS: 2 CopyPart-EraseBytes-
#823276	REDUCE cov: 266 ft: 1373 corp: 378/75Kb lim: 4096 exec/s: 32931 rss: 500Mb L: 171/4043 MS: 2 InsertRepeatedBytes-EraseBytes-
#823932	REDUCE cov: 266 ft: 1373 corp: 378/75Kb lim: 4096 exec/s: 32957 rss: 500Mb L: 303/4043 MS: 1 EraseBytes-
#823954	REDUCE cov: 266 ft: 1373 corp: 378/75Kb lim: 4096 exec/s: 32958 rss: 500Mb L: 83/4043 MS: 2 ChangeByte-EraseBytes-
#825520	REDUCE cov: 266 ft: 1373 corp: 378/75Kb lim: 4096 exec/s: 33020 rss: 500Mb L: 70/4043 MS: 1 EraseBytes-
#829459	REDUCE cov: 266 ft: 1374 corp: 379/75Kb lim: 4096 exec/s: 33178 rss: 500Mb L: 71/4043 MS: 4 ShuffleBytes-ChangeByte-InsertByte-ChangeASCIIInt-
#830845	REDUCE cov: 266 ft: 1374 corp: 379/75Kb lim: 4096 exec/s: 33233 rss: 500Mb L: 57/4043 MS: 1 EraseBytes-
#831693	REDUCE cov: 266 ft: 1374 corp: 379/75Kb lim: 4096 exec/s: 33267 rss: 500Mb L: 1018/4043 MS: 3 PersAutoDict-PersAutoDict-CrossOver- DE: "\013\000"-"\377\377\377\377\377\377\377\377"-
#833059	REDUCE cov: 266 ft: 1374 corp: 379/75Kb lim: 4096 exec/s: 32040 rss: 500Mb L: 64/4043 MS: 1 EraseBytes-
#833730	REDUCE cov: 266 ft: 1374 corp: 379/74Kb lim: 4096 exec/s: 32066 rss: 500Mb L: 935/4043 MS: 1 EraseBytes-
#836981	REDUCE cov: 266 ft: 1374 corp: 379/74Kb lim: 4096 exec/s: 32191 rss: 500Mb L: 141/4043 MS: 1 EraseBytes-
#839787	REDUCE cov: 266 ft: 1374 corp: 379/74Kb lim: 4096 exec/s: 32299 rss: 501Mb L: 57/4043 MS: 1 EraseBytes-
#843235	REDUCE cov: 266 ft: 1374 corp: 379/74Kb lim: 4096 exec/s: 32432 rss: 501Mb L: 130/4043 MS: 3 CopyPart-ChangeASCIIInt-EraseBytes-
#843626	REDUCE cov: 266 ft: 1374 corp: 379/74Kb lim: 4096 exec/s: 32447 rss: 501Mb L: 73/4043 MS: 1 EraseBytes-
#843922	REDUCE cov: 266 ft: 1374 corp: 379/74Kb lim: 4096 exec/s: 32458 rss: 501Mb L: 717/4043 MS: 1 EraseBytes-
#844583	REDUCE cov: 266 ft: 1374 corp: 379/74Kb lim: 4096 exec/s: 32483 rss: 502Mb L: 53/4043 MS: 1 EraseBytes-
#845435	REDUCE cov: 266 ft: 1374 corp: 379/74Kb lim: 4096 exec/s: 32516 rss: 502Mb L: 50/4043 MS: 2 InsertByte-EraseBytes-
#845562	REDUCE cov: 266 ft: 1374 corp: 379/74Kb lim: 4096 exec/s: 32521 rss: 502Mb L: 174/4043 MS: 2 InsertByte-EraseBytes-
#845593	REDUCE cov: 266 ft: 1374 corp: 379/74Kb lim: 4096 exec/s: 32522 rss: 502Mb L: 39/4043 MS: 1 EraseBytes-
#848895	REDUCE cov: 266 ft: 1374 corp: 379/74Kb lim: 4096 exec/s: 32649 rss: 502Mb L: 68/4043 MS: 2 ChangeBit-EraseBytes-
#849472	REDUCE cov: 266 ft: 1374 corp: 379/74Kb lim: 4096 exec/s: 32672 rss: 502Mb L: 42/4043 MS: 2 ChangeBinInt-EraseBytes-
#851518	REDUCE cov: 266 ft: 1374 corp: 379/74Kb lim: 4096 exec/s: 32750 rss: 502Mb L: 44/4043 MS: 1 EraseBytes-
#854329	REDUCE cov: 266 ft: 1374 corp: 379/74Kb lim: 4096 exec/s: 32858 rss: 502Mb L: 3257/4043 MS: 1 EraseBytes-
#854625	REDUCE cov: 266 ft: 1374 corp: 379/74Kb lim: 4096 exec/s: 32870 rss: 502Mb L: 33/4043 MS: 1 EraseBytes-
#855328	REDUCE cov: 266 ft: 1374 corp: 379/74Kb lim: 4096 exec/s: 32897 rss: 502Mb L: 136/4043 MS: 3 PersAutoDict-CMP-EraseBytes- DE: "\005\000\000\000"-"\000\000\000\000"-
#858390	REDUCE cov: 266 ft: 1374 corp: 379/74Kb lim: 4096 exec/s: 31792 rss: 502Mb L: 1024/4043 MS: 2 EraseBytes-CopyPart-
#861802	REDUCE cov: 266 ft: 1374 corp: 379/74Kb lim: 4096 exec/s: 31918 rss: 502Mb L: 41/4043 MS: 1 EraseBytes-
#862158	REDUCE cov: 266 ft: 1374 corp: 379/74Kb lim: 4096 exec/s: 31931 rss: 502Mb L: 43/4043 MS: 1 EraseBytes-
#862409	REDUCE cov: 266 ft: 1380 corp: 380/74Kb lim: 4096 exec/s: 31941 rss: 502Mb L: 318/4043 MS: 1 InsertRepeatedBytes-
#862687	REDUCE cov: 266 ft: 1380 corp: 380/74Kb lim: 4096 exec/s: 31951 rss: 502Mb L: 263/4043 MS: 3 InsertRepeatedBytes-ChangeBit-EraseBytes-
#863118	REDUCE cov: 266 ft: 1380 corp: 380/74Kb lim: 4096 exec/s: 31967 rss: 502Mb L: 225/4043 MS: 1 EraseBytes-
#863249	REDUCE cov: 266 ft: 1380 corp: 380/74Kb lim: 4096 exec/s: 31972 rss: 502Mb L: 294/4043 MS: 1 EraseBytes-
#865116	REDUCE cov: 266 ft: 1380 corp: 380/74Kb lim: 4096 exec/s: 32041 rss: 502Mb L: 1162/4043 MS: 2 CrossOver-EraseBytes-
#865997	REDUCE cov: 266 ft: 1381 corp: 381/74Kb lim: 4096 exec/s: 32073 rss: 502Mb L: 225/4043 MS: 1 ChangeASCIIInt-
#866309	REDUCE cov: 266 ft: 1381 corp: 381/74Kb lim: 4096 exec/s: 32085 rss: 502Mb L: 31/4043 MS: 2 ChangeBinInt-EraseBytes-
#866719	REDUCE cov: 266 ft: 1381 corp: 381/74Kb lim: 4096 exec/s: 32100 rss: 502Mb L: 1606/4043 MS: 5 InsertRepeatedBytes-EraseBytes-CMP-ChangeASCIIInt-CopyPart- DE: "\000\000\000\000\000\000\000\007"-
#866956	REDUCE cov: 266 ft: 1381 corp: 381/74Kb lim: 4096 exec/s: 32109 rss: 502Mb L: 706/4043 MS: 2 ChangeASCIIInt-EraseBytes-
#866987	NEW    cov: 266 ft: 1382 corp: 382/75Kb lim: 4096 exec/s: 32110 rss: 502Mb L: 230/4043 MS: 1 CrossOver-
#867338	REDUCE cov: 266 ft: 1382 corp: 382/74Kb lim: 4096 exec/s: 32123 rss: 502Mb L: 156/4043 MS: 1 EraseBytes-
#867429	REDUCE cov: 266 ft: 1382 corp: 382/74Kb lim: 4096 exec/s: 32127 rss: 502Mb L: 34/4043 MS: 1 EraseBytes-
#867925	REDUCE cov: 266 ft: 1382 corp: 382/74Kb lim: 4096 exec/s: 32145 rss: 502Mb L: 150/4043 MS: 1 EraseBytes-
#868376	REDUCE cov: 266 ft: 1382 corp: 382/74Kb lim: 4096 exec/s: 32162 rss: 502Mb L: 123/4043 MS: 1 EraseBytes-
#870822	REDUCE cov: 266 ft: 1382 corp: 382/74Kb lim: 4096 exec/s: 32252 rss: 502Mb L: 223/4043 MS: 1 EraseBytes-
#872155	REDUCE cov: 266 ft: 1382 corp: 382/74Kb lim: 4096 exec/s: 32302 rss: 502Mb L: 191/4043 MS: 3 ChangeBit-ChangeASCIIInt-EraseBytes-
#872267	REDUCE cov: 266 ft: 1382 corp: 382/74Kb lim: 4096 exec/s: 32306 rss: 502Mb L: 41/4043 MS: 2 InsertByte-EraseBytes-
#873299	REDUCE cov: 266 ft: 1382 corp: 382/74Kb lim: 4096 exec/s: 32344 rss: 502Mb L: 184/4043 MS: 2 ChangeBinInt-EraseBytes-
#873470	REDUCE cov: 266 ft: 1393 corp: 383/75Kb lim: 4096 exec/s: 32350 rss: 502Mb L: 223/4043 MS: 1 ShuffleBytes-
#873526	REDUCE cov: 266 ft: 1393 corp: 383/75Kb lim: 4096 exec/s: 32352 rss: 502Mb L: 826/4043 MS: 1 EraseBytes-
#874188	NEW    cov: 266 ft: 1401 corp: 384/75Kb lim: 4096 exec/s: 32377 rss: 502Mb L: 406/4043 MS: 2 ChangeBit-CopyPart-
#874206	REDUCE cov: 266 ft: 1401 corp: 384/75Kb lim: 4096 exec/s: 32378 rss: 502Mb L: 341/4043 MS: 3 ShuffleBytes-ChangeBinInt-EraseBytes-
#874284	REDUCE cov: 266 ft: 1412 corp: 385/75Kb lim: 4096 exec/s: 32380 rss: 502Mb L: 451/4043 MS: 3 InsertByte-ChangeBinInt-InsertRepeatedBytes-
#874791	REDUCE cov: 266 ft: 1412 corp: 385/75Kb lim: 4096 exec/s: 32399 rss: 502Mb L: 20/4043 MS: 2 InsertByte-EraseBytes-
#875721	REDUCE cov: 266 ft: 1412 corp: 385/75Kb lim: 4096 exec/s: 32434 rss: 502Mb L: 861/4043 MS: 5 EraseBytes-CrossOver-ChangeASCIIInt-CopyPart-EraseBytes-
#877882	REDUCE cov: 266 ft: 1412 corp: 385/75Kb lim: 4096 exec/s: 32514 rss: 502Mb L: 167/4043 MS: 1 EraseBytes-
#878193	REDUCE cov: 266 ft: 1412 corp: 385/75Kb lim: 4096 exec/s: 32525 rss: 502Mb L: 227/4043 MS: 1 EraseBytes-
#879209	REDUCE cov: 266 ft: 1412 corp: 385/75Kb lim: 4096 exec/s: 32563 rss: 502Mb L: 285/4043 MS: 1 EraseBytes-
#879287	REDUCE cov: 266 ft: 1413 corp: 386/75Kb lim: 4096 exec/s: 32566 rss: 502Mb L: 33/4043 MS: 3 ChangeByte-ShuffleBytes-EraseBytes-
#879400	REDUCE cov: 266 ft: 1413 corp: 386/75Kb lim: 4096 exec/s: 32570 rss: 502Mb L: 95/4043 MS: 3 ChangeBit-CMP-EraseBytes- DE: "\000\000x\250\333b\210\000"-
#879946	REDUCE cov: 266 ft: 1413 corp: 386/75Kb lim: 4096 exec/s: 32590 rss: 502Mb L: 172/4043 MS: 1 EraseBytes-
#880113	REDUCE cov: 266 ft: 1414 corp: 387/75Kb lim: 4096 exec/s: 32596 rss: 502Mb L: 63/4043 MS: 2 ChangeBinInt-CrossOver-
#880537	REDUCE cov: 266 ft: 1415 corp: 388/76Kb lim: 4096 exec/s: 31447 rss: 502Mb L: 1061/4043 MS: 4 CopyPart-ChangeByte-ChangeBit-CrossOver-
#880708	REDUCE cov: 266 ft: 1416 corp: 389/76Kb lim: 4096 exec/s: 31453 rss: 502Mb L: 343/4043 MS: 1 CrossOver-
#880854	REDUCE cov: 266 ft: 1416 corp: 389/76Kb lim: 4096 exec/s: 31459 rss: 502Mb L: 188/4043 MS: 1 EraseBytes-
#880885	REDUCE cov: 266 ft: 1417 corp: 390/77Kb lim: 4096 exec/s: 31460 rss: 502Mb L: 292/4043 MS: 1 InsertRepeatedBytes-
#880938	REDUCE cov: 266 ft: 1417 corp: 390/76Kb lim: 4096 exec/s: 31462 rss: 502Mb L: 109/4043 MS: 3 ChangeBinInt-InsertByte-EraseBytes-
#880989	REDUCE cov: 266 ft: 1417 corp: 390/76Kb lim: 4096 exec/s: 31463 rss: 502Mb L: 134/4043 MS: 1 EraseBytes-
#881043	REDUCE cov: 266 ft: 1417 corp: 390/76Kb lim: 4096 exec/s: 31465 rss: 502Mb L: 206/4043 MS: 4 ChangeBit-ChangeASCIIInt-ChangeByte-EraseBytes-
#881493	REDUCE cov: 266 ft: 1417 corp: 390/76Kb lim: 4096 exec/s: 31481 rss: 502Mb L: 677/4043 MS: 5 ChangeASCIIInt-InsertByte-InsertByte-ChangeByte-EraseBytes-
#882131	REDUCE cov: 266 ft: 1417 corp: 390/76Kb lim: 4096 exec/s: 31504 rss: 502Mb L: 573/4043 MS: 3 ChangeBinInt-ChangeByte-EraseBytes-
#882394	REDUCE cov: 266 ft: 1417 corp: 390/76Kb lim: 4096 exec/s: 31514 rss: 502Mb L: 162/4043 MS: 3 ChangeByte-CMP-EraseBytes- DE: "\013\000\000\000"-
#882808	REDUCE cov: 266 ft: 1426 corp: 391/76Kb lim: 4096 exec/s: 31528 rss: 502Mb L: 187/4043 MS: 4 CopyPart-ShuffleBytes-ChangeBit-CMP- DE: "\012\000\000\000\000\000\000\000"-
#883474	REDUCE cov: 266 ft: 1426 corp: 391/76Kb lim: 4096 exec/s: 31552 rss: 502Mb L: 107/4043 MS: 1 EraseBytes-
#883507	REDUCE cov: 266 ft: 1426 corp: 391/76Kb lim: 4096 exec/s: 31553 rss: 502Mb L: 380/4043 MS: 3 InsertByte-ChangeBit-EraseBytes-
#884089	REDUCE cov: 266 ft: 1427 corp: 392/76Kb lim: 4096 exec/s: 31574 rss: 502Mb L: 93/4043 MS: 2 CMP-EraseBytes- DE: "\035\000"-
#884142	REDUCE cov: 266 ft: 1427 corp: 392/76Kb lim: 4096 exec/s: 31576 rss: 502Mb L: 96/4043 MS: 3 ShuffleBytes-ChangeBit-EraseBytes-
#884204	REDUCE cov: 266 ft: 1428 corp: 393/76Kb lim: 4096 exec/s: 31578 rss: 502Mb L: 94/4043 MS: 2 ShuffleBytes-EraseBytes-
#884275	REDUCE cov: 266 ft: 1429 corp: 394/76Kb lim: 4096 exec/s: 31581 rss: 502Mb L: 410/4043 MS: 1 CrossOver-
#884351	REDUCE cov: 266 ft: 1429 corp: 394/76Kb lim: 4096 exec/s: 31583 rss: 502Mb L: 114/4043 MS: 1 EraseBytes-
#884384	REDUCE cov: 266 ft: 1429 corp: 394/76Kb lim: 4096 exec/s: 31585 rss: 502Mb L: 107/4043 MS: 3 CopyPart-ShuffleBytes-EraseBytes-
#884706	NEW    cov: 266 ft: 1430 corp: 395/76Kb lim: 4096 exec/s: 31596 rss: 502Mb L: 149/4043 MS: 2 ChangeBit-CopyPart-
#884758	REDUCE cov: 266 ft: 1430 corp: 395/76Kb lim: 4096 exec/s: 31598 rss: 502Mb L: 91/4043 MS: 2 ChangeBinInt-EraseBytes-
#884880	REDUCE cov: 266 ft: 1430 corp: 395/76Kb lim: 4096 exec/s: 31602 rss: 502Mb L: 273/4043 MS: 2 ChangeBinInt-EraseBytes-
#885032	REDUCE cov: 266 ft: 1431 corp: 396/77Kb lim: 4096 exec/s: 31608 rss: 502Mb L: 392/4043 MS: 2 ChangeASCIIInt-InsertRepeatedBytes-
#885150	REDUCE cov: 266 ft: 1431 corp: 396/76Kb lim: 4096 exec/s: 31612 rss: 502Mb L: 202/4043 MS: 3 PersAutoDict-EraseBytes-CMP- DE: "\014\000\000\000\000\000\000\000"-"\020\000\000\000\000\000\000\000"-
#885496	NEW    cov: 266 ft: 1432 corp: 397/77Kb lim: 4096 exec/s: 31624 rss: 502Mb L: 232/4043 MS: 1 CrossOver-
#885705	REDUCE cov: 266 ft: 1433 corp: 398/77Kb lim: 4096 exec/s: 31632 rss: 502Mb L: 311/4043 MS: 4 EraseBytes-CrossOver-EraseBytes-CrossOver-
#886451	REDUCE cov: 266 ft: 1433 corp: 398/77Kb lim: 4096 exec/s: 31658 rss: 502Mb L: 187/4043 MS: 1 EraseBytes-
#886957	NEW    cov: 266 ft: 1434 corp: 399/77Kb lim: 4096 exec/s: 31677 rss: 502Mb L: 146/4043 MS: 1 CopyPart-
#887147	NEW    cov: 266 ft: 1435 corp: 400/78Kb lim: 4096 exec/s: 31683 rss: 502Mb L: 934/4043 MS: 5 CopyPart-ChangeByte-ShuffleBytes-ChangeBinInt-CrossOver-
#887283	REDUCE cov: 266 ft: 1435 corp: 400/78Kb lim: 4096 exec/s: 31688 rss: 502Mb L: 203/4043 MS: 1 EraseBytes-
#887497	REDUCE cov: 266 ft: 1435 corp: 400/78Kb lim: 4096 exec/s: 31696 rss: 502Mb L: 85/4043 MS: 4 ChangeByte-CrossOver-ChangeBinInt-EraseBytes-
#887630	REDUCE cov: 266 ft: 1435 corp: 400/78Kb lim: 4096 exec/s: 31701 rss: 502Mb L: 164/4043 MS: 3 CrossOver-ChangeByte-EraseBytes-
#887829	REDUCE cov: 266 ft: 1435 corp: 400/78Kb lim: 4096 exec/s: 31708 rss: 502Mb L: 679/4043 MS: 4 ChangeBinInt-ChangeASCIIInt-CMP-EraseBytes- DE: "\001\013"-
#887885	REDUCE cov: 266 ft: 1435 corp: 400/78Kb lim: 4096 exec/s: 31710 rss: 502Mb L: 75/4043 MS: 1 EraseBytes-
#888077	REDUCE cov: 266 ft: 1435 corp: 400/78Kb lim: 4096 exec/s: 31717 rss: 502Mb L: 88/4043 MS: 2 ShuffleBytes-EraseBytes-
#888118	REDUCE cov: 266 ft: 1435 corp: 400/78Kb lim: 4096 exec/s: 31718 rss: 502Mb L: 100/4043 MS: 1 EraseBytes-
#888580	REDUCE cov: 266 ft: 1435 corp: 400/77Kb lim: 4096 exec/s: 31735 rss: 502Mb L: 167/4043 MS: 2 ShuffleBytes-EraseBytes-
#888651	REDUCE cov: 266 ft: 1435 corp: 400/77Kb lim: 4096 exec/s: 31737 rss: 502Mb L: 72/4043 MS: 1 EraseBytes-
#888728	REDUCE cov: 266 ft: 1435 corp: 400/77Kb lim: 4096 exec/s: 31740 rss: 502Mb L: 91/4043 MS: 2 InsertByte-EraseBytes-
#888851	REDUCE cov: 266 ft: 1436 corp: 401/78Kb lim: 4096 exec/s: 31744 rss: 502Mb L: 398/4043 MS: 3 InsertByte-ShuffleBytes-CopyPart-
#888877	REDUCE cov: 266 ft: 1436 corp: 401/78Kb lim: 4096 exec/s: 31745 rss: 502Mb L: 379/4043 MS: 1 EraseBytes-
#889248	REDUCE cov: 266 ft: 1436 corp: 401/78Kb lim: 4096 exec/s: 31758 rss: 502Mb L: 82/4043 MS: 1 EraseBytes-
#889381	REDUCE cov: 266 ft: 1436 corp: 401/78Kb lim: 4096 exec/s: 31763 rss: 502Mb L: 338/4043 MS: 3 ChangeByte-PersAutoDict-EraseBytes- DE: "\013\000\000\000"-
#889656	REDUCE cov: 266 ft: 1436 corp: 401/78Kb lim: 4096 exec/s: 31773 rss: 502Mb L: 68/4043 MS: 5 InsertRepeatedBytes-EraseBytes-ChangeBit-EraseBytes-EraseBytes-
#889711	REDUCE cov: 266 ft: 1436 corp: 401/78Kb lim: 4096 exec/s: 31775 rss: 502Mb L: 346/4043 MS: 5 EraseBytes-ChangeBit-ChangeBit-ChangeByte-CrossOver-
#890992	REDUCE cov: 266 ft: 1436 corp: 401/78Kb lim: 4096 exec/s: 31821 rss: 502Mb L: 62/4043 MS: 1 EraseBytes-
#891373	REDUCE cov: 266 ft: 1436 corp: 401/78Kb lim: 4096 exec/s: 31834 rss: 502Mb L: 80/4043 MS: 1 EraseBytes-
#891930	REDUCE cov: 266 ft: 1436 corp: 401/78Kb lim: 4096 exec/s: 31854 rss: 502Mb L: 340/4043 MS: 2 CrossOver-EraseBytes-
#892037	REDUCE cov: 266 ft: 1436 corp: 401/78Kb lim: 4096 exec/s: 31858 rss: 502Mb L: 139/4043 MS: 2 PersAutoDict-EraseBytes- DE: "\025\000\000\000\000\000\000\000"-
#892398	REDUCE cov: 266 ft: 1436 corp: 401/78Kb lim: 4096 exec/s: 31871 rss: 502Mb L: 55/4043 MS: 1 EraseBytes-
#892652	REDUCE cov: 266 ft: 1436 corp: 401/78Kb lim: 4096 exec/s: 31880 rss: 502Mb L: 176/4043 MS: 4 CMP-InsertByte-ChangeASCIIInt-EraseBytes- DE: "\000\000\000\000\000\000\000\007"-
#892833	REDUCE cov: 266 ft: 1436 corp: 401/78Kb lim: 4096 exec/s: 31886 rss: 502Mb L: 81/4043 MS: 1 EraseBytes-
#893378	REDUCE cov: 266 ft: 1436 corp: 401/78Kb lim: 4096 exec/s: 31906 rss: 502Mb L: 262/4043 MS: 5 ChangeBinInt-CrossOver-ShuffleBytes-PersAutoDict-EraseBytes- DE: "\015\000"-
#893695	REDUCE cov: 266 ft: 1436 corp: 401/78Kb lim: 4096 exec/s: 31917 rss: 502Mb L: 646/4043 MS: 2 ChangeASCIIInt-EraseBytes-
#894053	REDUCE cov: 266 ft: 1436 corp: 401/78Kb lim: 4096 exec/s: 31930 rss: 502Mb L: 199/4043 MS: 3 CrossOver-ChangeByte-EraseBytes-
#894333	REDUCE cov: 266 ft: 1436 corp: 401/78Kb lim: 4096 exec/s: 31940 rss: 502Mb L: 258/4043 MS: 5 ChangeByte-ChangeASCIIInt-InsertByte-PersAutoDict-EraseBytes- DE: "\000\000\000\020"-
#895114	REDUCE cov: 266 ft: 1436 corp: 401/78Kb lim: 4096 exec/s: 31968 rss: 502Mb L: 259/4043 MS: 1 EraseBytes-
#896137	REDUCE cov: 266 ft: 1437 corp: 402/78Kb lim: 4096 exec/s: 32004 rss: 502Mb L: 328/4043 MS: 3 CrossOver-CMP-EraseBytes- DE: "\000\001"-
#896684	REDUCE cov: 266 ft: 1437 corp: 402/78Kb lim: 4096 exec/s: 32024 rss: 502Mb L: 103/4043 MS: 2 CMP-EraseBytes- DE: "\000\000\000\000\000\000\000\011"-
#897210	REDUCE cov: 266 ft: 1437 corp: 402/78Kb lim: 4096 exec/s: 32043 rss: 502Mb L: 127/4043 MS: 1 EraseBytes-
#897267	REDUCE cov: 266 ft: 1437 corp: 402/78Kb lim: 4096 exec/s: 32045 rss: 502Mb L: 74/4043 MS: 2 ChangeBit-EraseBytes-
#898078	REDUCE cov: 266 ft: 1437 corp: 402/78Kb lim: 4096 exec/s: 32074 rss: 502Mb L: 70/4043 MS: 1 EraseBytes-
#898099	REDUCE cov: 266 ft: 1438 corp: 403/78Kb lim: 4096 exec/s: 32074 rss: 502Mb L: 70/4043 MS: 1 ChangeASCIIInt-
#898526	REDUCE cov: 266 ft: 1438 corp: 403/78Kb lim: 4096 exec/s: 32090 rss: 502Mb L: 102/4043 MS: 2 ChangeASCIIInt-EraseBytes-
#898661	REDUCE cov: 266 ft: 1440 corp: 404/78Kb lim: 4096 exec/s: 32095 rss: 502Mb L: 230/4043 MS: 5 ChangeBinInt-InsertByte-PersAutoDict-CopyPart-InsertByte- DE: "\000\000\000\020"-
#900036	REDUCE cov: 266 ft: 1440 corp: 404/78Kb lim: 4096 exec/s: 32144 rss: 502Mb L: 377/4043 MS: 5 ShuffleBytes-ShuffleBytes-CrossOver-ChangeBinInt-EraseBytes-
#900119	REDUCE cov: 266 ft: 1440 corp: 404/78Kb lim: 4096 exec/s: 32147 rss: 502Mb L: 233/4043 MS: 3 ChangeBit-CrossOver-EraseBytes-
#900918	REDUCE cov: 266 ft: 1440 corp: 404/78Kb lim: 4096 exec/s: 32175 rss: 502Mb L: 227/4043 MS: 4 InsertByte-ChangeBit-ChangeASCIIInt-EraseBytes-
#901015	NEW    cov: 266 ft: 1443 corp: 405/79Kb lim: 4096 exec/s: 32179 rss: 502Mb L: 553/4043 MS: 2 ChangeBinInt-CrossOver-
#901016	REDUCE cov: 266 ft: 1444 corp: 406/79Kb lim: 4096 exec/s: 32179 rss: 502Mb L: 72/4043 MS: 1 CrossOver-
#901330	NEW    cov: 266 ft: 1445 corp: 407/79Kb lim: 4096 exec/s: 32190 rss: 502Mb L: 78/4043 MS: 4 ChangeBit-EraseBytes-ChangeByte-CrossOver-
#901387	REDUCE cov: 266 ft: 1445 corp: 407/79Kb lim: 4096 exec/s: 32192 rss: 502Mb L: 245/4043 MS: 2 ChangeBit-EraseBytes-
#901673	REDUCE cov: 266 ft: 1445 corp: 407/78Kb lim: 4096 exec/s: 32202 rss: 502Mb L: 562/4043 MS: 1 EraseBytes-
#901795	REDUCE cov: 266 ft: 1446 corp: 408/82Kb lim: 4096 exec/s: 32206 rss: 502Mb L: 3257/4043 MS: 2 ChangeASCIIInt-CrossOver-
#901978	NEW    cov: 266 ft: 1447 corp: 409/82Kb lim: 4096 exec/s: 32213 rss: 502Mb L: 72/4043 MS: 3 ChangeBit-ChangeBinInt-CopyPart-
#902196	REDUCE cov: 266 ft: 1447 corp: 409/82Kb lim: 4096 exec/s: 32221 rss: 502Mb L: 83/4043 MS: 3 ChangeASCIIInt-ShuffleBytes-EraseBytes-
#903032	REDUCE cov: 266 ft: 1450 corp: 410/82Kb lim: 4096 exec/s: 32251 rss: 502Mb L: 83/4043 MS: 1 CopyPart-
#903171	REDUCE cov: 266 ft: 1450 corp: 410/82Kb lim: 4096 exec/s: 32256 rss: 502Mb L: 54/4043 MS: 4 ChangeBinInt-ChangeBinInt-ChangeASCIIInt-EraseBytes-
#903472	REDUCE cov: 266 ft: 1454 corp: 411/82Kb lim: 4096 exec/s: 32266 rss: 502Mb L: 637/4043 MS: 1 CrossOver-
#903704	REDUCE cov: 266 ft: 1454 corp: 411/82Kb lim: 4096 exec/s: 32275 rss: 502Mb L: 17/4043 MS: 2 ChangeBit-EraseBytes-
#904189	REDUCE cov: 266 ft: 1454 corp: 411/82Kb lim: 4096 exec/s: 32292 rss: 502Mb L: 325/4043 MS: 5 InsertRepeatedBytes-CMP-CrossOver-InsertRepeatedBytes-EraseBytes- DE: "\377\006"-
#904201	NEW    cov: 266 ft: 1458 corp: 412/82Kb lim: 4096 exec/s: 32292 rss: 502Mb L: 178/4043 MS: 2 CopyPart-InsertRepeatedBytes-
#904463	REDUCE cov: 266 ft: 1458 corp: 412/82Kb lim: 4096 exec/s: 32302 rss: 502Mb L: 624/4043 MS: 2 ChangeBit-EraseBytes-
#904561	REDUCE cov: 266 ft: 1458 corp: 412/82Kb lim: 4096 exec/s: 32305 rss: 502Mb L: 55/4043 MS: 3 CMP-ChangeBit-EraseBytes- DE: "\012\000"-
#904634	NEW    cov: 266 ft: 1459 corp: 413/82Kb lim: 4096 exec/s: 32308 rss: 502Mb L: 106/4043 MS: 3 ShuffleBytes-InsertRepeatedBytes-CopyPart-
#904756	REDUCE cov: 266 ft: 1459 corp: 413/82Kb lim: 4096 exec/s: 32312 rss: 502Mb L: 78/4043 MS: 2 CrossOver-EraseBytes-
#905227	REDUCE cov: 266 ft: 1459 corp: 413/82Kb lim: 4096 exec/s: 32329 rss: 502Mb L: 36/4043 MS: 1 EraseBytes-
#905258	REDUCE cov: 266 ft: 1459 corp: 413/82Kb lim: 4096 exec/s: 32330 rss: 502Mb L: 112/4043 MS: 1 EraseBytes-
#905651	REDUCE cov: 266 ft: 1459 corp: 413/82Kb lim: 4096 exec/s: 32344 rss: 502Mb L: 162/4043 MS: 3 InsertRepeatedBytes-EraseBytes-CopyPart-
#905798	NEW    cov: 266 ft: 1463 corp: 414/83Kb lim: 4096 exec/s: 32349 rss: 502Mb L: 637/4043 MS: 2 ChangeASCIIInt-ChangeASCIIInt-
#905980	REDUCE cov: 266 ft: 1463 corp: 414/83Kb lim: 4096 exec/s: 32356 rss: 502Mb L: 228/4043 MS: 2 CrossOver-EraseBytes-
#905987	NEW    cov: 266 ft: 1464 corp: 415/86Kb lim: 4096 exec/s: 32356 rss: 502Mb L: 3374/4043 MS: 2 InsertRepeatedBytes-InsertRepeatedBytes-
#906019	REDUCE cov: 266 ft: 1464 corp: 415/86Kb lim: 4096 exec/s: 32357 rss: 502Mb L: 217/4043 MS: 2 CrossOver-EraseBytes-
#906163	REDUCE cov: 266 ft: 1464 corp: 415/86Kb lim: 4096 exec/s: 32362 rss: 502Mb L: 216/4043 MS: 4 ChangeByte-ChangeBit-InsertByte-EraseBytes-
#906639	REDUCE cov: 266 ft: 1464 corp: 415/86Kb lim: 4096 exec/s: 31263 rss: 502Mb L: 42/4043 MS: 1 EraseBytes-
#906643	REDUCE cov: 266 ft: 1464 corp: 415/86Kb lim: 4096 exec/s: 31263 rss: 502Mb L: 78/4043 MS: 4 InsertRepeatedBytes-ShuffleBytes-ChangeByte-EraseBytes-
#906649	NEW    cov: 266 ft: 1467 corp: 416/86Kb lim: 4096 exec/s: 31263 rss: 502Mb L: 83/4043 MS: 1 ShuffleBytes-
#906721	REDUCE cov: 266 ft: 1469 corp: 417/87Kb lim: 4096 exec/s: 31266 rss: 502Mb L: 816/4043 MS: 2 InsertRepeatedBytes-CrossOver-
#906738	REDUCE cov: 266 ft: 1469 corp: 417/87Kb lim: 4096 exec/s: 31266 rss: 502Mb L: 64/4043 MS: 2 ShuffleBytes-EraseBytes-
#906901	REDUCE cov: 266 ft: 1469 corp: 417/87Kb lim: 4096 exec/s: 31272 rss: 502Mb L: 519/4043 MS: 3 InsertRepeatedBytes-CMP-EraseBytes- DE: "\001\020"-
#906903	REDUCE cov: 266 ft: 1469 corp: 417/87Kb lim: 4096 exec/s: 31272 rss: 502Mb L: 473/4043 MS: 2 ChangeBinInt-EraseBytes-
#907080	REDUCE cov: 266 ft: 1469 corp: 417/87Kb lim: 4096 exec/s: 31278 rss: 502Mb L: 372/4043 MS: 2 ChangeBit-EraseBytes-
#907283	REDUCE cov: 266 ft: 1476 corp: 418/87Kb lim: 4096 exec/s: 31285 rss: 502Mb L: 334/4043 MS: 3 InsertByte-PersAutoDict-CrossOver- DE: "\002\000\000\000\000\000\000\000"-
#907310	REDUCE cov: 266 ft: 1476 corp: 418/87Kb lim: 4096 exec/s: 31286 rss: 502Mb L: 534/4043 MS: 2 ChangeBinInt-EraseBytes-
#907332	REDUCE cov: 266 ft: 1477 corp: 419/87Kb lim: 4096 exec/s: 31287 rss: 502Mb L: 79/4043 MS: 2 InsertByte-ChangeASCIIInt-
#907653	REDUCE cov: 266 ft: 1478 corp: 420/87Kb lim: 4096 exec/s: 31298 rss: 502Mb L: 73/4043 MS: 1 EraseBytes-
#907775	REDUCE cov: 266 ft: 1478 corp: 420/87Kb lim: 4096 exec/s: 31302 rss: 502Mb L: 71/4043 MS: 2 ChangeBinInt-EraseBytes-
#907890	NEW    cov: 266 ft: 1481 corp: 421/91Kb lim: 4096 exec/s: 31306 rss: 502Mb L: 4063/4063 MS: 5 ChangeByte-ChangeBit-InsertByte-CrossOver-CopyPart-
#908079	REDUCE cov: 266 ft: 1481 corp: 421/91Kb lim: 4096 exec/s: 31313 rss: 502Mb L: 490/4063 MS: 4 CMP-ChangeByte-ChangeASCIIInt-EraseBytes- DE: "\007\000\000\000\000\000\000\000"-
#908200	REDUCE cov: 266 ft: 1481 corp: 421/90Kb lim: 4096 exec/s: 31317 rss: 502Mb L: 2761/4063 MS: 1 EraseBytes-
#908205	REDUCE cov: 266 ft: 1481 corp: 421/89Kb lim: 4096 exec/s: 31317 rss: 502Mb L: 2109/4063 MS: 5 ChangeBinInt-InsertByte-ChangeBit-PersAutoDict-EraseBytes- DE: "\376\377\377\377"-
#908372	REDUCE cov: 266 ft: 1481 corp: 421/89Kb lim: 4096 exec/s: 31323 rss: 502Mb L: 1609/4063 MS: 2 ChangeBit-EraseBytes-
#908412	REDUCE cov: 266 ft: 1481 corp: 421/89Kb lim: 4096 exec/s: 31324 rss: 502Mb L: 624/4063 MS: 5 ChangeBit-ShuffleBytes-InsertByte-CopyPart-EraseBytes-
#908643	REDUCE cov: 266 ft: 1481 corp: 421/89Kb lim: 4096 exec/s: 31332 rss: 502Mb L: 74/4063 MS: 1 EraseBytes-
#909094	REDUCE cov: 266 ft: 1481 corp: 421/89Kb lim: 4096 exec/s: 31348 rss: 502Mb L: 61/4063 MS: 1 EraseBytes-
#909120	REDUCE cov: 266 ft: 1481 corp: 421/89Kb lim: 4096 exec/s: 31348 rss: 502Mb L: 465/4063 MS: 1 EraseBytes-
#909344	REDUCE cov: 266 ft: 1481 corp: 421/89Kb lim: 4096 exec/s: 31356 rss: 502Mb L: 141/4063 MS: 4 PersAutoDict-ShuffleBytes-CMP-EraseBytes- DE: "\012\000"-"\002\000\000\000"-
#909856	REDUCE cov: 266 ft: 1481 corp: 421/88Kb lim: 4096 exec/s: 31374 rss: 502Mb L: 358/4063 MS: 2 CrossOver-EraseBytes-
#909873	REDUCE cov: 266 ft: 1481 corp: 421/88Kb lim: 4096 exec/s: 31374 rss: 502Mb L: 218/4063 MS: 2 InsertByte-EraseBytes-
#909979	REDUCE cov: 266 ft: 1481 corp: 421/88Kb lim: 4096 exec/s: 31378 rss: 502Mb L: 238/4063 MS: 1 EraseBytes-
#910045	REDUCE cov: 266 ft: 1482 corp: 422/88Kb lim: 4096 exec/s: 31380 rss: 502Mb L: 56/4063 MS: 1 InsertByte-
#910214	REDUCE cov: 266 ft: 1482 corp: 422/88Kb lim: 4096 exec/s: 31386 rss: 502Mb L: 59/4063 MS: 4 ChangeBit-CMP-ShuffleBytes-EraseBytes- DE: "\001\000\000\000\000\000\000\025"-
#910218	REDUCE cov: 266 ft: 1482 corp: 422/88Kb lim: 4096 exec/s: 31386 rss: 502Mb L: 67/4063 MS: 4 PersAutoDict-ChangeByte-InsertByte-EraseBytes- DE: "\010\000\000\000"-
#910300	NEW    cov: 266 ft: 1483 corp: 423/88Kb lim: 4096 exec/s: 31389 rss: 502Mb L: 183/4063 MS: 2 ShuffleBytes-InsertRepeatedBytes-
#910402	REDUCE cov: 266 ft: 1483 corp: 423/88Kb lim: 4096 exec/s: 31393 rss: 502Mb L: 28/4063 MS: 2 ShuffleBytes-EraseBytes-
#910993	REDUCE cov: 266 ft: 1483 corp: 423/88Kb lim: 4096 exec/s: 31413 rss: 502Mb L: 55/4063 MS: 1 EraseBytes-
#911029	REDUCE cov: 266 ft: 1483 corp: 423/88Kb lim: 4096 exec/s: 31414 rss: 502Mb L: 67/4063 MS: 1 EraseBytes-
#911245	REDUCE cov: 266 ft: 1484 corp: 424/88Kb lim: 4096 exec/s: 31422 rss: 502Mb L: 54/4063 MS: 1 CopyPart-
#911371	REDUCE cov: 266 ft: 1484 corp: 424/88Kb lim: 4096 exec/s: 31426 rss: 502Mb L: 55/4063 MS: 1 EraseBytes-
#911397	REDUCE cov: 266 ft: 1484 corp: 424/88Kb lim: 4096 exec/s: 31427 rss: 502Mb L: 40/4063 MS: 1 EraseBytes-
#911544	REDUCE cov: 266 ft: 1484 corp: 424/88Kb lim: 4096 exec/s: 31432 rss: 502Mb L: 44/4063 MS: 2 ChangeBit-EraseBytes-
#912197	REDUCE cov: 266 ft: 1484 corp: 424/88Kb lim: 4096 exec/s: 31455 rss: 502Mb L: 91/4063 MS: 3 EraseBytes-ChangeByte-CopyPart-
#912313	REDUCE cov: 266 ft: 1484 corp: 424/88Kb lim: 4096 exec/s: 31459 rss: 502Mb L: 217/4063 MS: 1 EraseBytes-
#913151	REDUCE cov: 266 ft: 1485 corp: 425/89Kb lim: 4096 exec/s: 31487 rss: 502Mb L: 345/4063 MS: 3 ChangeASCIIInt-PersAutoDict-CrossOver- DE: "\035\000"-
#913234	REDUCE cov: 266 ft: 1485 corp: 425/89Kb lim: 4096 exec/s: 31490 rss: 502Mb L: 160/4063 MS: 3 CMP-PersAutoDict-EraseBytes- DE: "\001\000\000\017\375HU'"-"\377\377\377\377"-
#913400	REDUCE cov: 266 ft: 1485 corp: 425/89Kb lim: 4096 exec/s: 31496 rss: 502Mb L: 46/4063 MS: 1 EraseBytes-
#913500	REDUCE cov: 266 ft: 1485 corp: 425/87Kb lim: 4096 exec/s: 31500 rss: 502Mb L: 2917/4043 MS: 5 ChangeBinInt-ShuffleBytes-InsertRepeatedBytes-CrossOver-EraseBytes-
#913956	REDUCE cov: 266 ft: 1485 corp: 425/87Kb lim: 4096 exec/s: 31515 rss: 502Mb L: 1531/4043 MS: 1 EraseBytes-
#914033	REDUCE cov: 266 ft: 1491 corp: 426/90Kb lim: 4096 exec/s: 31518 rss: 502Mb L: 2917/4043 MS: 2 ShuffleBytes-ShuffleBytes-
#914564	REDUCE cov: 266 ft: 1491 corp: 426/90Kb lim: 4096 exec/s: 31536 rss: 502Mb L: 40/4043 MS: 1 EraseBytes-
#914647	REDUCE cov: 266 ft: 1491 corp: 426/90Kb lim: 4096 exec/s: 31539 rss: 502Mb L: 280/4043 MS: 3 PersAutoDict-ChangeBinInt-EraseBytes- DE: "\376\377\377\377"-
#914824	REDUCE cov: 266 ft: 1491 corp: 426/90Kb lim: 4096 exec/s: 31545 rss: 502Mb L: 189/4043 MS: 2 ChangeBit-EraseBytes-
#914977	REDUCE cov: 266 ft: 1491 corp: 426/90Kb lim: 4096 exec/s: 31550 rss: 502Mb L: 2469/4043 MS: 3 ChangeByte-ChangeBinInt-EraseBytes-
#915510	REDUCE cov: 266 ft: 1491 corp: 426/90Kb lim: 4096 exec/s: 31569 rss: 502Mb L: 79/4043 MS: 3 ChangeBinInt-ShuffleBytes-EraseBytes-
#915586	NEW    cov: 266 ft: 1492 corp: 427/90Kb lim: 4096 exec/s: 31571 rss: 502Mb L: 76/4043 MS: 1 EraseBytes-
#915648	REDUCE cov: 266 ft: 1492 corp: 427/90Kb lim: 4096 exec/s: 31574 rss: 502Mb L: 3245/4043 MS: 2 PersAutoDict-EraseBytes- DE: "\001\000\000\000\000\000\000\025"-
#915999	REDUCE cov: 266 ft: 1492 corp: 427/89Kb lim: 4096 exec/s: 31586 rss: 502Mb L: 1783/4043 MS: 1 EraseBytes-
#916005	REDUCE cov: 266 ft: 1492 corp: 427/89Kb lim: 4096 exec/s: 31586 rss: 502Mb L: 71/4043 MS: 1 EraseBytes-
#916149	REDUCE cov: 266 ft: 1492 corp: 427/89Kb lim: 4096 exec/s: 31591 rss: 502Mb L: 2337/4043 MS: 4 ShuffleBytes-PersAutoDict-ShuffleBytes-EraseBytes- DE: "\014\000\000\000\000\000\000\000"-
#916307	REDUCE cov: 266 ft: 1492 corp: 427/89Kb lim: 4096 exec/s: 31596 rss: 502Mb L: 202/4043 MS: 3 ChangeBinInt-ChangeBinInt-EraseBytes-
#916394	REDUCE cov: 266 ft: 1492 corp: 427/89Kb lim: 4096 exec/s: 31599 rss: 502Mb L: 40/4043 MS: 2 CrossOver-EraseBytes-
#916540	REDUCE cov: 266 ft: 1493 corp: 428/89Kb lim: 4096 exec/s: 31604 rss: 502Mb L: 40/4043 MS: 1 ChangeBit-
#916963	REDUCE cov: 266 ft: 1493 corp: 428/89Kb lim: 4096 exec/s: 31619 rss: 502Mb L: 1500/4043 MS: 3 PersAutoDict-ShuffleBytes-EraseBytes- DE: "\012\000\000\000\000\000\000\000"-
#917087	REDUCE cov: 266 ft: 1493 corp: 428/89Kb lim: 4096 exec/s: 31623 rss: 502Mb L: 73/4043 MS: 4 CMP-InsertRepeatedBytes-CopyPart-EraseBytes- DE: "\001\000\000\020"-
#917847	REDUCE cov: 266 ft: 1493 corp: 428/89Kb lim: 4096 exec/s: 31649 rss: 502Mb L: 154/4043 MS: 5 InsertByte-ChangeByte-InsertRepeatedBytes-ShuffleBytes-EraseBytes-
#917949	NEW    cov: 266 ft: 1494 corp: 429/89Kb lim: 4096 exec/s: 31653 rss: 502Mb L: 57/4043 MS: 2 ChangeASCIIInt-InsertRepeatedBytes-
#918095	REDUCE cov: 266 ft: 1495 corp: 430/89Kb lim: 4096 exec/s: 31658 rss: 502Mb L: 361/4043 MS: 1 CrossOver-
#918174	REDUCE cov: 266 ft: 1495 corp: 430/89Kb lim: 4096 exec/s: 31661 rss: 502Mb L: 1148/4043 MS: 4 PersAutoDict-InsertRepeatedBytes-ChangeASCIIInt-EraseBytes- DE: "\025\000\000\000\000\000\000\000"-
#918198	NEW    cov: 266 ft: 1496 corp: 431/89Kb lim: 4096 exec/s: 31662 rss: 502Mb L: 124/4043 MS: 4 ChangeByte-InsertByte-ChangeBit-InsertRepeatedBytes-
#918312	REDUCE cov: 266 ft: 1497 corp: 432/89Kb lim: 4096 exec/s: 31665 rss: 502Mb L: 187/4043 MS: 4 ChangeByte-ChangeByte-CMP-CrossOver- DE: "\000\000\000\000\000\000\000\227"-
#918524	REDUCE cov: 266 ft: 1497 corp: 432/89Kb lim: 4096 exec/s: 31673 rss: 502Mb L: 62/4043 MS: 2 CopyPart-EraseBytes-
#918555	REDUCE cov: 266 ft: 1497 corp: 432/89Kb lim: 4096 exec/s: 31674 rss: 502Mb L: 180/4043 MS: 1 EraseBytes-
#918865	REDUCE cov: 266 ft: 1497 corp: 432/89Kb lim: 4096 exec/s: 31685 rss: 502Mb L: 299/4043 MS: 5 InsertByte-ShuffleBytes-ShuffleBytes-ChangeBit-EraseBytes-
#919314	REDUCE cov: 266 ft: 1497 corp: 432/89Kb lim: 4096 exec/s: 31700 rss: 502Mb L: 1451/4043 MS: 4 ChangeByte-ChangeByte-CrossOver-EraseBytes-
#919805	REDUCE cov: 266 ft: 1497 corp: 432/88Kb lim: 4096 exec/s: 31717 rss: 502Mb L: 2303/4043 MS: 1 EraseBytes-
#920222	REDUCE cov: 266 ft: 1497 corp: 432/88Kb lim: 4096 exec/s: 31731 rss: 502Mb L: 120/4043 MS: 2 ChangeByte-EraseBytes-
#921005	REDUCE cov: 266 ft: 1497 corp: 432/88Kb lim: 4096 exec/s: 31758 rss: 502Mb L: 54/4043 MS: 3 ChangeByte-ChangeBit-EraseBytes-
#921036	NEW    cov: 266 ft: 1498 corp: 433/88Kb lim: 4096 exec/s: 31759 rss: 502Mb L: 42/4043 MS: 1 EraseBytes-
#921090	REDUCE cov: 266 ft: 1498 corp: 433/88Kb lim: 4096 exec/s: 31761 rss: 502Mb L: 114/4043 MS: 4 ChangeByte-PersAutoDict-CrossOver-EraseBytes- DE: "\377\377\377\012"-
#921486	REDUCE cov: 266 ft: 1498 corp: 433/88Kb lim: 4096 exec/s: 31775 rss: 502Mb L: 140/4043 MS: 1 EraseBytes-
#922047	REDUCE cov: 266 ft: 1498 corp: 433/88Kb lim: 4096 exec/s: 31794 rss: 502Mb L: 110/4043 MS: 1 EraseBytes-
#922159	REDUCE cov: 266 ft: 1498 corp: 433/88Kb lim: 4096 exec/s: 31798 rss: 502Mb L: 80/4043 MS: 2 InsertByte-EraseBytes-
#922295	REDUCE cov: 266 ft: 1500 corp: 434/91Kb lim: 4096 exec/s: 31803 rss: 502Mb L: 3715/4043 MS: 1 CopyPart-
#922862	REDUCE cov: 266 ft: 1500 corp: 434/91Kb lim: 4096 exec/s: 31822 rss: 502Mb L: 161/4043 MS: 2 PersAutoDict-EraseBytes- DE: "\000\000\000\020"-
#922959	REDUCE cov: 266 ft: 1500 corp: 434/90Kb lim: 4096 exec/s: 31826 rss: 502Mb L: 2434/4043 MS: 2 InsertByte-CrossOver-
#923075	REDUCE cov: 266 ft: 1500 corp: 434/90Kb lim: 4096 exec/s: 31830 rss: 502Mb L: 623/4043 MS: 1 EraseBytes-
#923496	REDUCE cov: 266 ft: 1501 corp: 435/90Kb lim: 4096 exec/s: 31844 rss: 502Mb L: 59/4043 MS: 1 EraseBytes-
#923811	NEW    cov: 266 ft: 1502 corp: 436/90Kb lim: 4096 exec/s: 31855 rss: 502Mb L: 176/4043 MS: 5 CopyPart-CrossOver-ChangeByte-ChangeASCIIInt-CrossOver-
#923814	NEW    cov: 266 ft: 1503 corp: 437/90Kb lim: 4096 exec/s: 31855 rss: 502Mb L: 360/4043 MS: 3 InsertByte-CMP-CopyPart- DE: "\001\000\000\000"-
#924285	REDUCE cov: 266 ft: 1503 corp: 437/90Kb lim: 4096 exec/s: 31871 rss: 502Mb L: 207/4043 MS: 1 EraseBytes-
#924506	REDUCE cov: 266 ft: 1503 corp: 437/90Kb lim: 4096 exec/s: 31879 rss: 502Mb L: 95/4043 MS: 1 EraseBytes-
#924576	REDUCE cov: 266 ft: 1503 corp: 437/90Kb lim: 4096 exec/s: 31881 rss: 502Mb L: 330/4043 MS: 5 InsertByte-InsertByte-CMP-InsertByte-EraseBytes- DE: "\001\020"-
#924833	REDUCE cov: 266 ft: 1513 corp: 438/94Kb lim: 4096 exec/s: 31890 rss: 502Mb L: 3556/4043 MS: 2 ChangeBit-CrossOver-
#925174	REDUCE cov: 266 ft: 1513 corp: 438/94Kb lim: 4096 exec/s: 31902 rss: 502Mb L: 193/4043 MS: 1 EraseBytes-
#925315	REDUCE cov: 266 ft: 1513 corp: 438/94Kb lim: 4096 exec/s: 31907 rss: 502Mb L: 29/4043 MS: 1 EraseBytes-
#925608	NEW    cov: 266 ft: 1514 corp: 439/94Kb lim: 4096 exec/s: 31917 rss: 502Mb L: 81/4043 MS: 3 ChangeASCIIInt-ChangeByte-CopyPart-
#925649	REDUCE cov: 266 ft: 1514 corp: 439/94Kb lim: 4096 exec/s: 31918 rss: 502Mb L: 156/4043 MS: 1 EraseBytes-
#925737	REDUCE cov: 266 ft: 1514 corp: 439/93Kb lim: 4096 exec/s: 31921 rss: 502Mb L: 1621/4043 MS: 3 InsertByte-ChangeBit-EraseBytes-
#926200	NEW    cov: 266 ft: 1515 corp: 440/93Kb lim: 4096 exec/s: 31937 rss: 502Mb L: 64/4043 MS: 3 InsertRepeatedBytes-EraseBytes-ChangeASCIIInt-
#926634	REDUCE cov: 266 ft: 1516 corp: 441/96Kb lim: 4096 exec/s: 31952 rss: 502Mb L: 3060/4043 MS: 4 ChangeBinInt-PersAutoDict-PersAutoDict-CrossOver- DE: "\005\000\000\000"-"\376\377\377\377\377\377\377\377"-
#926992	REDUCE cov: 266 ft: 1516 corp: 441/95Kb lim: 4096 exec/s: 31965 rss: 502Mb L: 2292/4043 MS: 3 CopyPart-CopyPart-EraseBytes-
#927004	REDUCE cov: 266 ft: 1517 corp: 442/95Kb lim: 4096 exec/s: 31965 rss: 502Mb L: 208/4043 MS: 2 InsertByte-EraseBytes-
#927151	REDUCE cov: 266 ft: 1517 corp: 442/95Kb lim: 4096 exec/s: 31970 rss: 502Mb L: 70/4043 MS: 2 CrossOver-EraseBytes-
#927563	REDUCE cov: 266 ft: 1517 corp: 442/95Kb lim: 4096 exec/s: 31984 rss: 502Mb L: 118/4043 MS: 2 ChangeBinInt-EraseBytes-
#927907	REDUCE cov: 266 ft: 1517 corp: 442/95Kb lim: 4096 exec/s: 31996 rss: 502Mb L: 171/4043 MS: 4 InsertRepeatedBytes-CMP-ChangeBit-EraseBytes- DE: "\001\000\000\000\000\000\000\001"-
#927953	REDUCE cov: 266 ft: 1517 corp: 442/95Kb lim: 4096 exec/s: 31998 rss: 502Mb L: 276/4043 MS: 1 EraseBytes-
#928404	REDUCE cov: 266 ft: 1517 corp: 442/95Kb lim: 4096 exec/s: 30946 rss: 502Mb L: 2188/4043 MS: 1 CrossOver-
#928406	REDUCE cov: 266 ft: 1517 corp: 442/95Kb lim: 4096 exec/s: 30946 rss: 502Mb L: 68/4043 MS: 2 PersAutoDict-EraseBytes- DE: "\000\001"-
#928527	REDUCE cov: 266 ft: 1517 corp: 442/95Kb lim: 4096 exec/s: 30950 rss: 502Mb L: 77/4043 MS: 1 EraseBytes-
#928634	REDUCE cov: 266 ft: 1517 corp: 442/95Kb lim: 4096 exec/s: 30954 rss: 502Mb L: 1205/4043 MS: 2 ChangeASCIIInt-EraseBytes-
#929023	REDUCE cov: 266 ft: 1517 corp: 442/95Kb lim: 4096 exec/s: 30967 rss: 502Mb L: 169/4043 MS: 4 InsertRepeatedBytes-EraseBytes-ChangeBinInt-EraseBytes-
#929105	REDUCE cov: 266 ft: 1517 corp: 442/94Kb lim: 4096 exec/s: 30970 rss: 502Mb L: 1606/4043 MS: 2 InsertByte-EraseBytes-
#929242	REDUCE cov: 266 ft: 1517 corp: 442/94Kb lim: 4096 exec/s: 30974 rss: 502Mb L: 43/4043 MS: 2 InsertByte-EraseBytes-
#929305	REDUCE cov: 266 ft: 1517 corp: 442/94Kb lim: 4096 exec/s: 30976 rss: 502Mb L: 339/4043 MS: 3 ChangeBinInt-ChangeBit-EraseBytes-
#929417	NEW    cov: 266 ft: 1518 corp: 443/94Kb lim: 4096 exec/s: 30980 rss: 502Mb L: 99/4043 MS: 2 CrossOver-ShuffleBytes-
#929419	REDUCE cov: 266 ft: 1518 corp: 443/94Kb lim: 4096 exec/s: 30980 rss: 502Mb L: 69/4043 MS: 2 ChangeBinInt-EraseBytes-
#929461	REDUCE cov: 266 ft: 1518 corp: 443/94Kb lim: 4096 exec/s: 30982 rss: 502Mb L: 1498/4043 MS: 2 ChangeBit-EraseBytes-
#930110	REDUCE cov: 266 ft: 1519 corp: 444/94Kb lim: 4096 exec/s: 31003 rss: 502Mb L: 83/4043 MS: 4 ChangeBit-InsertRepeatedBytes-ShuffleBytes-ChangeBit-
#930361	REDUCE cov: 266 ft: 1519 corp: 444/94Kb lim: 4096 exec/s: 31012 rss: 502Mb L: 61/4043 MS: 1 EraseBytes-
#930362	REDUCE cov: 266 ft: 1519 corp: 444/94Kb lim: 4096 exec/s: 31012 rss: 502Mb L: 110/4043 MS: 1 EraseBytes-
#930686	REDUCE cov: 266 ft: 1519 corp: 444/94Kb lim: 4096 exec/s: 31022 rss: 502Mb L: 458/4043 MS: 4 PersAutoDict-ChangeBit-PersAutoDict-EraseBytes- DE: "\035\000"-"\000\000\000\000"-
#930952	REDUCE cov: 266 ft: 1519 corp: 444/94Kb lim: 4096 exec/s: 31031 rss: 502Mb L: 54/4043 MS: 1 EraseBytes-
#930979	REDUCE cov: 266 ft: 1519 corp: 444/94Kb lim: 4096 exec/s: 31032 rss: 502Mb L: 330/4043 MS: 2 ChangeBit-EraseBytes-
#931256	REDUCE cov: 266 ft: 1519 corp: 444/94Kb lim: 4096 exec/s: 31041 rss: 502Mb L: 74/4043 MS: 2 EraseBytes-InsertRepeatedBytes-
#931345	REDUCE cov: 266 ft: 1519 corp: 444/94Kb lim: 4096 exec/s: 31044 rss: 502Mb L: 66/4043 MS: 4 ChangeBit-ShuffleBytes-PersAutoDict-EraseBytes- DE: "\000\001"-
#931749	REDUCE cov: 266 ft: 1519 corp: 444/94Kb lim: 4096 exec/s: 31058 rss: 502Mb L: 203/4043 MS: 4 ShuffleBytes-CopyPart-PersAutoDict-EraseBytes- DE: "\005\000\000\000"-
#931818	REDUCE cov: 266 ft: 1519 corp: 444/94Kb lim: 4096 exec/s: 31060 rss: 502Mb L: 281/4043 MS: 4 ChangeASCIIInt-EraseBytes-ChangeASCIIInt-CrossOver-
#932193	REDUCE cov: 266 ft: 1519 corp: 444/94Kb lim: 4096 exec/s: 31073 rss: 502Mb L: 153/4043 MS: 5 ChangeBit-InsertByte-InsertByte-ShuffleBytes-EraseBytes-
#932312	REDUCE cov: 266 ft: 1523 corp: 445/95Kb lim: 4096 exec/s: 31077 rss: 502Mb L: 1183/4043 MS: 4 InsertByte-ChangeASCIIInt-CMP-CrossOver- DE: "\000\000"-
#932350	REDUCE cov: 266 ft: 1523 corp: 445/95Kb lim: 4096 exec/s: 31078 rss: 502Mb L: 383/4043 MS: 3 ShuffleBytes-InsertRepeatedBytes-EraseBytes-
#932657	REDUCE cov: 266 ft: 1523 corp: 445/95Kb lim: 4096 exec/s: 31088 rss: 502Mb L: 47/4043 MS: 2 ChangeByte-EraseBytes-
#932913	REDUCE cov: 266 ft: 1523 corp: 445/95Kb lim: 4096 exec/s: 31097 rss: 502Mb L: 139/4043 MS: 1 EraseBytes-
#933214	REDUCE cov: 266 ft: 1523 corp: 445/95Kb lim: 4096 exec/s: 31107 rss: 502Mb L: 62/4043 MS: 1 EraseBytes-
#933440	REDUCE cov: 266 ft: 1523 corp: 445/95Kb lim: 4096 exec/s: 31114 rss: 502Mb L: 123/4043 MS: 1 EraseBytes-
#933513	REDUCE cov: 266 ft: 1523 corp: 445/95Kb lim: 4096 exec/s: 31117 rss: 502Mb L: 54/4043 MS: 3 InsertByte-ChangeBit-EraseBytes-
#933519	REDUCE cov: 266 ft: 1523 corp: 445/95Kb lim: 4096 exec/s: 31117 rss: 502Mb L: 99/4043 MS: 1 EraseBytes-
#933805	REDUCE cov: 266 ft: 1523 corp: 445/95Kb lim: 4096 exec/s: 31126 rss: 502Mb L: 38/4043 MS: 1 EraseBytes-
#934083	NEW    cov: 266 ft: 1524 corp: 446/95Kb lim: 4096 exec/s: 31136 rss: 502Mb L: 64/4043 MS: 3 ShuffleBytes-InsertByte-EraseBytes-
#934109	REDUCE cov: 266 ft: 1524 corp: 446/95Kb lim: 4096 exec/s: 31136 rss: 502Mb L: 94/4043 MS: 1 EraseBytes-
#934227	REDUCE cov: 266 ft: 1524 corp: 446/95Kb lim: 4096 exec/s: 31140 rss: 502Mb L: 198/4043 MS: 3 CopyPart-CMP-EraseBytes- DE: "\003\000\000\000"-
#934416	REDUCE cov: 266 ft: 1524 corp: 446/94Kb lim: 4096 exec/s: 31147 rss: 502Mb L: 1194/4043 MS: 4 PersAutoDict-CopyPart-PersAutoDict-EraseBytes- DE: "\035\000"-"\000\000\000\000\000\000\000\007"-
#934871	REDUCE cov: 266 ft: 1524 corp: 446/94Kb lim: 4096 exec/s: 31162 rss: 502Mb L: 91/4043 MS: 5 ChangeBit-EraseBytes-CopyPart-ChangeByte-InsertRepeatedBytes-
#934917	REDUCE cov: 266 ft: 1524 corp: 446/94Kb lim: 4096 exec/s: 31163 rss: 502Mb L: 157/4043 MS: 1 EraseBytes-
#935193	REDUCE cov: 266 ft: 1524 corp: 446/94Kb lim: 4096 exec/s: 31173 rss: 502Mb L: 3478/4043 MS: 1 EraseBytes-
#935609	REDUCE cov: 266 ft: 1525 corp: 447/94Kb lim: 4096 exec/s: 31186 rss: 502Mb L: 84/4043 MS: 1 CrossOver-
#935652	REDUCE cov: 266 ft: 1525 corp: 447/94Kb lim: 4096 exec/s: 31188 rss: 502Mb L: 1160/4043 MS: 3 ShuffleBytes-PersAutoDict-EraseBytes- DE: "\035\000"-
#935658	REDUCE cov: 266 ft: 1525 corp: 447/94Kb lim: 4096 exec/s: 31188 rss: 502Mb L: 47/4043 MS: 1 EraseBytes-
#935734	REDUCE cov: 266 ft: 1525 corp: 447/94Kb lim: 4096 exec/s: 31191 rss: 502Mb L: 351/4043 MS: 1 EraseBytes-
#935890	REDUCE cov: 266 ft: 1525 corp: 447/93Kb lim: 4096 exec/s: 31196 rss: 502Mb L: 71/4043 MS: 1 EraseBytes-
#936008	REDUCE cov: 266 ft: 1525 corp: 447/93Kb lim: 4096 exec/s: 31200 rss: 502Mb L: 41/4043 MS: 3 ChangeASCIIInt-ChangeASCIIInt-EraseBytes-
#936201	NEW    cov: 266 ft: 1526 corp: 448/94Kb lim: 4096 exec/s: 31206 rss: 502Mb L: 386/4043 MS: 3 EraseBytes-CrossOver-CopyPart-
#936207	REDUCE cov: 266 ft: 1526 corp: 448/94Kb lim: 4096 exec/s: 31206 rss: 502Mb L: 34/4043 MS: 1 EraseBytes-
#936288	REDUCE cov: 266 ft: 1526 corp: 448/94Kb lim: 4096 exec/s: 31209 rss: 502Mb L: 216/4043 MS: 1 EraseBytes-
#936468	REDUCE cov: 266 ft: 1526 corp: 448/94Kb lim: 4096 exec/s: 31215 rss: 502Mb L: 29/4043 MS: 5 ChangeByte-ChangeASCIIInt-CMP-PersAutoDict-EraseBytes- DE: "\002\000\000\000\000\000\000\000"-"\013\000\000\000"-
#936520	REDUCE cov: 266 ft: 1526 corp: 448/94Kb lim: 4096 exec/s: 31217 rss: 502Mb L: 38/4043 MS: 2 ShuffleBytes-EraseBytes-
#936903	REDUCE cov: 266 ft: 1526 corp: 448/94Kb lim: 4096 exec/s: 31230 rss: 502Mb L: 74/4043 MS: 3 ChangeBit-CrossOver-EraseBytes-
#936989	NEW    cov: 266 ft: 1527 corp: 449/94Kb lim: 4096 exec/s: 31232 rss: 502Mb L: 133/4043 MS: 1 CrossOver-
#937405	REDUCE cov: 266 ft: 1527 corp: 449/94Kb lim: 4096 exec/s: 31246 rss: 502Mb L: 259/4043 MS: 1 EraseBytes-
#938611	REDUCE cov: 266 ft: 1527 corp: 449/94Kb lim: 4096 exec/s: 31287 rss: 502Mb L: 61/4043 MS: 1 EraseBytes-
#939982	REDUCE cov: 266 ft: 1528 corp: 450/94Kb lim: 4096 exec/s: 31332 rss: 502Mb L: 340/4043 MS: 1 CopyPart-
#940169	REDUCE cov: 266 ft: 1528 corp: 450/94Kb lim: 4096 exec/s: 31338 rss: 502Mb L: 220/4043 MS: 2 ShuffleBytes-EraseBytes-
#940382	REDUCE cov: 266 ft: 1528 corp: 450/94Kb lim: 4096 exec/s: 31346 rss: 502Mb L: 84/4043 MS: 3 ChangeBinInt-ShuffleBytes-EraseBytes-
#940448	REDUCE cov: 266 ft: 1528 corp: 450/94Kb lim: 4096 exec/s: 31348 rss: 502Mb L: 3112/4043 MS: 1 EraseBytes-
#941146	REDUCE cov: 266 ft: 1528 corp: 450/94Kb lim: 4096 exec/s: 31371 rss: 502Mb L: 171/4043 MS: 3 ChangeByte-CrossOver-EraseBytes-
#941312	REDUCE cov: 266 ft: 1528 corp: 450/94Kb lim: 4096 exec/s: 31377 rss: 502Mb L: 32/4043 MS: 1 EraseBytes-
#941407	REDUCE cov: 266 ft: 1528 corp: 450/93Kb lim: 4096 exec/s: 31380 rss: 502Mb L: 826/4043 MS: 5 ChangeByte-CrossOver-ChangeByte-ChangeASCIIInt-EraseBytes-
#941573	REDUCE cov: 266 ft: 1528 corp: 450/93Kb lim: 4096 exec/s: 31385 rss: 502Mb L: 1417/4043 MS: 1 EraseBytes-
#941697	REDUCE cov: 266 ft: 1528 corp: 450/93Kb lim: 4096 exec/s: 31389 rss: 502Mb L: 1096/4043 MS: 4 PersAutoDict-PersAutoDict-ShuffleBytes-EraseBytes- DE: "\002\000\000\000\000\000\000\000"-"\001\020"-
#941998	REDUCE cov: 266 ft: 1528 corp: 450/93Kb lim: 4096 exec/s: 31399 rss: 502Mb L: 2188/4043 MS: 1 EraseBytes-
#942633	REDUCE cov: 266 ft: 1529 corp: 451/93Kb lim: 4096 exec/s: 31421 rss: 502Mb L: 104/4043 MS: 5 ChangeByte-CMP-ChangeByte-ChangeBit-InsertRepeatedBytes- DE: "\"\000\000\000\000\000\000\000"-
#942634	NEW    cov: 266 ft: 1530 corp: 452/93Kb lim: 4096 exec/s: 31421 rss: 502Mb L: 208/4043 MS: 1 CopyPart-
#942640	REDUCE cov: 266 ft: 1530 corp: 452/93Kb lim: 4096 exec/s: 31421 rss: 502Mb L: 51/4043 MS: 1 EraseBytes-
#942768	REDUCE cov: 266 ft: 1530 corp: 452/93Kb lim: 4096 exec/s: 31425 rss: 502Mb L: 184/4043 MS: 3 InsertRepeatedBytes-ShuffleBytes-EraseBytes-
#942883	REDUCE cov: 266 ft: 1530 corp: 452/93Kb lim: 4096 exec/s: 31429 rss: 502Mb L: 154/4043 MS: 5 ChangeBinInt-ChangeASCIIInt-ChangeBinInt-CopyPart-EraseBytes-
#943056	REDUCE cov: 266 ft: 1530 corp: 452/93Kb lim: 4096 exec/s: 31435 rss: 502Mb L: 63/4043 MS: 3 ChangeBinInt-CopyPart-EraseBytes-
#943582	REDUCE cov: 266 ft: 1530 corp: 452/93Kb lim: 4096 exec/s: 31452 rss: 502Mb L: 167/4043 MS: 1 EraseBytes-
#943929	REDUCE cov: 266 ft: 1530 corp: 452/93Kb lim: 4096 exec/s: 31464 rss: 502Mb L: 1357/4043 MS: 2 EraseBytes-InsertByte-
#944750	REDUCE cov: 266 ft: 1530 corp: 452/93Kb lim: 4096 exec/s: 31491 rss: 503Mb L: 37/4043 MS: 1 EraseBytes-
#944782	REDUCE cov: 266 ft: 1530 corp: 452/93Kb lim: 4096 exec/s: 31492 rss: 503Mb L: 1268/4043 MS: 2 InsertRepeatedBytes-EraseBytes-
#945043	REDUCE cov: 266 ft: 1531 corp: 453/93Kb lim: 4096 exec/s: 31501 rss: 503Mb L: 44/4043 MS: 1 InsertByte-
#945099	REDUCE cov: 266 ft: 1531 corp: 453/93Kb lim: 4096 exec/s: 31503 rss: 503Mb L: 180/4043 MS: 1 EraseBytes-
#945345	REDUCE cov: 266 ft: 1531 corp: 453/92Kb lim: 4096 exec/s: 31511 rss: 503Mb L: 2429/4043 MS: 1 EraseBytes-
#945656	REDUCE cov: 266 ft: 1531 corp: 453/92Kb lim: 4096 exec/s: 31521 rss: 503Mb L: 118/4043 MS: 1 EraseBytes-
#945697	REDUCE cov: 266 ft: 1531 corp: 453/92Kb lim: 4096 exec/s: 31523 rss: 503Mb L: 91/4043 MS: 1 EraseBytes-
#945988	REDUCE cov: 266 ft: 1531 corp: 453/92Kb lim: 4096 exec/s: 31532 rss: 503Mb L: 103/4043 MS: 1 EraseBytes-
#946025	REDUCE cov: 266 ft: 1531 corp: 453/92Kb lim: 4096 exec/s: 31534 rss: 503Mb L: 615/4043 MS: 2 InsertByte-EraseBytes-
#946429	REDUCE cov: 266 ft: 1531 corp: 453/92Kb lim: 4096 exec/s: 31547 rss: 503Mb L: 57/4043 MS: 4 ChangeASCIIInt-ChangeBinInt-ShuffleBytes-EraseBytes-
#946875	REDUCE cov: 266 ft: 1531 corp: 453/92Kb lim: 4096 exec/s: 31562 rss: 503Mb L: 65/4043 MS: 1 EraseBytes-
#947101	REDUCE cov: 266 ft: 1531 corp: 453/92Kb lim: 4096 exec/s: 31570 rss: 503Mb L: 41/4043 MS: 1 EraseBytes-
#947561	REDUCE cov: 266 ft: 1531 corp: 453/92Kb lim: 4096 exec/s: 31585 rss: 503Mb L: 53/4043 MS: 5 ChangeBit-ChangeBit-PersAutoDict-ChangeASCIIInt-EraseBytes- DE: "\000\000x\250\333b\210\000"-
#947737	REDUCE cov: 266 ft: 1531 corp: 453/92Kb lim: 4096 exec/s: 31591 rss: 503Mb L: 57/4043 MS: 1 EraseBytes-
#947750	REDUCE cov: 266 ft: 1531 corp: 453/92Kb lim: 4096 exec/s: 31591 rss: 503Mb L: 369/4043 MS: 3 InsertByte-InsertByte-CrossOver-
#947911	REDUCE cov: 266 ft: 1531 corp: 453/92Kb lim: 4096 exec/s: 31597 rss: 503Mb L: 135/4043 MS: 1 EraseBytes-
#947923	REDUCE cov: 266 ft: 1531 corp: 453/92Kb lim: 4096 exec/s: 31597 rss: 503Mb L: 179/4043 MS: 2 ChangeBit-EraseBytes-
#947979	REDUCE cov: 266 ft: 1531 corp: 453/92Kb lim: 4096 exec/s: 31599 rss: 503Mb L: 83/4043 MS: 1 EraseBytes-
#948185	NEW    cov: 266 ft: 1535 corp: 454/93Kb lim: 4096 exec/s: 31606 rss: 503Mb L: 817/4043 MS: 1 EraseBytes-
#948237	REDUCE cov: 266 ft: 1535 corp: 454/93Kb lim: 4096 exec/s: 31607 rss: 503Mb L: 65/4043 MS: 2 CMP-EraseBytes- DE: "\003\000"-
#948278	REDUCE cov: 266 ft: 1535 corp: 454/93Kb lim: 4096 exec/s: 31609 rss: 503Mb L: 327/4043 MS: 1 EraseBytes-
#949082	NEW    cov: 266 ft: 1536 corp: 455/94Kb lim: 4096 exec/s: 31636 rss: 503Mb L: 618/4043 MS: 4 ChangeBinInt-InsertByte-ChangeBinInt-CopyPart-
#949165	REDUCE cov: 266 ft: 1536 corp: 455/94Kb lim: 4096 exec/s: 31638 rss: 503Mb L: 1030/4043 MS: 3 CopyPart-EraseBytes-CopyPart-
#949438	REDUCE cov: 266 ft: 1536 corp: 455/94Kb lim: 4096 exec/s: 31647 rss: 503Mb L: 51/4043 MS: 3 ShuffleBytes-ShuffleBytes-EraseBytes-
#949469	REDUCE cov: 266 ft: 1536 corp: 455/94Kb lim: 4096 exec/s: 31648 rss: 503Mb L: 133/4043 MS: 1 EraseBytes-
#950815	REDUCE cov: 266 ft: 1536 corp: 455/93Kb lim: 4096 exec/s: 31693 rss: 503Mb L: 44/4043 MS: 1 EraseBytes-
#951026	REDUCE cov: 266 ft: 1536 corp: 455/93Kb lim: 4096 exec/s: 31700 rss: 503Mb L: 111/4043 MS: 1 EraseBytes-
#951335	REDUCE cov: 266 ft: 1536 corp: 455/93Kb lim: 4096 exec/s: 30688 rss: 503Mb L: 93/4043 MS: 4 EraseBytes-CopyPart-CopyPart-CrossOver-
#951646	REDUCE cov: 266 ft: 1536 corp: 455/93Kb lim: 4096 exec/s: 30698 rss: 503Mb L: 334/4043 MS: 1 EraseBytes-
#952227	REDUCE cov: 266 ft: 1536 corp: 455/93Kb lim: 4096 exec/s: 30717 rss: 503Mb L: 286/4043 MS: 1 EraseBytes-
#952801	REDUCE cov: 266 ft: 1536 corp: 455/93Kb lim: 4096 exec/s: 30735 rss: 503Mb L: 65/4043 MS: 4 ChangeBinInt-InsertRepeatedBytes-PersAutoDict-EraseBytes- DE: "\000\001"-
#952817	REDUCE cov: 266 ft: 1536 corp: 455/93Kb lim: 4096 exec/s: 30736 rss: 503Mb L: 240/4043 MS: 1 EraseBytes-
#952826	REDUCE cov: 266 ft: 1536 corp: 455/93Kb lim: 4096 exec/s: 30736 rss: 503Mb L: 100/4043 MS: 4 InsertByte-InsertByte-CMP-EraseBytes- DE: "\376\377\377\377\377\377\377\377"-
#952858	REDUCE cov: 266 ft: 1536 corp: 455/93Kb lim: 4096 exec/s: 30737 rss: 503Mb L: 936/4043 MS: 2 CopyPart-EraseBytes-
#953050	REDUCE cov: 266 ft: 1536 corp: 455/93Kb lim: 4096 exec/s: 30743 rss: 503Mb L: 832/4043 MS: 2 PersAutoDict-EraseBytes- DE: "\000\000\000\020"-
#953059	REDUCE cov: 266 ft: 1536 corp: 455/93Kb lim: 4096 exec/s: 30743 rss: 503Mb L: 134/4043 MS: 4 PersAutoDict-ShuffleBytes-ChangeBit-EraseBytes- DE: "\001\000\000\000\000\000\000\011"-
#953780	REDUCE cov: 266 ft: 1536 corp: 455/93Kb lim: 4096 exec/s: 30767 rss: 503Mb L: 63/4043 MS: 1 EraseBytes-
#954043	REDUCE cov: 266 ft: 1536 corp: 455/93Kb lim: 4096 exec/s: 30775 rss: 503Mb L: 2015/4043 MS: 3 CMP-ChangeBit-EraseBytes- DE: "\006\000\000\000"-
#955099	REDUCE cov: 266 ft: 1536 corp: 455/93Kb lim: 4096 exec/s: 30809 rss: 504Mb L: 820/4043 MS: 1 EraseBytes-
#955201	REDUCE cov: 266 ft: 1536 corp: 455/93Kb lim: 4096 exec/s: 30812 rss: 504Mb L: 59/4043 MS: 2 ChangeBit-EraseBytes-
#955267	REDUCE cov: 266 ft: 1536 corp: 455/92Kb lim: 4096 exec/s: 30815 rss: 504Mb L: 113/4043 MS: 1 EraseBytes-
#955273	REDUCE cov: 266 ft: 1536 corp: 455/92Kb lim: 4096 exec/s: 30815 rss: 504Mb L: 45/4043 MS: 1 EraseBytes-
#955591	REDUCE cov: 266 ft: 1536 corp: 455/92Kb lim: 4096 exec/s: 30825 rss: 504Mb L: 203/4043 MS: 3 PersAutoDict-CMP-EraseBytes- DE: "\001\000\000\000"-"\021\000\000\000"-
#955855	REDUCE cov: 266 ft: 1536 corp: 455/92Kb lim: 4096 exec/s: 30834 rss: 504Mb L: 40/4043 MS: 4 ChangeASCIIInt-ChangeASCIIInt-ShuffleBytes-EraseBytes-
#957913	REDUCE cov: 266 ft: 1536 corp: 455/92Kb lim: 4096 exec/s: 30900 rss: 504Mb L: 987/4043 MS: 3 EraseBytes-InsertByte-CrossOver-
#958081	REDUCE cov: 266 ft: 1536 corp: 455/92Kb lim: 4096 exec/s: 30905 rss: 504Mb L: 53/4043 MS: 3 ChangeBit-InsertByte-EraseBytes-
#959052	REDUCE cov: 266 ft: 1536 corp: 455/92Kb lim: 4096 exec/s: 30937 rss: 504Mb L: 47/4043 MS: 1 EraseBytes-
#959099	REDUCE cov: 266 ft: 1536 corp: 455/92Kb lim: 4096 exec/s: 30938 rss: 504Mb L: 51/4043 MS: 2 ChangeBinInt-EraseBytes-
#960125	REDUCE cov: 266 ft: 1536 corp: 455/92Kb lim: 4096 exec/s: 30971 rss: 505Mb L: 368/4043 MS: 1 EraseBytes-
#961052	REDUCE cov: 266 ft: 1536 corp: 455/92Kb lim: 4096 exec/s: 31001 rss: 505Mb L: 541/4043 MS: 2 CMP-EraseBytes- DE: "\377\377\377\377"-
#961243	REDUCE cov: 266 ft: 1536 corp: 455/92Kb lim: 4096 exec/s: 31007 rss: 505Mb L: 885/4043 MS: 1 EraseBytes-
#961261	REDUCE cov: 266 ft: 1536 corp: 455/92Kb lim: 4096 exec/s: 31008 rss: 505Mb L: 182/4043 MS: 3 CrossOver-PersAutoDict-EraseBytes- DE: "\377\006"-
#961775	REDUCE cov: 266 ft: 1536 corp: 455/92Kb lim: 4096 exec/s: 31025 rss: 505Mb L: 128/4043 MS: 4 InsertRepeatedBytes-ChangeByte-CMP-EraseBytes- DE: "\377\377\377\017"-
#962086	REDUCE cov: 266 ft: 1536 corp: 455/92Kb lim: 4096 exec/s: 31035 rss: 505Mb L: 52/4043 MS: 1 EraseBytes-
#962522	REDUCE cov: 266 ft: 1536 corp: 455/92Kb lim: 4096 exec/s: 31049 rss: 505Mb L: 198/4043 MS: 1 EraseBytes-
#963159	REDUCE cov: 266 ft: 1536 corp: 455/92Kb lim: 4096 exec/s: 31069 rss: 505Mb L: 34/4043 MS: 2 ChangeBit-EraseBytes-
#963586	REDUCE cov: 266 ft: 1536 corp: 455/92Kb lim: 4096 exec/s: 31083 rss: 505Mb L: 1944/4043 MS: 2 ShuffleBytes-CrossOver-
#963658	REDUCE cov: 266 ft: 1536 corp: 455/92Kb lim: 4096 exec/s: 31085 rss: 505Mb L: 102/4043 MS: 2 ChangeByte-EraseBytes-
#963912	REDUCE cov: 266 ft: 1536 corp: 455/91Kb lim: 4096 exec/s: 31093 rss: 505Mb L: 753/4043 MS: 4 InsertRepeatedBytes-PersAutoDict-ChangeByte-CrossOver- DE: "\001\000\000\017\375HU'"-
#964184	REDUCE cov: 266 ft: 1536 corp: 455/91Kb lim: 4096 exec/s: 31102 rss: 505Mb L: 987/4043 MS: 2 InsertRepeatedBytes-EraseBytes-
#964315	REDUCE cov: 266 ft: 1536 corp: 455/91Kb lim: 4096 exec/s: 31106 rss: 505Mb L: 186/4043 MS: 1 EraseBytes-
#964491	REDUCE cov: 266 ft: 1536 corp: 455/91Kb lim: 4096 exec/s: 31112 rss: 505Mb L: 174/4043 MS: 1 EraseBytes-
#964499	REDUCE cov: 266 ft: 1536 corp: 455/91Kb lim: 4096 exec/s: 31112 rss: 505Mb L: 73/4043 MS: 3 InsertByte-ChangeBit-EraseBytes-
#964560	REDUCE cov: 266 ft: 1536 corp: 455/91Kb lim: 4096 exec/s: 31114 rss: 505Mb L: 712/4043 MS: 1 EraseBytes-
#964887	REDUCE cov: 266 ft: 1536 corp: 455/91Kb lim: 4096 exec/s: 31125 rss: 505Mb L: 113/4043 MS: 2 CopyPart-EraseBytes-
#965184	REDUCE cov: 266 ft: 1536 corp: 455/91Kb lim: 4096 exec/s: 31134 rss: 505Mb L: 52/4043 MS: 2 CMP-EraseBytes- DE: "\377\001"-
#965486	REDUCE cov: 266 ft: 1536 corp: 455/91Kb lim: 4096 exec/s: 31144 rss: 505Mb L: 234/4043 MS: 2 ChangeBinInt-EraseBytes-
#965582	REDUCE cov: 266 ft: 1536 corp: 455/91Kb lim: 4096 exec/s: 31147 rss: 506Mb L: 36/4043 MS: 1 EraseBytes-
#965585	REDUCE cov: 266 ft: 1536 corp: 455/91Kb lim: 4096 exec/s: 31147 rss: 506Mb L: 86/4043 MS: 3 PersAutoDict-PersAutoDict-EraseBytes- DE: "\020\000\000\000\000\000\000\000"-"\001\000\000\000\000\000\000\001"-
#965761	REDUCE cov: 266 ft: 1536 corp: 455/91Kb lim: 4096 exec/s: 31153 rss: 506Mb L: 703/4043 MS: 1 EraseBytes-
#965827	REDUCE cov: 266 ft: 1536 corp: 455/91Kb lim: 4096 exec/s: 31155 rss: 506Mb L: 69/4043 MS: 1 EraseBytes-
#966012	REDUCE cov: 266 ft: 1536 corp: 455/91Kb lim: 4096 exec/s: 31161 rss: 506Mb L: 101/4043 MS: 5 InsertRepeatedBytes-ShuffleBytes-ShuffleBytes-PersAutoDict-EraseBytes- DE: "\000\000\000\000\000\000\000\007"-
#966509	REDUCE cov: 266 ft: 1536 corp: 455/91Kb lim: 4096 exec/s: 31177 rss: 506Mb L: 64/4043 MS: 2 ChangeBit-EraseBytes-
#966520	REDUCE cov: 266 ft: 1536 corp: 455/91Kb lim: 4096 exec/s: 31178 rss: 506Mb L: 38/4043 MS: 1 EraseBytes-
#966651	REDUCE cov: 266 ft: 1536 corp: 455/90Kb lim: 4096 exec/s: 31182 rss: 506Mb L: 1548/4043 MS: 1 EraseBytes-
#966918	REDUCE cov: 266 ft: 1536 corp: 455/90Kb lim: 4096 exec/s: 31190 rss: 506Mb L: 82/4043 MS: 2 ShuffleBytes-EraseBytes-
#967070	REDUCE cov: 266 ft: 1536 corp: 455/90Kb lim: 4096 exec/s: 31195 rss: 506Mb L: 29/4043 MS: 2 ChangeByte-EraseBytes-
#967125	REDUCE cov: 266 ft: 1536 corp: 455/90Kb lim: 4096 exec/s: 31197 rss: 506Mb L: 76/4043 MS: 5 ChangeASCIIInt-ChangeASCIIInt-ChangeBinInt-PersAutoDict-EraseBytes- DE: "\000\000"-
#967151	REDUCE cov: 266 ft: 1536 corp: 455/90Kb lim: 4096 exec/s: 31198 rss: 506Mb L: 807/4043 MS: 1 EraseBytes-
#968324	REDUCE cov: 266 ft: 1536 corp: 455/90Kb lim: 4096 exec/s: 31236 rss: 506Mb L: 68/4043 MS: 3 InsertByte-EraseBytes-PersAutoDict- DE: "\376\377\377\377"-
#969256	REDUCE cov: 266 ft: 1536 corp: 455/90Kb lim: 4096 exec/s: 31266 rss: 506Mb L: 31/4043 MS: 2 ChangeASCIIInt-EraseBytes-
#969394	REDUCE cov: 266 ft: 1536 corp: 455/90Kb lim: 4096 exec/s: 31270 rss: 506Mb L: 233/4043 MS: 3 CopyPart-InsertRepeatedBytes-EraseBytes-
#969826	REDUCE cov: 266 ft: 1536 corp: 455/90Kb lim: 4096 exec/s: 31284 rss: 506Mb L: 830/4043 MS: 2 CrossOver-EraseBytes-
#969944	REDUCE cov: 266 ft: 1536 corp: 455/90Kb lim: 4096 exec/s: 31288 rss: 506Mb L: 627/4043 MS: 3 ChangeBit-ShuffleBytes-EraseBytes-
#970403	REDUCE cov: 266 ft: 1536 corp: 455/90Kb lim: 4096 exec/s: 31303 rss: 506Mb L: 131/4043 MS: 4 CMP-ChangeBinInt-ChangeByte-EraseBytes- DE: "\200\216k\333\250x\000\000"-
#971346	REDUCE cov: 266 ft: 1536 corp: 455/90Kb lim: 4096 exec/s: 31333 rss: 506Mb L: 673/4043 MS: 3 InsertRepeatedBytes-CrossOver-EraseBytes-
#972101	REDUCE cov: 266 ft: 1536 corp: 455/90Kb lim: 4096 exec/s: 31358 rss: 506Mb L: 517/4043 MS: 5 ChangeASCIIInt-InsertByte-ChangeBit-ShuffleBytes-EraseBytes-
#972640	REDUCE cov: 266 ft: 1536 corp: 455/90Kb lim: 4096 exec/s: 31375 rss: 506Mb L: 647/4043 MS: 4 ChangeBit-InsertByte-CopyPart-EraseBytes-
#972876	REDUCE cov: 266 ft: 1536 corp: 455/90Kb lim: 4096 exec/s: 31383 rss: 506Mb L: 98/4043 MS: 1 EraseBytes-
#973210	REDUCE cov: 266 ft: 1536 corp: 455/89Kb lim: 4096 exec/s: 31393 rss: 506Mb L: 79/4043 MS: 4 ShuffleBytes-CopyPart-InsertByte-EraseBytes-
#973861	REDUCE cov: 266 ft: 1536 corp: 455/89Kb lim: 4096 exec/s: 30433 rss: 506Mb L: 30/4043 MS: 1 EraseBytes-
#974642	REDUCE cov: 266 ft: 1536 corp: 455/89Kb lim: 4096 exec/s: 30457 rss: 506Mb L: 311/4043 MS: 1 EraseBytes-
#974894	REDUCE cov: 266 ft: 1536 corp: 455/89Kb lim: 4096 exec/s: 30465 rss: 506Mb L: 756/4043 MS: 2 ChangeBinInt-EraseBytes-
#975415	REDUCE cov: 266 ft: 1536 corp: 455/89Kb lim: 4096 exec/s: 30481 rss: 506Mb L: 66/4043 MS: 1 EraseBytes-
#975832	REDUCE cov: 266 ft: 1536 corp: 455/89Kb lim: 4096 exec/s: 30494 rss: 506Mb L: 30/4043 MS: 2 ChangeBit-EraseBytes-
#975948	REDUCE cov: 266 ft: 1536 corp: 455/89Kb lim: 4096 exec/s: 30498 rss: 506Mb L: 74/4043 MS: 1 EraseBytes-
#976625	REDUCE cov: 266 ft: 1536 corp: 455/89Kb lim: 4096 exec/s: 30519 rss: 506Mb L: 82/4043 MS: 2 ChangeASCIIInt-EraseBytes-
#976776	REDUCE cov: 266 ft: 1536 corp: 455/89Kb lim: 4096 exec/s: 30524 rss: 506Mb L: 180/4043 MS: 1 EraseBytes-
#977324	REDUCE cov: 266 ft: 1536 corp: 455/89Kb lim: 4096 exec/s: 30541 rss: 506Mb L: 1497/4043 MS: 3 ChangeBinInt-ChangeASCIIInt-EraseBytes-
#977476	REDUCE cov: 266 ft: 1536 corp: 455/89Kb lim: 4096 exec/s: 30546 rss: 506Mb L: 1779/4043 MS: 2 ShuffleBytes-EraseBytes-
#977548	REDUCE cov: 266 ft: 1536 corp: 455/89Kb lim: 4096 exec/s: 30548 rss: 506Mb L: 730/4043 MS: 2 CMP-EraseBytes- DE: "#\000\000\000\000\000\000\000"-
#977834	REDUCE cov: 266 ft: 1536 corp: 455/89Kb lim: 4096 exec/s: 30557 rss: 506Mb L: 79/4043 MS: 1 EraseBytes-
#977900	REDUCE cov: 266 ft: 1536 corp: 455/89Kb lim: 4096 exec/s: 30559 rss: 506Mb L: 54/4043 MS: 1 EraseBytes-
#978840	REDUCE cov: 266 ft: 1536 corp: 455/89Kb lim: 4096 exec/s: 30588 rss: 506Mb L: 171/4043 MS: 5 ChangeBit-CrossOver-ChangeASCIIInt-InsertByte-EraseBytes-
#978906	REDUCE cov: 266 ft: 1536 corp: 455/89Kb lim: 4096 exec/s: 30590 rss: 506Mb L: 39/4043 MS: 1 EraseBytes-
#979282	REDUCE cov: 266 ft: 1536 corp: 455/89Kb lim: 4096 exec/s: 30602 rss: 506Mb L: 326/4043 MS: 1 EraseBytes-
#979534	REDUCE cov: 266 ft: 1536 corp: 455/89Kb lim: 4096 exec/s: 30610 rss: 506Mb L: 35/4043 MS: 2 ShuffleBytes-EraseBytes-
#979590	REDUCE cov: 266 ft: 1536 corp: 455/89Kb lim: 4096 exec/s: 30612 rss: 506Mb L: 32/4043 MS: 1 EraseBytes-
#979952	REDUCE cov: 266 ft: 1536 corp: 455/89Kb lim: 4096 exec/s: 30623 rss: 506Mb L: 101/4043 MS: 2 ChangeASCIIInt-EraseBytes-
#980403	REDUCE cov: 266 ft: 1536 corp: 455/89Kb lim: 4096 exec/s: 30637 rss: 506Mb L: 40/4043 MS: 1 EraseBytes-
#980430	REDUCE cov: 266 ft: 1536 corp: 455/89Kb lim: 4096 exec/s: 30638 rss: 506Mb L: 1043/4043 MS: 2 ChangeBit-EraseBytes-
#980747	REDUCE cov: 266 ft: 1536 corp: 455/89Kb lim: 4096 exec/s: 30648 rss: 506Mb L: 180/4043 MS: 2 ChangeASCIIInt-EraseBytes-
#981239	REDUCE cov: 266 ft: 1536 corp: 455/88Kb lim: 4096 exec/s: 30663 rss: 506Mb L: 495/4043 MS: 2 ChangeBit-EraseBytes-
#981587	REDUCE cov: 266 ft: 1536 corp: 455/88Kb lim: 4096 exec/s: 30674 rss: 506Mb L: 354/4043 MS: 3 InsertByte-ChangeByte-EraseBytes-
#981943	REDUCE cov: 266 ft: 1536 corp: 455/88Kb lim: 4096 exec/s: 30685 rss: 506Mb L: 600/4043 MS: 1 EraseBytes-
#982634	REDUCE cov: 266 ft: 1536 corp: 455/88Kb lim: 4096 exec/s: 30707 rss: 506Mb L: 13/4043 MS: 1 EraseBytes-
#984087	REDUCE cov: 266 ft: 1536 corp: 455/88Kb lim: 4096 exec/s: 30752 rss: 506Mb L: 159/4043 MS: 3 CMP-EraseBytes-CrossOver- DE: "\016\000\000\000\000\000\000\000"-
#984913	REDUCE cov: 266 ft: 1536 corp: 455/88Kb lim: 4096 exec/s: 30778 rss: 506Mb L: 80/4043 MS: 1 EraseBytes-
#985651	REDUCE cov: 266 ft: 1536 corp: 455/88Kb lim: 4096 exec/s: 30801 rss: 506Mb L: 350/4043 MS: 3 CMP-CrossOver-EraseBytes- DE: "^\000\000\000\000\000\000\000"-
#986141	REDUCE cov: 266 ft: 1536 corp: 455/88Kb lim: 4096 exec/s: 30816 rss: 506Mb L: 39/4043 MS: 5 ShuffleBytes-ShuffleBytes-CopyPart-ShuffleBytes-EraseBytes-
#986237	REDUCE cov: 266 ft: 1536 corp: 455/88Kb lim: 4096 exec/s: 30819 rss: 506Mb L: 46/4043 MS: 1 EraseBytes-
#986318	REDUCE cov: 266 ft: 1536 corp: 455/88Kb lim: 4096 exec/s: 30822 rss: 506Mb L: 27/4043 MS: 1 EraseBytes-
#986450	REDUCE cov: 266 ft: 1536 corp: 455/88Kb lim: 4096 exec/s: 30826 rss: 506Mb L: 328/4043 MS: 2 PersAutoDict-EraseBytes- DE: "^\000\000\000\000\000\000\000"-
#986542	REDUCE cov: 266 ft: 1536 corp: 455/88Kb lim: 4096 exec/s: 30829 rss: 506Mb L: 342/4043 MS: 2 ShuffleBytes-EraseBytes-
#987073	REDUCE cov: 266 ft: 1536 corp: 455/88Kb lim: 4096 exec/s: 30846 rss: 506Mb L: 336/4043 MS: 1 EraseBytes-
#987549	REDUCE cov: 266 ft: 1536 corp: 455/88Kb lim: 4096 exec/s: 30860 rss: 506Mb L: 58/4043 MS: 1 EraseBytes-
#989253	REDUCE cov: 266 ft: 1537 corp: 456/88Kb lim: 4096 exec/s: 30914 rss: 506Mb L: 66/4043 MS: 4 ChangeASCIIInt-ChangeASCIIInt-ChangeByte-EraseBytes-
#989465	REDUCE cov: 266 ft: 1537 corp: 456/88Kb lim: 4096 exec/s: 30920 rss: 506Mb L: 38/4043 MS: 2 ChangeASCIIInt-EraseBytes-
#989561	REDUCE cov: 266 ft: 1537 corp: 456/88Kb lim: 4096 exec/s: 30923 rss: 506Mb L: 40/4043 MS: 1 EraseBytes-
#989823	REDUCE cov: 266 ft: 1537 corp: 456/88Kb lim: 4096 exec/s: 30931 rss: 506Mb L: 941/4043 MS: 2 ShuffleBytes-EraseBytes-
#990080	NEW    cov: 266 ft: 1538 corp: 457/88Kb lim: 4096 exec/s: 30940 rss: 506Mb L: 122/4043 MS: 2 ChangeBinInt-InsertRepeatedBytes-
#990396	REDUCE cov: 266 ft: 1538 corp: 457/88Kb lim: 4096 exec/s: 30949 rss: 506Mb L: 87/4043 MS: 1 EraseBytes-
#990404	REDUCE cov: 266 ft: 1538 corp: 457/88Kb lim: 4096 exec/s: 30950 rss: 506Mb L: 120/4043 MS: 3 PersAutoDict-InsertByte-EraseBytes- DE: "\020\000\000\000\000\000\000\000"-
#990540	REDUCE cov: 266 ft: 1538 corp: 457/88Kb lim: 4096 exec/s: 30954 rss: 506Mb L: 788/4043 MS: 1 EraseBytes-
#990611	REDUCE cov: 266 ft: 1538 corp: 457/88Kb lim: 4096 exec/s: 30956 rss: 506Mb L: 708/4043 MS: 1 EraseBytes-
#990689	REDUCE cov: 266 ft: 1538 corp: 457/88Kb lim: 4096 exec/s: 30959 rss: 506Mb L: 165/4043 MS: 3 InsertByte-ChangeBinInt-EraseBytes-
#990872	REDUCE cov: 266 ft: 1538 corp: 457/88Kb lim: 4096 exec/s: 30964 rss: 506Mb L: 1326/4043 MS: 3 ChangeBinInt-ChangeByte-EraseBytes-
#991188	REDUCE cov: 266 ft: 1538 corp: 457/88Kb lim: 4096 exec/s: 30974 rss: 506Mb L: 27/4043 MS: 1 EraseBytes-
#991588	REDUCE cov: 266 ft: 1538 corp: 457/88Kb lim: 4096 exec/s: 30987 rss: 506Mb L: 444/4043 MS: 5 ChangeBit-ChangeBit-InsertByte-EraseBytes-EraseBytes-
#991804	REDUCE cov: 266 ft: 1538 corp: 457/88Kb lim: 4096 exec/s: 30993 rss: 506Mb L: 127/4043 MS: 1 EraseBytes-
#992210	REDUCE cov: 266 ft: 1538 corp: 457/88Kb lim: 4096 exec/s: 31006 rss: 506Mb L: 90/4043 MS: 1 EraseBytes-
#993367	REDUCE cov: 266 ft: 1538 corp: 457/88Kb lim: 4096 exec/s: 31042 rss: 506Mb L: 44/4043 MS: 2 ChangeBinInt-EraseBytes-
#993584	REDUCE cov: 266 ft: 1538 corp: 457/88Kb lim: 4096 exec/s: 31049 rss: 506Mb L: 35/4043 MS: 2 InsertRepeatedBytes-EraseBytes-
#994145	REDUCE cov: 266 ft: 1538 corp: 457/88Kb lim: 4096 exec/s: 31067 rss: 506Mb L: 426/4043 MS: 1 EraseBytes-
#994521	REDUCE cov: 266 ft: 1538 corp: 457/88Kb lim: 4096 exec/s: 31078 rss: 506Mb L: 26/4043 MS: 1 EraseBytes-
#994802	REDUCE cov: 266 ft: 1538 corp: 457/88Kb lim: 4096 exec/s: 31087 rss: 506Mb L: 58/4043 MS: 1 EraseBytes-
#995424	REDUCE cov: 266 ft: 1538 corp: 457/88Kb lim: 4096 exec/s: 31107 rss: 506Mb L: 58/4043 MS: 2 PersAutoDict-EraseBytes- DE: "\376\377\377\377"-
#996030	REDUCE cov: 266 ft: 1538 corp: 457/88Kb lim: 4096 exec/s: 31125 rss: 506Mb L: 604/4043 MS: 1 EraseBytes-
#996066	REDUCE cov: 266 ft: 1538 corp: 457/88Kb lim: 4096 exec/s: 31127 rss: 506Mb L: 217/4043 MS: 1 EraseBytes-
#996315	REDUCE cov: 266 ft: 1538 corp: 457/88Kb lim: 4096 exec/s: 31134 rss: 506Mb L: 100/4043 MS: 4 ChangeASCIIInt-PersAutoDict-InsertRepeatedBytes-EraseBytes- DE: "\002\000\000\000"-
#996574	REDUCE cov: 266 ft: 1538 corp: 457/87Kb lim: 4096 exec/s: 31142 rss: 506Mb L: 345/4043 MS: 4 ChangeBinInt-InsertRepeatedBytes-ChangeBinInt-EraseBytes-
#996836	REDUCE cov: 266 ft: 1539 corp: 458/88Kb lim: 4096 exec/s: 31151 rss: 506Mb L: 77/4043 MS: 2 ChangeBinInt-ShuffleBytes-
#997677	REDUCE cov: 266 ft: 1539 corp: 458/88Kb lim: 4096 exec/s: 31177 rss: 506Mb L: 152/4043 MS: 1 EraseBytes-
#997744	REDUCE cov: 266 ft: 1539 corp: 458/88Kb lim: 4096 exec/s: 31179 rss: 506Mb L: 65/4043 MS: 2 ShuffleBytes-EraseBytes-
#997991	REDUCE cov: 266 ft: 1539 corp: 458/88Kb lim: 4096 exec/s: 31187 rss: 506Mb L: 36/4043 MS: 2 ChangeASCIIInt-EraseBytes-
#999087	REDUCE cov: 266 ft: 1539 corp: 458/88Kb lim: 4096 exec/s: 31221 rss: 506Mb L: 690/4043 MS: 1 EraseBytes-
#1000048	REDUCE cov: 266 ft: 1539 corp: 458/88Kb lim: 4096 exec/s: 30304 rss: 506Mb L: 76/4043 MS: 1 EraseBytes-
#1000090	REDUCE cov: 266 ft: 1539 corp: 458/88Kb lim: 4096 exec/s: 30305 rss: 506Mb L: 63/4043 MS: 2 ChangeASCIIInt-EraseBytes-
#1001033	REDUCE cov: 266 ft: 1539 corp: 458/88Kb lim: 4096 exec/s: 30334 rss: 506Mb L: 301/4043 MS: 3 InsertRepeatedBytes-ChangeByte-EraseBytes-
#1001796	REDUCE cov: 266 ft: 1539 corp: 458/88Kb lim: 4096 exec/s: 30357 rss: 506Mb L: 61/4043 MS: 3 EraseBytes-ChangeBinInt-CopyPart-
#1002054	REDUCE cov: 266 ft: 1539 corp: 458/88Kb lim: 4096 exec/s: 30365 rss: 506Mb L: 186/4043 MS: 3 CrossOver-PersAutoDict-EraseBytes- DE: "\025\000\000\000\000\000\000\000"-
#1002110	REDUCE cov: 266 ft: 1539 corp: 458/87Kb lim: 4096 exec/s: 30366 rss: 506Mb L: 53/4043 MS: 1 EraseBytes-
#1002676	REDUCE cov: 266 ft: 1539 corp: 458/87Kb lim: 4096 exec/s: 30384 rss: 506Mb L: 202/4043 MS: 1 EraseBytes-
#1002770	REDUCE cov: 266 ft: 1539 corp: 458/87Kb lim: 4096 exec/s: 30386 rss: 506Mb L: 49/4043 MS: 4 InsertByte-ChangeBit-ChangeBinInt-EraseBytes-
#1003344	REDUCE cov: 266 ft: 1539 corp: 458/87Kb lim: 4096 exec/s: 30404 rss: 506Mb L: 159/4043 MS: 4 InsertRepeatedBytes-ShuffleBytes-PersAutoDict-EraseBytes- DE: "\000\000x\250\333b\210\000"-
#1004025	REDUCE cov: 266 ft: 1539 corp: 458/87Kb lim: 4096 exec/s: 30425 rss: 506Mb L: 50/4043 MS: 1 EraseBytes-
#1004212	REDUCE cov: 266 ft: 1539 corp: 458/87Kb lim: 4096 exec/s: 30430 rss: 506Mb L: 130/4043 MS: 2 CrossOver-EraseBytes-
#1004458	REDUCE cov: 266 ft: 1539 corp: 458/87Kb lim: 4096 exec/s: 30438 rss: 506Mb L: 32/4043 MS: 1 EraseBytes-
#1005374	REDUCE cov: 266 ft: 1539 corp: 458/87Kb lim: 4096 exec/s: 30465 rss: 506Mb L: 89/4043 MS: 1 EraseBytes-
#1006550	REDUCE cov: 266 ft: 1539 corp: 458/87Kb lim: 4096 exec/s: 30501 rss: 506Mb L: 34/4043 MS: 1 EraseBytes-
#1008026	REDUCE cov: 266 ft: 1539 corp: 458/87Kb lim: 4096 exec/s: 30546 rss: 506Mb L: 78/4043 MS: 1 EraseBytes-
#1008035	REDUCE cov: 266 ft: 1539 corp: 458/87Kb lim: 4096 exec/s: 30546 rss: 506Mb L: 582/4043 MS: 4 ChangeASCIIInt-PersAutoDict-ChangeBinInt-EraseBytes- DE: "\001\013"-
#1009723	REDUCE cov: 266 ft: 1539 corp: 458/87Kb lim: 4096 exec/s: 30597 rss: 506Mb L: 1017/4043 MS: 3 ShuffleBytes-ChangeASCIIInt-EraseBytes-
#1010001	REDUCE cov: 266 ft: 1539 corp: 458/87Kb lim: 4096 exec/s: 30606 rss: 506Mb L: 166/4043 MS: 3 CopyPart-CopyPart-EraseBytes-
#1010002	REDUCE cov: 266 ft: 1539 corp: 458/87Kb lim: 4096 exec/s: 30606 rss: 506Mb L: 64/4043 MS: 1 EraseBytes-
#1010248	REDUCE cov: 266 ft: 1539 corp: 458/87Kb lim: 4096 exec/s: 30613 rss: 506Mb L: 65/4043 MS: 1 EraseBytes-
#1010772	REDUCE cov: 266 ft: 1539 corp: 458/87Kb lim: 4096 exec/s: 30629 rss: 506Mb L: 83/4043 MS: 4 ChangeByte-EraseBytes-ChangeASCIIInt-CopyPart-
#1010813	REDUCE cov: 266 ft: 1539 corp: 458/87Kb lim: 4096 exec/s: 30630 rss: 506Mb L: 47/4043 MS: 1 EraseBytes-
#1011148	REDUCE cov: 266 ft: 1539 corp: 458/87Kb lim: 4096 exec/s: 30640 rss: 506Mb L: 196/4043 MS: 5 EraseBytes-CopyPart-InsertByte-InsertByte-PersAutoDict- DE: "\377\377\377\012"-
#1011401	REDUCE cov: 266 ft: 1539 corp: 458/87Kb lim: 4096 exec/s: 30648 rss: 506Mb L: 174/4043 MS: 3 CMP-PersAutoDict-EraseBytes- DE: "\377\377\377\017"-"\000\000\000\000\000\000\000\000"-
#1011717	REDUCE cov: 266 ft: 1539 corp: 458/87Kb lim: 4096 exec/s: 30658 rss: 506Mb L: 75/4043 MS: 1 EraseBytes-
#1012013	REDUCE cov: 266 ft: 1539 corp: 458/87Kb lim: 4096 exec/s: 30667 rss: 506Mb L: 337/4043 MS: 1 EraseBytes-
#1012139	REDUCE cov: 266 ft: 1539 corp: 458/87Kb lim: 4096 exec/s: 30670 rss: 506Mb L: 57/4043 MS: 1 EraseBytes-
#1012195	REDUCE cov: 266 ft: 1539 corp: 458/87Kb lim: 4096 exec/s: 30672 rss: 506Mb L: 803/4043 MS: 1 EraseBytes-
#1013263	REDUCE cov: 266 ft: 1539 corp: 458/87Kb lim: 4096 exec/s: 30704 rss: 506Mb L: 76/4043 MS: 3 ShuffleBytes-ChangeBit-EraseBytes-
#1013411	REDUCE cov: 266 ft: 1539 corp: 458/87Kb lim: 4096 exec/s: 30709 rss: 506Mb L: 81/4043 MS: 3 InsertByte-ChangeBinInt-EraseBytes-
#1014008	REDUCE cov: 266 ft: 1539 corp: 458/87Kb lim: 4096 exec/s: 30727 rss: 506Mb L: 73/4043 MS: 2 ChangeBit-EraseBytes-
#1014264	REDUCE cov: 266 ft: 1539 corp: 458/87Kb lim: 4096 exec/s: 30735 rss: 506Mb L: 40/4043 MS: 1 EraseBytes-
#1014434	REDUCE cov: 266 ft: 1539 corp: 458/87Kb lim: 4096 exec/s: 30740 rss: 506Mb L: 68/4043 MS: 5 PersAutoDict-EraseBytes-InsertRepeatedBytes-CopyPart-EraseBytes- DE: "\000\000\000\000\000\000\000\007"-
#1014612	REDUCE cov: 266 ft: 1539 corp: 458/87Kb lim: 4096 exec/s: 30745 rss: 506Mb L: 763/4043 MS: 3 ChangeBinInt-ChangeBit-EraseBytes-
#1015657	REDUCE cov: 266 ft: 1539 corp: 458/87Kb lim: 4096 exec/s: 30777 rss: 506Mb L: 57/4043 MS: 5 ChangeASCIIInt-CrossOver-ChangeByte-ShuffleBytes-EraseBytes-
#1015699	REDUCE cov: 266 ft: 1539 corp: 458/87Kb lim: 4096 exec/s: 30778 rss: 506Mb L: 156/4043 MS: 2 InsertByte-EraseBytes-
#1016460	REDUCE cov: 266 ft: 1539 corp: 458/87Kb lim: 4096 exec/s: 30801 rss: 506Mb L: 153/4043 MS: 1 EraseBytes-
#1016876	REDUCE cov: 266 ft: 1539 corp: 458/87Kb lim: 4096 exec/s: 30814 rss: 506Mb L: 59/4043 MS: 1 EraseBytes-
#1017091	REDUCE cov: 266 ft: 1539 corp: 458/87Kb lim: 4096 exec/s: 30820 rss: 506Mb L: 145/4043 MS: 5 PersAutoDict-ShuffleBytes-ChangeASCIIInt-ChangeASCIIInt-EraseBytes- DE: "\021\000\000\000"-
#1018112	REDUCE cov: 266 ft: 1539 corp: 458/87Kb lim: 4096 exec/s: 30851 rss: 506Mb L: 13/4043 MS: 1 EraseBytes-
#1018396	REDUCE cov: 266 ft: 1539 corp: 458/87Kb lim: 4096 exec/s: 30860 rss: 506Mb L: 158/4043 MS: 4 CrossOver-InsertRepeatedBytes-CrossOver-EraseBytes-
#1018702	REDUCE cov: 266 ft: 1539 corp: 458/87Kb lim: 4096 exec/s: 30869 rss: 506Mb L: 11/4043 MS: 1 EraseBytes-
#1019794	REDUCE cov: 266 ft: 1539 corp: 458/87Kb lim: 4096 exec/s: 30902 rss: 506Mb L: 682/4043 MS: 2 ChangeByte-EraseBytes-
#1020825	REDUCE cov: 266 ft: 1539 corp: 458/87Kb lim: 4096 exec/s: 30934 rss: 506Mb L: 60/4043 MS: 1 EraseBytes-
#1021056	REDUCE cov: 266 ft: 1539 corp: 458/87Kb lim: 4096 exec/s: 30941 rss: 506Mb L: 37/4043 MS: 1 EraseBytes-
#1021774	REDUCE cov: 266 ft: 1539 corp: 458/87Kb lim: 4096 exec/s: 30962 rss: 506Mb L: 30/4043 MS: 3 ChangeBit-ChangeByte-EraseBytes-
#1022710	REDUCE cov: 266 ft: 1539 corp: 458/87Kb lim: 4096 exec/s: 30991 rss: 506Mb L: 45/4043 MS: 1 EraseBytes-
#1023173	REDUCE cov: 266 ft: 1539 corp: 458/87Kb lim: 4096 exec/s: 31005 rss: 506Mb L: 255/4043 MS: 3 ChangeBit-ChangeBit-EraseBytes-
#1024012	REDUCE cov: 266 ft: 1539 corp: 458/87Kb lim: 4096 exec/s: 30118 rss: 506Mb L: 671/4043 MS: 4 InsertRepeatedBytes-CopyPart-ChangeBinInt-EraseBytes-
#1024569	REDUCE cov: 266 ft: 1539 corp: 458/87Kb lim: 4096 exec/s: 30134 rss: 506Mb L: 65/4043 MS: 2 CrossOver-EraseBytes-
#1024605	REDUCE cov: 266 ft: 1539 corp: 458/87Kb lim: 4096 exec/s: 30135 rss: 506Mb L: 142/4043 MS: 1 EraseBytes-
#1025178	REDUCE cov: 266 ft: 1539 corp: 458/87Kb lim: 4096 exec/s: 30152 rss: 506Mb L: 579/4043 MS: 3 EraseBytes-CrossOver-PersAutoDict- DE: "\013\000"-
#1025519	REDUCE cov: 266 ft: 1539 corp: 458/87Kb lim: 4096 exec/s: 30162 rss: 506Mb L: 216/4043 MS: 1 EraseBytes-
#1025717	REDUCE cov: 266 ft: 1539 corp: 458/87Kb lim: 4096 exec/s: 30168 rss: 506Mb L: 564/4043 MS: 3 ShuffleBytes-CMP-EraseBytes- DE: "\001\000\000\000"-
#1026369	REDUCE cov: 266 ft: 1539 corp: 458/87Kb lim: 4096 exec/s: 30187 rss: 506Mb L: 673/4043 MS: 2 PersAutoDict-EraseBytes- DE: "\"\000\000\000\000\000\000\000"-
#1026825	REDUCE cov: 266 ft: 1539 corp: 458/87Kb lim: 4096 exec/s: 30200 rss: 506Mb L: 44/4043 MS: 1 EraseBytes-
#1027028	REDUCE cov: 266 ft: 1539 corp: 458/87Kb lim: 4096 exec/s: 30206 rss: 506Mb L: 218/4043 MS: 3 ChangeBit-ChangeBit-EraseBytes-
#1027155	REDUCE cov: 266 ft: 1539 corp: 458/87Kb lim: 4096 exec/s: 30210 rss: 506Mb L: 46/4043 MS: 2 ChangeBinInt-EraseBytes-
#1027172	REDUCE cov: 266 ft: 1539 corp: 458/87Kb lim: 4096 exec/s: 30210 rss: 506Mb L: 825/4043 MS: 2 ChangeBinInt-EraseBytes-
#1027374	REDUCE cov: 266 ft: 1539 corp: 458/86Kb lim: 4096 exec/s: 30216 rss: 506Mb L: 285/4043 MS: 2 EraseBytes-EraseBytes-
#1027380	REDUCE cov: 266 ft: 1539 corp: 458/86Kb lim: 4096 exec/s: 30217 rss: 506Mb L: 63/4043 MS: 1 EraseBytes-
#1028931	REDUCE cov: 266 ft: 1539 corp: 458/86Kb lim: 4096 exec/s: 30262 rss: 506Mb L: 563/4043 MS: 1 EraseBytes-
#1029073	REDUCE cov: 266 ft: 1539 corp: 458/86Kb lim: 4096 exec/s: 30266 rss: 506Mb L: 55/4043 MS: 2 ChangeBinInt-EraseBytes-
#1029568	REDUCE cov: 266 ft: 1540 corp: 459/87Kb lim: 4096 exec/s: 30281 rss: 506Mb L: 197/4043 MS: 5 ShuffleBytes-CopyPart-CopyPart-CopyPart-CopyPart-
#1030394	REDUCE cov: 266 ft: 1540 corp: 459/87Kb lim: 4096 exec/s: 30305 rss: 506Mb L: 94/4043 MS: 1 EraseBytes-
#1030693	REDUCE cov: 266 ft: 1540 corp: 459/87Kb lim: 4096 exec/s: 30314 rss: 506Mb L: 155/4043 MS: 4 ChangeByte-ChangeBinInt-ChangeByte-EraseBytes-
#1032039	REDUCE cov: 266 ft: 1540 corp: 459/87Kb lim: 4096 exec/s: 30354 rss: 506Mb L: 166/4043 MS: 1 EraseBytes-
#1032714	REDUCE cov: 266 ft: 1540 corp: 459/87Kb lim: 4096 exec/s: 30373 rss: 506Mb L: 176/4043 MS: 5 ChangeBit-CMP-PersAutoDict-ShuffleBytes-EraseBytes- DE: "\000\000\000\000\000\000\000\005"-"\001\000\000\000\000\000\000\001"-
#1033622	REDUCE cov: 266 ft: 1540 corp: 459/87Kb lim: 4096 exec/s: 30400 rss: 506Mb L: 77/4043 MS: 3 EraseBytes-ChangeByte-PersAutoDict- DE: "\377\377\377\017"-
#1034223	REDUCE cov: 266 ft: 1540 corp: 459/87Kb lim: 4096 exec/s: 30418 rss: 506Mb L: 286/4043 MS: 1 EraseBytes-
#1034744	REDUCE cov: 266 ft: 1540 corp: 459/87Kb lim: 4096 exec/s: 30433 rss: 506Mb L: 300/4043 MS: 1 EraseBytes-
#1035447	REDUCE cov: 266 ft: 1540 corp: 459/87Kb lim: 4096 exec/s: 30454 rss: 506Mb L: 177/4043 MS: 3 ChangeASCIIInt-EraseBytes-InsertRepeatedBytes-
#1035453	REDUCE cov: 266 ft: 1540 corp: 459/86Kb lim: 4096 exec/s: 30454 rss: 506Mb L: 175/4043 MS: 1 EraseBytes-
#1035966	REDUCE cov: 266 ft: 1540 corp: 459/86Kb lim: 4096 exec/s: 30469 rss: 506Mb L: 159/4043 MS: 3 PersAutoDict-ChangeASCIIInt-EraseBytes- DE: "\001\000\000\000\000\000\000\011"-
#1038355	REDUCE cov: 266 ft: 1540 corp: 459/86Kb lim: 4096 exec/s: 30539 rss: 506Mb L: 58/4043 MS: 4 ChangeByte-ChangeByte-ChangeBit-EraseBytes-
#1038439	REDUCE cov: 266 ft: 1540 corp: 459/86Kb lim: 4096 exec/s: 30542 rss: 506Mb L: 184/4043 MS: 4 ChangeByte-CopyPart-ChangeBit-EraseBytes-
#1038445	REDUCE cov: 266 ft: 1540 corp: 459/86Kb lim: 4096 exec/s: 30542 rss: 506Mb L: 33/4043 MS: 1 EraseBytes-
#1038724	REDUCE cov: 266 ft: 1540 corp: 459/86Kb lim: 4096 exec/s: 30550 rss: 506Mb L: 335/4043 MS: 4 ChangeASCIIInt-ChangeBinInt-PersAutoDict-EraseBytes- DE: "\000\000x\250\333b\210\000"-
#1039545	REDUCE cov: 266 ft: 1540 corp: 459/86Kb lim: 4096 exec/s: 30574 rss: 506Mb L: 28/4043 MS: 1 EraseBytes-
#1039550	REDUCE cov: 266 ft: 1540 corp: 459/86Kb lim: 4096 exec/s: 30575 rss: 506Mb L: 408/4043 MS: 5 ShuffleBytes-PersAutoDict-ChangeBinInt-ChangeASCIIInt-EraseBytes- DE: "\001\013"-
#1039811	REDUCE cov: 266 ft: 1540 corp: 459/86Kb lim: 4096 exec/s: 30582 rss: 506Mb L: 38/4043 MS: 1 EraseBytes-
#1039890	REDUCE cov: 266 ft: 1540 corp: 459/86Kb lim: 4096 exec/s: 30585 rss: 506Mb L: 806/4043 MS: 4 ChangeBinInt-ChangeByte-InsertByte-EraseBytes-
#1040071	REDUCE cov: 266 ft: 1540 corp: 459/86Kb lim: 4096 exec/s: 30590 rss: 506Mb L: 137/4043 MS: 1 EraseBytes-
#1040695	REDUCE cov: 266 ft: 1540 corp: 459/86Kb lim: 4096 exec/s: 30608 rss: 506Mb L: 112/4043 MS: 4 InsertByte-InsertByte-InsertRepeatedBytes-EraseBytes-
#1041046	REDUCE cov: 266 ft: 1540 corp: 459/86Kb lim: 4096 exec/s: 30619 rss: 506Mb L: 175/4043 MS: 1 EraseBytes-
#1041173	REDUCE cov: 266 ft: 1540 corp: 459/86Kb lim: 4096 exec/s: 30622 rss: 506Mb L: 49/4043 MS: 2 ShuffleBytes-EraseBytes-
#1041735	REDUCE cov: 266 ft: 1540 corp: 459/86Kb lim: 4096 exec/s: 30639 rss: 506Mb L: 335/4043 MS: 2 InsertRepeatedBytes-CrossOver-
#1043261	REDUCE cov: 266 ft: 1540 corp: 459/86Kb lim: 4096 exec/s: 30684 rss: 506Mb L: 64/4043 MS: 1 EraseBytes-
#1044952	REDUCE cov: 266 ft: 1540 corp: 459/86Kb lim: 4096 exec/s: 30733 rss: 506Mb L: 170/4043 MS: 1 EraseBytes-
#1045093	REDUCE cov: 266 ft: 1540 corp: 459/86Kb lim: 4096 exec/s: 30738 rss: 506Mb L: 475/4043 MS: 1 EraseBytes-
#1045545	REDUCE cov: 266 ft: 1540 corp: 459/86Kb lim: 4096 exec/s: 30751 rss: 506Mb L: 127/4043 MS: 2 ChangeByte-EraseBytes-
#1046041	REDUCE cov: 266 ft: 1540 corp: 459/86Kb lim: 4096 exec/s: 30765 rss: 506Mb L: 160/4043 MS: 1 EraseBytes-
#1047067	REDUCE cov: 266 ft: 1540 corp: 459/86Kb lim: 4096 exec/s: 30796 rss: 506Mb L: 39/4043 MS: 1 EraseBytes-
#1048576	pulse  cov: 266 ft: 1540 corp: 459/86Kb lim: 4096 exec/s: 30840 rss: 506Mb
#1048928	REDUCE cov: 266 ft: 1540 corp: 459/86Kb lim: 4096 exec/s: 30850 rss: 506Mb L: 74/4043 MS: 1 EraseBytes-
#1049421	REDUCE cov: 266 ft: 1540 corp: 459/86Kb lim: 4096 exec/s: 29983 rss: 506Mb L: 171/4043 MS: 3 EraseBytes-CrossOver-EraseBytes-
#1049422	REDUCE cov: 266 ft: 1540 corp: 459/86Kb lim: 4096 exec/s: 29983 rss: 506Mb L: 57/4043 MS: 1 EraseBytes-
#1050228	REDUCE cov: 266 ft: 1540 corp: 459/86Kb lim: 4096 exec/s: 30006 rss: 506Mb L: 56/4043 MS: 1 EraseBytes-
#1050439	REDUCE cov: 266 ft: 1540 corp: 459/86Kb lim: 4096 exec/s: 30012 rss: 506Mb L: 37/4043 MS: 1 EraseBytes-
#1051051	REDUCE cov: 266 ft: 1540 corp: 459/86Kb lim: 4096 exec/s: 30030 rss: 506Mb L: 157/4043 MS: 2 InsertRepeatedBytes-EraseBytes-
#1052044	REDUCE cov: 266 ft: 1540 corp: 459/86Kb lim: 4096 exec/s: 30058 rss: 506Mb L: 56/4043 MS: 3 ChangeASCIIInt-ChangeASCIIInt-EraseBytes-
#1052403	REDUCE cov: 266 ft: 1540 corp: 459/86Kb lim: 4096 exec/s: 30068 rss: 506Mb L: 166/4043 MS: 4 InsertByte-EraseBytes-ChangeBit-CMP- DE: "\013\000\000\000"-
#1052404	REDUCE cov: 266 ft: 1540 corp: 459/86Kb lim: 4096 exec/s: 30068 rss: 506Mb L: 432/4043 MS: 1 EraseBytes-
#1052856	REDUCE cov: 266 ft: 1540 corp: 459/86Kb lim: 4096 exec/s: 30081 rss: 506Mb L: 348/4043 MS: 2 ChangeByte-EraseBytes-
#1053292	REDUCE cov: 266 ft: 1540 corp: 459/86Kb lim: 4096 exec/s: 30094 rss: 506Mb L: 37/4043 MS: 1 EraseBytes-
#1053701	REDUCE cov: 266 ft: 1540 corp: 459/86Kb lim: 4096 exec/s: 30105 rss: 506Mb L: 98/4043 MS: 4 EraseBytes-ShuffleBytes-ChangeBit-CMP- DE: ">\000\000\000\000\000\000\000"-
#1054699	REDUCE cov: 266 ft: 1540 corp: 459/86Kb lim: 4096 exec/s: 30134 rss: 506Mb L: 1169/4043 MS: 3 CMP-PersAutoDict-EraseBytes- DE: "\377\031"-"^\000\000\000\000\000\000\000"-
#1055107	REDUCE cov: 266 ft: 1540 corp: 459/86Kb lim: 4096 exec/s: 30145 rss: 506Mb L: 54/4043 MS: 3 CopyPart-EraseBytes-CMP- DE: "\377\377\377\377\377\377\377\013"-
#1056313	REDUCE cov: 266 ft: 1540 corp: 459/86Kb lim: 4096 exec/s: 30180 rss: 506Mb L: 607/4043 MS: 1 EraseBytes-
#1056514	REDUCE cov: 266 ft: 1540 corp: 459/86Kb lim: 4096 exec/s: 30186 rss: 506Mb L: 40/4043 MS: 1 EraseBytes-
#1057590	REDUCE cov: 266 ft: 1540 corp: 459/86Kb lim: 4096 exec/s: 30216 rss: 506Mb L: 578/4043 MS: 1 EraseBytes-
#1058196	REDUCE cov: 266 ft: 1540 corp: 459/86Kb lim: 4096 exec/s: 30234 rss: 506Mb L: 29/4043 MS: 1 EraseBytes-
#1058753	REDUCE cov: 266 ft: 1540 corp: 459/86Kb lim: 4096 exec/s: 30250 rss: 506Mb L: 33/4043 MS: 2 InsertByte-EraseBytes-
#1059165	REDUCE cov: 266 ft: 1540 corp: 459/86Kb lim: 4096 exec/s: 30261 rss: 506Mb L: 43/4043 MS: 2 CopyPart-EraseBytes-
#1059910	REDUCE cov: 266 ft: 1540 corp: 459/86Kb lim: 4096 exec/s: 30283 rss: 506Mb L: 334/4043 MS: 5 ChangeASCIIInt-ChangeBit-ShuffleBytes-ChangeASCIIInt-EraseBytes-
#1061132	REDUCE cov: 266 ft: 1540 corp: 459/86Kb lim: 4096 exec/s: 30318 rss: 506Mb L: 97/4043 MS: 2 ChangeByte-EraseBytes-
#1062969	REDUCE cov: 266 ft: 1540 corp: 459/86Kb lim: 4096 exec/s: 30370 rss: 506Mb L: 776/4043 MS: 2 InsertByte-EraseBytes-
#1063415	REDUCE cov: 266 ft: 1540 corp: 459/86Kb lim: 4096 exec/s: 30383 rss: 506Mb L: 39/4043 MS: 1 EraseBytes-
#1064711	REDUCE cov: 266 ft: 1540 corp: 459/86Kb lim: 4096 exec/s: 30420 rss: 506Mb L: 33/4043 MS: 1 EraseBytes-
#1065964	REDUCE cov: 266 ft: 1540 corp: 459/86Kb lim: 4096 exec/s: 30456 rss: 506Mb L: 147/4043 MS: 3 ShuffleBytes-EraseBytes-CopyPart-
#1066346	REDUCE cov: 266 ft: 1540 corp: 459/86Kb lim: 4096 exec/s: 30467 rss: 506Mb L: 119/4043 MS: 2 ChangeByte-EraseBytes-
#1066438	REDUCE cov: 266 ft: 1540 corp: 459/86Kb lim: 4096 exec/s: 30469 rss: 506Mb L: 332/4043 MS: 2 PersAutoDict-EraseBytes- DE: "\000\000\000\000\000\000\000\000"-
#1066699	REDUCE cov: 266 ft: 1540 corp: 459/86Kb lim: 4096 exec/s: 30477 rss: 506Mb L: 243/4043 MS: 1 EraseBytes-
#1067395	REDUCE cov: 266 ft: 1540 corp: 459/86Kb lim: 4096 exec/s: 30497 rss: 506Mb L: 30/4043 MS: 1 EraseBytes-
#1067422	REDUCE cov: 266 ft: 1540 corp: 459/86Kb lim: 4096 exec/s: 30497 rss: 506Mb L: 31/4043 MS: 2 PersAutoDict-EraseBytes- DE: "\000\000"-
#1067438	REDUCE cov: 266 ft: 1540 corp: 459/86Kb lim: 4096 exec/s: 30498 rss: 506Mb L: 165/4043 MS: 1 EraseBytes-
#1070890	REDUCE cov: 266 ft: 1540 corp: 459/86Kb lim: 4096 exec/s: 30596 rss: 506Mb L: 93/4043 MS: 2 CopyPart-EraseBytes-
#1072171	REDUCE cov: 266 ft: 1540 corp: 459/85Kb lim: 4096 exec/s: 30633 rss: 506Mb L: 539/4043 MS: 1 EraseBytes-
#1072609	REDUCE cov: 266 ft: 1540 corp: 459/85Kb lim: 4096 exec/s: 30645 rss: 506Mb L: 588/4043 MS: 3 ChangeBinInt-InsertRepeatedBytes-EraseBytes-
#1074425	REDUCE cov: 266 ft: 1540 corp: 459/85Kb lim: 4096 exec/s: 29845 rss: 506Mb L: 126/4043 MS: 1 EraseBytes-
#1074763	REDUCE cov: 266 ft: 1540 corp: 459/85Kb lim: 4096 exec/s: 29854 rss: 506Mb L: 79/4043 MS: 3 EraseBytes-ShuffleBytes-CMP- DE: "\377\377\377\377\377\377\377\377"-
#1075374	REDUCE cov: 266 ft: 1540 corp: 459/85Kb lim: 4096 exec/s: 29871 rss: 506Mb L: 1166/4043 MS: 1 EraseBytes-
#1076833	REDUCE cov: 266 ft: 1540 corp: 459/85Kb lim: 4096 exec/s: 29912 rss: 506Mb L: 45/4043 MS: 4 InsertByte-CopyPart-ChangeBinInt-EraseBytes-
#1076900	REDUCE cov: 266 ft: 1540 corp: 459/85Kb lim: 4096 exec/s: 29913 rss: 506Mb L: 447/4043 MS: 2 ChangeBit-EraseBytes-
#1079316	REDUCE cov: 266 ft: 1540 corp: 459/85Kb lim: 4096 exec/s: 29981 rss: 506Mb L: 936/4043 MS: 1 EraseBytes-
#1080562	REDUCE cov: 266 ft: 1540 corp: 459/85Kb lim: 4096 exec/s: 30015 rss: 506Mb L: 257/4043 MS: 1 EraseBytes-
#1080877	REDUCE cov: 266 ft: 1540 corp: 459/85Kb lim: 4096 exec/s: 30024 rss: 506Mb L: 537/4043 MS: 5 ShuffleBytes-ChangeBit-ChangeByte-InsertByte-EraseBytes-
#1081718	REDUCE cov: 266 ft: 1540 corp: 459/85Kb lim: 4096 exec/s: 30047 rss: 506Mb L: 165/4043 MS: 1 EraseBytes-
#1082205	REDUCE cov: 266 ft: 1540 corp: 459/85Kb lim: 4096 exec/s: 30061 rss: 506Mb L: 23/4043 MS: 2 ChangeASCIIInt-EraseBytes-
#1082368	REDUCE cov: 266 ft: 1540 corp: 459/85Kb lim: 4096 exec/s: 30065 rss: 506Mb L: 22/4043 MS: 3 ShuffleBytes-ShuffleBytes-EraseBytes-
#1083090	REDUCE cov: 266 ft: 1540 corp: 459/85Kb lim: 4096 exec/s: 30085 rss: 506Mb L: 30/4043 MS: 2 ChangeBit-EraseBytes-
#1085770	REDUCE cov: 266 ft: 1540 corp: 459/85Kb lim: 4096 exec/s: 30160 rss: 506Mb L: 331/4043 MS: 5 ChangeBinInt-EraseBytes-ShuffleBytes-ChangeBit-InsertRepeatedBytes-
#1086093	REDUCE cov: 266 ft: 1540 corp: 459/85Kb lim: 4096 exec/s: 30169 rss: 506Mb L: 322/4043 MS: 3 EraseBytes-CMP-InsertRepeatedBytes- DE: "\377\377\377\377\377\377\377\256"-
#1087179	REDUCE cov: 266 ft: 1540 corp: 459/85Kb lim: 4096 exec/s: 30199 rss: 506Mb L: 211/4043 MS: 1 EraseBytes-
#1087655	REDUCE cov: 266 ft: 1540 corp: 459/85Kb lim: 4096 exec/s: 30212 rss: 506Mb L: 97/4043 MS: 1 EraseBytes-
#1088085	REDUCE cov: 266 ft: 1540 corp: 459/85Kb lim: 4096 exec/s: 30224 rss: 506Mb L: 405/4043 MS: 5 ChangeByte-ShuffleBytes-PersAutoDict-EraseBytes-CrossOver- DE: "\020\000\000\000\000\000\000\000"-
#1090086	REDUCE cov: 266 ft: 1540 corp: 459/85Kb lim: 4096 exec/s: 30280 rss: 506Mb L: 1124/4043 MS: 1 EraseBytes-
#1090900	REDUCE cov: 266 ft: 1540 corp: 459/85Kb lim: 4096 exec/s: 30302 rss: 506Mb L: 173/4043 MS: 4 ChangeBit-ChangeBit-ChangeBinInt-EraseBytes-
#1091081	REDUCE cov: 266 ft: 1540 corp: 459/85Kb lim: 4096 exec/s: 30307 rss: 506Mb L: 27/4043 MS: 1 EraseBytes-
#1091463	REDUCE cov: 266 ft: 1540 corp: 459/85Kb lim: 4096 exec/s: 30318 rss: 506Mb L: 235/4043 MS: 2 ChangeByte-EraseBytes-
#1091609	REDUCE cov: 266 ft: 1540 corp: 459/85Kb lim: 4096 exec/s: 30322 rss: 506Mb L: 3137/4043 MS: 1 EraseBytes-
#1091825	REDUCE cov: 266 ft: 1540 corp: 459/85Kb lim: 4096 exec/s: 30328 rss: 506Mb L: 30/4043 MS: 1 EraseBytes-
#1092802	REDUCE cov: 266 ft: 1540 corp: 459/85Kb lim: 4096 exec/s: 30355 rss: 506Mb L: 169/4043 MS: 2 CopyPart-EraseBytes-
#1093323	REDUCE cov: 266 ft: 1540 corp: 459/85Kb lim: 4096 exec/s: 30370 rss: 506Mb L: 679/4043 MS: 1 EraseBytes-
#1093411	REDUCE cov: 266 ft: 1540 corp: 459/85Kb lim: 4096 exec/s: 30372 rss: 506Mb L: 263/4043 MS: 3 EraseBytes-ChangeBit-CopyPart-
#1093819	REDUCE cov: 266 ft: 1540 corp: 459/85Kb lim: 4096 exec/s: 30383 rss: 506Mb L: 72/4043 MS: 3 InsertByte-EraseBytes-CopyPart-
#1094400	REDUCE cov: 266 ft: 1540 corp: 459/85Kb lim: 4096 exec/s: 30400 rss: 506Mb L: 1120/4043 MS: 1 EraseBytes-
#1094596	REDUCE cov: 266 ft: 1540 corp: 459/85Kb lim: 4096 exec/s: 30405 rss: 506Mb L: 153/4043 MS: 1 EraseBytes-
#1095228	REDUCE cov: 266 ft: 1540 corp: 459/85Kb lim: 4096 exec/s: 30423 rss: 506Mb L: 315/4043 MS: 2 EraseBytes-InsertRepeatedBytes-
#1096389	REDUCE cov: 266 ft: 1540 corp: 459/85Kb lim: 4096 exec/s: 30455 rss: 506Mb L: 371/4043 MS: 1 EraseBytes-
#1097570	REDUCE cov: 266 ft: 1540 corp: 459/85Kb lim: 4096 exec/s: 30488 rss: 506Mb L: 63/4043 MS: 1 EraseBytes-
#1099371	REDUCE cov: 266 ft: 1540 corp: 459/85Kb lim: 4096 exec/s: 30538 rss: 506Mb L: 121/4043 MS: 1 EraseBytes-
#1099407	REDUCE cov: 266 ft: 1540 corp: 459/85Kb lim: 4096 exec/s: 30539 rss: 506Mb L: 42/4043 MS: 1 EraseBytes-
#1101513	REDUCE cov: 266 ft: 1540 corp: 459/85Kb lim: 4096 exec/s: 29770 rss: 506Mb L: 1112/4043 MS: 1 EraseBytes-
#1102425	REDUCE cov: 266 ft: 1540 corp: 459/85Kb lim: 4096 exec/s: 29795 rss: 506Mb L: 62/4043 MS: 2 ShuffleBytes-EraseBytes-
#1102612	REDUCE cov: 266 ft: 1540 corp: 459/85Kb lim: 4096 exec/s: 29800 rss: 507Mb L: 284/4043 MS: 2 ChangeBinInt-EraseBytes-
#1102998	REDUCE cov: 266 ft: 1540 corp: 459/85Kb lim: 4096 exec/s: 29810 rss: 507Mb L: 48/4043 MS: 1 EraseBytes-
#1103314	REDUCE cov: 266 ft: 1540 corp: 459/85Kb lim: 4096 exec/s: 29819 rss: 507Mb L: 249/4043 MS: 1 EraseBytes-
#1103630	REDUCE cov: 266 ft: 1540 corp: 459/85Kb lim: 4096 exec/s: 29827 rss: 507Mb L: 170/4043 MS: 1 EraseBytes-
#1104446	REDUCE cov: 266 ft: 1540 corp: 459/85Kb lim: 4096 exec/s: 29849 rss: 508Mb L: 71/4043 MS: 1 EraseBytes-
#1104560	REDUCE cov: 266 ft: 1540 corp: 459/85Kb lim: 4096 exec/s: 29852 rss: 508Mb L: 156/4043 MS: 4 CrossOver-ChangeBinInt-InsertRepeatedBytes-EraseBytes-
#1105712	REDUCE cov: 266 ft: 1540 corp: 459/85Kb lim: 4096 exec/s: 29884 rss: 508Mb L: 1092/4043 MS: 2 ChangeASCIIInt-EraseBytes-
#1106739	REDUCE cov: 266 ft: 1540 corp: 459/85Kb lim: 4096 exec/s: 29911 rss: 508Mb L: 167/4043 MS: 2 ChangeBinInt-EraseBytes-
#1107401	REDUCE cov: 266 ft: 1540 corp: 459/85Kb lim: 4096 exec/s: 29929 rss: 508Mb L: 115/4043 MS: 2 ChangeASCIIInt-EraseBytes-
#1110906	REDUCE cov: 266 ft: 1540 corp: 459/85Kb lim: 4096 exec/s: 30024 rss: 508Mb L: 977/4043 MS: 5 InsertByte-InsertByte-PersAutoDict-PersAutoDict-EraseBytes- DE: "\001\000\000\000\000\000\000\025"-"\003\000"-
#1112772	REDUCE cov: 266 ft: 1540 corp: 459/85Kb lim: 4096 exec/s: 30074 rss: 508Mb L: 37/4043 MS: 1 EraseBytes-
#1115947	REDUCE cov: 266 ft: 1540 corp: 459/85Kb lim: 4096 exec/s: 30160 rss: 508Mb L: 313/4043 MS: 5 ShuffleBytes-ChangeBit-PersAutoDict-InsertRepeatedBytes-EraseBytes- DE: "\377\006"-
#1116083	REDUCE cov: 266 ft: 1540 corp: 459/85Kb lim: 4096 exec/s: 30164 rss: 508Mb L: 62/4043 MS: 1 EraseBytes-
#1116234	REDUCE cov: 266 ft: 1540 corp: 459/85Kb lim: 4096 exec/s: 30168 rss: 508Mb L: 159/4043 MS: 1 EraseBytes-
#1116570	REDUCE cov: 266 ft: 1540 corp: 459/85Kb lim: 4096 exec/s: 30177 rss: 508Mb L: 62/4043 MS: 1 EraseBytes-
#1116702	REDUCE cov: 266 ft: 1540 corp: 459/85Kb lim: 4096 exec/s: 30181 rss: 508Mb L: 110/4043 MS: 2 ShuffleBytes-EraseBytes-
#1117548	REDUCE cov: 266 ft: 1540 corp: 459/85Kb lim: 4096 exec/s: 30204 rss: 508Mb L: 744/4043 MS: 1 EraseBytes-
#1118146	REDUCE cov: 266 ft: 1540 corp: 459/85Kb lim: 4096 exec/s: 30220 rss: 508Mb L: 765/4043 MS: 3 CMP-ChangeASCIIInt-EraseBytes- DE: "\007\000\000\000"-
#1121504	REDUCE cov: 266 ft: 1540 corp: 459/85Kb lim: 4096 exec/s: 30310 rss: 508Mb L: 510/4043 MS: 3 ShuffleBytes-ChangeBit-EraseBytes-
#1121575	REDUCE cov: 266 ft: 1540 corp: 459/85Kb lim: 4096 exec/s: 30312 rss: 508Mb L: 1083/4043 MS: 1 EraseBytes-
#1121607	REDUCE cov: 266 ft: 1540 corp: 459/84Kb lim: 4096 exec/s: 30313 rss: 508Mb L: 413/4043 MS: 2 ChangeBinInt-EraseBytes-
#1121618	REDUCE cov: 266 ft: 1540 corp: 459/84Kb lim: 4096 exec/s: 30314 rss: 508Mb L: 340/4043 MS: 1 EraseBytes-
#1121659	REDUCE cov: 266 ft: 1540 corp: 459/84Kb lim: 4096 exec/s: 30315 rss: 508Mb L: 164/4043 MS: 1 EraseBytes-
#1121976	REDUCE cov: 266 ft: 1540 corp: 459/84Kb lim: 4096 exec/s: 30323 rss: 508Mb L: 326/4043 MS: 2 PersAutoDict-EraseBytes- DE: "\001\000\000\000\000\000\000\025"-
#1124453	REDUCE cov: 266 ft: 1540 corp: 459/84Kb lim: 4096 exec/s: 30390 rss: 508Mb L: 545/4043 MS: 2 CrossOver-EraseBytes-
#1126965	REDUCE cov: 266 ft: 1540 corp: 459/84Kb lim: 4096 exec/s: 30458 rss: 508Mb L: 163/4043 MS: 2 ShuffleBytes-EraseBytes-
#1128559	REDUCE cov: 266 ft: 1540 corp: 459/84Kb lim: 4096 exec/s: 29698 rss: 508Mb L: 229/4043 MS: 4 EraseBytes-CMP-ShuffleBytes-CopyPart- DE: "\377\377\377\007"-
#1130295	REDUCE cov: 266 ft: 1540 corp: 459/84Kb lim: 4096 exec/s: 29744 rss: 508Mb L: 278/4043 MS: 1 EraseBytes-
#1130663	REDUCE cov: 266 ft: 1540 corp: 459/84Kb lim: 4096 exec/s: 29754 rss: 508Mb L: 71/4043 MS: 3 PersAutoDict-CrossOver-EraseBytes- DE: "\377\377\377\377\377\377\377\377"-
#1131135	REDUCE cov: 266 ft: 1540 corp: 459/84Kb lim: 4096 exec/s: 29766 rss: 508Mb L: 217/4043 MS: 2 ChangeBit-EraseBytes-
#1131326	REDUCE cov: 266 ft: 1540 corp: 459/84Kb lim: 4096 exec/s: 29771 rss: 508Mb L: 682/4043 MS: 1 EraseBytes-
#1131343	REDUCE cov: 266 ft: 1540 corp: 459/84Kb lim: 4096 exec/s: 29772 rss: 508Mb L: 32/4043 MS: 2 ChangeBit-EraseBytes-
#1131505	REDUCE cov: 266 ft: 1540 corp: 459/84Kb lim: 4096 exec/s: 29776 rss: 508Mb L: 27/4043 MS: 1 EraseBytes-
#1131786	REDUCE cov: 266 ft: 1540 corp: 459/84Kb lim: 4096 exec/s: 29783 rss: 508Mb L: 54/4043 MS: 1 EraseBytes-
#1133247	REDUCE cov: 266 ft: 1540 corp: 459/84Kb lim: 4096 exec/s: 29822 rss: 508Mb L: 32/4043 MS: 1 EraseBytes-
#1134359	REDUCE cov: 266 ft: 1540 corp: 459/84Kb lim: 4096 exec/s: 29851 rss: 508Mb L: 152/4043 MS: 2 ChangeBit-EraseBytes-
#1135881	REDUCE cov: 266 ft: 1540 corp: 459/84Kb lim: 4096 exec/s: 29891 rss: 508Mb L: 248/4043 MS: 2 ChangeASCIIInt-EraseBytes-
#1137132	REDUCE cov: 266 ft: 1540 corp: 459/84Kb lim: 4096 exec/s: 29924 rss: 508Mb L: 63/4043 MS: 1 EraseBytes-
#1137877	REDUCE cov: 266 ft: 1540 corp: 459/84Kb lim: 4096 exec/s: 29944 rss: 508Mb L: 151/4043 MS: 5 InsertByte-InsertByte-InsertByte-ChangeBit-EraseBytes-
#1138013	REDUCE cov: 266 ft: 1540 corp: 459/84Kb lim: 4096 exec/s: 29947 rss: 508Mb L: 26/4043 MS: 1 EraseBytes-
#1138117	REDUCE cov: 266 ft: 1542 corp: 460/84Kb lim: 4096 exec/s: 29950 rss: 508Mb L: 449/4043 MS: 4 PersAutoDict-CopyPart-ChangeByte-PersAutoDict- DE: "#\000\000\000\000\000\000\000"-"\013\000"-
#1139648	REDUCE cov: 266 ft: 1542 corp: 460/84Kb lim: 4096 exec/s: 29990 rss: 508Mb L: 52/4043 MS: 1 EraseBytes-
#1139955	REDUCE cov: 266 ft: 1542 corp: 460/84Kb lim: 4096 exec/s: 29998 rss: 508Mb L: 58/4043 MS: 2 ShuffleBytes-EraseBytes-
#1140166	REDUCE cov: 266 ft: 1542 corp: 460/84Kb lim: 4096 exec/s: 30004 rss: 508Mb L: 1549/4043 MS: 1 EraseBytes-
#1140258	REDUCE cov: 266 ft: 1542 corp: 460/84Kb lim: 4096 exec/s: 30006 rss: 508Mb L: 70/4043 MS: 2 PersAutoDict-EraseBytes- DE: "\007\000\000\000\000\000\000\000"-
#1141249	REDUCE cov: 266 ft: 1542 corp: 460/84Kb lim: 4096 exec/s: 30032 rss: 508Mb L: 669/4043 MS: 1 EraseBytes-
#1141615	REDUCE cov: 266 ft: 1542 corp: 460/84Kb lim: 4096 exec/s: 30042 rss: 508Mb L: 423/4043 MS: 1 EraseBytes-
#1142896	REDUCE cov: 266 ft: 1542 corp: 460/84Kb lim: 4096 exec/s: 30076 rss: 508Mb L: 145/4043 MS: 1 EraseBytes-
#1143457	REDUCE cov: 266 ft: 1542 corp: 460/84Kb lim: 4096 exec/s: 30090 rss: 508Mb L: 119/4043 MS: 1 CrossOver-
#1143695	REDUCE cov: 266 ft: 1542 corp: 460/84Kb lim: 4096 exec/s: 30097 rss: 508Mb L: 213/4043 MS: 3 ChangeBit-CrossOver-EraseBytes-
#1143909	REDUCE cov: 266 ft: 1542 corp: 460/84Kb lim: 4096 exec/s: 30102 rss: 508Mb L: 28/4043 MS: 4 ChangeASCIIInt-CMP-ChangeBinInt-EraseBytes- DE: "\377\000"-
#1144681	REDUCE cov: 266 ft: 1542 corp: 460/84Kb lim: 4096 exec/s: 30123 rss: 508Mb L: 148/4043 MS: 2 ChangeBit-EraseBytes-
#1145685	REDUCE cov: 266 ft: 1542 corp: 460/84Kb lim: 4096 exec/s: 30149 rss: 508Mb L: 410/4043 MS: 4 PersAutoDict-InsertByte-InsertRepeatedBytes-EraseBytes- DE: "\377\000"-
#1146151	REDUCE cov: 266 ft: 1542 corp: 460/84Kb lim: 4096 exec/s: 30161 rss: 508Mb L: 148/4043 MS: 1 EraseBytes-
#1146227	REDUCE cov: 266 ft: 1542 corp: 460/84Kb lim: 4096 exec/s: 30163 rss: 508Mb L: 631/4043 MS: 1 EraseBytes-
#1146918	REDUCE cov: 266 ft: 1542 corp: 460/84Kb lim: 4096 exec/s: 30182 rss: 508Mb L: 67/4043 MS: 1 EraseBytes-
#1147584	REDUCE cov: 266 ft: 1542 corp: 460/84Kb lim: 4096 exec/s: 30199 rss: 508Mb L: 217/4043 MS: 1 EraseBytes-
#1148250	REDUCE cov: 266 ft: 1542 corp: 460/84Kb lim: 4096 exec/s: 30217 rss: 508Mb L: 157/4043 MS: 1 EraseBytes-
#1148757	REDUCE cov: 266 ft: 1542 corp: 460/84Kb lim: 4096 exec/s: 30230 rss: 508Mb L: 72/4043 MS: 2 ChangeBit-EraseBytes-
#1149933	REDUCE cov: 266 ft: 1542 corp: 460/84Kb lim: 4096 exec/s: 30261 rss: 508Mb L: 139/4043 MS: 1 EraseBytes-
#1149960	REDUCE cov: 266 ft: 1542 corp: 460/84Kb lim: 4096 exec/s: 30262 rss: 508Mb L: 631/4043 MS: 2 PersAutoDict-EraseBytes- DE: "\025\000\000\000\000\000\000\000"-
#1154864	REDUCE cov: 266 ft: 1542 corp: 460/84Kb lim: 4096 exec/s: 29611 rss: 508Mb L: 85/4043 MS: 4 InsertByte-ChangeBinInt-ChangeBit-EraseBytes-
#1155070	REDUCE cov: 266 ft: 1542 corp: 460/84Kb lim: 4096 exec/s: 29617 rss: 508Mb L: 64/4043 MS: 1 EraseBytes-
#1155609	REDUCE cov: 266 ft: 1542 corp: 460/84Kb lim: 4096 exec/s: 29631 rss: 508Mb L: 971/4043 MS: 4 ChangeBinInt-CMP-ShuffleBytes-EraseBytes- DE: "\377\377\3779"-
#1155821	REDUCE cov: 266 ft: 1542 corp: 460/84Kb lim: 4096 exec/s: 29636 rss: 508Mb L: 872/4043 MS: 2 CopyPart-EraseBytes-
#1157262	REDUCE cov: 266 ft: 1542 corp: 460/84Kb lim: 4096 exec/s: 29673 rss: 508Mb L: 374/4043 MS: 1 EraseBytes-
#1160258	REDUCE cov: 266 ft: 1542 corp: 460/84Kb lim: 4096 exec/s: 29750 rss: 508Mb L: 125/4043 MS: 1 EraseBytes-
#1161064	REDUCE cov: 266 ft: 1542 corp: 460/84Kb lim: 4096 exec/s: 29770 rss: 508Mb L: 41/4043 MS: 1 EraseBytes-
#1161960	REDUCE cov: 266 ft: 1542 corp: 460/84Kb lim: 4096 exec/s: 29793 rss: 508Mb L: 149/4043 MS: 1 EraseBytes-
#1162619	REDUCE cov: 266 ft: 1542 corp: 460/84Kb lim: 4096 exec/s: 29810 rss: 508Mb L: 186/4043 MS: 4 CrossOver-CMP-ShuffleBytes-EraseBytes- DE: "\000\000\000\000\000\000\000\005"-
#1163455	REDUCE cov: 266 ft: 1542 corp: 460/84Kb lim: 4096 exec/s: 29832 rss: 508Mb L: 64/4043 MS: 1 EraseBytes-
#1163687	REDUCE cov: 266 ft: 1542 corp: 460/84Kb lim: 4096 exec/s: 29838 rss: 508Mb L: 273/4043 MS: 2 ChangeBit-EraseBytes-
#1165933	REDUCE cov: 266 ft: 1542 corp: 460/84Kb lim: 4096 exec/s: 29895 rss: 508Mb L: 577/4043 MS: 1 EraseBytes-
#1167809	REDUCE cov: 266 ft: 1542 corp: 460/84Kb lim: 4096 exec/s: 29943 rss: 508Mb L: 60/4043 MS: 1 EraseBytes-
#1170160	REDUCE cov: 266 ft: 1542 corp: 460/84Kb lim: 4096 exec/s: 30004 rss: 508Mb L: 110/4043 MS: 1 EraseBytes-
#1170306	REDUCE cov: 266 ft: 1542 corp: 460/84Kb lim: 4096 exec/s: 30007 rss: 508Mb L: 37/4043 MS: 1 EraseBytes-
#1171079	REDUCE cov: 266 ft: 1542 corp: 460/84Kb lim: 4096 exec/s: 30027 rss: 508Mb L: 46/4043 MS: 3 InsertByte-InsertByte-EraseBytes-
#1171080	REDUCE cov: 266 ft: 1542 corp: 460/84Kb lim: 4096 exec/s: 30027 rss: 508Mb L: 177/4043 MS: 1 EraseBytes-
#1175318	REDUCE cov: 266 ft: 1542 corp: 460/84Kb lim: 4096 exec/s: 30136 rss: 508Mb L: 542/4043 MS: 3 InsertByte-ChangeASCIIInt-EraseBytes-
#1175669	REDUCE cov: 266 ft: 1542 corp: 460/84Kb lim: 4096 exec/s: 30145 rss: 508Mb L: 884/4043 MS: 1 EraseBytes-
#1177375	REDUCE cov: 266 ft: 1542 corp: 460/84Kb lim: 4096 exec/s: 30189 rss: 508Mb L: 211/4043 MS: 1 EraseBytes-
#1177411	REDUCE cov: 266 ft: 1542 corp: 460/84Kb lim: 4096 exec/s: 30190 rss: 508Mb L: 38/4043 MS: 1 EraseBytes-
#1179218	REDUCE cov: 266 ft: 1542 corp: 460/84Kb lim: 4096 exec/s: 30236 rss: 508Mb L: 95/4043 MS: 2 ShuffleBytes-EraseBytes-
#1180434	REDUCE cov: 266 ft: 1542 corp: 460/84Kb lim: 4096 exec/s: 29510 rss: 508Mb L: 133/4043 MS: 1 EraseBytes-
#1181847	REDUCE cov: 266 ft: 1542 corp: 460/83Kb lim: 4096 exec/s: 29546 rss: 508Mb L: 133/4043 MS: 3 CrossOver-PersAutoDict-CrossOver- DE: "\000\000"-
#1184603	REDUCE cov: 266 ft: 1542 corp: 460/83Kb lim: 4096 exec/s: 29615 rss: 508Mb L: 881/4043 MS: 1 EraseBytes-
#1184829	REDUCE cov: 266 ft: 1542 corp: 460/83Kb lim: 4096 exec/s: 29620 rss: 508Mb L: 842/4043 MS: 1 EraseBytes-
#1187041	REDUCE cov: 266 ft: 1542 corp: 460/83Kb lim: 4096 exec/s: 29676 rss: 508Mb L: 60/4043 MS: 2 ChangeBit-EraseBytes-
#1188238	REDUCE cov: 266 ft: 1542 corp: 460/83Kb lim: 4096 exec/s: 29705 rss: 508Mb L: 208/4043 MS: 2 ChangeBit-EraseBytes-
#1188615	REDUCE cov: 266 ft: 1542 corp: 460/83Kb lim: 4096 exec/s: 29715 rss: 508Mb L: 22/4043 MS: 2 InsertByte-EraseBytes-
#1189437	REDUCE cov: 266 ft: 1542 corp: 460/83Kb lim: 4096 exec/s: 29735 rss: 508Mb L: 347/4043 MS: 2 InsertByte-EraseBytes-
#1190707	REDUCE cov: 266 ft: 1542 corp: 460/83Kb lim: 4096 exec/s: 29767 rss: 508Mb L: 335/4043 MS: 5 ChangeBit-PersAutoDict-EraseBytes-InsertByte-PersAutoDict- DE: "\376\377\377\377"-"\000\000\000\000\000\000\000\227"-
#1191070	REDUCE cov: 266 ft: 1542 corp: 460/83Kb lim: 4096 exec/s: 29776 rss: 508Mb L: 129/4043 MS: 3 ChangeASCIIInt-ShuffleBytes-EraseBytes-
#1192054	REDUCE cov: 266 ft: 1542 corp: 460/83Kb lim: 4096 exec/s: 29801 rss: 508Mb L: 48/4043 MS: 4 ShuffleBytes-ChangeASCIIInt-PersAutoDict-EraseBytes- DE: "\007\000\000\000"-
#1192899	REDUCE cov: 266 ft: 1542 corp: 460/83Kb lim: 4096 exec/s: 29822 rss: 508Mb L: 166/4043 MS: 5 InsertRepeatedBytes-CMP-ChangeBinInt-CopyPart-EraseBytes- DE: "\001\000\000\004"-
#1193719	REDUCE cov: 266 ft: 1542 corp: 460/83Kb lim: 4096 exec/s: 29842 rss: 508Mb L: 328/4043 MS: 5 ShuffleBytes-PersAutoDict-ChangeASCIIInt-ChangeBit-EraseBytes- DE: "\377\377\377\007"-
#1194045	REDUCE cov: 266 ft: 1542 corp: 460/83Kb lim: 4096 exec/s: 29851 rss: 508Mb L: 44/4043 MS: 1 EraseBytes-
#1194167	REDUCE cov: 266 ft: 1542 corp: 460/83Kb lim: 4096 exec/s: 29854 rss: 508Mb L: 117/4043 MS: 2 InsertRepeatedBytes-EraseBytes-
#1197257	REDUCE cov: 266 ft: 1542 corp: 460/83Kb lim: 4096 exec/s: 29931 rss: 508Mb L: 271/4043 MS: 5 InsertByte-ShuffleBytes-CrossOver-ChangeBit-EraseBytes-
#1197969	REDUCE cov: 266 ft: 1542 corp: 460/83Kb lim: 4096 exec/s: 29949 rss: 508Mb L: 132/4043 MS: 2 ChangeASCIIInt-EraseBytes-
#1197993	REDUCE cov: 266 ft: 1542 corp: 460/83Kb lim: 4096 exec/s: 29949 rss: 508Mb L: 77/4043 MS: 4 ChangeASCIIInt-InsertRepeatedBytes-ChangeBinInt-EraseBytes-
#1198623	REDUCE cov: 266 ft: 1542 corp: 460/83Kb lim: 4096 exec/s: 29965 rss: 508Mb L: 84/4043 MS: 5 CopyPart-ShuffleBytes-CopyPart-ChangeByte-EraseBytes-
#1198689	REDUCE cov: 266 ft: 1542 corp: 460/83Kb lim: 4096 exec/s: 29967 rss: 508Mb L: 314/4043 MS: 1 EraseBytes-
#1200023	REDUCE cov: 266 ft: 1542 corp: 460/83Kb lim: 4096 exec/s: 30000 rss: 508Mb L: 165/4043 MS: 4 ChangeASCIIInt-ChangeBinInt-ChangeBinInt-EraseBytes-
#1200999	REDUCE cov: 266 ft: 1542 corp: 460/83Kb lim: 4096 exec/s: 30024 rss: 508Mb L: 153/4043 MS: 1 EraseBytes-
#1201406	REDUCE cov: 266 ft: 1542 corp: 460/83Kb lim: 4096 exec/s: 30035 rss: 508Mb L: 231/4043 MS: 2 ChangeASCIIInt-EraseBytes-
#1202817	REDUCE cov: 266 ft: 1542 corp: 460/83Kb lim: 4096 exec/s: 30070 rss: 508Mb L: 103/4043 MS: 1 EraseBytes-
#1202863	REDUCE cov: 266 ft: 1542 corp: 460/83Kb lim: 4096 exec/s: 30071 rss: 508Mb L: 14/4043 MS: 1 EraseBytes-
#1203369	REDUCE cov: 266 ft: 1542 corp: 460/83Kb lim: 4096 exec/s: 30084 rss: 508Mb L: 961/4043 MS: 1 EraseBytes-
#1203520	REDUCE cov: 266 ft: 1542 corp: 460/83Kb lim: 4096 exec/s: 30088 rss: 508Mb L: 55/4043 MS: 1 EraseBytes-
#1204262	REDUCE cov: 266 ft: 1542 corp: 460/83Kb lim: 4096 exec/s: 30106 rss: 508Mb L: 146/4043 MS: 2 EraseBytes-CrossOver-
#1204389	REDUCE cov: 266 ft: 1542 corp: 460/83Kb lim: 4096 exec/s: 30109 rss: 508Mb L: 303/4043 MS: 2 ChangeASCIIInt-EraseBytes-
#1207007	REDUCE cov: 266 ft: 1542 corp: 460/83Kb lim: 4096 exec/s: 30175 rss: 508Mb L: 351/4043 MS: 3 EraseBytes-ChangeBit-CMP- DE: "\027\000\000\000\000\000\000\000"-
#1210774	REDUCE cov: 266 ft: 1542 corp: 460/83Kb lim: 4096 exec/s: 29531 rss: 508Mb L: 128/4043 MS: 2 CMP-EraseBytes- DE: "1\000\000\000"-
#1210938	REDUCE cov: 266 ft: 1542 corp: 460/83Kb lim: 4096 exec/s: 29535 rss: 508Mb L: 303/4043 MS: 4 ShuffleBytes-PersAutoDict-CMP-EraseBytes- DE: "\200\216k\333\250x\000\000"-"\000\033"-
#1211046	REDUCE cov: 266 ft: 1542 corp: 460/83Kb lim: 4096 exec/s: 29537 rss: 508Mb L: 27/4043 MS: 3 ChangeASCIIInt-ChangeByte-EraseBytes-
#1213019	REDUCE cov: 266 ft: 1542 corp: 460/83Kb lim: 4096 exec/s: 29585 rss: 508Mb L: 570/4043 MS: 3 ChangeBinInt-ShuffleBytes-EraseBytes-
#1213670	REDUCE cov: 266 ft: 1542 corp: 460/83Kb lim: 4096 exec/s: 29601 rss: 508Mb L: 774/4043 MS: 1 EraseBytes-
#1214236	REDUCE cov: 266 ft: 1542 corp: 460/83Kb lim: 4096 exec/s: 29615 rss: 508Mb L: 280/4043 MS: 1 EraseBytes-
#1215237	REDUCE cov: 266 ft: 1542 corp: 460/83Kb lim: 4096 exec/s: 29639 rss: 508Mb L: 244/4043 MS: 1 EraseBytes-
#1216518	REDUCE cov: 266 ft: 1542 corp: 460/83Kb lim: 4096 exec/s: 29671 rss: 508Mb L: 82/4043 MS: 1 EraseBytes-
#1217365	REDUCE cov: 266 ft: 1542 corp: 460/83Kb lim: 4096 exec/s: 29691 rss: 508Mb L: 132/4043 MS: 2 ChangeASCIIInt-EraseBytes-
#1217416	REDUCE cov: 266 ft: 1542 corp: 460/83Kb lim: 4096 exec/s: 29693 rss: 508Mb L: 265/4043 MS: 1 EraseBytes-
#1218059	REDUCE cov: 266 ft: 1542 corp: 460/83Kb lim: 4096 exec/s: 29708 rss: 508Mb L: 36/4043 MS: 3 ShuffleBytes-ChangeASCIIInt-EraseBytes-
#1218412	REDUCE cov: 266 ft: 1542 corp: 460/83Kb lim: 4096 exec/s: 29717 rss: 508Mb L: 53/4043 MS: 3 ChangeASCIIInt-ChangeByte-EraseBytes-
#1219426	REDUCE cov: 266 ft: 1542 corp: 460/83Kb lim: 4096 exec/s: 29742 rss: 508Mb L: 758/4043 MS: 4 ChangeByte-CopyPart-ShuffleBytes-EraseBytes-
#1220397	REDUCE cov: 266 ft: 1542 corp: 460/83Kb lim: 4096 exec/s: 29765 rss: 508Mb L: 49/4043 MS: 1 EraseBytes-
#1220990	REDUCE cov: 266 ft: 1542 corp: 460/83Kb lim: 4096 exec/s: 29780 rss: 508Mb L: 112/4043 MS: 3 ChangeBinInt-ChangeBit-EraseBytes-
#1222451	REDUCE cov: 266 ft: 1542 corp: 460/83Kb lim: 4096 exec/s: 29815 rss: 508Mb L: 93/4043 MS: 1 EraseBytes-
#1222992	REDUCE cov: 266 ft: 1542 corp: 460/83Kb lim: 4096 exec/s: 29829 rss: 508Mb L: 49/4043 MS: 1 EraseBytes-
#1228258	REDUCE cov: 266 ft: 1542 corp: 460/83Kb lim: 4096 exec/s: 29957 rss: 508Mb L: 75/4043 MS: 1 EraseBytes-
#1231030	REDUCE cov: 266 ft: 1542 corp: 460/83Kb lim: 4096 exec/s: 30025 rss: 508Mb L: 33/4043 MS: 2 ChangeASCIIInt-EraseBytes-
#1232307	REDUCE cov: 266 ft: 1542 corp: 460/83Kb lim: 4096 exec/s: 30056 rss: 508Mb L: 75/4043 MS: 2 ChangeBit-EraseBytes-
#1232559	REDUCE cov: 266 ft: 1542 corp: 460/83Kb lim: 4096 exec/s: 30062 rss: 508Mb L: 536/4043 MS: 2 CMP-EraseBytes- DE: "\377\377\377\377\377\377\377\012"-
#1233040	REDUCE cov: 266 ft: 1542 corp: 460/83Kb lim: 4096 exec/s: 30074 rss: 508Mb L: 92/4043 MS: 1 EraseBytes-
#1236597	REDUCE cov: 266 ft: 1542 corp: 460/83Kb lim: 4096 exec/s: 29442 rss: 508Mb L: 48/4043 MS: 2 CopyPart-EraseBytes-
#1239038	REDUCE cov: 266 ft: 1542 corp: 460/83Kb lim: 4096 exec/s: 29500 rss: 508Mb L: 36/4043 MS: 1 EraseBytes-
#1240394	REDUCE cov: 266 ft: 1542 corp: 460/83Kb lim: 4096 exec/s: 29533 rss: 508Mb L: 74/4043 MS: 1 EraseBytes-
#1243065	REDUCE cov: 266 ft: 1542 corp: 460/83Kb lim: 4096 exec/s: 29596 rss: 508Mb L: 25/4043 MS: 1 EraseBytes-
#1245046	REDUCE cov: 266 ft: 1542 corp: 460/83Kb lim: 4096 exec/s: 29643 rss: 508Mb L: 18/4043 MS: 1 EraseBytes-
#1252747	REDUCE cov: 266 ft: 1542 corp: 460/83Kb lim: 4096 exec/s: 29827 rss: 508Mb L: 360/4043 MS: 1 EraseBytes-
#1253004	REDUCE cov: 266 ft: 1542 corp: 460/83Kb lim: 4096 exec/s: 29833 rss: 508Mb L: 50/4043 MS: 2 CrossOver-EraseBytes-
#1255196	REDUCE cov: 266 ft: 1542 corp: 460/83Kb lim: 4096 exec/s: 29885 rss: 508Mb L: 37/4043 MS: 2 ChangeBinInt-EraseBytes-
#1260417	REDUCE cov: 266 ft: 1542 corp: 460/83Kb lim: 4096 exec/s: 30009 rss: 508Mb L: 27/4043 MS: 1 EraseBytes-
#1261749	REDUCE cov: 266 ft: 1542 corp: 460/83Kb lim: 4096 exec/s: 30041 rss: 508Mb L: 40/4043 MS: 2 ShuffleBytes-EraseBytes-
#1262330	REDUCE cov: 266 ft: 1542 corp: 460/83Kb lim: 4096 exec/s: 30055 rss: 508Mb L: 109/4043 MS: 1 EraseBytes-
#1263173	REDUCE cov: 266 ft: 1542 corp: 460/83Kb lim: 4096 exec/s: 29376 rss: 508Mb L: 2183/4043 MS: 3 ChangeBit-ChangeBit-EraseBytes-
#1263709	REDUCE cov: 266 ft: 1542 corp: 460/83Kb lim: 4096 exec/s: 29388 rss: 508Mb L: 203/4043 MS: 1 EraseBytes-
#1265190	REDUCE cov: 266 ft: 1542 corp: 460/83Kb lim: 4096 exec/s: 29423 rss: 508Mb L: 32/4043 MS: 1 EraseBytes-
#1267337	REDUCE cov: 266 ft: 1542 corp: 460/83Kb lim: 4096 exec/s: 29472 rss: 508Mb L: 850/4043 MS: 2 ShuffleBytes-EraseBytes-
#1268005	REDUCE cov: 266 ft: 1542 corp: 460/83Kb lim: 4096 exec/s: 29488 rss: 508Mb L: 308/4043 MS: 3 CrossOver-PersAutoDict-EraseBytes- DE: "\001\000\000\020"-
#1273931	REDUCE cov: 266 ft: 1542 corp: 460/83Kb lim: 4096 exec/s: 29626 rss: 508Mb L: 206/4043 MS: 1 EraseBytes-
#1275508	REDUCE cov: 266 ft: 1542 corp: 460/83Kb lim: 4096 exec/s: 29662 rss: 508Mb L: 126/4043 MS: 2 ChangeBit-EraseBytes-
#1276380	REDUCE cov: 266 ft: 1542 corp: 460/83Kb lim: 4096 exec/s: 29683 rss: 508Mb L: 143/4043 MS: 2 EraseBytes-CopyPart-
#1277959	REDUCE cov: 266 ft: 1542 corp: 460/83Kb lim: 4096 exec/s: 29719 rss: 508Mb L: 164/4043 MS: 4 ShuffleBytes-CrossOver-CopyPart-EraseBytes-
#1278280	REDUCE cov: 266 ft: 1542 corp: 460/83Kb lim: 4096 exec/s: 29727 rss: 508Mb L: 59/4043 MS: 1 EraseBytes-
#1278874	REDUCE cov: 266 ft: 1542 corp: 460/83Kb lim: 4096 exec/s: 29741 rss: 508Mb L: 104/4043 MS: 4 ShuffleBytes-InsertByte-CopyPart-EraseBytes-
#1280145	REDUCE cov: 266 ft: 1542 corp: 460/83Kb lim: 4096 exec/s: 29770 rss: 508Mb L: 33/4043 MS: 1 EraseBytes-
#1281167	REDUCE cov: 266 ft: 1542 corp: 460/83Kb lim: 4096 exec/s: 29794 rss: 508Mb L: 64/4043 MS: 2 ChangeBit-EraseBytes-
#1282196	REDUCE cov: 266 ft: 1542 corp: 460/83Kb lim: 4096 exec/s: 29818 rss: 508Mb L: 74/4043 MS: 4 CrossOver-EraseBytes-PersAutoDict-CMP- DE: "\377\006"-"\001\000"-
#1285552	REDUCE cov: 266 ft: 1542 corp: 460/83Kb lim: 4096 exec/s: 29896 rss: 508Mb L: 23/4043 MS: 1 EraseBytes-
#1286217	REDUCE cov: 266 ft: 1542 corp: 460/83Kb lim: 4096 exec/s: 29912 rss: 508Mb L: 527/4043 MS: 5 EraseBytes-ChangeBit-ChangeBit-ChangeBit-CMP- DE: "\377\377\377\377\377\377\3772"-
#1286773	REDUCE cov: 266 ft: 1542 corp: 460/82Kb lim: 4096 exec/s: 29924 rss: 508Mb L: 471/4043 MS: 1 EraseBytes-
#1286834	REDUCE cov: 266 ft: 1542 corp: 460/82Kb lim: 4096 exec/s: 29926 rss: 508Mb L: 508/4043 MS: 1 EraseBytes-
#1286903	REDUCE cov: 266 ft: 1552 corp: 461/84Kb lim: 4096 exec/s: 29927 rss: 508Mb L: 1479/4043 MS: 4 ChangeBinInt-ShuffleBytes-InsertByte-CopyPart-
#1286925	REDUCE cov: 266 ft: 1552 corp: 461/84Kb lim: 4096 exec/s: 29928 rss: 508Mb L: 57/4043 MS: 2 ShuffleBytes-EraseBytes-
#1288671	REDUCE cov: 266 ft: 1552 corp: 461/84Kb lim: 4096 exec/s: 29287 rss: 508Mb L: 24/4043 MS: 1 EraseBytes-
#1289025	REDUCE cov: 266 ft: 1552 corp: 461/84Kb lim: 4096 exec/s: 29296 rss: 508Mb L: 60/4043 MS: 4 ChangeASCIIInt-ChangeByte-InsertByte-EraseBytes-
#1289682	REDUCE cov: 266 ft: 1552 corp: 461/84Kb lim: 4096 exec/s: 29310 rss: 508Mb L: 26/4043 MS: 2 ChangeByte-EraseBytes-
#1289934	REDUCE cov: 266 ft: 1552 corp: 461/84Kb lim: 4096 exec/s: 29316 rss: 508Mb L: 37/4043 MS: 2 ChangeByte-EraseBytes-
#1290625	REDUCE cov: 266 ft: 1552 corp: 461/84Kb lim: 4096 exec/s: 29332 rss: 508Mb L: 190/4043 MS: 1 EraseBytes-
#1291436	REDUCE cov: 266 ft: 1552 corp: 461/84Kb lim: 4096 exec/s: 29350 rss: 508Mb L: 455/4043 MS: 1 EraseBytes-
#1292258	REDUCE cov: 266 ft: 1552 corp: 461/84Kb lim: 4096 exec/s: 29369 rss: 508Mb L: 166/4043 MS: 2 PersAutoDict-EraseBytes- DE: "\012\000"-
#1294405	REDUCE cov: 266 ft: 1552 corp: 461/84Kb lim: 4096 exec/s: 29418 rss: 508Mb L: 319/4043 MS: 2 ChangeBit-EraseBytes-
#1302488	REDUCE cov: 266 ft: 1552 corp: 461/84Kb lim: 4096 exec/s: 29602 rss: 508Mb L: 67/4043 MS: 3 ShuffleBytes-EraseBytes-InsertByte-
#1302539	REDUCE cov: 266 ft: 1552 corp: 461/84Kb lim: 4096 exec/s: 29603 rss: 508Mb L: 66/4043 MS: 1 EraseBytes-
#1302600	REDUCE cov: 266 ft: 1552 corp: 461/84Kb lim: 4096 exec/s: 29604 rss: 508Mb L: 24/4043 MS: 1 EraseBytes-
#1303554	REDUCE cov: 266 ft: 1552 corp: 461/84Kb lim: 4096 exec/s: 29626 rss: 508Mb L: 176/4043 MS: 4 ChangeBit-EraseBytes-ChangeByte-PersAutoDict- DE: "\000\000\000\020"-
#1304250	REDUCE cov: 266 ft: 1552 corp: 461/84Kb lim: 4096 exec/s: 29642 rss: 508Mb L: 141/4043 MS: 1 EraseBytes-
#1305895	REDUCE cov: 266 ft: 1552 corp: 461/84Kb lim: 4096 exec/s: 29679 rss: 508Mb L: 326/4043 MS: 5 ChangeASCIIInt-CrossOver-ChangeBinInt-ChangeByte-EraseBytes-
#1309831	REDUCE cov: 266 ft: 1552 corp: 461/84Kb lim: 4096 exec/s: 29768 rss: 508Mb L: 678/4043 MS: 1 EraseBytes-
#1313822	REDUCE cov: 266 ft: 1552 corp: 461/84Kb lim: 4096 exec/s: 29196 rss: 508Mb L: 142/4043 MS: 1 EraseBytes-
#1314349	REDUCE cov: 266 ft: 1552 corp: 461/84Kb lim: 4096 exec/s: 29207 rss: 508Mb L: 516/4043 MS: 2 ChangeASCIIInt-EraseBytes-
#1318703	REDUCE cov: 266 ft: 1552 corp: 461/84Kb lim: 4096 exec/s: 29304 rss: 508Mb L: 463/4043 MS: 4 EraseBytes-ChangeBit-CrossOver-CopyPart-
#1320484	REDUCE cov: 266 ft: 1552 corp: 461/84Kb lim: 4096 exec/s: 29344 rss: 508Mb L: 90/4043 MS: 1 EraseBytes-
#1322150	REDUCE cov: 266 ft: 1552 corp: 461/84Kb lim: 4096 exec/s: 29381 rss: 508Mb L: 88/4043 MS: 1 EraseBytes-
#1322891	REDUCE cov: 266 ft: 1552 corp: 461/84Kb lim: 4096 exec/s: 29397 rss: 508Mb L: 239/4043 MS: 1 EraseBytes-
#1324167	REDUCE cov: 266 ft: 1552 corp: 461/84Kb lim: 4096 exec/s: 29425 rss: 508Mb L: 101/4043 MS: 1 EraseBytes-
#1324476	REDUCE cov: 266 ft: 1552 corp: 461/84Kb lim: 4096 exec/s: 29432 rss: 508Mb L: 220/4043 MS: 4 ChangeBinInt-ShuffleBytes-CMP-EraseBytes- DE: "(\000\000\000"-
#1325172	REDUCE cov: 266 ft: 1552 corp: 461/84Kb lim: 4096 exec/s: 29448 rss: 508Mb L: 92/4043 MS: 1 EraseBytes-
#1325653	REDUCE cov: 266 ft: 1552 corp: 461/84Kb lim: 4096 exec/s: 29458 rss: 508Mb L: 629/4043 MS: 1 EraseBytes-
#1328521	REDUCE cov: 266 ft: 1552 corp: 461/84Kb lim: 4096 exec/s: 29522 rss: 508Mb L: 55/4043 MS: 3 ChangeBinInt-CMP-EraseBytes- DE: "\001\000\000\000\000\000\000\017"-
#1330187	REDUCE cov: 266 ft: 1552 corp: 461/84Kb lim: 4096 exec/s: 29559 rss: 508Mb L: 54/4043 MS: 1 EraseBytes-
#1331313	REDUCE cov: 266 ft: 1554 corp: 462/84Kb lim: 4096 exec/s: 29584 rss: 508Mb L: 520/4043 MS: 1 CopyPart-
#1333574	REDUCE cov: 266 ft: 1554 corp: 462/84Kb lim: 4096 exec/s: 29634 rss: 508Mb L: 31/4043 MS: 1 EraseBytes-
#1334636	REDUCE cov: 266 ft: 1554 corp: 462/84Kb lim: 4096 exec/s: 29658 rss: 508Mb L: 36/4043 MS: 2 ChangeBinInt-EraseBytes-
#1336327	REDUCE cov: 266 ft: 1554 corp: 462/84Kb lim: 4096 exec/s: 29696 rss: 508Mb L: 102/4043 MS: 1 EraseBytes-
#1337028	REDUCE cov: 266 ft: 1554 corp: 462/84Kb lim: 4096 exec/s: 29711 rss: 508Mb L: 74/4043 MS: 1 EraseBytes-
#1339089	REDUCE cov: 266 ft: 1554 corp: 462/84Kb lim: 4096 exec/s: 29110 rss: 508Mb L: 83/4043 MS: 1 EraseBytes-
#1343555	REDUCE cov: 266 ft: 1554 corp: 462/84Kb lim: 4096 exec/s: 29207 rss: 508Mb L: 53/4043 MS: 1 EraseBytes-
#1343589	REDUCE cov: 266 ft: 1554 corp: 462/84Kb lim: 4096 exec/s: 29208 rss: 508Mb L: 22/4043 MS: 4 ChangeASCIIInt-ChangeASCIIInt-ShuffleBytes-EraseBytes-
#1344235	REDUCE cov: 266 ft: 1554 corp: 462/84Kb lim: 4096 exec/s: 29222 rss: 508Mb L: 58/4043 MS: 1 EraseBytes-
#1346517	REDUCE cov: 266 ft: 1554 corp: 462/84Kb lim: 4096 exec/s: 29272 rss: 508Mb L: 148/4043 MS: 2 PersAutoDict-EraseBytes- DE: "\377\001"-
#1346633	REDUCE cov: 266 ft: 1554 corp: 462/84Kb lim: 4096 exec/s: 29274 rss: 508Mb L: 463/4043 MS: 1 EraseBytes-
#1348780	REDUCE cov: 266 ft: 1554 corp: 462/84Kb lim: 4096 exec/s: 29321 rss: 508Mb L: 54/4043 MS: 2 ChangeASCIIInt-EraseBytes-
#1350616	REDUCE cov: 266 ft: 1554 corp: 462/84Kb lim: 4096 exec/s: 29361 rss: 508Mb L: 135/4043 MS: 1 EraseBytes-
#1351342	REDUCE cov: 266 ft: 1554 corp: 462/84Kb lim: 4096 exec/s: 29377 rss: 508Mb L: 439/4043 MS: 1 EraseBytes-
#1352355	REDUCE cov: 266 ft: 1554 corp: 462/84Kb lim: 4096 exec/s: 29399 rss: 508Mb L: 348/4043 MS: 3 PersAutoDict-EraseBytes-CopyPart- DE: "\377\031"-
#1352401	NEW    cov: 266 ft: 1564 corp: 463/87Kb lim: 4096 exec/s: 29400 rss: 508Mb L: 2920/4043 MS: 1 CopyPart-
#1353122	REDUCE cov: 266 ft: 1564 corp: 463/87Kb lim: 4096 exec/s: 29415 rss: 508Mb L: 3952/3952 MS: 1 EraseBytes-
#1355603	REDUCE cov: 266 ft: 1564 corp: 463/87Kb lim: 4096 exec/s: 29469 rss: 508Mb L: 94/3952 MS: 1 EraseBytes-
#1356804	REDUCE cov: 266 ft: 1564 corp: 463/87Kb lim: 4096 exec/s: 29495 rss: 508Mb L: 171/3952 MS: 1 EraseBytes-
#1357028	REDUCE cov: 266 ft: 1564 corp: 463/87Kb lim: 4096 exec/s: 29500 rss: 508Mb L: 122/3952 MS: 4 ChangeByte-InsertRepeatedBytes-EraseBytes-PersAutoDict- DE: "\376\377\377\377"-
#1358140	REDUCE cov: 266 ft: 1564 corp: 463/87Kb lim: 4096 exec/s: 29524 rss: 508Mb L: 58/3952 MS: 2 ChangeBinInt-EraseBytes-
#1358586	REDUCE cov: 266 ft: 1564 corp: 463/87Kb lim: 4096 exec/s: 29534 rss: 508Mb L: 75/3952 MS: 1 EraseBytes-
#1359633	REDUCE cov: 266 ft: 1564 corp: 463/87Kb lim: 4096 exec/s: 29557 rss: 508Mb L: 420/3952 MS: 2 CopyPart-EraseBytes-
#1360284	REDUCE cov: 266 ft: 1564 corp: 463/87Kb lim: 4096 exec/s: 29571 rss: 508Mb L: 56/3952 MS: 1 EraseBytes-
#1360662	REDUCE cov: 266 ft: 1564 corp: 463/87Kb lim: 4096 exec/s: 28950 rss: 508Mb L: 150/3952 MS: 3 ChangeByte-PersAutoDict-EraseBytes- DE: "\007\000\000\000"-
#1364293	REDUCE cov: 266 ft: 1564 corp: 463/87Kb lim: 4096 exec/s: 29027 rss: 508Mb L: 55/3952 MS: 1 EraseBytes-
#1364925	REDUCE cov: 266 ft: 1564 corp: 463/87Kb lim: 4096 exec/s: 29040 rss: 508Mb L: 26/3952 MS: 2 CopyPart-EraseBytes-
#1369901	REDUCE cov: 266 ft: 1570 corp: 464/87Kb lim: 4096 exec/s: 29146 rss: 508Mb L: 853/3952 MS: 1 CopyPart-
#1372891	REDUCE cov: 266 ft: 1570 corp: 464/87Kb lim: 4096 exec/s: 29210 rss: 508Mb L: 33/3952 MS: 5 ShuffleBytes-ShuffleBytes-ChangeBit-CrossOver-EraseBytes-
#1374186	REDUCE cov: 266 ft: 1570 corp: 464/87Kb lim: 4096 exec/s: 29238 rss: 508Mb L: 317/3952 MS: 5 ChangeByte-CrossOver-ChangeASCIIInt-ChangeASCIIInt-EraseBytes-
#1375903	REDUCE cov: 266 ft: 1570 corp: 464/87Kb lim: 4096 exec/s: 29274 rss: 508Mb L: 21/3952 MS: 2 CrossOver-EraseBytes-
#1376510	REDUCE cov: 266 ft: 1570 corp: 464/87Kb lim: 4096 exec/s: 29287 rss: 508Mb L: 164/3952 MS: 2 ChangeBinInt-EraseBytes-
#1377726	REDUCE cov: 266 ft: 1570 corp: 464/87Kb lim: 4096 exec/s: 29313 rss: 508Mb L: 58/3952 MS: 1 EraseBytes-
#1379393	REDUCE cov: 266 ft: 1570 corp: 464/87Kb lim: 4096 exec/s: 29348 rss: 508Mb L: 795/3952 MS: 2 PersAutoDict-EraseBytes- DE: "\000\000\000\000\000\000\000\002"-
#1382239	REDUCE cov: 266 ft: 1570 corp: 464/87Kb lim: 4096 exec/s: 28796 rss: 508Mb L: 19/3952 MS: 1 EraseBytes-
#1382385	REDUCE cov: 266 ft: 1570 corp: 464/87Kb lim: 4096 exec/s: 28799 rss: 508Mb L: 36/3952 MS: 1 EraseBytes-
#1383784	REDUCE cov: 266 ft: 1573 corp: 465/90Kb lim: 4096 exec/s: 28828 rss: 508Mb L: 2556/3952 MS: 4 EraseBytes-ChangeBinInt-InsertRepeatedBytes-CrossOver-
#1383987	REDUCE cov: 266 ft: 1573 corp: 465/90Kb lim: 4096 exec/s: 28833 rss: 508Mb L: 609/3952 MS: 3 ChangeBit-ChangeBit-EraseBytes-
#1384156	REDUCE cov: 266 ft: 1573 corp: 465/89Kb lim: 4096 exec/s: 28836 rss: 508Mb L: 2147/3952 MS: 4 ChangeBit-PersAutoDict-InsertByte-EraseBytes- DE: "\012\000"-
#1389513	REDUCE cov: 266 ft: 1573 corp: 465/89Kb lim: 4096 exec/s: 28948 rss: 508Mb L: 470/3952 MS: 2 ChangeBit-EraseBytes-
#1389666	REDUCE cov: 266 ft: 1573 corp: 465/89Kb lim: 4096 exec/s: 28951 rss: 508Mb L: 2105/3952 MS: 3 ChangeByte-ChangeBit-EraseBytes-
#1390013	REDUCE cov: 266 ft: 1573 corp: 465/89Kb lim: 4096 exec/s: 28958 rss: 508Mb L: 28/3952 MS: 2 InsertByte-EraseBytes-
#1391004	REDUCE cov: 266 ft: 1573 corp: 465/89Kb lim: 4096 exec/s: 28979 rss: 508Mb L: 165/3952 MS: 1 EraseBytes-
#1391485	REDUCE cov: 266 ft: 1573 corp: 465/89Kb lim: 4096 exec/s: 28989 rss: 508Mb L: 138/3952 MS: 1 EraseBytes-
#1393766	REDUCE cov: 266 ft: 1573 corp: 465/89Kb lim: 4096 exec/s: 29036 rss: 508Mb L: 254/3952 MS: 1 EraseBytes-
#1394427	REDUCE cov: 266 ft: 1573 corp: 465/89Kb lim: 4096 exec/s: 29050 rss: 508Mb L: 627/3952 MS: 1 EraseBytes-
#1395893	REDUCE cov: 266 ft: 1573 corp: 465/89Kb lim: 4096 exec/s: 29081 rss: 508Mb L: 33/3952 MS: 1 EraseBytes-
#1396039	REDUCE cov: 266 ft: 1573 corp: 465/89Kb lim: 4096 exec/s: 29084 rss: 508Mb L: 1653/3952 MS: 1 EraseBytes-
#1400346	REDUCE cov: 266 ft: 1573 corp: 465/89Kb lim: 4096 exec/s: 29173 rss: 508Mb L: 44/3952 MS: 2 ChangeByte-EraseBytes-
#1402687	REDUCE cov: 266 ft: 1573 corp: 465/89Kb lim: 4096 exec/s: 29222 rss: 508Mb L: 146/3952 MS: 1 EraseBytes-
#1403203	REDUCE cov: 266 ft: 1573 corp: 465/89Kb lim: 4096 exec/s: 28636 rss: 508Mb L: 541/3952 MS: 1 EraseBytes-
#1404165	REDUCE cov: 266 ft: 1573 corp: 465/89Kb lim: 4096 exec/s: 28656 rss: 508Mb L: 261/3952 MS: 2 ChangeASCIIInt-EraseBytes-
#1405008	REDUCE cov: 266 ft: 1573 corp: 465/89Kb lim: 4096 exec/s: 28673 rss: 508Mb L: 376/3952 MS: 3 ChangeBinInt-CMP-EraseBytes- DE: "\001\000\000\000\000\000\000D"-
#1406770	REDUCE cov: 266 ft: 1573 corp: 465/89Kb lim: 4096 exec/s: 28709 rss: 508Mb L: 146/3952 MS: 2 PersAutoDict-EraseBytes- DE: "\025\000\000\000\000\000\000\000"-
#1409816	REDUCE cov: 266 ft: 1573 corp: 465/89Kb lim: 4096 exec/s: 28771 rss: 508Mb L: 598/3952 MS: 1 EraseBytes-
#1413417	REDUCE cov: 266 ft: 1573 corp: 465/89Kb lim: 4096 exec/s: 28845 rss: 508Mb L: 498/3952 MS: 1 EraseBytes-
#1415430	REDUCE cov: 266 ft: 1573 corp: 465/89Kb lim: 4096 exec/s: 28886 rss: 508Mb L: 119/3952 MS: 3 CopyPart-CopyPart-EraseBytes-
#1420122	REDUCE cov: 266 ft: 1573 corp: 465/89Kb lim: 4096 exec/s: 28982 rss: 508Mb L: 350/3952 MS: 2 EraseBytes-PersAutoDict- DE: "\005\000\000\000"-
#1420193	REDUCE cov: 266 ft: 1573 corp: 465/89Kb lim: 4096 exec/s: 28983 rss: 508Mb L: 58/3952 MS: 1 EraseBytes-
#1420204	REDUCE cov: 266 ft: 1573 corp: 465/89Kb lim: 4096 exec/s: 28983 rss: 508Mb L: 52/3952 MS: 1 EraseBytes-
#1423761	REDUCE cov: 266 ft: 1573 corp: 465/89Kb lim: 4096 exec/s: 29056 rss: 508Mb L: 1471/3952 MS: 2 CrossOver-EraseBytes-
#1425875	REDUCE cov: 266 ft: 1573 corp: 465/89Kb lim: 4096 exec/s: 28517 rss: 508Mb L: 56/3952 MS: 4 CrossOver-CrossOver-ChangeBinInt-EraseBytes-
#1425978	REDUCE cov: 266 ft: 1573 corp: 465/89Kb lim: 4096 exec/s: 28519 rss: 508Mb L: 153/3952 MS: 3 ChangeByte-ChangeByte-EraseBytes-
#1426036	REDUCE cov: 266 ft: 1573 corp: 465/88Kb lim: 4096 exec/s: 28520 rss: 508Mb L: 1285/3952 MS: 3 ChangeBit-ChangeByte-EraseBytes-
#1426197	REDUCE cov: 266 ft: 1573 corp: 465/88Kb lim: 4096 exec/s: 28523 rss: 508Mb L: 596/3952 MS: 1 EraseBytes-
#1427538	REDUCE cov: 266 ft: 1573 corp: 465/88Kb lim: 4096 exec/s: 28550 rss: 508Mb L: 238/3952 MS: 1 EraseBytes-
#1428330	REDUCE cov: 266 ft: 1573 corp: 465/88Kb lim: 4096 exec/s: 28566 rss: 508Mb L: 311/3952 MS: 2 InsertByte-EraseBytes-
#1429108	REDUCE cov: 266 ft: 1573 corp: 465/88Kb lim: 4096 exec/s: 28582 rss: 508Mb L: 1755/3952 MS: 3 ShuffleBytes-EraseBytes-InsertByte-
#1430759	REDUCE cov: 266 ft: 1573 corp: 465/88Kb lim: 4096 exec/s: 28615 rss: 508Mb L: 288/3952 MS: 1 EraseBytes-
#1430973	REDUCE cov: 266 ft: 1573 corp: 465/88Kb lim: 4096 exec/s: 28619 rss: 508Mb L: 44/3952 MS: 4 ShuffleBytes-ChangeBit-ChangeBinInt-EraseBytes-
#1436075	REDUCE cov: 266 ft: 1573 corp: 465/88Kb lim: 4096 exec/s: 28721 rss: 508Mb L: 2382/3952 MS: 2 ShuffleBytes-EraseBytes-
#1437681	REDUCE cov: 266 ft: 1573 corp: 465/88Kb lim: 4096 exec/s: 28753 rss: 508Mb L: 210/3952 MS: 1 EraseBytes-
#1442908	REDUCE cov: 267 ft: 1574 corp: 466/88Kb lim: 4096 exec/s: 28858 rss: 508Mb L: 37/3952 MS: 2 InsertByte-ChangeBinInt-
#1443347	REDUCE cov: 267 ft: 1574 corp: 466/88Kb lim: 4096 exec/s: 28866 rss: 508Mb L: 336/3952 MS: 4 ChangeBit-ChangeByte-EraseBytes-PersAutoDict- DE: "\000\000x\250\333b\210\000"-
#1445485	REDUCE cov: 267 ft: 1574 corp: 466/88Kb lim: 4096 exec/s: 28909 rss: 508Mb L: 13/3952 MS: 3 InsertByte-EraseBytes-EraseBytes-
#1446597	REDUCE cov: 267 ft: 1574 corp: 466/88Kb lim: 4096 exec/s: 28931 rss: 508Mb L: 215/3952 MS: 2 PersAutoDict-EraseBytes- DE: "\000\033"-
#1446964	REDUCE cov: 267 ft: 1574 corp: 466/88Kb lim: 4096 exec/s: 28371 rss: 508Mb L: 3092/3952 MS: 2 PersAutoDict-EraseBytes- DE: "\003\000"-
#1447390	REDUCE cov: 267 ft: 1574 corp: 466/88Kb lim: 4096 exec/s: 28380 rss: 508Mb L: 26/3952 MS: 1 EraseBytes-
#1447996	REDUCE cov: 267 ft: 1574 corp: 466/88Kb lim: 4096 exec/s: 28392 rss: 508Mb L: 37/3952 MS: 1 EraseBytes-
#1448167	REDUCE cov: 267 ft: 1574 corp: 466/88Kb lim: 4096 exec/s: 28395 rss: 508Mb L: 36/3952 MS: 1 EraseBytes-
#1449079	REDUCE cov: 267 ft: 1574 corp: 466/88Kb lim: 4096 exec/s: 28413 rss: 508Mb L: 51/3952 MS: 2 EraseBytes-InsertByte-
#1451170	REDUCE cov: 267 ft: 1574 corp: 466/88Kb lim: 4096 exec/s: 28454 rss: 508Mb L: 33/3952 MS: 1 EraseBytes-
#1451911	REDUCE cov: 267 ft: 1574 corp: 466/88Kb lim: 4096 exec/s: 28468 rss: 508Mb L: 433/3952 MS: 1 EraseBytes-
#1454952	REDUCE cov: 267 ft: 1574 corp: 466/88Kb lim: 4096 exec/s: 28528 rss: 508Mb L: 2915/3952 MS: 1 EraseBytes-
#1458879	REDUCE cov: 267 ft: 1574 corp: 466/88Kb lim: 4096 exec/s: 28605 rss: 508Mb L: 160/3952 MS: 2 ShuffleBytes-EraseBytes-
#1459536	REDUCE cov: 267 ft: 1574 corp: 466/88Kb lim: 4096 exec/s: 28618 rss: 508Mb L: 159/3952 MS: 2 ChangeBinInt-EraseBytes-
#1459807	REDUCE cov: 267 ft: 1574 corp: 466/88Kb lim: 4096 exec/s: 28623 rss: 508Mb L: 1458/3952 MS: 1 EraseBytes-
#1460623	REDUCE cov: 267 ft: 1574 corp: 466/88Kb lim: 4096 exec/s: 28639 rss: 508Mb L: 82/3952 MS: 1 EraseBytes-
#1460874	REDUCE cov: 267 ft: 1574 corp: 466/88Kb lim: 4096 exec/s: 28644 rss: 508Mb L: 509/3952 MS: 1 EraseBytes-
#1462040	REDUCE cov: 267 ft: 1574 corp: 466/88Kb lim: 4096 exec/s: 28667 rss: 508Mb L: 32/3952 MS: 1 EraseBytes-
#1462689	REDUCE cov: 267 ft: 1574 corp: 466/88Kb lim: 4096 exec/s: 28680 rss: 508Mb L: 106/3952 MS: 4 ChangeASCIIInt-ChangeASCIIInt-EraseBytes-InsertRepeatedBytes-
#1463590	REDUCE cov: 267 ft: 1574 corp: 466/88Kb lim: 4096 exec/s: 28697 rss: 508Mb L: 157/3952 MS: 1 EraseBytes-
#1463867	REDUCE cov: 267 ft: 1574 corp: 466/88Kb lim: 4096 exec/s: 28703 rss: 508Mb L: 152/3952 MS: 2 ChangeBinInt-EraseBytes-
#1470393	REDUCE cov: 267 ft: 1574 corp: 466/88Kb lim: 4096 exec/s: 28276 rss: 508Mb L: 200/3952 MS: 1 EraseBytes-
#1471144	REDUCE cov: 267 ft: 1574 corp: 466/88Kb lim: 4096 exec/s: 28291 rss: 508Mb L: 1535/3952 MS: 1 EraseBytes-
#1471155	REDUCE cov: 267 ft: 1574 corp: 466/88Kb lim: 4096 exec/s: 28291 rss: 508Mb L: 20/3952 MS: 1 EraseBytes-
#1471621	REDUCE cov: 267 ft: 1574 corp: 466/88Kb lim: 4096 exec/s: 28300 rss: 508Mb L: 347/3952 MS: 1 EraseBytes-
#1472322	REDUCE cov: 267 ft: 1574 corp: 466/88Kb lim: 4096 exec/s: 28313 rss: 508Mb L: 28/3952 MS: 1 EraseBytes-
#1473238	REDUCE cov: 267 ft: 1574 corp: 466/88Kb lim: 4096 exec/s: 28331 rss: 508Mb L: 335/3952 MS: 1 EraseBytes-
#1478757	REDUCE cov: 267 ft: 1574 corp: 466/88Kb lim: 4096 exec/s: 28437 rss: 508Mb L: 343/3952 MS: 4 PersAutoDict-ChangeByte-PersAutoDict-EraseBytes- DE: "\000\000\000\000"-"\001\000\000\000\000\000\000\025"-
#1478809	REDUCE cov: 267 ft: 1574 corp: 466/88Kb lim: 4096 exec/s: 28438 rss: 508Mb L: 199/3952 MS: 2 PersAutoDict-EraseBytes- DE: "\377\000"-
#1479847	REDUCE cov: 267 ft: 1574 corp: 466/88Kb lim: 4096 exec/s: 28458 rss: 508Mb L: 72/3952 MS: 3 CMP-ShuffleBytes-EraseBytes- DE: "\377\007"-
#1482533	REDUCE cov: 267 ft: 1574 corp: 466/88Kb lim: 4096 exec/s: 28510 rss: 508Mb L: 67/3952 MS: 1 EraseBytes-
#1485950	REDUCE cov: 267 ft: 1574 corp: 466/87Kb lim: 4096 exec/s: 28575 rss: 508Mb L: 406/3952 MS: 2 ChangeASCIIInt-EraseBytes-
#1487211	REDUCE cov: 267 ft: 1574 corp: 466/87Kb lim: 4096 exec/s: 28600 rss: 508Mb L: 80/3952 MS: 1 EraseBytes-
#1489822	REDUCE cov: 267 ft: 1574 corp: 466/87Kb lim: 4096 exec/s: 28650 rss: 508Mb L: 62/3952 MS: 1 EraseBytes-
#1490846	REDUCE cov: 267 ft: 1574 corp: 466/87Kb lim: 4096 exec/s: 28670 rss: 508Mb L: 87/3952 MS: 4 CrossOver-ChangeASCIIInt-PersAutoDict-EraseBytes- DE: "\000\000\000\000\000\000\000\011"-
#1495812	REDUCE cov: 267 ft: 1574 corp: 466/87Kb lim: 4096 exec/s: 28222 rss: 508Mb L: 56/3952 MS: 1 EraseBytes-
#1498797	REDUCE cov: 267 ft: 1574 corp: 466/87Kb lim: 4096 exec/s: 28279 rss: 508Mb L: 130/3952 MS: 4 EraseBytes-ChangeBit-ShuffleBytes-CopyPart-
#1500957	REDUCE cov: 267 ft: 1574 corp: 466/87Kb lim: 4096 exec/s: 28319 rss: 508Mb L: 34/3952 MS: 5 CrossOver-ChangeBinInt-CrossOver-CMP-EraseBytes- DE: "\000\000\000\000\000\000\000\035"-
#1503289	REDUCE cov: 267 ft: 1574 corp: 466/87Kb lim: 4096 exec/s: 28363 rss: 508Mb L: 583/3952 MS: 2 ShuffleBytes-EraseBytes-
#1504745	REDUCE cov: 267 ft: 1574 corp: 466/87Kb lim: 4096 exec/s: 28391 rss: 508Mb L: 157/3952 MS: 1 EraseBytes-
#1504768	REDUCE cov: 267 ft: 1574 corp: 466/87Kb lim: 4096 exec/s: 28391 rss: 508Mb L: 24/3952 MS: 3 ChangeBinInt-ChangeASCIIInt-EraseBytes-
#1505014	REDUCE cov: 267 ft: 1574 corp: 466/87Kb lim: 4096 exec/s: 28396 rss: 508Mb L: 19/3952 MS: 1 EraseBytes-
#1507005	REDUCE cov: 267 ft: 1574 corp: 466/87Kb lim: 4096 exec/s: 28434 rss: 508Mb L: 469/3952 MS: 1 EraseBytes-
#1509093	REDUCE cov: 267 ft: 1574 corp: 466/87Kb lim: 4096 exec/s: 28473 rss: 508Mb L: 90/3952 MS: 3 InsertByte-ChangeBit-EraseBytes-
#1511735	REDUCE cov: 267 ft: 1574 corp: 466/87Kb lim: 4096 exec/s: 28523 rss: 508Mb L: 60/3952 MS: 2 ChangeASCIIInt-EraseBytes-
#1511957	REDUCE cov: 267 ft: 1574 corp: 466/87Kb lim: 4096 exec/s: 28527 rss: 508Mb L: 131/3952 MS: 2 ChangeASCIIInt-EraseBytes-
#1512678	REDUCE cov: 267 ft: 1574 corp: 466/87Kb lim: 4096 exec/s: 28541 rss: 508Mb L: 167/3952 MS: 1 EraseBytes-
#1512794	REDUCE cov: 267 ft: 1574 corp: 466/87Kb lim: 4096 exec/s: 28543 rss: 508Mb L: 21/3952 MS: 1 EraseBytes-
#1516645	REDUCE cov: 267 ft: 1574 corp: 466/87Kb lim: 4096 exec/s: 28086 rss: 508Mb L: 39/3952 MS: 1 EraseBytes-
#1517535	REDUCE cov: 267 ft: 1575 corp: 467/87Kb lim: 4096 exec/s: 28102 rss: 508Mb L: 176/3952 MS: 5 CopyPart-InsertRepeatedBytes-ChangeASCIIInt-ChangeASCIIInt-ChangeASCIIInt-
#1518152	REDUCE cov: 267 ft: 1575 corp: 467/87Kb lim: 4096 exec/s: 28113 rss: 508Mb L: 162/3952 MS: 2 CopyPart-EraseBytes-
#1519668	REDUCE cov: 267 ft: 1575 corp: 467/87Kb lim: 4096 exec/s: 28142 rss: 508Mb L: 1403/3952 MS: 1 EraseBytes-
#1521159	REDUCE cov: 267 ft: 1575 corp: 467/87Kb lim: 4096 exec/s: 28169 rss: 508Mb L: 340/3952 MS: 1 EraseBytes-
#1523058	REDUCE cov: 267 ft: 1575 corp: 467/87Kb lim: 4096 exec/s: 28204 rss: 508Mb L: 159/3952 MS: 4 ChangeBit-ChangeByte-ShuffleBytes-EraseBytes-
#1523774	REDUCE cov: 267 ft: 1575 corp: 467/87Kb lim: 4096 exec/s: 28218 rss: 508Mb L: 331/3952 MS: 1 EraseBytes-
#1524556	REDUCE cov: 267 ft: 1575 corp: 467/87Kb lim: 4096 exec/s: 28232 rss: 508Mb L: 180/3952 MS: 2 ChangeBit-EraseBytes-
#1529099	REDUCE cov: 267 ft: 1575 corp: 467/87Kb lim: 4096 exec/s: 28316 rss: 508Mb L: 73/3952 MS: 3 ShuffleBytes-ChangeBinInt-EraseBytes-
#1530745	REDUCE cov: 267 ft: 1575 corp: 467/87Kb lim: 4096 exec/s: 28347 rss: 508Mb L: 35/3952 MS: 1 EraseBytes-
#1530852	REDUCE cov: 267 ft: 1575 corp: 467/87Kb lim: 4096 exec/s: 28349 rss: 508Mb L: 1401/3952 MS: 2 ChangeASCIIInt-EraseBytes-
#1533799	REDUCE cov: 267 ft: 1575 corp: 467/87Kb lim: 4096 exec/s: 28403 rss: 508Mb L: 43/3952 MS: 2 PersAutoDict-EraseBytes- DE: "\000\000\000\020"-
#1536335	REDUCE cov: 267 ft: 1575 corp: 467/87Kb lim: 4096 exec/s: 27933 rss: 508Mb L: 3185/3952 MS: 1 EraseBytes-
#1537196	REDUCE cov: 267 ft: 1575 corp: 467/87Kb lim: 4096 exec/s: 27949 rss: 508Mb L: 53/3952 MS: 1 EraseBytes-
#1541372	REDUCE cov: 267 ft: 1575 corp: 467/87Kb lim: 4096 exec/s: 28024 rss: 508Mb L: 324/3952 MS: 1 EraseBytes-
#1542838	REDUCE cov: 267 ft: 1575 corp: 467/87Kb lim: 4096 exec/s: 28051 rss: 508Mb L: 421/3952 MS: 1 EraseBytes-
#1543145	REDUCE cov: 267 ft: 1575 corp: 467/87Kb lim: 4096 exec/s: 28057 rss: 508Mb L: 22/3952 MS: 2 ShuffleBytes-EraseBytes-
#1546396	REDUCE cov: 267 ft: 1575 corp: 467/87Kb lim: 4096 exec/s: 28116 rss: 508Mb L: 232/3952 MS: 1 EraseBytes-
#1548167	REDUCE cov: 267 ft: 1575 corp: 467/87Kb lim: 4096 exec/s: 28148 rss: 508Mb L: 27/3952 MS: 1 EraseBytes-
#1549269	REDUCE cov: 267 ft: 1575 corp: 467/87Kb lim: 4096 exec/s: 28168 rss: 508Mb L: 155/3952 MS: 2 ChangeBinInt-EraseBytes-
#1551352	REDUCE cov: 267 ft: 1575 corp: 467/87Kb lim: 4096 exec/s: 28206 rss: 508Mb L: 153/3952 MS: 3 ChangeBinInt-ChangeBit-EraseBytes-
#1551378	REDUCE cov: 267 ft: 1575 corp: 467/87Kb lim: 4096 exec/s: 28206 rss: 508Mb L: 62/3952 MS: 1 EraseBytes-
#1552409	REDUCE cov: 267 ft: 1575 corp: 467/87Kb lim: 4096 exec/s: 28225 rss: 508Mb L: 158/3952 MS: 1 EraseBytes-
#1558910	REDUCE cov: 267 ft: 1575 corp: 467/87Kb lim: 4096 exec/s: 27837 rss: 508Mb L: 1177/3952 MS: 1 EraseBytes-
#1561460	REDUCE cov: 267 ft: 1575 corp: 467/87Kb lim: 4096 exec/s: 27883 rss: 508Mb L: 333/3952 MS: 5 CrossOver-CMP-ChangeBit-ChangeBit-EraseBytes- DE: "\376\377\377\377"-
#1562481	REDUCE cov: 267 ft: 1575 corp: 467/87Kb lim: 4096 exec/s: 27901 rss: 508Mb L: 1597/3952 MS: 1 EraseBytes-
#1563753	REDUCE cov: 267 ft: 1575 corp: 467/87Kb lim: 4096 exec/s: 27924 rss: 508Mb L: 171/3952 MS: 2 ChangeBit-EraseBytes-
#1564699	REDUCE cov: 267 ft: 1575 corp: 467/87Kb lim: 4096 exec/s: 27941 rss: 508Mb L: 89/3952 MS: 1 EraseBytes-
#1569580	REDUCE cov: 267 ft: 1575 corp: 467/87Kb lim: 4096 exec/s: 28028 rss: 508Mb L: 158/3952 MS: 1 EraseBytes-
#1570782	REDUCE cov: 267 ft: 1575 corp: 467/87Kb lim: 4096 exec/s: 28049 rss: 508Mb L: 46/3952 MS: 2 ChangeBit-EraseBytes-
#1571503	REDUCE cov: 267 ft: 1575 corp: 467/87Kb lim: 4096 exec/s: 28062 rss: 508Mb L: 56/3952 MS: 1 EraseBytes-
#1575449	REDUCE cov: 267 ft: 1575 corp: 467/87Kb lim: 4096 exec/s: 28133 rss: 508Mb L: 69/3952 MS: 1 EraseBytes-
#1580135	REDUCE cov: 267 ft: 1575 corp: 467/87Kb lim: 4096 exec/s: 28216 rss: 508Mb L: 30/3952 MS: 1 EraseBytes-
#1584952	REDUCE cov: 267 ft: 1575 corp: 467/87Kb lim: 4096 exec/s: 27806 rss: 508Mb L: 941/3952 MS: 2 PersAutoDict-EraseBytes- DE: "(\000\000\000"-
#1587333	REDUCE cov: 267 ft: 1575 corp: 467/87Kb lim: 4096 exec/s: 27847 rss: 508Mb L: 142/3952 MS: 1 EraseBytes-
#1588564	REDUCE cov: 267 ft: 1575 corp: 467/87Kb lim: 4096 exec/s: 27869 rss: 508Mb L: 244/3952 MS: 1 EraseBytes-
#1590478	REDUCE cov: 267 ft: 1575 corp: 467/87Kb lim: 4096 exec/s: 27903 rss: 508Mb L: 309/3952 MS: 4 CrossOver-ChangeASCIIInt-EraseBytes-CMP- DE: "\001\000\000\000\000\000\000\003"-
#1590735	REDUCE cov: 267 ft: 1575 corp: 467/87Kb lim: 4096 exec/s: 27907 rss: 508Mb L: 487/3952 MS: 2 ChangeASCIIInt-EraseBytes-
#1594332	REDUCE cov: 267 ft: 1575 corp: 467/87Kb lim: 4096 exec/s: 27970 rss: 508Mb L: 555/3952 MS: 2 ChangeBinInt-EraseBytes-
#1594753	REDUCE cov: 267 ft: 1575 corp: 467/87Kb lim: 4096 exec/s: 27978 rss: 508Mb L: 539/3952 MS: 1 EraseBytes-
#1598870	REDUCE cov: 267 ft: 1578 corp: 468/89Kb lim: 4096 exec/s: 28050 rss: 508Mb L: 2074/3952 MS: 2 ChangeASCIIInt-CopyPart-
#1600729	REDUCE cov: 267 ft: 1578 corp: 468/89Kb lim: 4096 exec/s: 27598 rss: 508Mb L: 1931/3952 MS: 4 PersAutoDict-ChangeBit-ChangeByte-EraseBytes- DE: "(\000\000\000"-
#1601170	REDUCE cov: 267 ft: 1578 corp: 468/89Kb lim: 4096 exec/s: 27606 rss: 508Mb L: 519/3952 MS: 1 EraseBytes-
#1602172	REDUCE cov: 267 ft: 1578 corp: 468/89Kb lim: 4096 exec/s: 27623 rss: 508Mb L: 508/3952 MS: 2 ChangeByte-EraseBytes-
#1603523	REDUCE cov: 267 ft: 1578 corp: 468/89Kb lim: 4096 exec/s: 27646 rss: 508Mb L: 27/3952 MS: 1 EraseBytes-
#1603526	REDUCE cov: 267 ft: 1578 corp: 468/89Kb lim: 4096 exec/s: 27647 rss: 508Mb L: 120/3952 MS: 3 InsertByte-ChangeByte-EraseBytes-
#1605302	REDUCE cov: 267 ft: 1578 corp: 468/89Kb lim: 4096 exec/s: 27677 rss: 508Mb L: 425/3952 MS: 1 EraseBytes-
#1611869	REDUCE cov: 267 ft: 1578 corp: 468/89Kb lim: 4096 exec/s: 27790 rss: 508Mb L: 159/3952 MS: 2 ShuffleBytes-EraseBytes-
#1613205	REDUCE cov: 267 ft: 1578 corp: 468/89Kb lim: 4096 exec/s: 27813 rss: 508Mb L: 507/3952 MS: 1 EraseBytes-
#1613797	REDUCE cov: 267 ft: 1578 corp: 468/89Kb lim: 4096 exec/s: 27824 rss: 508Mb L: 386/3952 MS: 2 EraseBytes-EraseBytes-
#1615149	REDUCE cov: 267 ft: 1578 corp: 468/89Kb lim: 4096 exec/s: 27847 rss: 508Mb L: 156/3952 MS: 2 ChangeASCIIInt-EraseBytes-
#1622295	REDUCE cov: 267 ft: 1578 corp: 468/89Kb lim: 4096 exec/s: 27496 rss: 508Mb L: 72/3952 MS: 1 EraseBytes-
#1627456	REDUCE cov: 267 ft: 1578 corp: 468/89Kb lim: 4096 exec/s: 27584 rss: 508Mb L: 504/3952 MS: 1 EraseBytes-
#1632699	REDUCE cov: 267 ft: 1578 corp: 468/89Kb lim: 4096 exec/s: 27672 rss: 508Mb L: 217/3952 MS: 3 PersAutoDict-ChangeBit-EraseBytes- DE: "\377\377\377\377\377\377\377\377"-
#1638985	REDUCE cov: 267 ft: 1578 corp: 468/88Kb lim: 4096 exec/s: 27779 rss: 508Mb L: 59/3952 MS: 1 EraseBytes-
#1642983	REDUCE cov: 267 ft: 1579 corp: 469/89Kb lim: 4096 exec/s: 27383 rss: 508Mb L: 504/3952 MS: 3 ChangeByte-CopyPart-CopyPart-
#1644199	REDUCE cov: 267 ft: 1579 corp: 469/89Kb lim: 4096 exec/s: 27403 rss: 508Mb L: 466/3952 MS: 1 EraseBytes-
#1644621	REDUCE cov: 267 ft: 1579 corp: 469/89Kb lim: 4096 exec/s: 27410 rss: 508Mb L: 499/3952 MS: 2 CrossOver-EraseBytes-
#1645239	REDUCE cov: 267 ft: 1579 corp: 469/89Kb lim: 4096 exec/s: 27420 rss: 508Mb L: 45/3952 MS: 3 EraseBytes-ChangeByte-ShuffleBytes-
#1646585	REDUCE cov: 267 ft: 1579 corp: 469/89Kb lim: 4096 exec/s: 27443 rss: 508Mb L: 1087/3952 MS: 1 EraseBytes-
#1649319	REDUCE cov: 267 ft: 1579 corp: 469/89Kb lim: 4096 exec/s: 27488 rss: 508Mb L: 33/3952 MS: 4 ChangeBit-PersAutoDict-ShuffleBytes-EraseBytes- DE: "\006\000\000\000"-
#1651490	REDUCE cov: 267 ft: 1579 corp: 469/89Kb lim: 4096 exec/s: 27524 rss: 508Mb L: 370/3952 MS: 1 EraseBytes-
#1651821	REDUCE cov: 267 ft: 1579 corp: 469/89Kb lim: 4096 exec/s: 27530 rss: 508Mb L: 1072/3952 MS: 1 EraseBytes-
#1653259	REDUCE cov: 267 ft: 1579 corp: 469/89Kb lim: 4096 exec/s: 27554 rss: 508Mb L: 912/3952 MS: 3 EraseBytes-PersAutoDict-CopyPart- DE: "^\000\000\000\000\000\000\000"-
#1656170	REDUCE cov: 267 ft: 1579 corp: 469/89Kb lim: 4096 exec/s: 27602 rss: 508Mb L: 1395/3952 MS: 1 EraseBytes-
#1658596	REDUCE cov: 267 ft: 1579 corp: 469/89Kb lim: 4096 exec/s: 27643 rss: 508Mb L: 481/3952 MS: 1 EraseBytes-
#1658842	REDUCE cov: 267 ft: 1579 corp: 469/89Kb lim: 4096 exec/s: 27647 rss: 508Mb L: 321/3952 MS: 1 EraseBytes-
#1670084	REDUCE cov: 267 ft: 1579 corp: 469/89Kb lim: 4096 exec/s: 27378 rss: 508Mb L: 307/3952 MS: 2 PersAutoDict-EraseBytes- DE: "\001\000"-
#1670130	REDUCE cov: 267 ft: 1579 corp: 469/89Kb lim: 4096 exec/s: 27379 rss: 508Mb L: 258/3952 MS: 1 EraseBytes-
#1670384	REDUCE cov: 267 ft: 1580 corp: 470/90Kb lim: 4096 exec/s: 27383 rss: 508Mb L: 1307/3952 MS: 4 EraseBytes-CopyPart-PersAutoDict-CopyPart- DE: "\000\000\000\000\000\000\000\227"-
#1671045	REDUCE cov: 267 ft: 1580 corp: 470/90Kb lim: 4096 exec/s: 27394 rss: 508Mb L: 972/3952 MS: 1 EraseBytes-
#1682136	REDUCE cov: 267 ft: 1580 corp: 470/90Kb lim: 4096 exec/s: 27131 rss: 508Mb L: 20/3952 MS: 1 EraseBytes-
#1684099	REDUCE cov: 267 ft: 1580 corp: 470/90Kb lim: 4096 exec/s: 27162 rss: 508Mb L: 498/3952 MS: 3 ChangeByte-PersAutoDict-EraseBytes- DE: "\000\000\000\000"-
#1684940	REDUCE cov: 267 ft: 1580 corp: 470/90Kb lim: 4096 exec/s: 27176 rss: 508Mb L: 304/3952 MS: 1 EraseBytes-
#1687986	REDUCE cov: 267 ft: 1580 corp: 470/90Kb lim: 4096 exec/s: 27225 rss: 508Mb L: 78/3952 MS: 1 EraseBytes-
#1688528	REDUCE cov: 267 ft: 1580 corp: 470/89Kb lim: 4096 exec/s: 27234 rss: 508Mb L: 1857/3952 MS: 2 CMP-EraseBytes- DE: "\033\000\000\000\000\000\000\000"-
#1688779	REDUCE cov: 267 ft: 1580 corp: 470/89Kb lim: 4096 exec/s: 27238 rss: 508Mb L: 18/3952 MS: 1 EraseBytes-
#1689200	REDUCE cov: 267 ft: 1580 corp: 470/89Kb lim: 4096 exec/s: 27245 rss: 508Mb L: 56/3952 MS: 1 EraseBytes-
#1689772	REDUCE cov: 267 ft: 1580 corp: 470/89Kb lim: 4096 exec/s: 27254 rss: 508Mb L: 396/3952 MS: 2 ChangeASCIIInt-EraseBytes-
#1689909	REDUCE cov: 267 ft: 1580 corp: 470/89Kb lim: 4096 exec/s: 27256 rss: 508Mb L: 82/3952 MS: 2 EraseBytes-CopyPart-
#1693579	REDUCE cov: 267 ft: 1580 corp: 470/89Kb lim: 4096 exec/s: 27315 rss: 508Mb L: 207/3952 MS: 5 ShuffleBytes-ChangeBit-PersAutoDict-InsertRepeatedBytes-EraseBytes- DE: "\377\000"-
#1694750	NEW    cov: 267 ft: 1581 corp: 471/91Kb lim: 4096 exec/s: 27334 rss: 508Mb L: 1772/3952 MS: 1 CopyPart-
#1694787	REDUCE cov: 267 ft: 1581 corp: 471/91Kb lim: 4096 exec/s: 27335 rss: 508Mb L: 346/3952 MS: 2 ChangeBit-EraseBytes-
#1695134	REDUCE cov: 267 ft: 1581 corp: 471/91Kb lim: 4096 exec/s: 27340 rss: 508Mb L: 2966/3952 MS: 2 ShuffleBytes-EraseBytes-
#1695815	REDUCE cov: 267 ft: 1581 corp: 471/91Kb lim: 4096 exec/s: 27351 rss: 508Mb L: 108/3952 MS: 1 EraseBytes-
#1695996	REDUCE cov: 267 ft: 1581 corp: 471/91Kb lim: 4096 exec/s: 27354 rss: 508Mb L: 2880/3952 MS: 1 EraseBytes-
#1696802	REDUCE cov: 267 ft: 1581 corp: 471/91Kb lim: 4096 exec/s: 27367 rss: 508Mb L: 1761/3952 MS: 1 EraseBytes-
#1698020	REDUCE cov: 267 ft: 1581 corp: 471/91Kb lim: 4096 exec/s: 27387 rss: 508Mb L: 206/3952 MS: 3 ShuffleBytes-CopyPart-EraseBytes-
#1701862	REDUCE cov: 267 ft: 1581 corp: 471/91Kb lim: 4096 exec/s: 27013 rss: 508Mb L: 1750/3952 MS: 2 ChangeASCIIInt-EraseBytes-
#1704200	REDUCE cov: 267 ft: 1581 corp: 471/91Kb lim: 4096 exec/s: 27050 rss: 508Mb L: 648/3952 MS: 3 CMP-EraseBytes-CopyPart- DE: "\001\000\000\000\000\000\000\001"-
#1704302	REDUCE cov: 267 ft: 1581 corp: 471/91Kb lim: 4096 exec/s: 27052 rss: 508Mb L: 181/3952 MS: 2 ChangeByte-EraseBytes-
#1704338	REDUCE cov: 267 ft: 1581 corp: 471/91Kb lim: 4096 exec/s: 27052 rss: 508Mb L: 1203/3952 MS: 1 EraseBytes-
#1705146	REDUCE cov: 267 ft: 1581 corp: 471/91Kb lim: 4096 exec/s: 27065 rss: 508Mb L: 303/3952 MS: 3 ShuffleBytes-ChangeByte-EraseBytes-
#1708142	REDUCE cov: 267 ft: 1581 corp: 471/91Kb lim: 4096 exec/s: 27113 rss: 508Mb L: 458/3952 MS: 1 EraseBytes-
#1708673	REDUCE cov: 267 ft: 1581 corp: 471/90Kb lim: 4096 exec/s: 27121 rss: 508Mb L: 1006/3952 MS: 1 EraseBytes-
#1711225	REDUCE cov: 267 ft: 1581 corp: 471/90Kb lim: 4096 exec/s: 27162 rss: 508Mb L: 894/3952 MS: 2 ChangeASCIIInt-EraseBytes-
#1713548	REDUCE cov: 267 ft: 1581 corp: 471/90Kb lim: 4096 exec/s: 27199 rss: 508Mb L: 1692/3952 MS: 3 ChangeBinInt-ChangeBinInt-EraseBytes-
#1713770	REDUCE cov: 267 ft: 1581 corp: 471/90Kb lim: 4096 exec/s: 27202 rss: 508Mb L: 454/3952 MS: 2 InsertByte-EraseBytes-
#1714656	REDUCE cov: 267 ft: 1581 corp: 471/90Kb lim: 4096 exec/s: 27216 rss: 508Mb L: 208/3952 MS: 1 EraseBytes-
#1715477	REDUCE cov: 267 ft: 1581 corp: 471/90Kb lim: 4096 exec/s: 27229 rss: 508Mb L: 57/3952 MS: 1 EraseBytes-
#1716183	REDUCE cov: 267 ft: 1581 corp: 471/90Kb lim: 4096 exec/s: 27241 rss: 508Mb L: 450/3952 MS: 1 EraseBytes-
#1717646	REDUCE cov: 267 ft: 1581 corp: 471/90Kb lim: 4096 exec/s: 26838 rss: 508Mb L: 154/3952 MS: 3 ChangeByte-CMP-EraseBytes- DE: "\001\000\000\000\000\000\000\000"-
#1718737	REDUCE cov: 267 ft: 1581 corp: 471/90Kb lim: 4096 exec/s: 26855 rss: 508Mb L: 26/3952 MS: 1 EraseBytes-
#1718748	REDUCE cov: 267 ft: 1581 corp: 471/90Kb lim: 4096 exec/s: 26855 rss: 508Mb L: 873/3952 MS: 1 EraseBytes-
#1722619	REDUCE cov: 267 ft: 1581 corp: 471/90Kb lim: 4096 exec/s: 26915 rss: 508Mb L: 198/3952 MS: 1 EraseBytes-
#1723306	REDUCE cov: 267 ft: 1581 corp: 471/90Kb lim: 4096 exec/s: 26926 rss: 508Mb L: 129/3952 MS: 2 CopyPart-EraseBytes-
#1723523	REDUCE cov: 267 ft: 1581 corp: 471/90Kb lim: 4096 exec/s: 26930 rss: 508Mb L: 209/3952 MS: 2 CopyPart-EraseBytes-
#1723891	REDUCE cov: 267 ft: 1581 corp: 471/90Kb lim: 4096 exec/s: 26935 rss: 508Mb L: 304/3952 MS: 3 PersAutoDict-ChangeASCIIInt-EraseBytes- DE: "\377\377\377\377\377\377\377\377"-
#1725619	REDUCE cov: 267 ft: 1581 corp: 471/90Kb lim: 4096 exec/s: 26962 rss: 508Mb L: 230/3952 MS: 3 ChangeBinInt-CrossOver-EraseBytes-
#1727340	REDUCE cov: 267 ft: 1581 corp: 471/90Kb lim: 4096 exec/s: 26989 rss: 508Mb L: 55/3952 MS: 1 EraseBytes-
#1727422	REDUCE cov: 267 ft: 1581 corp: 471/90Kb lim: 4096 exec/s: 26990 rss: 508Mb L: 73/3952 MS: 2 ChangeBinInt-EraseBytes-
#1728268	REDUCE cov: 267 ft: 1581 corp: 471/90Kb lim: 4096 exec/s: 27004 rss: 508Mb L: 868/3952 MS: 1 EraseBytes-
#1729069	REDUCE cov: 267 ft: 1581 corp: 471/90Kb lim: 4096 exec/s: 27016 rss: 508Mb L: 457/3952 MS: 1 EraseBytes-
#1730381	REDUCE cov: 267 ft: 1581 corp: 471/90Kb lim: 4096 exec/s: 27037 rss: 508Mb L: 151/3952 MS: 2 ChangeBinInt-EraseBytes-
#1730678	REDUCE cov: 267 ft: 1581 corp: 471/90Kb lim: 4096 exec/s: 27041 rss: 508Mb L: 819/3952 MS: 2 ChangeByte-EraseBytes-
#1731274	REDUCE cov: 267 ft: 1581 corp: 471/90Kb lim: 4096 exec/s: 27051 rss: 508Mb L: 53/3952 MS: 1 EraseBytes-
#1732891	REDUCE cov: 267 ft: 1581 corp: 471/90Kb lim: 4096 exec/s: 27076 rss: 508Mb L: 160/3952 MS: 2 ChangeASCIIInt-EraseBytes-
#1733992	REDUCE cov: 267 ft: 1581 corp: 471/90Kb lim: 4096 exec/s: 27093 rss: 508Mb L: 66/3952 MS: 1 EraseBytes-
#1734635	REDUCE cov: 267 ft: 1581 corp: 471/90Kb lim: 4096 exec/s: 27103 rss: 508Mb L: 263/3952 MS: 3 CrossOver-InsertRepeatedBytes-EraseBytes-
#1739172	REDUCE cov: 267 ft: 1581 corp: 471/90Kb lim: 4096 exec/s: 26756 rss: 508Mb L: 442/3952 MS: 2 ShuffleBytes-EraseBytes-
#1741594	REDUCE cov: 267 ft: 1581 corp: 471/90Kb lim: 4096 exec/s: 26793 rss: 508Mb L: 29/3952 MS: 2 ChangeASCIIInt-EraseBytes-
#1741860	REDUCE cov: 267 ft: 1581 corp: 471/90Kb lim: 4096 exec/s: 26797 rss: 508Mb L: 16/3952 MS: 1 EraseBytes-
#1743347	REDUCE cov: 267 ft: 1581 corp: 471/90Kb lim: 4096 exec/s: 26820 rss: 508Mb L: 1718/3952 MS: 2 PersAutoDict-EraseBytes- DE: "\377\000"-
#1743473	REDUCE cov: 267 ft: 1581 corp: 471/90Kb lim: 4096 exec/s: 26822 rss: 508Mb L: 231/3952 MS: 1 EraseBytes-
#1743675	REDUCE cov: 267 ft: 1581 corp: 471/90Kb lim: 4096 exec/s: 26825 rss: 508Mb L: 136/3952 MS: 2 ShuffleBytes-EraseBytes-
#1744756	REDUCE cov: 267 ft: 1581 corp: 471/90Kb lim: 4096 exec/s: 26842 rss: 508Mb L: 31/3952 MS: 1 EraseBytes-
#1744939	REDUCE cov: 267 ft: 1581 corp: 471/90Kb lim: 4096 exec/s: 26845 rss: 508Mb L: 1350/3952 MS: 3 ChangeASCIIInt-ShuffleBytes-CrossOver-
#1745985	REDUCE cov: 267 ft: 1581 corp: 471/90Kb lim: 4096 exec/s: 26861 rss: 508Mb L: 676/3952 MS: 1 EraseBytes-
#1746631	REDUCE cov: 267 ft: 1581 corp: 471/90Kb lim: 4096 exec/s: 26871 rss: 508Mb L: 437/3952 MS: 1 EraseBytes-
#1749282	REDUCE cov: 267 ft: 1581 corp: 471/90Kb lim: 4096 exec/s: 26912 rss: 508Mb L: 175/3952 MS: 1 EraseBytes-
#1750209	REDUCE cov: 267 ft: 1581 corp: 471/90Kb lim: 4096 exec/s: 26926 rss: 508Mb L: 754/3952 MS: 2 ChangeByte-EraseBytes-
#1751589	REDUCE cov: 267 ft: 1581 corp: 471/89Kb lim: 4096 exec/s: 26947 rss: 508Mb L: 2903/3952 MS: 5 ChangeBit-ShuffleBytes-ChangeBit-CopyPart-EraseBytes-
#1753182	REDUCE cov: 267 ft: 1581 corp: 471/89Kb lim: 4096 exec/s: 26972 rss: 508Mb L: 468/3952 MS: 3 InsertRepeatedBytes-CrossOver-EraseBytes-
#1756879	REDUCE cov: 267 ft: 1581 corp: 471/89Kb lim: 4096 exec/s: 26619 rss: 508Mb L: 175/3952 MS: 2 ChangeBit-EraseBytes-
#1764106	REDUCE cov: 267 ft: 1581 corp: 471/89Kb lim: 4096 exec/s: 26728 rss: 508Mb L: 385/3952 MS: 2 InsertRepeatedBytes-EraseBytes-
#1764457	REDUCE cov: 267 ft: 1581 corp: 471/89Kb lim: 4096 exec/s: 26734 rss: 508Mb L: 159/3952 MS: 1 EraseBytes-
#1767723	REDUCE cov: 267 ft: 1581 corp: 471/89Kb lim: 4096 exec/s: 26783 rss: 508Mb L: 130/3952 MS: 1 EraseBytes-
#1774774	REDUCE cov: 267 ft: 1581 corp: 471/89Kb lim: 4096 exec/s: 26489 rss: 508Mb L: 153/3952 MS: 1 EraseBytes-
#1777000	REDUCE cov: 267 ft: 1581 corp: 471/89Kb lim: 4096 exec/s: 26522 rss: 508Mb L: 374/3952 MS: 1 EraseBytes-
#1778911	REDUCE cov: 267 ft: 1581 corp: 471/89Kb lim: 4096 exec/s: 26550 rss: 508Mb L: 25/3952 MS: 1 EraseBytes-
#1783717	REDUCE cov: 267 ft: 1581 corp: 471/89Kb lim: 4096 exec/s: 26622 rss: 508Mb L: 56/3952 MS: 1 EraseBytes-
#1787269	REDUCE cov: 267 ft: 1581 corp: 471/89Kb lim: 4096 exec/s: 26675 rss: 508Mb L: 169/3952 MS: 2 EraseBytes-CopyPart-
#1787285	REDUCE cov: 267 ft: 1581 corp: 471/89Kb lim: 4096 exec/s: 26675 rss: 508Mb L: 432/3952 MS: 1 EraseBytes-
#1792006	REDUCE cov: 267 ft: 1581 corp: 471/89Kb lim: 4096 exec/s: 26746 rss: 508Mb L: 577/3952 MS: 1 EraseBytes-
#1795768	REDUCE cov: 267 ft: 1581 corp: 471/89Kb lim: 4096 exec/s: 26408 rss: 508Mb L: 181/3952 MS: 2 EraseBytes-CopyPart-
#1798401	REDUCE cov: 267 ft: 1581 corp: 471/89Kb lim: 4096 exec/s: 26447 rss: 508Mb L: 344/3952 MS: 3 CrossOver-EraseBytes-EraseBytes-
#1800807	REDUCE cov: 267 ft: 1581 corp: 471/89Kb lim: 4096 exec/s: 26482 rss: 508Mb L: 1554/3952 MS: 1 EraseBytes-
#1801043	REDUCE cov: 267 ft: 1581 corp: 471/88Kb lim: 4096 exec/s: 26485 rss: 508Mb L: 1343/3952 MS: 1 EraseBytes-
#1803642	REDUCE cov: 267 ft: 1581 corp: 471/88Kb lim: 4096 exec/s: 26524 rss: 508Mb L: 294/3952 MS: 4 CMP-ChangeByte-ChangeBinInt-EraseBytes- DE: "\000\000\000\000\000\000\020\004"-
#1805799	REDUCE cov: 267 ft: 1581 corp: 471/88Kb lim: 4096 exec/s: 26555 rss: 508Mb L: 264/3952 MS: 2 ChangeBit-EraseBytes-
#1809360	REDUCE cov: 267 ft: 1581 corp: 471/88Kb lim: 4096 exec/s: 26608 rss: 508Mb L: 53/3952 MS: 1 EraseBytes-
#1811306	REDUCE cov: 267 ft: 1581 corp: 471/88Kb lim: 4096 exec/s: 26636 rss: 508Mb L: 228/3952 MS: 1 EraseBytes-
#1814852	REDUCE cov: 267 ft: 1581 corp: 471/88Kb lim: 4096 exec/s: 26302 rss: 508Mb L: 44/3952 MS: 1 EraseBytes-
#1816674	REDUCE cov: 267 ft: 1581 corp: 471/88Kb lim: 4096 exec/s: 26328 rss: 508Mb L: 1413/3952 MS: 2 InsertRepeatedBytes-EraseBytes-
#1820365	REDUCE cov: 267 ft: 1581 corp: 471/88Kb lim: 4096 exec/s: 26382 rss: 508Mb L: 300/3952 MS: 1 EraseBytes-
#1822614	NEW    cov: 267 ft: 1582 corp: 472/89Kb lim: 4096 exec/s: 26414 rss: 508Mb L: 432/3952 MS: 4 ChangeByte-EraseBytes-ShuffleBytes-CrossOver-
#1824045	REDUCE cov: 267 ft: 1582 corp: 472/88Kb lim: 4096 exec/s: 26435 rss: 508Mb L: 1241/3952 MS: 1 EraseBytes-
#1825416	REDUCE cov: 267 ft: 1582 corp: 472/88Kb lim: 4096 exec/s: 26455 rss: 508Mb L: 521/3952 MS: 1 EraseBytes-
#1827182	REDUCE cov: 267 ft: 1582 corp: 472/88Kb lim: 4096 exec/s: 26480 rss: 508Mb L: 398/3952 MS: 1 EraseBytes-
#1828327	REDUCE cov: 267 ft: 1582 corp: 472/88Kb lim: 4096 exec/s: 26497 rss: 508Mb L: 216/3952 MS: 5 PersAutoDict-ChangeBit-ChangeByte-ChangeBinInt-EraseBytes- DE: "\012\000"-
#1828918	REDUCE cov: 267 ft: 1582 corp: 472/88Kb lim: 4096 exec/s: 26506 rss: 508Mb L: 148/3952 MS: 1 EraseBytes-
#1831567	REDUCE cov: 267 ft: 1582 corp: 472/88Kb lim: 4096 exec/s: 26165 rss: 508Mb L: 431/3952 MS: 4 ChangeBinInt-ChangeByte-EraseBytes-CopyPart-
#1833998	REDUCE cov: 267 ft: 1582 corp: 472/88Kb lim: 4096 exec/s: 26199 rss: 508Mb L: 897/3952 MS: 1 EraseBytes-
#1835304	REDUCE cov: 267 ft: 1582 corp: 472/88Kb lim: 4096 exec/s: 26218 rss: 508Mb L: 27/3952 MS: 1 EraseBytes-
#1841641	REDUCE cov: 267 ft: 1582 corp: 472/88Kb lim: 4096 exec/s: 26309 rss: 508Mb L: 379/3952 MS: 2 ChangeByte-EraseBytes-
#1841864	REDUCE cov: 267 ft: 1582 corp: 472/88Kb lim: 4096 exec/s: 26312 rss: 508Mb L: 53/3952 MS: 3 CrossOver-CrossOver-EraseBytes-
#1842206	REDUCE cov: 267 ft: 1582 corp: 472/88Kb lim: 4096 exec/s: 26317 rss: 508Mb L: 428/3952 MS: 2 ShuffleBytes-EraseBytes-
#1843075	REDUCE cov: 267 ft: 1582 corp: 472/88Kb lim: 4096 exec/s: 26329 rss: 508Mb L: 1342/3952 MS: 4 ChangeByte-ChangeBinInt-ChangeBinInt-EraseBytes-
#1849501	REDUCE cov: 267 ft: 1583 corp: 473/89Kb lim: 4096 exec/s: 26421 rss: 508Mb L: 380/3952 MS: 1 InsertByte-
#1850170	REDUCE cov: 267 ft: 1583 corp: 473/89Kb lim: 4096 exec/s: 26431 rss: 508Mb L: 35/3952 MS: 4 ChangeASCIIInt-CopyPart-ShuffleBytes-EraseBytes-
#1850173	REDUCE cov: 267 ft: 1583 corp: 473/89Kb lim: 4096 exec/s: 26431 rss: 508Mb L: 155/3952 MS: 3 CrossOver-InsertByte-EraseBytes-
#1850810	REDUCE cov: 267 ft: 1583 corp: 473/89Kb lim: 4096 exec/s: 26440 rss: 508Mb L: 465/3952 MS: 2 ChangeByte-EraseBytes-
#1851081	REDUCE cov: 267 ft: 1583 corp: 473/89Kb lim: 4096 exec/s: 26444 rss: 508Mb L: 22/3952 MS: 1 EraseBytes-
#1851184	REDUCE cov: 267 ft: 1583 corp: 473/89Kb lim: 4096 exec/s: 26073 rss: 508Mb L: 96/3952 MS: 3 EraseBytes-CopyPart-InsertByte-
#1862965	REDUCE cov: 267 ft: 1583 corp: 473/89Kb lim: 4096 exec/s: 26238 rss: 508Mb L: 149/3952 MS: 1 EraseBytes-
#1864199	REDUCE cov: 267 ft: 1583 corp: 473/89Kb lim: 4096 exec/s: 26256 rss: 508Mb L: 1182/3952 MS: 4 EraseBytes-PersAutoDict-ChangeASCIIInt-CopyPart- DE: "\027\000\000\000\000\000\000\000"-
#1865420	REDUCE cov: 267 ft: 1583 corp: 473/88Kb lim: 4096 exec/s: 26273 rss: 508Mb L: 1483/3952 MS: 1 EraseBytes-
#1867632	REDUCE cov: 267 ft: 1583 corp: 473/88Kb lim: 4096 exec/s: 26304 rss: 508Mb L: 144/3952 MS: 2 ShuffleBytes-EraseBytes-
#1869146	REDUCE cov: 267 ft: 1583 corp: 473/88Kb lim: 4096 exec/s: 26326 rss: 508Mb L: 1200/3952 MS: 4 ShuffleBytes-ChangeBit-PersAutoDict-EraseBytes- DE: "\377\377\377\007"-
#1870312	REDUCE cov: 267 ft: 1583 corp: 473/88Kb lim: 4096 exec/s: 26342 rss: 508Mb L: 88/3952 MS: 1 EraseBytes-
#1874798	REDUCE cov: 267 ft: 1583 corp: 473/88Kb lim: 4096 exec/s: 26038 rss: 508Mb L: 422/3952 MS: 1 EraseBytes-
#1877342	REDUCE cov: 267 ft: 1583 corp: 473/88Kb lim: 4096 exec/s: 26074 rss: 508Mb L: 1174/3952 MS: 4 EraseBytes-CopyPart-CopyPart-EraseBytes-
#1878968	REDUCE cov: 267 ft: 1583 corp: 473/88Kb lim: 4096 exec/s: 26096 rss: 508Mb L: 165/3952 MS: 1 EraseBytes-
#1879151	REDUCE cov: 267 ft: 1583 corp: 473/88Kb lim: 4096 exec/s: 26099 rss: 508Mb L: 834/3952 MS: 3 EraseBytes-CopyPart-EraseBytes-
#1882003	REDUCE cov: 267 ft: 1583 corp: 473/88Kb lim: 4096 exec/s: 26138 rss: 508Mb L: 19/3952 MS: 2 CopyPart-EraseBytes-
#1886580	REDUCE cov: 267 ft: 1583 corp: 473/88Kb lim: 4096 exec/s: 26202 rss: 508Mb L: 320/3952 MS: 2 ChangeBinInt-EraseBytes-
#1888442	REDUCE cov: 267 ft: 1583 corp: 473/88Kb lim: 4096 exec/s: 26228 rss: 508Mb L: 267/3952 MS: 2 ChangeBit-EraseBytes-
#1889853	REDUCE cov: 267 ft: 1583 corp: 473/88Kb lim: 4096 exec/s: 26247 rss: 508Mb L: 1305/3952 MS: 1 EraseBytes-
#1892695	REDUCE cov: 267 ft: 1583 corp: 473/88Kb lim: 4096 exec/s: 25927 rss: 508Mb L: 2867/3952 MS: 2 EraseBytes-CMP- DE: "\376\377\377\377"-
#1897621	REDUCE cov: 267 ft: 1583 corp: 473/88Kb lim: 4096 exec/s: 25994 rss: 508Mb L: 146/3952 MS: 1 EraseBytes-
#1898528	REDUCE cov: 267 ft: 1583 corp: 473/88Kb lim: 4096 exec/s: 26007 rss: 508Mb L: 141/3952 MS: 2 ChangeBit-EraseBytes-
#1899589	REDUCE cov: 267 ft: 1583 corp: 473/88Kb lim: 4096 exec/s: 26021 rss: 508Mb L: 22/3952 MS: 1 EraseBytes-
#1899605	REDUCE cov: 267 ft: 1583 corp: 473/88Kb lim: 4096 exec/s: 26021 rss: 508Mb L: 19/3952 MS: 1 EraseBytes-
#1903186	REDUCE cov: 267 ft: 1583 corp: 473/88Kb lim: 4096 exec/s: 26071 rss: 508Mb L: 52/3952 MS: 1 EraseBytes-
#1904023	REDUCE cov: 267 ft: 1583 corp: 473/88Kb lim: 4096 exec/s: 26082 rss: 508Mb L: 174/3952 MS: 2 ChangeASCIIInt-EraseBytes-
#1905179	REDUCE cov: 267 ft: 1583 corp: 473/88Kb lim: 4096 exec/s: 26098 rss: 508Mb L: 12/3952 MS: 1 EraseBytes-
#1907631	REDUCE cov: 267 ft: 1583 corp: 473/88Kb lim: 4096 exec/s: 26131 rss: 508Mb L: 416/3952 MS: 2 ShuffleBytes-EraseBytes-
#1907963	REDUCE cov: 267 ft: 1583 corp: 473/88Kb lim: 4096 exec/s: 26136 rss: 508Mb L: 1092/3952 MS: 2 ShuffleBytes-EraseBytes-
#1909884	REDUCE cov: 267 ft: 1583 corp: 473/88Kb lim: 4096 exec/s: 26162 rss: 508Mb L: 298/3952 MS: 1 EraseBytes-
#1912285	REDUCE cov: 267 ft: 1583 corp: 473/88Kb lim: 4096 exec/s: 25841 rss: 508Mb L: 95/3952 MS: 1 EraseBytes-
#1912916	REDUCE cov: 267 ft: 1583 corp: 473/88Kb lim: 4096 exec/s: 25850 rss: 508Mb L: 383/3952 MS: 1 EraseBytes-
#1913722	REDUCE cov: 267 ft: 1583 corp: 473/88Kb lim: 4096 exec/s: 25861 rss: 508Mb L: 7/3952 MS: 1 EraseBytes-
#1914940	REDUCE cov: 267 ft: 1584 corp: 474/90Kb lim: 4096 exec/s: 25877 rss: 508Mb L: 1955/3952 MS: 3 ChangeBinInt-PersAutoDict-CopyPart- DE: "\000\000\000\000\000\000\000\000"-
#1916422	REDUCE cov: 267 ft: 1584 corp: 474/90Kb lim: 4096 exec/s: 25897 rss: 508Mb L: 307/3952 MS: 2 InsertByte-EraseBytes-
#1921653	REDUCE cov: 267 ft: 1584 corp: 474/90Kb lim: 4096 exec/s: 25968 rss: 508Mb L: 82/3952 MS: 1 EraseBytes-
#1924465	REDUCE cov: 267 ft: 1584 corp: 474/90Kb lim: 4096 exec/s: 26006 rss: 508Mb L: 378/3952 MS: 2 CopyPart-EraseBytes-
#1924779	REDUCE cov: 267 ft: 1584 corp: 474/90Kb lim: 4096 exec/s: 26010 rss: 508Mb L: 1435/3952 MS: 4 ChangeByte-EraseBytes-CopyPart-CrossOver-
#1930010	REDUCE cov: 267 ft: 1584 corp: 474/90Kb lim: 4096 exec/s: 26081 rss: 508Mb L: 1744/3952 MS: 1 CrossOver-
#1931101	REDUCE cov: 267 ft: 1584 corp: 474/90Kb lim: 4096 exec/s: 25748 rss: 508Mb L: 3913/3913 MS: 1 EraseBytes-
#1933157	REDUCE cov: 267 ft: 1584 corp: 474/90Kb lim: 4096 exec/s: 25775 rss: 508Mb L: 89/3913 MS: 1 EraseBytes-
#1933612	REDUCE cov: 267 ft: 1584 corp: 474/89Kb lim: 4096 exec/s: 25781 rss: 508Mb L: 266/3913 MS: 5 InsertByte-ChangeBinInt-ChangeByte-EraseBytes-EraseBytes-
#1936197	REDUCE cov: 267 ft: 1584 corp: 474/89Kb lim: 4096 exec/s: 25815 rss: 508Mb L: 232/3913 MS: 5 ChangeBit-InsertByte-InsertRepeatedBytes-CrossOver-EraseBytes-
#1936654	REDUCE cov: 267 ft: 1584 corp: 474/89Kb lim: 4096 exec/s: 25822 rss: 508Mb L: 375/3913 MS: 2 InsertRepeatedBytes-EraseBytes-
#1941680	REDUCE cov: 267 ft: 1584 corp: 474/89Kb lim: 4096 exec/s: 25889 rss: 508Mb L: 119/3913 MS: 1 EraseBytes-
#1944929	REDUCE cov: 267 ft: 1584 corp: 474/89Kb lim: 4096 exec/s: 25932 rss: 508Mb L: 227/3913 MS: 4 ChangeBinInt-CopyPart-ChangeBit-EraseBytes-
#1945403	REDUCE cov: 267 ft: 1584 corp: 474/89Kb lim: 4096 exec/s: 25938 rss: 508Mb L: 374/3913 MS: 4 ChangeBinInt-CopyPart-InsertRepeatedBytes-EraseBytes-
#1949236	REDUCE cov: 267 ft: 1584 corp: 474/89Kb lim: 4096 exec/s: 25989 rss: 508Mb L: 50/3913 MS: 3 ChangeASCIIInt-ChangeASCIIInt-EraseBytes-
#1952717	REDUCE cov: 267 ft: 1584 corp: 474/89Kb lim: 4096 exec/s: 25693 rss: 508Mb L: 15/3913 MS: 1 EraseBytes-
#1954223	REDUCE cov: 267 ft: 1584 corp: 474/89Kb lim: 4096 exec/s: 25713 rss: 508Mb L: 61/3913 MS: 1 EraseBytes-
#1954889	REDUCE cov: 267 ft: 1584 corp: 474/89Kb lim: 4096 exec/s: 25722 rss: 508Mb L: 155/3913 MS: 1 EraseBytes-
#1955490	REDUCE cov: 267 ft: 1584 corp: 474/89Kb lim: 4096 exec/s: 25730 rss: 508Mb L: 100/3913 MS: 1 EraseBytes-
#1956916	REDUCE cov: 267 ft: 1584 corp: 474/89Kb lim: 4096 exec/s: 25748 rss: 508Mb L: 89/3913 MS: 1 EraseBytes-
#1957142	REDUCE cov: 267 ft: 1584 corp: 474/89Kb lim: 4096 exec/s: 25751 rss: 508Mb L: 1062/3913 MS: 1 EraseBytes-
#1957780	REDUCE cov: 267 ft: 1584 corp: 474/89Kb lim: 4096 exec/s: 25760 rss: 508Mb L: 171/3913 MS: 3 ShuffleBytes-InsertByte-EraseBytes-
#1965304	REDUCE cov: 267 ft: 1584 corp: 474/89Kb lim: 4096 exec/s: 25859 rss: 508Mb L: 822/3913 MS: 4 CopyPart-CopyPart-InsertByte-CrossOver-
#1968308	REDUCE cov: 267 ft: 1584 corp: 474/89Kb lim: 4096 exec/s: 25898 rss: 508Mb L: 54/3913 MS: 4 EraseBytes-InsertByte-ChangeASCIIInt-CopyPart-
#1968555	REDUCE cov: 267 ft: 1584 corp: 474/89Kb lim: 4096 exec/s: 25902 rss: 508Mb L: 185/3913 MS: 2 EraseBytes-CopyPart-
#1969287	REDUCE cov: 267 ft: 1585 corp: 475/92Kb lim: 4096 exec/s: 25911 rss: 508Mb L: 2475/3913 MS: 2 ChangeASCIIInt-CopyPart-
#1971218	REDUCE cov: 267 ft: 1585 corp: 475/91Kb lim: 4096 exec/s: 25600 rss: 508Mb L: 630/3913 MS: 1 EraseBytes-
#1972139	REDUCE cov: 267 ft: 1585 corp: 475/91Kb lim: 4096 exec/s: 25612 rss: 508Mb L: 368/3913 MS: 1 EraseBytes-
#1973041	REDUCE cov: 267 ft: 1585 corp: 475/91Kb lim: 4096 exec/s: 25623 rss: 508Mb L: 592/3913 MS: 2 ChangeBinInt-EraseBytes-
#1973442	REDUCE cov: 267 ft: 1585 corp: 475/91Kb lim: 4096 exec/s: 25629 rss: 508Mb L: 367/3913 MS: 1 EraseBytes-
#1974883	REDUCE cov: 267 ft: 1585 corp: 475/91Kb lim: 4096 exec/s: 25647 rss: 508Mb L: 365/3913 MS: 1 EraseBytes-
#1977059	REDUCE cov: 267 ft: 1585 corp: 475/91Kb lim: 4096 exec/s: 25676 rss: 508Mb L: 83/3913 MS: 1 EraseBytes-
#1977830	REDUCE cov: 267 ft: 1585 corp: 475/91Kb lim: 4096 exec/s: 25686 rss: 508Mb L: 358/3913 MS: 1 EraseBytes-
#1981447	REDUCE cov: 267 ft: 1585 corp: 475/91Kb lim: 4096 exec/s: 25733 rss: 508Mb L: 172/3913 MS: 2 ChangeBit-EraseBytes-
#1982644	REDUCE cov: 267 ft: 1585 corp: 475/91Kb lim: 4096 exec/s: 25748 rss: 508Mb L: 458/3913 MS: 2 ChangeBit-EraseBytes-
#1986785	REDUCE cov: 267 ft: 1585 corp: 475/91Kb lim: 4096 exec/s: 25802 rss: 508Mb L: 363/3913 MS: 1 EraseBytes-
#1990646	REDUCE cov: 267 ft: 1585 corp: 475/91Kb lim: 4096 exec/s: 25521 rss: 508Mb L: 561/3913 MS: 1 EraseBytes-
#1992517	REDUCE cov: 267 ft: 1585 corp: 475/91Kb lim: 4096 exec/s: 25545 rss: 508Mb L: 2835/3913 MS: 1 EraseBytes-
#1992908	REDUCE cov: 267 ft: 1585 corp: 475/91Kb lim: 4096 exec/s: 25550 rss: 508Mb L: 39/3913 MS: 1 EraseBytes-
#1993255	REDUCE cov: 267 ft: 1585 corp: 475/91Kb lim: 4096 exec/s: 25554 rss: 508Mb L: 1150/3913 MS: 2 ChangeASCIIInt-EraseBytes-
#1997651	REDUCE cov: 267 ft: 1585 corp: 475/91Kb lim: 4096 exec/s: 25610 rss: 508Mb L: 23/3913 MS: 1 EraseBytes-
#2000278	REDUCE cov: 267 ft: 1585 corp: 475/91Kb lim: 4096 exec/s: 25644 rss: 508Mb L: 1697/3913 MS: 2 EraseBytes-CrossOver-
#2001440	REDUCE cov: 267 ft: 1585 corp: 475/91Kb lim: 4096 exec/s: 25659 rss: 508Mb L: 226/3913 MS: 2 ChangeBit-EraseBytes-
#2002666	REDUCE cov: 267 ft: 1585 corp: 475/91Kb lim: 4096 exec/s: 25675 rss: 508Mb L: 2274/3913 MS: 1 EraseBytes-
#2003279	REDUCE cov: 267 ft: 1585 corp: 475/91Kb lim: 4096 exec/s: 25683 rss: 508Mb L: 553/3913 MS: 3 InsertByte-PersAutoDict-EraseBytes- DE: "\001\000\000\000\000\000\000D"-
#2008455	REDUCE cov: 267 ft: 1585 corp: 475/91Kb lim: 4096 exec/s: 25423 rss: 508Mb L: 452/3913 MS: 1 EraseBytes-
#2008752	REDUCE cov: 267 ft: 1585 corp: 475/91Kb lim: 4096 exec/s: 25427 rss: 508Mb L: 43/3913 MS: 2 ChangeASCIIInt-EraseBytes-
#2010419	REDUCE cov: 267 ft: 1585 corp: 475/91Kb lim: 4096 exec/s: 25448 rss: 508Mb L: 294/3913 MS: 2 ChangeBit-EraseBytes-
#2012820	REDUCE cov: 267 ft: 1585 corp: 475/91Kb lim: 4096 exec/s: 25478 rss: 508Mb L: 348/3913 MS: 1 EraseBytes-
#2014681	REDUCE cov: 267 ft: 1585 corp: 475/91Kb lim: 4096 exec/s: 25502 rss: 508Mb L: 97/3913 MS: 1 EraseBytes-
#2015933	REDUCE cov: 267 ft: 1585 corp: 475/91Kb lim: 4096 exec/s: 25518 rss: 508Mb L: 158/3913 MS: 2 ChangeBinInt-EraseBytes-
#2016281	REDUCE cov: 267 ft: 1585 corp: 475/91Kb lim: 4096 exec/s: 25522 rss: 508Mb L: 423/3913 MS: 3 ChangeASCIIInt-ChangeByte-EraseBytes-
#2019858	REDUCE cov: 267 ft: 1585 corp: 475/91Kb lim: 4096 exec/s: 25567 rss: 508Mb L: 223/3913 MS: 2 ShuffleBytes-EraseBytes-
#2021744	REDUCE cov: 267 ft: 1585 corp: 475/91Kb lim: 4096 exec/s: 25591 rss: 508Mb L: 205/3913 MS: 1 EraseBytes-
#2022201	REDUCE cov: 267 ft: 1585 corp: 475/91Kb lim: 4096 exec/s: 25597 rss: 508Mb L: 94/3913 MS: 2 InsertByte-EraseBytes-
#2025542	REDUCE cov: 267 ft: 1585 corp: 475/91Kb lim: 4096 exec/s: 25639 rss: 508Mb L: 35/3913 MS: 1 EraseBytes-
#2030233	REDUCE cov: 267 ft: 1585 corp: 475/91Kb lim: 4096 exec/s: 25377 rss: 508Mb L: 56/3913 MS: 1 EraseBytes-
#2030324	REDUCE cov: 267 ft: 1585 corp: 475/91Kb lim: 4096 exec/s: 25379 rss: 508Mb L: 829/3913 MS: 1 EraseBytes-
#2031645	REDUCE cov: 267 ft: 1585 corp: 475/91Kb lim: 4096 exec/s: 25395 rss: 508Mb L: 38/3913 MS: 1 EraseBytes-
#2036216	REDUCE cov: 267 ft: 1585 corp: 475/91Kb lim: 4096 exec/s: 25452 rss: 508Mb L: 293/3913 MS: 1 EraseBytes-
#2036942	REDUCE cov: 267 ft: 1585 corp: 475/91Kb lim: 4096 exec/s: 25461 rss: 508Mb L: 337/3913 MS: 1 EraseBytes-
#2043695	REDUCE cov: 267 ft: 1585 corp: 475/91Kb lim: 4096 exec/s: 25546 rss: 508Mb L: 571/3913 MS: 3 PersAutoDict-PersAutoDict-EraseBytes- DE: "\377\007"-"\001\000\000\000\000\000\000D"-
#2047926	REDUCE cov: 267 ft: 1585 corp: 475/91Kb lim: 4096 exec/s: 25283 rss: 508Mb L: 263/3913 MS: 1 EraseBytes-
#2048773	REDUCE cov: 267 ft: 1585 corp: 475/91Kb lim: 4096 exec/s: 25293 rss: 508Mb L: 87/3913 MS: 2 CopyPart-EraseBytes-
#2052345	REDUCE cov: 267 ft: 1585 corp: 475/91Kb lim: 4096 exec/s: 25337 rss: 508Mb L: 807/3913 MS: 2 ChangeBinInt-EraseBytes-
#2054231	REDUCE cov: 267 ft: 1585 corp: 475/91Kb lim: 4096 exec/s: 25360 rss: 508Mb L: 673/3913 MS: 1 EraseBytes-
#2055988	REDUCE cov: 267 ft: 1585 corp: 475/91Kb lim: 4096 exec/s: 25382 rss: 508Mb L: 78/3913 MS: 2 ShuffleBytes-EraseBytes-
#2056789	REDUCE cov: 267 ft: 1585 corp: 475/91Kb lim: 4096 exec/s: 25392 rss: 508Mb L: 782/3913 MS: 1 EraseBytes-
#2059501	REDUCE cov: 267 ft: 1585 corp: 475/91Kb lim: 4096 exec/s: 25425 rss: 508Mb L: 94/3913 MS: 2 ChangeByte-EraseBytes-
#2064507	REDUCE cov: 267 ft: 1585 corp: 475/91Kb lim: 4096 exec/s: 25487 rss: 508Mb L: 2802/3913 MS: 1 EraseBytes-
#2068498	REDUCE cov: 267 ft: 1585 corp: 475/91Kb lim: 4096 exec/s: 25225 rss: 508Mb L: 778/3913 MS: 1 EraseBytes-
#2080024	REDUCE cov: 267 ft: 1585 corp: 475/91Kb lim: 4096 exec/s: 25366 rss: 508Mb L: 21/3913 MS: 1 EraseBytes-
#2081307	REDUCE cov: 267 ft: 1585 corp: 475/91Kb lim: 4096 exec/s: 25381 rss: 508Mb L: 77/3913 MS: 3 ChangeASCIIInt-PersAutoDict-EraseBytes- DE: "\377\377\3779"-
#2084439	REDUCE cov: 267 ft: 1585 corp: 475/91Kb lim: 4096 exec/s: 25419 rss: 508Mb L: 157/3913 MS: 2 ChangeASCIIInt-EraseBytes-
#2087110	REDUCE cov: 267 ft: 1585 corp: 475/91Kb lim: 4096 exec/s: 25145 rss: 508Mb L: 294/3913 MS: 1 EraseBytes-
#2087726	REDUCE cov: 267 ft: 1585 corp: 475/90Kb lim: 4096 exec/s: 25153 rss: 508Mb L: 336/3913 MS: 1 EraseBytes-
#2088512	REDUCE cov: 267 ft: 1585 corp: 475/90Kb lim: 4096 exec/s: 25162 rss: 508Mb L: 2819/3913 MS: 1 EraseBytes-
#2091991	REDUCE cov: 267 ft: 1585 corp: 475/90Kb lim: 4096 exec/s: 25204 rss: 508Mb L: 154/3913 MS: 4 CMP-InsertByte-ChangeByte-EraseBytes- DE: "\003\000\000\000"-
#2092073	REDUCE cov: 267 ft: 1585 corp: 475/90Kb lim: 4096 exec/s: 25205 rss: 508Mb L: 125/3913 MS: 2 ChangeByte-EraseBytes-
#2095611	REDUCE cov: 267 ft: 1585 corp: 475/90Kb lim: 4096 exec/s: 25248 rss: 508Mb L: 129/3913 MS: 3 InsertByte-ChangeBit-EraseBytes-
#2097152	pulse  cov: 267 ft: 1585 corp: 475/90Kb lim: 4096 exec/s: 25266 rss: 508Mb
#2103424	REDUCE cov: 267 ft: 1585 corp: 475/90Kb lim: 4096 exec/s: 25342 rss: 508Mb L: 23/3913 MS: 3 ChangeByte-InsertByte-EraseBytes-
#2103446	REDUCE cov: 267 ft: 1585 corp: 475/90Kb lim: 4096 exec/s: 25342 rss: 508Mb L: 173/3913 MS: 2 ChangeBit-EraseBytes-
#2105297	REDUCE cov: 267 ft: 1585 corp: 475/90Kb lim: 4096 exec/s: 25063 rss: 508Mb L: 2219/3913 MS: 1 EraseBytes-
#2112098	REDUCE cov: 267 ft: 1585 corp: 475/90Kb lim: 4096 exec/s: 25144 rss: 508Mb L: 330/3913 MS: 1 EraseBytes-
#2112409	REDUCE cov: 267 ft: 1585 corp: 475/90Kb lim: 4096 exec/s: 25147 rss: 508Mb L: 425/3913 MS: 1 EraseBytes-
#2113810	REDUCE cov: 267 ft: 1585 corp: 475/90Kb lim: 4096 exec/s: 25164 rss: 508Mb L: 52/3913 MS: 1 EraseBytes-
#2118943	REDUCE cov: 267 ft: 1585 corp: 475/90Kb lim: 4096 exec/s: 25225 rss: 508Mb L: 826/3913 MS: 3 ShuffleBytes-PersAutoDict-EraseBytes- DE: "\020\000\000\000\000\000\000\000"-
#2121864	REDUCE cov: 267 ft: 1585 corp: 475/90Kb lim: 4096 exec/s: 25260 rss: 508Mb L: 503/3913 MS: 1 EraseBytes-
#2125957	REDUCE cov: 267 ft: 1585 corp: 475/90Kb lim: 4096 exec/s: 25011 rss: 508Mb L: 47/3913 MS: 3 PersAutoDict-CopyPart-EraseBytes- DE: "\000\001"-
#2126718	REDUCE cov: 267 ft: 1585 corp: 475/90Kb lim: 4096 exec/s: 25020 rss: 508Mb L: 1325/3913 MS: 1 EraseBytes-
#2126969	REDUCE cov: 267 ft: 1585 corp: 475/90Kb lim: 4096 exec/s: 25023 rss: 508Mb L: 14/3913 MS: 1 EraseBytes-
#2128984	REDUCE cov: 267 ft: 1585 corp: 475/90Kb lim: 4096 exec/s: 25046 rss: 508Mb L: 770/3913 MS: 5 ChangeBit-PersAutoDict-CMP-ShuffleBytes-EraseBytes- DE: "#\000\000\000\000\000\000\000"-"\001\000\000\002"-
#2143380	REDUCE cov: 267 ft: 1585 corp: 475/90Kb lim: 4096 exec/s: 25216 rss: 508Mb L: 328/3913 MS: 1 EraseBytes-
#2143934	REDUCE cov: 267 ft: 1585 corp: 475/90Kb lim: 4096 exec/s: 24929 rss: 508Mb L: 2176/3913 MS: 4 CopyPart-PersAutoDict-CopyPart-EraseBytes- DE: "\000\000\000\000\000\000\000\002"-
#2146410	REDUCE cov: 267 ft: 1585 corp: 475/90Kb lim: 4096 exec/s: 24958 rss: 508Mb L: 277/3913 MS: 1 EraseBytes-
#2148831	REDUCE cov: 267 ft: 1585 corp: 475/90Kb lim: 4096 exec/s: 24986 rss: 508Mb L: 325/3913 MS: 1 EraseBytes-
#2152128	REDUCE cov: 267 ft: 1585 corp: 475/90Kb lim: 4096 exec/s: 25024 rss: 508Mb L: 38/3913 MS: 2 ChangeBit-EraseBytes-
#2153815	REDUCE cov: 267 ft: 1585 corp: 475/90Kb lim: 4096 exec/s: 25044 rss: 508Mb L: 318/3913 MS: 2 ChangeByte-EraseBytes-
#2158066	REDUCE cov: 267 ft: 1585 corp: 475/90Kb lim: 4096 exec/s: 25093 rss: 508Mb L: 55/3913 MS: 1 EraseBytes-
#2158648	REDUCE cov: 267 ft: 1585 corp: 475/90Kb lim: 4096 exec/s: 25100 rss: 508Mb L: 64/3913 MS: 2 PersAutoDict-EraseBytes- DE: "\012\000"-
#2159184	REDUCE cov: 267 ft: 1585 corp: 475/90Kb lim: 4096 exec/s: 25106 rss: 508Mb L: 291/3913 MS: 1 EraseBytes-
#2161415	REDUCE cov: 267 ft: 1585 corp: 475/90Kb lim: 4096 exec/s: 25132 rss: 508Mb L: 61/3913 MS: 1 EraseBytes-
#2166266	REDUCE cov: 267 ft: 1585 corp: 475/90Kb lim: 4096 exec/s: 24899 rss: 508Mb L: 1477/3913 MS: 1 EraseBytes-
#2166923	REDUCE cov: 267 ft: 1585 corp: 475/90Kb lim: 4096 exec/s: 24907 rss: 508Mb L: 56/3913 MS: 2 ChangeASCIIInt-EraseBytes-
#2172824	REDUCE cov: 267 ft: 1585 corp: 475/90Kb lim: 4096 exec/s: 24974 rss: 508Mb L: 278/3913 MS: 1 EraseBytes-
#2180109	NEW    cov: 267 ft: 1586 corp: 476/92Kb lim: 4096 exec/s: 25058 rss: 508Mb L: 2086/3913 MS: 5 ShuffleBytes-CopyPart-ChangeByte-InsertByte-CrossOver-
#2180560	REDUCE cov: 267 ft: 1586 corp: 476/92Kb lim: 4096 exec/s: 25063 rss: 508Mb L: 358/3913 MS: 1 EraseBytes-
#2185787	REDUCE cov: 267 ft: 1586 corp: 476/92Kb lim: 4096 exec/s: 24838 rss: 508Mb L: 27/3913 MS: 2 ChangeASCIIInt-EraseBytes-
#2186713	REDUCE cov: 267 ft: 1586 corp: 476/92Kb lim: 4096 exec/s: 24849 rss: 508Mb L: 815/3913 MS: 1 EraseBytes-
#2194454	REDUCE cov: 267 ft: 1586 corp: 476/92Kb lim: 4096 exec/s: 24936 rss: 508Mb L: 237/3913 MS: 1 EraseBytes-
#2195205	REDUCE cov: 267 ft: 1586 corp: 476/92Kb lim: 4096 exec/s: 24945 rss: 508Mb L: 2103/3913 MS: 1 EraseBytes-
#2199596	REDUCE cov: 267 ft: 1586 corp: 476/92Kb lim: 4096 exec/s: 24995 rss: 508Mb L: 198/3913 MS: 1 EraseBytes-
#2205614	REDUCE cov: 267 ft: 1586 corp: 476/92Kb lim: 4096 exec/s: 24782 rss: 508Mb L: 540/3913 MS: 3 ChangeByte-CrossOver-EraseBytes-
#2210786	REDUCE cov: 267 ft: 1586 corp: 476/92Kb lim: 4096 exec/s: 24840 rss: 508Mb L: 1295/3913 MS: 2 ChangeBinInt-EraseBytes-
#2211457	REDUCE cov: 267 ft: 1586 corp: 476/92Kb lim: 4096 exec/s: 24847 rss: 508Mb L: 27/3913 MS: 1 EraseBytes-
#2212880	REDUCE cov: 267 ft: 1586 corp: 476/92Kb lim: 4096 exec/s: 24863 rss: 508Mb L: 2793/3913 MS: 3 ShuffleBytes-ChangeASCIIInt-EraseBytes-
#2217386	REDUCE cov: 267 ft: 1586 corp: 476/92Kb lim: 4096 exec/s: 24914 rss: 508Mb L: 593/3913 MS: 1 EraseBytes-
#2224022	REDUCE cov: 267 ft: 1586 corp: 476/92Kb lim: 4096 exec/s: 24711 rss: 508Mb L: 70/3913 MS: 1 EraseBytes-
#2228340	REDUCE cov: 267 ft: 1586 corp: 476/92Kb lim: 4096 exec/s: 24759 rss: 508Mb L: 269/3913 MS: 3 ChangeBit-ChangeBinInt-EraseBytes-
#2229541	REDUCE cov: 267 ft: 1586 corp: 476/92Kb lim: 4096 exec/s: 24772 rss: 508Mb L: 1140/3913 MS: 1 EraseBytes-
#2234863	REDUCE cov: 267 ft: 1586 corp: 476/92Kb lim: 4096 exec/s: 24831 rss: 508Mb L: 2048/3913 MS: 2 ChangeByte-EraseBytes-
#2237999	REDUCE cov: 267 ft: 1586 corp: 476/91Kb lim: 4096 exec/s: 24866 rss: 508Mb L: 1666/3913 MS: 1 EraseBytes-
#2245141	REDUCE cov: 267 ft: 1586 corp: 476/91Kb lim: 4096 exec/s: 24671 rss: 508Mb L: 34/3913 MS: 2 ChangeBit-EraseBytes-
#2251170	REDUCE cov: 267 ft: 1586 corp: 476/91Kb lim: 4096 exec/s: 24738 rss: 508Mb L: 351/3913 MS: 4 ChangeBinInt-InsertRepeatedBytes-CrossOver-EraseBytes-
#2252686	REDUCE cov: 267 ft: 1586 corp: 476/91Kb lim: 4096 exec/s: 24754 rss: 508Mb L: 122/3913 MS: 1 EraseBytes-
#2253337	REDUCE cov: 267 ft: 1586 corp: 476/91Kb lim: 4096 exec/s: 24761 rss: 508Mb L: 52/3913 MS: 1 EraseBytes-
#2257428	REDUCE cov: 267 ft: 1586 corp: 476/91Kb lim: 4096 exec/s: 24806 rss: 508Mb L: 1259/3913 MS: 1 EraseBytes-
#2266113	REDUCE cov: 267 ft: 1586 corp: 476/91Kb lim: 4096 exec/s: 24631 rss: 508Mb L: 203/3913 MS: 5 ChangeASCIIInt-ChangeByte-InsertByte-InsertByte-EraseBytes-
#2267748	REDUCE cov: 267 ft: 1586 corp: 476/91Kb lim: 4096 exec/s: 24649 rss: 508Mb L: 1474/3913 MS: 5 InsertByte-InsertByte-CrossOver-ChangeBit-EraseBytes-
#2269144	REDUCE cov: 267 ft: 1587 corp: 477/94Kb lim: 4096 exec/s: 24664 rss: 508Mb L: 3514/3913 MS: 1 CopyPart-
#2269431	REDUCE cov: 267 ft: 1587 corp: 477/94Kb lim: 4096 exec/s: 24667 rss: 508Mb L: 292/3913 MS: 2 ChangeASCIIInt-EraseBytes-
#2272231	NEW    cov: 267 ft: 1591 corp: 478/96Kb lim: 4096 exec/s: 24698 rss: 508Mb L: 2230/3913 MS: 5 InsertByte-CMP-ShuffleBytes-CrossOver-CopyPart- DE: "\001\000\000\000\000\000\000\000"-
#2272932	REDUCE cov: 267 ft: 1591 corp: 478/96Kb lim: 4096 exec/s: 24705 rss: 508Mb L: 88/3913 MS: 1 EraseBytes-
#2276209	REDUCE cov: 267 ft: 1591 corp: 478/96Kb lim: 4096 exec/s: 24741 rss: 508Mb L: 2166/3913 MS: 2 ChangeBit-EraseBytes-
#2276285	REDUCE cov: 267 ft: 1591 corp: 478/96Kb lim: 4096 exec/s: 24742 rss: 508Mb L: 26/3913 MS: 1 EraseBytes-
#2280121	REDUCE cov: 267 ft: 1591 corp: 478/96Kb lim: 4096 exec/s: 24783 rss: 508Mb L: 73/3913 MS: 1 EraseBytes-
#2284759	REDUCE cov: 267 ft: 1591 corp: 478/96Kb lim: 4096 exec/s: 24567 rss: 508Mb L: 221/3913 MS: 3 CopyPart-ShuffleBytes-EraseBytes-
#2287530	REDUCE cov: 267 ft: 1591 corp: 478/96Kb lim: 4096 exec/s: 24597 rss: 508Mb L: 30/3913 MS: 1 EraseBytes-
#2290153	REDUCE cov: 267 ft: 1591 corp: 478/96Kb lim: 4096 exec/s: 24625 rss: 508Mb L: 296/3913 MS: 3 PersAutoDict-ChangeByte-EraseBytes- DE: "\033\000\000\000\000\000\000\000"-
#2293710	REDUCE cov: 267 ft: 1591 corp: 478/96Kb lim: 4096 exec/s: 24663 rss: 508Mb L: 750/3913 MS: 2 ChangeByte-EraseBytes-
#2297281	REDUCE cov: 267 ft: 1591 corp: 478/96Kb lim: 4096 exec/s: 24701 rss: 508Mb L: 220/3913 MS: 1 EraseBytes-
#2297338	REDUCE cov: 267 ft: 1591 corp: 478/96Kb lim: 4096 exec/s: 24702 rss: 508Mb L: 2798/3913 MS: 2 ChangeBinInt-EraseBytes-
#2298904	REDUCE cov: 267 ft: 1591 corp: 478/96Kb lim: 4096 exec/s: 24719 rss: 508Mb L: 288/3913 MS: 1 EraseBytes-
#2301870	REDUCE cov: 267 ft: 1591 corp: 478/96Kb lim: 4096 exec/s: 24487 rss: 508Mb L: 2180/3913 MS: 1 EraseBytes-
#2303348	REDUCE cov: 267 ft: 1591 corp: 478/96Kb lim: 4096 exec/s: 24503 rss: 508Mb L: 1125/3913 MS: 3 ChangeBit-ChangeByte-EraseBytes-
#2303691	REDUCE cov: 267 ft: 1591 corp: 478/96Kb lim: 4096 exec/s: 24507 rss: 508Mb L: 703/3913 MS: 3 ShuffleBytes-InsertByte-EraseBytes-
#2303782	REDUCE cov: 267 ft: 1592 corp: 479/98Kb lim: 4096 exec/s: 24508 rss: 508Mb L: 1530/3913 MS: 1 InsertRepeatedBytes-
#2308353	REDUCE cov: 267 ft: 1592 corp: 479/98Kb lim: 4096 exec/s: 24556 rss: 508Mb L: 129/3913 MS: 1 EraseBytes-
#2311199	REDUCE cov: 267 ft: 1592 corp: 479/98Kb lim: 4096 exec/s: 24587 rss: 508Mb L: 71/3913 MS: 1 EraseBytes-
#2316560	REDUCE cov: 267 ft: 1592 corp: 479/98Kb lim: 4096 exec/s: 24644 rss: 508Mb L: 68/3913 MS: 1 EraseBytes-
#2317791	REDUCE cov: 267 ft: 1592 corp: 479/98Kb lim: 4096 exec/s: 24657 rss: 508Mb L: 278/3913 MS: 1 EraseBytes-
#2318022	REDUCE cov: 267 ft: 1592 corp: 479/98Kb lim: 4096 exec/s: 24659 rss: 508Mb L: 77/3913 MS: 1 EraseBytes-
#2318768	REDUCE cov: 267 ft: 1592 corp: 479/98Kb lim: 4096 exec/s: 24667 rss: 508Mb L: 844/3913 MS: 1 EraseBytes-
#2319199	REDUCE cov: 267 ft: 1592 corp: 479/98Kb lim: 4096 exec/s: 24412 rss: 508Mb L: 155/3913 MS: 1 EraseBytes-
#2319240	REDUCE cov: 267 ft: 1592 corp: 479/97Kb lim: 4096 exec/s: 24413 rss: 508Mb L: 2606/3913 MS: 1 EraseBytes-
#2325376	REDUCE cov: 267 ft: 1592 corp: 479/97Kb lim: 4096 exec/s: 24477 rss: 508Mb L: 53/3913 MS: 1 EraseBytes-
#2325827	REDUCE cov: 267 ft: 1592 corp: 479/97Kb lim: 4096 exec/s: 24482 rss: 508Mb L: 836/3913 MS: 1 EraseBytes-
#2335854	REDUCE cov: 267 ft: 1592 corp: 479/97Kb lim: 4096 exec/s: 24587 rss: 508Mb L: 464/3913 MS: 2 ShuffleBytes-EraseBytes-
#2335960	REDUCE cov: 267 ft: 1592 corp: 479/97Kb lim: 4096 exec/s: 24589 rss: 508Mb L: 85/3913 MS: 1 EraseBytes-
#2341717	REDUCE cov: 267 ft: 1592 corp: 479/97Kb lim: 4096 exec/s: 24392 rss: 508Mb L: 56/3913 MS: 2 ChangeByte-EraseBytes-
#2343163	REDUCE cov: 267 ft: 1592 corp: 479/97Kb lim: 4096 exec/s: 24407 rss: 508Mb L: 151/3913 MS: 1 EraseBytes-
#2351343	REDUCE cov: 267 ft: 1592 corp: 479/97Kb lim: 4096 exec/s: 24493 rss: 508Mb L: 813/3913 MS: 5 ChangeBit-CopyPart-InsertByte-CopyPart-EraseBytes-
#2353411	REDUCE cov: 267 ft: 1592 corp: 479/97Kb lim: 4096 exec/s: 24261 rss: 508Mb L: 2777/3913 MS: 3 ChangeBit-ChangeByte-EraseBytes-
#2355477	REDUCE cov: 267 ft: 1592 corp: 479/97Kb lim: 4096 exec/s: 24283 rss: 508Mb L: 200/3913 MS: 1 EraseBytes-
#2368913	REDUCE cov: 267 ft: 1592 corp: 479/97Kb lim: 4096 exec/s: 24172 rss: 508Mb L: 267/3913 MS: 1 EraseBytes-
#2371459	REDUCE cov: 267 ft: 1592 corp: 479/97Kb lim: 4096 exec/s: 24198 rss: 508Mb L: 2752/3913 MS: 1 EraseBytes-
#2371566	REDUCE cov: 267 ft: 1592 corp: 479/97Kb lim: 4096 exec/s: 24199 rss: 508Mb L: 1598/3913 MS: 2 ChangeByte-EraseBytes-
#2372069	REDUCE cov: 267 ft: 1592 corp: 479/97Kb lim: 4096 exec/s: 24204 rss: 508Mb L: 2345/3913 MS: 3 ShuffleBytes-CopyPart-EraseBytes-
#2374085	REDUCE cov: 267 ft: 1592 corp: 479/97Kb lim: 4096 exec/s: 23980 rss: 508Mb L: 630/3913 MS: 1 EraseBytes-
#2376241	REDUCE cov: 267 ft: 1592 corp: 479/97Kb lim: 4096 exec/s: 24002 rss: 508Mb L: 84/3913 MS: 1 EraseBytes-
#2376574	REDUCE cov: 267 ft: 1592 corp: 479/97Kb lim: 4096 exec/s: 24005 rss: 508Mb L: 105/3913 MS: 3 InsertByte-ShuffleBytes-EraseBytes-
#2376667	REDUCE cov: 267 ft: 1592 corp: 479/97Kb lim: 4096 exec/s: 24006 rss: 508Mb L: 1518/3913 MS: 3 ChangeByte-PersAutoDict-EraseBytes- DE: "\001\000\000\000"-
#2377818	REDUCE cov: 267 ft: 1592 corp: 479/97Kb lim: 4096 exec/s: 24018 rss: 508Mb L: 128/3913 MS: 1 EraseBytes-
#2377959	REDUCE cov: 267 ft: 1592 corp: 479/97Kb lim: 4096 exec/s: 24019 rss: 508Mb L: 2729/3913 MS: 1 EraseBytes-
#2379940	REDUCE cov: 267 ft: 1592 corp: 479/97Kb lim: 4096 exec/s: 24039 rss: 510Mb L: 1365/3913 MS: 1 EraseBytes-
#2380242	REDUCE cov: 267 ft: 1592 corp: 479/97Kb lim: 4096 exec/s: 24042 rss: 510Mb L: 165/3913 MS: 2 ShuffleBytes-EraseBytes-
#2382598	REDUCE cov: 267 ft: 1592 corp: 479/97Kb lim: 4096 exec/s: 24066 rss: 512Mb L: 917/3913 MS: 1 EraseBytes-
#2382719	REDUCE cov: 267 ft: 1592 corp: 479/97Kb lim: 4096 exec/s: 24067 rss: 512Mb L: 311/3913 MS: 1 EraseBytes-
#2382853	REDUCE cov: 267 ft: 1592 corp: 479/97Kb lim: 4096 exec/s: 24069 rss: 512Mb L: 545/3913 MS: 4 EraseBytes-InsertByte-ChangeByte-CopyPart-
#2383752	REDUCE cov: 267 ft: 1592 corp: 479/97Kb lim: 4096 exec/s: 23837 rss: 512Mb L: 165/3913 MS: 4 CMP-EraseBytes-ChangeBit-CopyPart- DE: "\377\377\377\377"-
#2385528	REDUCE cov: 267 ft: 1592 corp: 479/97Kb lim: 4096 exec/s: 23855 rss: 512Mb L: 2661/3913 MS: 1 EraseBytes-
#2388465	REDUCE cov: 267 ft: 1592 corp: 479/97Kb lim: 4096 exec/s: 23884 rss: 512Mb L: 341/3913 MS: 2 EraseBytes-ShuffleBytes-
#2395436	REDUCE cov: 267 ft: 1592 corp: 479/96Kb lim: 4096 exec/s: 23717 rss: 512Mb L: 280/3913 MS: 1 EraseBytes-
#2397354	REDUCE cov: 267 ft: 1592 corp: 479/96Kb lim: 4096 exec/s: 23736 rss: 512Mb L: 292/3913 MS: 3 ChangeBinInt-EraseBytes-ChangeBit-
#2399516	REDUCE cov: 267 ft: 1592 corp: 479/96Kb lim: 4096 exec/s: 23757 rss: 512Mb L: 18/3913 MS: 2 EraseBytes-CrossOver-
#2401212	REDUCE cov: 267 ft: 1592 corp: 479/96Kb lim: 4096 exec/s: 23774 rss: 512Mb L: 335/3913 MS: 1 EraseBytes-
#2401778	REDUCE cov: 267 ft: 1592 corp: 479/96Kb lim: 4096 exec/s: 23779 rss: 512Mb L: 467/3913 MS: 1 EraseBytes-
#2404739	REDUCE cov: 267 ft: 1592 corp: 479/96Kb lim: 4096 exec/s: 23575 rss: 512Mb L: 3337/3913 MS: 1 EraseBytes-
#2406060	REDUCE cov: 267 ft: 1592 corp: 479/96Kb lim: 4096 exec/s: 23588 rss: 512Mb L: 126/3913 MS: 1 EraseBytes-
#2406066	REDUCE cov: 267 ft: 1592 corp: 479/96Kb lim: 4096 exec/s: 23588 rss: 512Mb L: 111/3913 MS: 1 EraseBytes-
#2406482	REDUCE cov: 267 ft: 1592 corp: 479/96Kb lim: 4096 exec/s: 23592 rss: 512Mb L: 2638/3913 MS: 1 EraseBytes-
#2407486	REDUCE cov: 267 ft: 1592 corp: 479/96Kb lim: 4096 exec/s: 23602 rss: 512Mb L: 330/3913 MS: 4 ChangeASCIIInt-ShuffleBytes-EraseBytes-CopyPart-
#2409397	REDUCE cov: 267 ft: 1592 corp: 479/96Kb lim: 4096 exec/s: 23621 rss: 512Mb L: 520/3913 MS: 1 EraseBytes-
#2411262	REDUCE cov: 267 ft: 1592 corp: 479/96Kb lim: 4096 exec/s: 23639 rss: 512Mb L: 2150/3913 MS: 5 ChangeByte-InsertRepeatedBytes-CMP-ChangeBinInt-EraseBytes- DE: "\004\000\000\000\000\000\000\000"-
#2413144	REDUCE cov: 267 ft: 1592 corp: 479/96Kb lim: 4096 exec/s: 23428 rss: 512Mb L: 1320/3913 MS: 2 ChangeByte-EraseBytes-
#2417165	REDUCE cov: 267 ft: 1592 corp: 479/96Kb lim: 4096 exec/s: 23467 rss: 512Mb L: 19/3913 MS: 1 EraseBytes-
#2417956	REDUCE cov: 267 ft: 1592 corp: 479/96Kb lim: 4096 exec/s: 23475 rss: 512Mb L: 43/3913 MS: 1 EraseBytes-
#2418037	REDUCE cov: 267 ft: 1592 corp: 479/96Kb lim: 4096 exec/s: 23476 rss: 512Mb L: 26/3913 MS: 1 EraseBytes-
#2418238	REDUCE cov: 267 ft: 1592 corp: 479/96Kb lim: 4096 exec/s: 23478 rss: 512Mb L: 161/3913 MS: 1 EraseBytes-
#2419450	REDUCE cov: 267 ft: 1592 corp: 479/96Kb lim: 4096 exec/s: 23489 rss: 512Mb L: 42/3913 MS: 2 CopyPart-EraseBytes-
#2423636	REDUCE cov: 267 ft: 1592 corp: 479/96Kb lim: 4096 exec/s: 23304 rss: 515Mb L: 99/3913 MS: 1 EraseBytes-
#2424958	REDUCE cov: 267 ft: 1592 corp: 479/96Kb lim: 4096 exec/s: 23316 rss: 515Mb L: 207/3913 MS: 2 ChangeByte-EraseBytes-
#2426794	REDUCE cov: 267 ft: 1593 corp: 480/97Kb lim: 4096 exec/s: 23334 rss: 516Mb L: 535/3913 MS: 1 CopyPart-
#2429741	REDUCE cov: 267 ft: 1593 corp: 480/96Kb lim: 4096 exec/s: 23362 rss: 517Mb L: 2099/3913 MS: 1 EraseBytes-
#2431878	REDUCE cov: 267 ft: 1594 corp: 481/100Kb lim: 4096 exec/s: 23383 rss: 519Mb L: 3337/3913 MS: 2 ChangeBinInt-CopyPart-
#2432964	REDUCE cov: 267 ft: 1594 corp: 481/100Kb lim: 4096 exec/s: 23171 rss: 520Mb L: 330/3913 MS: 1 EraseBytes-
#2435125	REDUCE cov: 267 ft: 1594 corp: 481/100Kb lim: 4096 exec/s: 23191 rss: 523Mb L: 205/3913 MS: 1 EraseBytes-
#2435466	REDUCE cov: 267 ft: 1594 corp: 481/100Kb lim: 4096 exec/s: 23194 rss: 523Mb L: 43/3913 MS: 1 EraseBytes-
#2438023	REDUCE cov: 267 ft: 1594 corp: 481/100Kb lim: 4096 exec/s: 23219 rss: 523Mb L: 150/3913 MS: 2 CopyPart-EraseBytes-
#2438199	REDUCE cov: 267 ft: 1594 corp: 481/100Kb lim: 4096 exec/s: 23220 rss: 523Mb L: 2091/3913 MS: 1 EraseBytes-
#2440524	REDUCE cov: 267 ft: 1594 corp: 481/100Kb lim: 4096 exec/s: 23243 rss: 523Mb L: 327/3913 MS: 5 ShuffleBytes-ChangeBinInt-ChangeBit-InsertByte-EraseBytes-
#2441193	REDUCE cov: 267 ft: 1594 corp: 481/100Kb lim: 4096 exec/s: 23249 rss: 523Mb L: 145/3913 MS: 4 InsertRepeatedBytes-ChangeBinInt-ShuffleBytes-EraseBytes-
#2442811	REDUCE cov: 267 ft: 1594 corp: 481/100Kb lim: 4096 exec/s: 23045 rss: 523Mb L: 2139/3913 MS: 3 PersAutoDict-ChangeBit-EraseBytes- DE: "\001\000\000\017\375HU'"-
#2442877	REDUCE cov: 267 ft: 1594 corp: 481/100Kb lim: 4096 exec/s: 23046 rss: 523Mb L: 131/3913 MS: 1 EraseBytes-
#2444553	REDUCE cov: 267 ft: 1594 corp: 481/100Kb lim: 4096 exec/s: 23061 rss: 523Mb L: 2630/3913 MS: 1 EraseBytes-
#2444899	REDUCE cov: 267 ft: 1594 corp: 481/100Kb lim: 4096 exec/s: 23065 rss: 523Mb L: 152/3913 MS: 1 EraseBytes-
#2445527	REDUCE cov: 267 ft: 1594 corp: 481/100Kb lim: 4096 exec/s: 23071 rss: 523Mb L: 400/3913 MS: 3 ChangeBit-CopyPart-EraseBytes-
#2447533	REDUCE cov: 267 ft: 1594 corp: 481/100Kb lim: 4096 exec/s: 23089 rss: 523Mb L: 21/3913 MS: 1 EraseBytes-
#2451354	REDUCE cov: 267 ft: 1594 corp: 481/100Kb lim: 4096 exec/s: 23125 rss: 523Mb L: 130/3913 MS: 1 EraseBytes-
#2451585	REDUCE cov: 267 ft: 1594 corp: 481/100Kb lim: 4096 exec/s: 23128 rss: 523Mb L: 41/3913 MS: 1 EraseBytes-
#2454006	REDUCE cov: 267 ft: 1594 corp: 481/99Kb lim: 4096 exec/s: 22934 rss: 523Mb L: 2026/3913 MS: 1 EraseBytes-
#2454362	REDUCE cov: 267 ft: 1594 corp: 481/99Kb lim: 4096 exec/s: 22937 rss: 523Mb L: 123/3913 MS: 1 EraseBytes-
#2455450	REDUCE cov: 267 ft: 1594 corp: 481/99Kb lim: 4096 exec/s: 22948 rss: 523Mb L: 128/3913 MS: 3 ChangeASCIIInt-ChangeByte-EraseBytes-
#2459592	REDUCE cov: 267 ft: 1594 corp: 481/99Kb lim: 4096 exec/s: 22986 rss: 523Mb L: 178/3913 MS: 2 ShuffleBytes-EraseBytes-
#2467613	REDUCE cov: 267 ft: 1594 corp: 481/99Kb lim: 4096 exec/s: 22848 rss: 523Mb L: 873/3913 MS: 1 EraseBytes-
#2469084	REDUCE cov: 267 ft: 1594 corp: 481/99Kb lim: 4096 exec/s: 22861 rss: 523Mb L: 126/3913 MS: 1 EraseBytes-
#2477181	REDUCE cov: 267 ft: 1594 corp: 481/99Kb lim: 4096 exec/s: 22726 rss: 523Mb L: 201/3913 MS: 2 ChangeASCIIInt-EraseBytes-
#2485068	REDUCE cov: 267 ft: 1594 corp: 481/99Kb lim: 4096 exec/s: 22591 rss: 525Mb L: 801/3913 MS: 2 ChangeBit-EraseBytes-
#2491209	REDUCE cov: 267 ft: 1594 corp: 481/99Kb lim: 4096 exec/s: 22647 rss: 533Mb L: 2597/3913 MS: 1 EraseBytes-
#2493057	REDUCE cov: 267 ft: 1594 corp: 481/99Kb lim: 4096 exec/s: 22459 rss: 533Mb L: 1461/3913 MS: 3 ChangeBit-ChangeASCIIInt-EraseBytes-
#2500803	REDUCE cov: 267 ft: 1594 corp: 481/99Kb lim: 4096 exec/s: 22529 rss: 533Mb L: 513/3913 MS: 1 EraseBytes-
#2500999	REDUCE cov: 267 ft: 1594 corp: 481/99Kb lim: 4096 exec/s: 22531 rss: 533Mb L: 832/3913 MS: 1 EraseBytes-
#2503980	REDUCE cov: 267 ft: 1594 corp: 481/99Kb lim: 4096 exec/s: 22356 rss: 533Mb L: 324/3913 MS: 1 EraseBytes-
#2506136	REDUCE cov: 267 ft: 1594 corp: 481/99Kb lim: 4096 exec/s: 22376 rss: 533Mb L: 2579/3913 MS: 1 EraseBytes-
#2506988	REDUCE cov: 267 ft: 1594 corp: 481/99Kb lim: 4096 exec/s: 22383 rss: 533Mb L: 145/3913 MS: 2 ChangeBinInt-EraseBytes-
#2509581	REDUCE cov: 267 ft: 1594 corp: 481/99Kb lim: 4096 exec/s: 22406 rss: 533Mb L: 151/3913 MS: 3 ChangeBit-ChangeASCIIInt-EraseBytes-
#2511918	REDUCE cov: 267 ft: 1594 corp: 481/99Kb lim: 4096 exec/s: 22427 rss: 533Mb L: 387/3913 MS: 2 PersAutoDict-EraseBytes- DE: "\002\000\000\000\000\000\000\000"-
#2514100	REDUCE cov: 267 ft: 1594 corp: 481/99Kb lim: 4096 exec/s: 22248 rss: 533Mb L: 370/3913 MS: 2 ChangeBinInt-EraseBytes-
#2514876	REDUCE cov: 267 ft: 1594 corp: 481/99Kb lim: 4096 exec/s: 22255 rss: 533Mb L: 110/3913 MS: 1 EraseBytes-
#2515627	REDUCE cov: 267 ft: 1594 corp: 481/99Kb lim: 4096 exec/s: 22262 rss: 533Mb L: 25/3913 MS: 1 EraseBytes-
#2515753	REDUCE cov: 267 ft: 1594 corp: 481/99Kb lim: 4096 exec/s: 22263 rss: 533Mb L: 2053/3913 MS: 1 EraseBytes-
#2519035	REDUCE cov: 267 ft: 1594 corp: 481/99Kb lim: 4096 exec/s: 22292 rss: 533Mb L: 2331/3913 MS: 1 EraseBytes-
#2521262	REDUCE cov: 267 ft: 1594 corp: 481/99Kb lim: 4096 exec/s: 22116 rss: 533Mb L: 358/3913 MS: 2 PersAutoDict-EraseBytes- DE: "\377\377\377\012"-
#2521633	REDUCE cov: 267 ft: 1594 corp: 481/99Kb lim: 4096 exec/s: 22119 rss: 533Mb L: 1508/3913 MS: 1 EraseBytes-
#2522632	REDUCE cov: 267 ft: 1594 corp: 481/99Kb lim: 4096 exec/s: 22128 rss: 533Mb L: 1228/3913 MS: 4 InsertByte-ChangeASCIIInt-PersAutoDict-EraseBytes- DE: "1\000\000\000"-
#2526997	REDUCE cov: 267 ft: 1594 corp: 481/98Kb lim: 4096 exec/s: 22166 rss: 533Mb L: 334/3913 MS: 3 ChangeByte-ChangeASCIIInt-EraseBytes-
#2532286	REDUCE cov: 267 ft: 1594 corp: 481/98Kb lim: 4096 exec/s: 22019 rss: 533Mb L: 1323/3913 MS: 4 ChangeByte-PersAutoDict-ChangeBinInt-EraseBytes- DE: "\001\000\000\002"-
#2533023	REDUCE cov: 267 ft: 1594 corp: 481/98Kb lim: 4096 exec/s: 22026 rss: 533Mb L: 274/3913 MS: 2 ChangeBinInt-EraseBytes-
#2536260	REDUCE cov: 267 ft: 1594 corp: 481/98Kb lim: 4096 exec/s: 22054 rss: 533Mb L: 66/3913 MS: 1 EraseBytes-
#2536731	REDUCE cov: 267 ft: 1594 corp: 481/98Kb lim: 4096 exec/s: 22058 rss: 533Mb L: 1319/3913 MS: 1 EraseBytes-
#2545838	REDUCE cov: 267 ft: 1594 corp: 481/98Kb lim: 4096 exec/s: 21946 rss: 533Mb L: 225/3913 MS: 2 InsertByte-EraseBytes-
#2546154	REDUCE cov: 267 ft: 1594 corp: 481/98Kb lim: 4096 exec/s: 21949 rss: 533Mb L: 3256/3913 MS: 1 EraseBytes-
#2547392	REDUCE cov: 267 ft: 1594 corp: 481/98Kb lim: 4096 exec/s: 21960 rss: 533Mb L: 143/3913 MS: 3 ChangeBit-CopyPart-EraseBytes-
#2547478	REDUCE cov: 267 ft: 1594 corp: 481/98Kb lim: 4096 exec/s: 21961 rss: 533Mb L: 29/3913 MS: 1 EraseBytes-
#2549189	REDUCE cov: 267 ft: 1594 corp: 481/98Kb lim: 4096 exec/s: 21787 rss: 533Mb L: 1201/3913 MS: 1 EraseBytes-
#2549385	REDUCE cov: 267 ft: 1594 corp: 481/98Kb lim: 4096 exec/s: 21789 rss: 533Mb L: 119/3913 MS: 1 EraseBytes-
#2549744	REDUCE cov: 267 ft: 1594 corp: 481/98Kb lim: 4096 exec/s: 21792 rss: 533Mb L: 2553/3913 MS: 4 PersAutoDict-ChangeBit-ChangeBit-EraseBytes- DE: "\377\377\377\012"-
#2550015	REDUCE cov: 267 ft: 1594 corp: 481/98Kb lim: 4096 exec/s: 21795 rss: 533Mb L: 1145/3913 MS: 1 EraseBytes-
#2551781	REDUCE cov: 267 ft: 1594 corp: 481/98Kb lim: 4096 exec/s: 21810 rss: 533Mb L: 1451/3913 MS: 1 EraseBytes-
#2551807	REDUCE cov: 267 ft: 1594 corp: 481/98Kb lim: 4096 exec/s: 21810 rss: 533Mb L: 93/3913 MS: 1 EraseBytes-
#2557318	REDUCE cov: 267 ft: 1594 corp: 481/98Kb lim: 4096 exec/s: 21857 rss: 533Mb L: 2483/3913 MS: 1 EraseBytes-
#2566060	REDUCE cov: 267 ft: 1594 corp: 481/98Kb lim: 4096 exec/s: 21746 rss: 533Mb L: 1087/3913 MS: 2 ShuffleBytes-EraseBytes-
#2567351	REDUCE cov: 267 ft: 1594 corp: 481/98Kb lim: 4096 exec/s: 21757 rss: 533Mb L: 2542/3913 MS: 1 EraseBytes-
#2572053	REDUCE cov: 267 ft: 1594 corp: 481/98Kb lim: 4096 exec/s: 21613 rss: 533Mb L: 65/3913 MS: 2 ShuffleBytes-EraseBytes-
#2574484	REDUCE cov: 267 ft: 1594 corp: 481/98Kb lim: 4096 exec/s: 21634 rss: 533Mb L: 1082/3913 MS: 1 EraseBytes-
#2584532	REDUCE cov: 267 ft: 1594 corp: 481/98Kb lim: 4096 exec/s: 21537 rss: 535Mb L: 1960/3913 MS: 3 ChangeByte-ChangeByte-EraseBytes-
#2584613	REDUCE cov: 267 ft: 1594 corp: 481/98Kb lim: 4096 exec/s: 21538 rss: 535Mb L: 1924/3913 MS: 1 EraseBytes-
#2587254	REDUCE cov: 267 ft: 1594 corp: 481/98Kb lim: 4096 exec/s: 21560 rss: 535Mb L: 2124/3913 MS: 1 EraseBytes-
#2587391	REDUCE cov: 267 ft: 1594 corp: 481/98Kb lim: 4096 exec/s: 21561 rss: 535Mb L: 1043/3913 MS: 2 ChangeBinInt-EraseBytes-
#2587433	REDUCE cov: 267 ft: 1594 corp: 481/98Kb lim: 4096 exec/s: 21561 rss: 535Mb L: 3327/3913 MS: 2 ChangeASCIIInt-EraseBytes-
#2589207	REDUCE cov: 267 ft: 1594 corp: 481/98Kb lim: 4096 exec/s: 21398 rss: 536Mb L: 1039/3913 MS: 4 InsertRepeatedBytes-ChangeBinInt-ShuffleBytes-EraseBytes-
#2589409	REDUCE cov: 267 ft: 1594 corp: 481/98Kb lim: 4096 exec/s: 21400 rss: 537Mb L: 108/3913 MS: 2 ShuffleBytes-EraseBytes-
#2591747	REDUCE cov: 267 ft: 1594 corp: 481/97Kb lim: 4096 exec/s: 21419 rss: 539Mb L: 457/3913 MS: 3 ChangeASCIIInt-ChangeASCIIInt-EraseBytes-
#2594180	REDUCE cov: 267 ft: 1594 corp: 481/97Kb lim: 4096 exec/s: 21439 rss: 539Mb L: 94/3913 MS: 3 InsertByte-EraseBytes-ChangeBinInt-
#2594506	REDUCE cov: 267 ft: 1594 corp: 481/97Kb lim: 4096 exec/s: 21442 rss: 539Mb L: 87/3913 MS: 1 EraseBytes-
#2595942	REDUCE cov: 267 ft: 1594 corp: 481/97Kb lim: 4096 exec/s: 21454 rss: 539Mb L: 1882/3913 MS: 1 EraseBytes-
#2598741	REDUCE cov: 267 ft: 1594 corp: 481/97Kb lim: 4096 exec/s: 21301 rss: 539Mb L: 481/3913 MS: 4 CopyPart-InsertByte-InsertByte-EraseBytes-
#2599762	REDUCE cov: 267 ft: 1594 corp: 481/97Kb lim: 4096 exec/s: 21309 rss: 539Mb L: 64/3913 MS: 1 EraseBytes-
#2601703	REDUCE cov: 267 ft: 1594 corp: 481/97Kb lim: 4096 exec/s: 21325 rss: 539Mb L: 1681/3913 MS: 1 EraseBytes-
#2606430	REDUCE cov: 267 ft: 1594 corp: 481/97Kb lim: 4096 exec/s: 21190 rss: 539Mb L: 419/3913 MS: 2 CopyPart-EraseBytes-
#2606483	REDUCE cov: 267 ft: 1594 corp: 481/97Kb lim: 4096 exec/s: 21190 rss: 539Mb L: 65/3913 MS: 3 CopyPart-ChangeByte-EraseBytes-
#2607560	REDUCE cov: 267 ft: 1594 corp: 481/97Kb lim: 4096 exec/s: 21199 rss: 539Mb L: 64/3913 MS: 2 ChangeASCIIInt-EraseBytes-
#2607747	REDUCE cov: 267 ft: 1594 corp: 481/97Kb lim: 4096 exec/s: 21201 rss: 539Mb L: 1037/3913 MS: 2 ChangeASCIIInt-EraseBytes-
#2609319	REDUCE cov: 267 ft: 1594 corp: 481/97Kb lim: 4096 exec/s: 21213 rss: 539Mb L: 324/3913 MS: 2 ChangeBit-EraseBytes-
#2609530	REDUCE cov: 267 ft: 1594 corp: 481/97Kb lim: 4096 exec/s: 21215 rss: 539Mb L: 1032/3913 MS: 1 EraseBytes-
#2621181	REDUCE cov: 267 ft: 1594 corp: 481/97Kb lim: 4096 exec/s: 21138 rss: 539Mb L: 2506/3913 MS: 1 EraseBytes-
#2622652	REDUCE cov: 267 ft: 1594 corp: 481/97Kb lim: 4096 exec/s: 21150 rss: 539Mb L: 1552/3913 MS: 1 EraseBytes-
#2627653	REDUCE cov: 267 ft: 1594 corp: 481/97Kb lim: 4096 exec/s: 21021 rss: 539Mb L: 59/3913 MS: 1 EraseBytes-
#2631975	REDUCE cov: 267 ft: 1594 corp: 481/97Kb lim: 4096 exec/s: 21055 rss: 539Mb L: 3554/3913 MS: 2 ChangeASCIIInt-EraseBytes-
#2638037	REDUCE cov: 267 ft: 1594 corp: 481/97Kb lim: 4096 exec/s: 20936 rss: 539Mb L: 413/3913 MS: 2 CrossOver-EraseBytes-
#2643111	REDUCE cov: 267 ft: 1594 corp: 481/97Kb lim: 4096 exec/s: 20977 rss: 539Mb L: 1009/3913 MS: 4 InsertByte-ChangeBinInt-ChangeByte-EraseBytes-
#2644978	REDUCE cov: 267 ft: 1594 corp: 481/97Kb lim: 4096 exec/s: 20826 rss: 539Mb L: 1471/3913 MS: 2 ShuffleBytes-EraseBytes-
#2645419	REDUCE cov: 267 ft: 1594 corp: 481/97Kb lim: 4096 exec/s: 20830 rss: 539Mb L: 1898/3913 MS: 1 EraseBytes-
#2645805	REDUCE cov: 267 ft: 1596 corp: 482/99Kb lim: 4096 exec/s: 20833 rss: 539Mb L: 2228/3913 MS: 1 CrossOver-
#2649532	REDUCE cov: 267 ft: 1596 corp: 482/99Kb lim: 4096 exec/s: 20862 rss: 539Mb L: 135/3913 MS: 2 CopyPart-EraseBytes-
#2651154	REDUCE cov: 267 ft: 1596 corp: 482/99Kb lim: 4096 exec/s: 20875 rss: 539Mb L: 2468/3913 MS: 2 ChangeBinInt-EraseBytes-
#2655403	REDUCE cov: 267 ft: 1596 corp: 482/99Kb lim: 4096 exec/s: 20745 rss: 539Mb L: 1243/3913 MS: 4 EraseBytes-ChangeBinInt-ShuffleBytes-CopyPart-
#2656430	REDUCE cov: 267 ft: 1596 corp: 482/99Kb lim: 4096 exec/s: 20753 rss: 539Mb L: 115/3913 MS: 2 ChangeByte-EraseBytes-
#2657367	REDUCE cov: 267 ft: 1596 corp: 482/98Kb lim: 4096 exec/s: 20760 rss: 539Mb L: 104/3913 MS: 2 ChangeBit-EraseBytes-
#2665369	REDUCE cov: 267 ft: 1596 corp: 482/98Kb lim: 4096 exec/s: 20661 rss: 539Mb L: 3149/3913 MS: 2 PersAutoDict-EraseBytes- DE: "^\000\000\000\000\000\000\000"-
#2667566	REDUCE cov: 267 ft: 1596 corp: 482/98Kb lim: 4096 exec/s: 20678 rss: 539Mb L: 976/3913 MS: 2 ChangeBit-EraseBytes-
#2671628	REDUCE cov: 267 ft: 1596 corp: 482/98Kb lim: 4096 exec/s: 20710 rss: 539Mb L: 3464/3913 MS: 2 CMP-EraseBytes- DE: "\015\000\000\000\000\000\000\000"-
#2672604	REDUCE cov: 267 ft: 1596 corp: 482/98Kb lim: 4096 exec/s: 20717 rss: 539Mb L: 322/3913 MS: 1 EraseBytes-
#2672800	REDUCE cov: 267 ft: 1596 corp: 482/98Kb lim: 4096 exec/s: 20719 rss: 539Mb L: 42/3913 MS: 1 EraseBytes-
#2672822	REDUCE cov: 267 ft: 1596 corp: 482/98Kb lim: 4096 exec/s: 20719 rss: 539Mb L: 320/3913 MS: 2 CMP-EraseBytes- DE: "\001\000\000\002"-
#2674593	REDUCE cov: 267 ft: 1596 corp: 482/98Kb lim: 4096 exec/s: 20733 rss: 539Mb L: 1162/3913 MS: 1 EraseBytes-
#2675874	REDUCE cov: 267 ft: 1596 corp: 482/98Kb lim: 4096 exec/s: 20743 rss: 539Mb L: 114/3913 MS: 1 EraseBytes-
#2676892	REDUCE cov: 267 ft: 1596 corp: 482/98Kb lim: 4096 exec/s: 20591 rss: 539Mb L: 266/3913 MS: 3 ChangeBit-ShuffleBytes-EraseBytes-
#2679088	REDUCE cov: 267 ft: 1596 corp: 482/98Kb lim: 4096 exec/s: 20608 rss: 539Mb L: 37/3913 MS: 1 EraseBytes-
#2679369	REDUCE cov: 267 ft: 1596 corp: 482/98Kb lim: 4096 exec/s: 20610 rss: 539Mb L: 309/3913 MS: 1 EraseBytes-
#2680465	REDUCE cov: 267 ft: 1596 corp: 482/98Kb lim: 4096 exec/s: 20618 rss: 539Mb L: 130/3913 MS: 1 EraseBytes-
#2682906	REDUCE cov: 267 ft: 1597 corp: 483/102Kb lim: 4096 exec/s: 20637 rss: 539Mb L: 4054/4054 MS: 1 CopyPart-
#2684017	REDUCE cov: 267 ft: 1597 corp: 483/102Kb lim: 4096 exec/s: 20646 rss: 539Mb L: 974/4054 MS: 1 EraseBytes-
#2687024	REDUCE cov: 267 ft: 1597 corp: 483/102Kb lim: 4096 exec/s: 20669 rss: 539Mb L: 1276/4054 MS: 2 PersAutoDict-CrossOver- DE: "\377\001"-
#2688545	REDUCE cov: 267 ft: 1597 corp: 483/102Kb lim: 4096 exec/s: 20523 rss: 539Mb L: 55/4054 MS: 1 EraseBytes-
#2688676	REDUCE cov: 267 ft: 1597 corp: 483/102Kb lim: 4096 exec/s: 20524 rss: 539Mb L: 1238/4054 MS: 1 EraseBytes-
#2690923	REDUCE cov: 267 ft: 1597 corp: 483/102Kb lim: 4096 exec/s: 20541 rss: 539Mb L: 947/4054 MS: 2 PersAutoDict-EraseBytes- DE: "\377\377\3779"-
#2694570	REDUCE cov: 267 ft: 1597 corp: 483/102Kb lim: 4096 exec/s: 20569 rss: 539Mb L: 3261/4054 MS: 2 EraseBytes-CrossOver-
#2697237	REDUCE cov: 267 ft: 1597 corp: 483/102Kb lim: 4096 exec/s: 20433 rss: 539Mb L: 1102/4054 MS: 2 ChangeASCIIInt-EraseBytes-
#2700884	REDUCE cov: 267 ft: 1597 corp: 483/102Kb lim: 4096 exec/s: 20461 rss: 539Mb L: 107/4054 MS: 2 ChangeByte-EraseBytes-
#2701373	REDUCE cov: 267 ft: 1597 corp: 483/102Kb lim: 4096 exec/s: 20464 rss: 539Mb L: 40/4054 MS: 4 CopyPart-ChangeBinInt-ChangeBit-EraseBytes-
#2703404	REDUCE cov: 267 ft: 1597 corp: 483/102Kb lim: 4096 exec/s: 20480 rss: 539Mb L: 32/4054 MS: 1 EraseBytes-
#2705635	REDUCE cov: 267 ft: 1597 corp: 483/102Kb lim: 4096 exec/s: 20497 rss: 539Mb L: 824/4054 MS: 1 EraseBytes-
#2716322	REDUCE cov: 267 ft: 1597 corp: 483/102Kb lim: 4096 exec/s: 20271 rss: 539Mb L: 394/4054 MS: 2 ChangeASCIIInt-EraseBytes-
#2716568	REDUCE cov: 267 ft: 1597 corp: 483/102Kb lim: 4096 exec/s: 20272 rss: 539Mb L: 1226/4054 MS: 1 EraseBytes-
#2716850	REDUCE cov: 267 ft: 1597 corp: 483/102Kb lim: 4096 exec/s: 20275 rss: 539Mb L: 54/4054 MS: 2 ShuffleBytes-EraseBytes-
#2719541	REDUCE cov: 267 ft: 1597 corp: 483/102Kb lim: 4096 exec/s: 20295 rss: 539Mb L: 740/4054 MS: 1 EraseBytes-
#2726162	REDUCE cov: 267 ft: 1597 corp: 483/102Kb lim: 4096 exec/s: 20193 rss: 539Mb L: 2321/4054 MS: 1 EraseBytes-
#2744363	REDUCE cov: 267 ft: 1597 corp: 483/102Kb lim: 4096 exec/s: 20179 rss: 539Mb L: 1085/4054 MS: 1 EraseBytes-
#2745549	REDUCE cov: 267 ft: 1597 corp: 483/102Kb lim: 4096 exec/s: 20040 rss: 539Mb L: 1013/4054 MS: 1 EraseBytes-
#2746375	REDUCE cov: 267 ft: 1597 corp: 483/101Kb lim: 4096 exec/s: 20046 rss: 539Mb L: 255/4054 MS: 1 EraseBytes-
#2751576	REDUCE cov: 267 ft: 1597 corp: 483/101Kb lim: 4096 exec/s: 20084 rss: 539Mb L: 3224/4054 MS: 1 EraseBytes-
#2752419	REDUCE cov: 267 ft: 1597 corp: 483/101Kb lim: 4096 exec/s: 20090 rss: 539Mb L: 83/4054 MS: 3 CopyPart-CMP-EraseBytes- DE: "\267\221l\377_\000\000\000"-
#2753560	REDUCE cov: 267 ft: 1597 corp: 483/101Kb lim: 4096 exec/s: 20098 rss: 539Mb L: 247/4054 MS: 1 EraseBytes-
#2755223	REDUCE cov: 267 ft: 1597 corp: 483/101Kb lim: 4096 exec/s: 19965 rss: 539Mb L: 1529/4054 MS: 3 ChangeBinInt-ChangeASCIIInt-EraseBytes-
#2756190	REDUCE cov: 267 ft: 1597 corp: 483/101Kb lim: 4096 exec/s: 19972 rss: 539Mb L: 1185/4054 MS: 2 ChangeByte-EraseBytes-
#2761158	REDUCE cov: 267 ft: 1597 corp: 483/101Kb lim: 4096 exec/s: 20008 rss: 539Mb L: 2434/4054 MS: 3 ChangeBit-ChangeBit-EraseBytes-
#2765204	REDUCE cov: 267 ft: 1597 corp: 483/101Kb lim: 4096 exec/s: 19893 rss: 539Mb L: 307/4054 MS: 1 EraseBytes-
#2768275	REDUCE cov: 267 ft: 1597 corp: 483/101Kb lim: 4096 exec/s: 19915 rss: 539Mb L: 729/4054 MS: 1 EraseBytes-
#2772211	REDUCE cov: 267 ft: 1597 corp: 483/101Kb lim: 4096 exec/s: 19943 rss: 539Mb L: 192/4054 MS: 1 EraseBytes-
#2772663	REDUCE cov: 267 ft: 1597 corp: 483/101Kb lim: 4096 exec/s: 19947 rss: 539Mb L: 105/4054 MS: 2 EraseBytes-CopyPart-
#2775439	REDUCE cov: 267 ft: 1597 corp: 483/101Kb lim: 4096 exec/s: 19824 rss: 539Mb L: 1012/4054 MS: 1 EraseBytes-
#2776472	REDUCE cov: 267 ft: 1597 corp: 483/101Kb lim: 4096 exec/s: 19831 rss: 539Mb L: 1009/4054 MS: 3 ChangeASCIIInt-InsertByte-EraseBytes-
#2777885	REDUCE cov: 267 ft: 1597 corp: 483/101Kb lim: 4096 exec/s: 19842 rss: 539Mb L: 299/4054 MS: 3 ChangeBinInt-ChangeBit-EraseBytes-
#2780026	REDUCE cov: 267 ft: 1597 corp: 483/101Kb lim: 4096 exec/s: 19857 rss: 539Mb L: 3216/4054 MS: 1 EraseBytes-
#2781683	REDUCE cov: 267 ft: 1597 corp: 483/101Kb lim: 4096 exec/s: 19869 rss: 539Mb L: 220/4054 MS: 2 ChangeASCIIInt-EraseBytes-
#2794371	REDUCE cov: 267 ft: 1597 corp: 483/101Kb lim: 4096 exec/s: 19818 rss: 539Mb L: 377/4054 MS: 3 ShuffleBytes-PersAutoDict-EraseBytes- DE: "\001\000\000\000"-
#2794763	REDUCE cov: 267 ft: 1597 corp: 483/101Kb lim: 4096 exec/s: 19821 rss: 539Mb L: 1173/4054 MS: 2 ChangeByte-EraseBytes-
#2795930	REDUCE cov: 267 ft: 1597 corp: 483/101Kb lim: 4096 exec/s: 19689 rss: 539Mb L: 233/4054 MS: 2 ChangeASCIIInt-EraseBytes-
#2802841	REDUCE cov: 267 ft: 1597 corp: 483/101Kb lim: 4096 exec/s: 19738 rss: 539Mb L: 927/4054 MS: 1 EraseBytes-
#2803368	REDUCE cov: 267 ft: 1597 corp: 483/101Kb lim: 4096 exec/s: 19742 rss: 539Mb L: 1083/4054 MS: 2 PersAutoDict-EraseBytes- DE: "\000\000\000\000\000\000\020\004"-
#2813590	REDUCE cov: 267 ft: 1597 corp: 483/101Kb lim: 4096 exec/s: 19675 rss: 539Mb L: 103/4054 MS: 2 ChangeBit-EraseBytes-
#2814816	REDUCE cov: 267 ft: 1597 corp: 483/101Kb lim: 4096 exec/s: 19684 rss: 539Mb L: 3017/4054 MS: 1 EraseBytes-
#2817862	REDUCE cov: 267 ft: 1597 corp: 483/101Kb lim: 4096 exec/s: 19568 rss: 539Mb L: 728/4054 MS: 1 EraseBytes-
#2819883	REDUCE cov: 267 ft: 1597 corp: 483/101Kb lim: 4096 exec/s: 19582 rss: 539Mb L: 50/4054 MS: 1 EraseBytes-
#2828424	REDUCE cov: 267 ft: 1597 corp: 483/101Kb lim: 4096 exec/s: 19506 rss: 539Mb L: 329/4054 MS: 1 EraseBytes-
#2829810	REDUCE cov: 267 ft: 1597 corp: 483/101Kb lim: 4096 exec/s: 19515 rss: 539Mb L: 81/4054 MS: 1 EraseBytes-
#2833236	REDUCE cov: 267 ft: 1597 corp: 483/101Kb lim: 4096 exec/s: 19539 rss: 539Mb L: 2949/4054 MS: 1 EraseBytes-
#2836147	REDUCE cov: 267 ft: 1597 corp: 483/101Kb lim: 4096 exec/s: 19425 rss: 539Mb L: 101/4054 MS: 1 EraseBytes-
#2849958	REDUCE cov: 267 ft: 1597 corp: 483/101Kb lim: 4096 exec/s: 19387 rss: 539Mb L: 78/4054 MS: 1 EraseBytes-
#2854694	REDUCE cov: 267 ft: 1597 corp: 483/100Kb lim: 4096 exec/s: 19419 rss: 539Mb L: 666/4054 MS: 1 EraseBytes-
#2856105	REDUCE cov: 267 ft: 1597 corp: 483/100Kb lim: 4096 exec/s: 19429 rss: 539Mb L: 71/4054 MS: 1 EraseBytes-
#2857697	REDUCE cov: 267 ft: 1597 corp: 483/100Kb lim: 4096 exec/s: 19440 rss: 539Mb L: 70/4054 MS: 2 EraseBytes-CopyPart-
#2860469	REDUCE cov: 267 ft: 1597 corp: 483/100Kb lim: 4096 exec/s: 19327 rss: 539Mb L: 2218/4054 MS: 2 ChangeASCIIInt-EraseBytes-
#2862360	REDUCE cov: 267 ft: 1597 corp: 483/100Kb lim: 4096 exec/s: 19340 rss: 539Mb L: 295/4054 MS: 1 EraseBytes-
#2863021	REDUCE cov: 267 ft: 1597 corp: 483/100Kb lim: 4096 exec/s: 19344 rss: 539Mb L: 1011/4054 MS: 1 EraseBytes-
#2864417	REDUCE cov: 267 ft: 1597 corp: 483/100Kb lim: 4096 exec/s: 19354 rss: 539Mb L: 199/4054 MS: 1 EraseBytes-
#2865053	REDUCE cov: 267 ft: 1597 corp: 483/100Kb lim: 4096 exec/s: 19358 rss: 539Mb L: 212/4054 MS: 1 EraseBytes-
#2865229	REDUCE cov: 267 ft: 1597 corp: 483/100Kb lim: 4096 exec/s: 19359 rss: 539Mb L: 2451/4054 MS: 1 EraseBytes-
#2867261	REDUCE cov: 267 ft: 1597 corp: 483/100Kb lim: 4096 exec/s: 19373 rss: 539Mb L: 2856/4054 MS: 2 CrossOver-EraseBytes-
#2868902	REDUCE cov: 267 ft: 1597 corp: 483/100Kb lim: 4096 exec/s: 19254 rss: 539Mb L: 38/4054 MS: 1 EraseBytes-
#2869623	REDUCE cov: 267 ft: 1597 corp: 483/100Kb lim: 4096 exec/s: 19259 rss: 539Mb L: 219/4054 MS: 1 EraseBytes-
#2876733	REDUCE cov: 267 ft: 1597 corp: 483/100Kb lim: 4096 exec/s: 19306 rss: 539Mb L: 269/4054 MS: 5 CrossOver-ChangeASCIIInt-ChangeByte-InsertRepeatedBytes-EraseBytes-
#2882854	REDUCE cov: 267 ft: 1597 corp: 483/100Kb lim: 4096 exec/s: 19219 rss: 539Mb L: 2326/4054 MS: 1 EraseBytes-
#2883570	REDUCE cov: 267 ft: 1597 corp: 483/100Kb lim: 4096 exec/s: 19223 rss: 539Mb L: 560/4054 MS: 1 EraseBytes-
#2892016	REDUCE cov: 267 ft: 1597 corp: 483/100Kb lim: 4096 exec/s: 19152 rss: 539Mb L: 37/4054 MS: 1 EraseBytes-
#2893154	REDUCE cov: 267 ft: 1597 corp: 483/100Kb lim: 4096 exec/s: 19159 rss: 539Mb L: 167/4054 MS: 3 PersAutoDict-ChangeBit-EraseBytes- DE: "\377\000"-
#2895207	REDUCE cov: 267 ft: 1597 corp: 483/100Kb lim: 4096 exec/s: 19173 rss: 539Mb L: 3284/4054 MS: 3 InsertRepeatedBytes-CMP-EraseBytes- DE: "\001\000"-
#2904343	REDUCE cov: 267 ft: 1597 corp: 483/100Kb lim: 4096 exec/s: 19107 rss: 539Mb L: 26/4054 MS: 1 EraseBytes-
#2906274	REDUCE cov: 267 ft: 1597 corp: 483/100Kb lim: 4096 exec/s: 19120 rss: 539Mb L: 102/4054 MS: 1 EraseBytes-
#2908586	REDUCE cov: 267 ft: 1597 corp: 483/100Kb lim: 4096 exec/s: 19135 rss: 539Mb L: 341/4054 MS: 2 InsertRepeatedBytes-EraseBytes-
#2909922	REDUCE cov: 267 ft: 1597 corp: 483/100Kb lim: 4096 exec/s: 19144 rss: 539Mb L: 1498/4054 MS: 1 EraseBytes-
#2910728	REDUCE cov: 267 ft: 1597 corp: 483/100Kb lim: 4096 exec/s: 19149 rss: 539Mb L: 536/4054 MS: 1 EraseBytes-
#2913066	REDUCE cov: 267 ft: 1600 corp: 484/102Kb lim: 4096 exec/s: 19039 rss: 539Mb L: 2977/4054 MS: 3 CrossOver-CrossOver-CrossOver-
#2915127	REDUCE cov: 267 ft: 1600 corp: 484/102Kb lim: 4096 exec/s: 19053 rss: 539Mb L: 44/4054 MS: 1 EraseBytes-
#2917213	REDUCE cov: 267 ft: 1600 corp: 484/102Kb lim: 4096 exec/s: 19066 rss: 539Mb L: 2397/4054 MS: 1 EraseBytes-
#2919719	REDUCE cov: 267 ft: 1600 corp: 484/102Kb lim: 4096 exec/s: 19083 rss: 539Mb L: 919/4054 MS: 1 EraseBytes-
#2924740	REDUCE cov: 267 ft: 1600 corp: 484/102Kb lim: 4096 exec/s: 18991 rss: 539Mb L: 100/4054 MS: 1 EraseBytes-
#2927806	REDUCE cov: 267 ft: 1600 corp: 484/102Kb lim: 4096 exec/s: 19011 rss: 539Mb L: 911/4054 MS: 1 EraseBytes-
#2940782	REDUCE cov: 267 ft: 1600 corp: 484/102Kb lim: 4096 exec/s: 18972 rss: 539Mb L: 170/4054 MS: 1 EraseBytes-
#2951083	REDUCE cov: 267 ft: 1600 corp: 484/102Kb lim: 4096 exec/s: 18917 rss: 539Mb L: 92/4054 MS: 1 EraseBytes-
#2953629	REDUCE cov: 267 ft: 1600 corp: 484/102Kb lim: 4096 exec/s: 18933 rss: 539Mb L: 127/4054 MS: 1 EraseBytes-
#2956427	REDUCE cov: 267 ft: 1600 corp: 484/102Kb lim: 4096 exec/s: 18830 rss: 539Mb L: 3059/4054 MS: 3 CMP-ChangeBit-EraseBytes- DE: "\000\000\000\000\000\000\020\014"-
#2960648	REDUCE cov: 267 ft: 1600 corp: 484/102Kb lim: 4096 exec/s: 18857 rss: 539Mb L: 3249/4054 MS: 1 EraseBytes-
#2962049	REDUCE cov: 267 ft: 1600 corp: 484/102Kb lim: 4096 exec/s: 18866 rss: 539Mb L: 1448/4054 MS: 1 EraseBytes-
#2965420	REDUCE cov: 267 ft: 1600 corp: 484/102Kb lim: 4096 exec/s: 18888 rss: 539Mb L: 907/4054 MS: 1 EraseBytes-
#2972876	REDUCE cov: 267 ft: 1600 corp: 484/102Kb lim: 4096 exec/s: 18815 rss: 539Mb L: 49/4054 MS: 1 EraseBytes-
#2973058	REDUCE cov: 267 ft: 1600 corp: 484/102Kb lim: 4096 exec/s: 18816 rss: 539Mb L: 975/4054 MS: 2 CMP-EraseBytes- DE: "\001\000\000\000\000\000\000n"-
#2976804	REDUCE cov: 267 ft: 1600 corp: 484/102Kb lim: 4096 exec/s: 18722 rss: 539Mb L: 337/4054 MS: 1 EraseBytes-
#2988405	REDUCE cov: 267 ft: 1600 corp: 484/102Kb lim: 4096 exec/s: 18677 rss: 539Mb L: 132/4054 MS: 1 EraseBytes-
#2989786	REDUCE cov: 267 ft: 1600 corp: 484/102Kb lim: 4096 exec/s: 18686 rss: 539Mb L: 89/4054 MS: 1 EraseBytes-
#2991359	REDUCE cov: 267 ft: 1600 corp: 484/102Kb lim: 4096 exec/s: 18695 rss: 539Mb L: 141/4054 MS: 3 ChangeBinInt-ShuffleBytes-EraseBytes-
#2999595	REDUCE cov: 267 ft: 1600 corp: 484/102Kb lim: 4096 exec/s: 18631 rss: 539Mb L: 1520/4054 MS: 1 EraseBytes-
#3002037	REDUCE cov: 267 ft: 1600 corp: 484/102Kb lim: 4096 exec/s: 18646 rss: 539Mb L: 2269/4054 MS: 2 EraseBytes-CopyPart-
#3003913	REDUCE cov: 267 ft: 1600 corp: 484/102Kb lim: 4096 exec/s: 18657 rss: 539Mb L: 63/4054 MS: 1 EraseBytes-
#3010331	REDUCE cov: 267 ft: 1600 corp: 484/102Kb lim: 4096 exec/s: 18582 rss: 539Mb L: 2785/4054 MS: 3 EraseBytes-ChangeASCIIInt-CopyPart-
#3028997	REDUCE cov: 267 ft: 1600 corp: 484/102Kb lim: 4096 exec/s: 18469 rss: 539Mb L: 28/4054 MS: 1 EraseBytes-
#3030090	REDUCE cov: 267 ft: 1600 corp: 484/101Kb lim: 4096 exec/s: 18476 rss: 539Mb L: 2363/4054 MS: 3 ShuffleBytes-CMP-EraseBytes- DE: "\000\002"-
#3034717	REDUCE cov: 267 ft: 1600 corp: 484/101Kb lim: 4096 exec/s: 18504 rss: 539Mb L: 490/4054 MS: 2 ShuffleBytes-EraseBytes-
#3045784	REDUCE cov: 267 ft: 1600 corp: 484/101Kb lim: 4096 exec/s: 18459 rss: 539Mb L: 191/4054 MS: 2 ChangeASCIIInt-EraseBytes-
#3050155	REDUCE cov: 267 ft: 1600 corp: 484/101Kb lim: 4096 exec/s: 18485 rss: 539Mb L: 3023/4054 MS: 1 EraseBytes-
#3055077	REDUCE cov: 267 ft: 1600 corp: 484/101Kb lim: 4096 exec/s: 18404 rss: 539Mb L: 1430/4054 MS: 2 EraseBytes-CopyPart-
#3055543	REDUCE cov: 267 ft: 1600 corp: 484/101Kb lim: 4096 exec/s: 18406 rss: 539Mb L: 1025/4054 MS: 1 EraseBytes-
#3057314	REDUCE cov: 267 ft: 1600 corp: 484/101Kb lim: 4096 exec/s: 18417 rss: 539Mb L: 1340/4054 MS: 1 EraseBytes-
#3058610	REDUCE cov: 267 ft: 1600 corp: 484/101Kb lim: 4096 exec/s: 18425 rss: 539Mb L: 462/4054 MS: 1 EraseBytes-
#3059571	REDUCE cov: 267 ft: 1600 corp: 484/101Kb lim: 4096 exec/s: 18431 rss: 539Mb L: 126/4054 MS: 1 EraseBytes-
#3065755	REDUCE cov: 267 ft: 1600 corp: 484/101Kb lim: 4096 exec/s: 18357 rss: 539Mb L: 521/4054 MS: 4 ChangeBinInt-InsertRepeatedBytes-CMP-EraseBytes- DE: "\377\377\377\002"-
#3067513	REDUCE cov: 267 ft: 1600 corp: 484/101Kb lim: 4096 exec/s: 18368 rss: 539Mb L: 2240/4054 MS: 3 ChangeBinInt-InsertByte-EraseBytes-
#3068666	REDUCE cov: 267 ft: 1600 corp: 484/101Kb lim: 4096 exec/s: 18375 rss: 539Mb L: 2445/4054 MS: 3 ChangeBit-ShuffleBytes-EraseBytes-
#3072477	REDUCE cov: 267 ft: 1600 corp: 484/101Kb lim: 4096 exec/s: 18288 rss: 539Mb L: 494/4054 MS: 1 EraseBytes-
#3072549	REDUCE cov: 267 ft: 1600 corp: 484/100Kb lim: 4096 exec/s: 18288 rss: 539Mb L: 341/4054 MS: 2 InsertByte-EraseBytes-
#3074425	REDUCE cov: 267 ft: 1600 corp: 484/100Kb lim: 4096 exec/s: 18300 rss: 539Mb L: 2128/4054 MS: 1 EraseBytes-
#3075201	REDUCE cov: 267 ft: 1600 corp: 484/100Kb lim: 4096 exec/s: 18304 rss: 539Mb L: 322/4054 MS: 1 EraseBytes-
#3077484	REDUCE cov: 267 ft: 1600 corp: 484/100Kb lim: 4096 exec/s: 18318 rss: 539Mb L: 3766/4054 MS: 3 InsertRepeatedBytes-ShuffleBytes-EraseBytes-
#3081442	REDUCE cov: 267 ft: 1600 corp: 484/100Kb lim: 4096 exec/s: 18341 rss: 539Mb L: 390/4054 MS: 3 ChangeBit-ChangeBinInt-EraseBytes-
#3082848	REDUCE cov: 267 ft: 1600 corp: 484/100Kb lim: 4096 exec/s: 18241 rss: 539Mb L: 1143/4054 MS: 1 EraseBytes-
#3086499	REDUCE cov: 267 ft: 1600 corp: 484/100Kb lim: 4096 exec/s: 18263 rss: 539Mb L: 180/4054 MS: 1 EraseBytes-
#3089539	REDUCE cov: 267 ft: 1600 corp: 484/100Kb lim: 4096 exec/s: 18281 rss: 539Mb L: 2038/4054 MS: 5 ChangeASCIIInt-ChangeByte-PersAutoDict-ChangeBinInt-EraseBytes- DE: "\021\000\000\000"-
#3094261	REDUCE cov: 267 ft: 1600 corp: 484/100Kb lim: 4096 exec/s: 18201 rss: 539Mb L: 2349/4054 MS: 2 CMP-EraseBytes- DE: "\000\000"-
#3110027	REDUCE cov: 267 ft: 1600 corp: 484/100Kb lim: 4096 exec/s: 18187 rss: 539Mb L: 317/4054 MS: 1 EraseBytes-
#3115903	REDUCE cov: 267 ft: 1600 corp: 484/100Kb lim: 4096 exec/s: 18221 rss: 539Mb L: 197/4054 MS: 1 EraseBytes-
#3116595	REDUCE cov: 267 ft: 1600 corp: 484/100Kb lim: 4096 exec/s: 18119 rss: 539Mb L: 334/4054 MS: 2 PersAutoDict-EraseBytes- DE: "\377\377\377\377\377\377\377\013"-
#3122502	REDUCE cov: 267 ft: 1601 corp: 485/103Kb lim: 4096 exec/s: 18154 rss: 539Mb L: 2965/4054 MS: 2 CrossOver-CopyPart-
#3123664	REDUCE cov: 267 ft: 1601 corp: 485/103Kb lim: 4096 exec/s: 18160 rss: 539Mb L: 51/4054 MS: 2 CopyPart-EraseBytes-
#3135281	REDUCE cov: 267 ft: 1601 corp: 485/103Kb lim: 4096 exec/s: 18123 rss: 539Mb L: 46/4054 MS: 2 InsertByte-EraseBytes-
#3135297	REDUCE cov: 267 ft: 1601 corp: 485/103Kb lim: 4096 exec/s: 18123 rss: 539Mb L: 36/4054 MS: 1 EraseBytes-
#3140510	REDUCE cov: 267 ft: 1601 corp: 485/103Kb lim: 4096 exec/s: 18048 rss: 539Mb L: 2036/4054 MS: 3 ChangeBit-ChangeBit-EraseBytes-
#3141116	REDUCE cov: 267 ft: 1601 corp: 485/103Kb lim: 4096 exec/s: 18052 rss: 539Mb L: 3212/4054 MS: 1 EraseBytes-
#3143448	REDUCE cov: 267 ft: 1601 corp: 485/103Kb lim: 4096 exec/s: 18065 rss: 539Mb L: 121/4054 MS: 2 ShuffleBytes-EraseBytes-
#3144709	REDUCE cov: 267 ft: 1601 corp: 485/103Kb lim: 4096 exec/s: 18073 rss: 539Mb L: 147/4054 MS: 1 EraseBytes-
#3146060	REDUCE cov: 267 ft: 1601 corp: 485/103Kb lim: 4096 exec/s: 18080 rss: 539Mb L: 939/4054 MS: 1 EraseBytes-
#3147571	REDUCE cov: 267 ft: 1601 corp: 485/103Kb lim: 4096 exec/s: 18089 rss: 539Mb L: 1141/4054 MS: 1 EraseBytes-
#3151262	REDUCE cov: 267 ft: 1601 corp: 485/103Kb lim: 4096 exec/s: 18007 rss: 539Mb L: 43/4054 MS: 1 EraseBytes-
#3167415	REDUCE cov: 267 ft: 1601 corp: 485/102Kb lim: 4096 exec/s: 17996 rss: 539Mb L: 2209/4054 MS: 3 CMP-ChangeBit-EraseBytes- DE: "\377\377\377\000"-
#3173347	REDUCE cov: 267 ft: 1601 corp: 485/102Kb lim: 4096 exec/s: 17928 rss: 539Mb L: 2628/4054 MS: 2 ChangeByte-EraseBytes-
#3175903	REDUCE cov: 267 ft: 1601 corp: 485/102Kb lim: 4096 exec/s: 17942 rss: 539Mb L: 1428/4054 MS: 1 EraseBytes-
#3180315	REDUCE cov: 267 ft: 1601 corp: 485/102Kb lim: 4096 exec/s: 17967 rss: 539Mb L: 816/4054 MS: 2 PersAutoDict-EraseBytes- DE: "\000\000\000\000\000\000\000\011"-
#3189291	REDUCE cov: 267 ft: 1601 corp: 485/102Kb lim: 4096 exec/s: 17917 rss: 539Mb L: 800/4054 MS: 1 EraseBytes-
#3209687	REDUCE cov: 267 ft: 1601 corp: 485/102Kb lim: 4096 exec/s: 17831 rss: 539Mb L: 448/4054 MS: 1 EraseBytes-
#3210350	REDUCE cov: 267 ft: 1601 corp: 485/102Kb lim: 4096 exec/s: 17835 rss: 539Mb L: 1769/4054 MS: 3 ShuffleBytes-PersAutoDict-EraseBytes- DE: "\007\000\000\000\000\000\000\000"-
#3211211	REDUCE cov: 267 ft: 1601 corp: 485/102Kb lim: 4096 exec/s: 17840 rss: 539Mb L: 31/4054 MS: 1 EraseBytes-
#3211308	REDUCE cov: 267 ft: 1601 corp: 485/102Kb lim: 4096 exec/s: 17840 rss: 539Mb L: 307/4054 MS: 2 ChangeByte-EraseBytes-
#3216269	REDUCE cov: 267 ft: 1601 corp: 485/102Kb lim: 4096 exec/s: 17868 rss: 539Mb L: 1232/4054 MS: 1 EraseBytes-
#3222575	REDUCE cov: 267 ft: 1601 corp: 485/102Kb lim: 4096 exec/s: 17804 rss: 539Mb L: 3654/4054 MS: 1 EraseBytes-
#3222881	REDUCE cov: 267 ft: 1601 corp: 485/102Kb lim: 4096 exec/s: 17805 rss: 539Mb L: 1750/4054 MS: 1 EraseBytes-
#3227792	REDUCE cov: 267 ft: 1601 corp: 485/101Kb lim: 4096 exec/s: 17833 rss: 539Mb L: 290/4054 MS: 1 EraseBytes-
#3239163	REDUCE cov: 267 ft: 1601 corp: 485/101Kb lim: 4096 exec/s: 17797 rss: 539Mb L: 1127/4054 MS: 1 EraseBytes-
#3249905	REDUCE cov: 267 ft: 1601 corp: 485/101Kb lim: 4096 exec/s: 17759 rss: 539Mb L: 788/4054 MS: 2 PersAutoDict-EraseBytes- DE: "\377\031"-
#3254127	REDUCE cov: 267 ft: 1601 corp: 485/101Kb lim: 4096 exec/s: 17782 rss: 539Mb L: 270/4054 MS: 2 ShuffleBytes-EraseBytes-
#3254453	REDUCE cov: 267 ft: 1601 corp: 485/101Kb lim: 4096 exec/s: 17783 rss: 539Mb L: 1723/4054 MS: 1 EraseBytes-
#3254695	REDUCE cov: 267 ft: 1601 corp: 485/101Kb lim: 4096 exec/s: 17785 rss: 539Mb L: 1113/4054 MS: 2 ShuffleBytes-EraseBytes-
#3254793	REDUCE cov: 267 ft: 1601 corp: 485/101Kb lim: 4096 exec/s: 17785 rss: 539Mb L: 130/4054 MS: 3 ShuffleBytes-ChangeBinInt-EraseBytes-
#3257219	REDUCE cov: 267 ft: 1601 corp: 485/101Kb lim: 4096 exec/s: 17702 rss: 539Mb L: 35/4054 MS: 1 EraseBytes-
#3260256	REDUCE cov: 267 ft: 1601 corp: 485/101Kb lim: 4096 exec/s: 17718 rss: 539Mb L: 1768/4054 MS: 2 ShuffleBytes-EraseBytes-
#3264907	REDUCE cov: 267 ft: 1601 corp: 485/101Kb lim: 4096 exec/s: 17744 rss: 539Mb L: 418/4054 MS: 1 EraseBytes-
#3272839	REDUCE cov: 267 ft: 1601 corp: 485/101Kb lim: 4096 exec/s: 17691 rss: 539Mb L: 2073/4054 MS: 2 ChangeBit-EraseBytes-
#3274457	REDUCE cov: 267 ft: 1601 corp: 485/101Kb lim: 4096 exec/s: 17699 rss: 539Mb L: 224/4054 MS: 3 PersAutoDict-ShuffleBytes-EraseBytes- DE: "\015\000"-
#3276223	REDUCE cov: 267 ft: 1601 corp: 485/101Kb lim: 4096 exec/s: 17709 rss: 539Mb L: 198/4054 MS: 1 EraseBytes-
#3279749	REDUCE cov: 267 ft: 1601 corp: 485/101Kb lim: 4096 exec/s: 17728 rss: 539Mb L: 416/4054 MS: 1 EraseBytes-
#3283525	REDUCE cov: 267 ft: 1601 corp: 485/101Kb lim: 4096 exec/s: 17653 rss: 539Mb L: 181/4054 MS: 1 EraseBytes-
#3283601	REDUCE cov: 267 ft: 1601 corp: 485/101Kb lim: 4096 exec/s: 17653 rss: 539Mb L: 531/4054 MS: 1 EraseBytes-
#3287187	REDUCE cov: 267 ft: 1601 corp: 485/101Kb lim: 4096 exec/s: 17673 rss: 539Mb L: 324/4054 MS: 1 EraseBytes-
#3293703	REDUCE cov: 267 ft: 1601 corp: 485/101Kb lim: 4096 exec/s: 17613 rss: 539Mb L: 387/4054 MS: 1 EraseBytes-
#3295999	REDUCE cov: 267 ft: 1601 corp: 485/101Kb lim: 4096 exec/s: 17625 rss: 539Mb L: 306/4054 MS: 1 EraseBytes-
#3296015	REDUCE cov: 267 ft: 1601 corp: 485/101Kb lim: 4096 exec/s: 17625 rss: 539Mb L: 768/4054 MS: 1 EraseBytes-
#3302241	REDUCE cov: 267 ft: 1601 corp: 485/101Kb lim: 4096 exec/s: 17659 rss: 539Mb L: 61/4054 MS: 1 EraseBytes-
#3303352	REDUCE cov: 267 ft: 1601 corp: 485/101Kb lim: 4096 exec/s: 17664 rss: 539Mb L: 127/4054 MS: 1 EraseBytes-
#3307209	REDUCE cov: 267 ft: 1601 corp: 485/101Kb lim: 4096 exec/s: 17591 rss: 539Mb L: 94/4054 MS: 2 InsertByte-EraseBytes-
#3307248	REDUCE cov: 267 ft: 1601 corp: 485/101Kb lim: 4096 exec/s: 17591 rss: 539Mb L: 35/4054 MS: 4 CopyPart-EraseBytes-ChangeByte-ChangeBit-
#3307554	REDUCE cov: 267 ft: 1601 corp: 485/101Kb lim: 4096 exec/s: 17593 rss: 539Mb L: 125/4054 MS: 1 EraseBytes-
#3309542	REDUCE cov: 267 ft: 1601 corp: 485/101Kb lim: 4096 exec/s: 17603 rss: 539Mb L: 92/4054 MS: 3 CopyPart-EraseBytes-CopyPart-
#3312325	REDUCE cov: 267 ft: 1601 corp: 485/101Kb lim: 4096 exec/s: 17618 rss: 539Mb L: 752/4054 MS: 3 CopyPart-ShuffleBytes-EraseBytes-
#3315893	REDUCE cov: 267 ft: 1601 corp: 485/101Kb lim: 4096 exec/s: 17637 rss: 539Mb L: 2234/4054 MS: 3 PersAutoDict-ChangeBit-EraseBytes- DE: "\001\013"-
#3319277	REDUCE cov: 267 ft: 1601 corp: 485/101Kb lim: 4096 exec/s: 17562 rss: 539Mb L: 2031/4054 MS: 4 ChangeBinInt-ChangeASCIIInt-ChangeBit-EraseBytes-
#3324163	REDUCE cov: 267 ft: 1601 corp: 485/101Kb lim: 4096 exec/s: 17588 rss: 539Mb L: 306/4054 MS: 1 EraseBytes-
#3325404	REDUCE cov: 267 ft: 1601 corp: 485/100Kb lim: 4096 exec/s: 17594 rss: 539Mb L: 1975/4054 MS: 1 EraseBytes-
#3325470	REDUCE cov: 267 ft: 1601 corp: 485/100Kb lim: 4096 exec/s: 17595 rss: 539Mb L: 29/4054 MS: 1 EraseBytes-
#3329176	REDUCE cov: 267 ft: 1601 corp: 485/100Kb lim: 4096 exec/s: 17521 rss: 539Mb L: 129/4054 MS: 1 EraseBytes-
#3332322	REDUCE cov: 267 ft: 1601 corp: 485/100Kb lim: 4096 exec/s: 17538 rss: 539Mb L: 721/4054 MS: 1 EraseBytes-
#3333498	REDUCE cov: 267 ft: 1601 corp: 485/100Kb lim: 4096 exec/s: 17544 rss: 539Mb L: 47/4054 MS: 1 EraseBytes-
#3335644	REDUCE cov: 267 ft: 1601 corp: 485/100Kb lim: 4096 exec/s: 17556 rss: 539Mb L: 43/4054 MS: 1 EraseBytes-
#3341795	REDUCE cov: 267 ft: 1601 corp: 485/100Kb lim: 4096 exec/s: 17496 rss: 539Mb L: 111/4054 MS: 1 EraseBytes-
#3343752	REDUCE cov: 267 ft: 1601 corp: 485/100Kb lim: 4096 exec/s: 17506 rss: 539Mb L: 3510/4054 MS: 2 ShuffleBytes-EraseBytes-
#3345819	REDUCE cov: 267 ft: 1601 corp: 485/100Kb lim: 4096 exec/s: 17517 rss: 539Mb L: 105/4054 MS: 2 CopyPart-EraseBytes-
#3351116	REDUCE cov: 267 ft: 1601 corp: 485/100Kb lim: 4096 exec/s: 17545 rss: 539Mb L: 1106/4054 MS: 2 ShuffleBytes-EraseBytes-
#3351982	REDUCE cov: 267 ft: 1601 corp: 485/100Kb lim: 4096 exec/s: 17549 rss: 539Mb L: 214/4054 MS: 1 EraseBytes-
#3354242	REDUCE cov: 267 ft: 1601 corp: 485/100Kb lim: 4096 exec/s: 17470 rss: 539Mb L: 361/4054 MS: 5 ChangeASCIIInt-ChangeByte-ChangeASCIIInt-ChangeASCIIInt-EraseBytes-
#3354513	REDUCE cov: 267 ft: 1601 corp: 485/100Kb lim: 4096 exec/s: 17471 rss: 539Mb L: 81/4054 MS: 1 EraseBytes-
#3362621	REDUCE cov: 267 ft: 1601 corp: 485/100Kb lim: 4096 exec/s: 17513 rss: 539Mb L: 1424/4054 MS: 3 EraseBytes-ChangeByte-CopyPart-
#3364486	REDUCE cov: 267 ft: 1601 corp: 485/100Kb lim: 4096 exec/s: 17523 rss: 539Mb L: 77/4054 MS: 5 ChangeASCIIInt-CopyPart-ChangeBinInt-ChangeASCIIInt-EraseBytes-
#3369727	REDUCE cov: 267 ft: 1601 corp: 485/100Kb lim: 4096 exec/s: 17459 rss: 539Mb L: 121/4054 MS: 1 EraseBytes-
#3370598	REDUCE cov: 267 ft: 1601 corp: 485/100Kb lim: 4096 exec/s: 17464 rss: 539Mb L: 2219/4054 MS: 1 EraseBytes-
#3372303	REDUCE cov: 267 ft: 1601 corp: 485/100Kb lim: 4096 exec/s: 17473 rss: 539Mb L: 89/4054 MS: 5 PersAutoDict-CopyPart-CrossOver-ChangeByte-EraseBytes- DE: "\001\000\000\000\000\000\000\025"-
#3379994	REDUCE cov: 267 ft: 1601 corp: 485/100Kb lim: 4096 exec/s: 17422 rss: 539Mb L: 114/4054 MS: 1 EraseBytes-
#3381184	REDUCE cov: 267 ft: 1601 corp: 485/100Kb lim: 4096 exec/s: 17428 rss: 539Mb L: 56/4054 MS: 5 ShuffleBytes-ChangeBit-ChangeBinInt-EraseBytes-EraseBytes-
#3381352	REDUCE cov: 267 ft: 1601 corp: 485/100Kb lim: 4096 exec/s: 17429 rss: 539Mb L: 2071/4054 MS: 3 ChangeBit-ChangeBit-EraseBytes-
#3383903	REDUCE cov: 267 ft: 1601 corp: 485/100Kb lim: 4096 exec/s: 17442 rss: 539Mb L: 746/4054 MS: 1 EraseBytes-
#3386442	REDUCE cov: 267 ft: 1601 corp: 485/100Kb lim: 4096 exec/s: 17366 rss: 539Mb L: 3050/4054 MS: 4 ChangeBinInt-ChangeByte-ChangeBit-EraseBytes-
#3386663	REDUCE cov: 267 ft: 1601 corp: 485/100Kb lim: 4096 exec/s: 17367 rss: 539Mb L: 358/4054 MS: 1 EraseBytes-
#3397284	REDUCE cov: 267 ft: 1601 corp: 485/100Kb lim: 4096 exec/s: 17333 rss: 539Mb L: 210/4054 MS: 1 CrossOver-
#3398799	REDUCE cov: 267 ft: 1601 corp: 485/100Kb lim: 4096 exec/s: 17340 rss: 539Mb L: 95/4054 MS: 5 ShuffleBytes-ChangeBinInt-ChangeBit-EraseBytes-CopyPart-
#3399686	REDUCE cov: 267 ft: 1601 corp: 485/100Kb lim: 4096 exec/s: 17345 rss: 539Mb L: 609/4054 MS: 2 ChangeASCIIInt-EraseBytes-
#3401002	REDUCE cov: 267 ft: 1601 corp: 485/100Kb lim: 4096 exec/s: 17352 rss: 539Mb L: 209/4054 MS: 1 EraseBytes-
#3405228	REDUCE cov: 267 ft: 1601 corp: 485/100Kb lim: 4096 exec/s: 17285 rss: 539Mb L: 1965/4054 MS: 1 EraseBytes-
#3405424	REDUCE cov: 267 ft: 1601 corp: 485/100Kb lim: 4096 exec/s: 17286 rss: 539Mb L: 2423/4054 MS: 1 EraseBytes-
#3409200	REDUCE cov: 267 ft: 1601 corp: 485/100Kb lim: 4096 exec/s: 17305 rss: 539Mb L: 126/4054 MS: 1 EraseBytes-
#3414713	REDUCE cov: 267 ft: 1601 corp: 485/100Kb lim: 4096 exec/s: 17246 rss: 539Mb L: 1696/4054 MS: 3 ChangeASCIIInt-EraseBytes-InsertByte-
#3418159	REDUCE cov: 267 ft: 1601 corp: 485/100Kb lim: 4096 exec/s: 17263 rss: 539Mb L: 1422/4054 MS: 1 EraseBytes-
#3418785	REDUCE cov: 267 ft: 1601 corp: 485/100Kb lim: 4096 exec/s: 17266 rss: 539Mb L: 288/4054 MS: 1 EraseBytes-
#3423227	REDUCE cov: 267 ft: 1601 corp: 485/100Kb lim: 4096 exec/s: 17202 rss: 539Mb L: 797/4054 MS: 2 InsertByte-EraseBytes-
#3423514	REDUCE cov: 267 ft: 1601 corp: 485/100Kb lim: 4096 exec/s: 17203 rss: 539Mb L: 23/4054 MS: 2 InsertByte-EraseBytes-
#3439105	REDUCE cov: 267 ft: 1601 corp: 485/100Kb lim: 4096 exec/s: 17109 rss: 539Mb L: 1937/4054 MS: 1 EraseBytes-
#3439941	REDUCE cov: 267 ft: 1601 corp: 485/100Kb lim: 4096 exec/s: 17114 rss: 539Mb L: 2565/4054 MS: 1 EraseBytes-
#3442429	REDUCE cov: 267 ft: 1601 corp: 485/100Kb lim: 4096 exec/s: 17126 rss: 539Mb L: 1660/4054 MS: 3 ChangeASCIIInt-ShuffleBytes-EraseBytes-
#3443260	REDUCE cov: 267 ft: 1601 corp: 485/100Kb lim: 4096 exec/s: 17130 rss: 539Mb L: 1831/4054 MS: 1 EraseBytes-
#3443261	REDUCE cov: 267 ft: 1601 corp: 485/99Kb lim: 4096 exec/s: 17130 rss: 539Mb L: 1715/4054 MS: 1 EraseBytes-
#3446737	REDUCE cov: 267 ft: 1601 corp: 485/99Kb lim: 4096 exec/s: 17147 rss: 539Mb L: 124/4054 MS: 1 EraseBytes-
#3447390	REDUCE cov: 267 ft: 1601 corp: 485/99Kb lim: 4096 exec/s: 17066 rss: 539Mb L: 343/4054 MS: 3 CrossOver-EraseBytes-CopyPart-
#3447826	REDUCE cov: 267 ft: 1601 corp: 485/99Kb lim: 4096 exec/s: 17068 rss: 539Mb L: 199/4054 MS: 1 EraseBytes-
#3452363	REDUCE cov: 267 ft: 1601 corp: 485/99Kb lim: 4096 exec/s: 17090 rss: 539Mb L: 903/4054 MS: 2 PersAutoDict-EraseBytes- DE: "\377\377\377\000"-
#3453014	REDUCE cov: 267 ft: 1601 corp: 485/99Kb lim: 4096 exec/s: 17094 rss: 539Mb L: 1543/4054 MS: 1 EraseBytes-
#3453766	REDUCE cov: 267 ft: 1601 corp: 485/99Kb lim: 4096 exec/s: 17097 rss: 539Mb L: 2182/4054 MS: 2 ChangeBit-EraseBytes-
#3455437	REDUCE cov: 267 ft: 1601 corp: 485/99Kb lim: 4096 exec/s: 17106 rss: 539Mb L: 335/4054 MS: 1 EraseBytes-
#3461169	REDUCE cov: 267 ft: 1601 corp: 485/99Kb lim: 4096 exec/s: 17050 rss: 539Mb L: 1327/4054 MS: 2 CMP-EraseBytes- DE: "\000\000\000\000\000\000\000\000"-
#3464815	REDUCE cov: 267 ft: 1601 corp: 485/99Kb lim: 4096 exec/s: 17068 rss: 539Mb L: 2110/4054 MS: 1 EraseBytes-
#3473193	REDUCE cov: 267 ft: 1601 corp: 485/99Kb lim: 4096 exec/s: 17025 rss: 539Mb L: 3456/4054 MS: 3 PersAutoDict-ChangeBit-EraseBytes- DE: "\010\000\000\000"-
#3474689	REDUCE cov: 267 ft: 1601 corp: 485/99Kb lim: 4096 exec/s: 17032 rss: 539Mb L: 2807/4054 MS: 4 CMP-ChangeBinInt-ChangeASCIIInt-EraseBytes- DE: "\000\000\000\000\000\000\000\000"-
#3475251	REDUCE cov: 267 ft: 1601 corp: 485/99Kb lim: 4096 exec/s: 17035 rss: 539Mb L: 332/4054 MS: 2 ShuffleBytes-EraseBytes-
#3477412	REDUCE cov: 267 ft: 1601 corp: 485/98Kb lim: 4096 exec/s: 16962 rss: 539Mb L: 1648/4054 MS: 1 EraseBytes-
#3482788	REDUCE cov: 267 ft: 1601 corp: 485/98Kb lim: 4096 exec/s: 16989 rss: 539Mb L: 195/4054 MS: 1 EraseBytes-
#3483860	REDUCE cov: 267 ft: 1601 corp: 485/98Kb lim: 4096 exec/s: 16994 rss: 539Mb L: 3341/4054 MS: 2 ChangeBinInt-EraseBytes-
#3485456	REDUCE cov: 267 ft: 1601 corp: 485/98Kb lim: 4096 exec/s: 17002 rss: 539Mb L: 3316/4054 MS: 1 EraseBytes-
#3488722	REDUCE cov: 267 ft: 1601 corp: 485/98Kb lim: 4096 exec/s: 16935 rss: 539Mb L: 2056/4054 MS: 1 EraseBytes-
#3490339	REDUCE cov: 267 ft: 1601 corp: 485/98Kb lim: 4096 exec/s: 16943 rss: 539Mb L: 1570/4054 MS: 2 ChangeBit-EraseBytes-
#3490545	REDUCE cov: 267 ft: 1601 corp: 485/98Kb lim: 4096 exec/s: 16944 rss: 539Mb L: 1556/4054 MS: 1 EraseBytes-
#3493446	REDUCE cov: 267 ft: 1601 corp: 485/98Kb lim: 4096 exec/s: 16958 rss: 539Mb L: 2500/4054 MS: 1 EraseBytes-
#3495348	REDUCE cov: 267 ft: 1601 corp: 485/98Kb lim: 4096 exec/s: 16885 rss: 539Mb L: 2140/4054 MS: 2 ChangeBit-EraseBytes-
#3498000	REDUCE cov: 267 ft: 1601 corp: 485/98Kb lim: 4096 exec/s: 16898 rss: 539Mb L: 512/4054 MS: 2 ChangeByte-EraseBytes-
#3503266	REDUCE cov: 267 ft: 1601 corp: 485/98Kb lim: 4096 exec/s: 16923 rss: 539Mb L: 91/4054 MS: 1 EraseBytes-
#3505011	REDUCE cov: 267 ft: 1601 corp: 485/98Kb lim: 4096 exec/s: 16851 rss: 539Mb L: 2080/4054 MS: 5 CopyPart-ChangeByte-PersAutoDict-ChangeBinInt-EraseBytes- DE: "\000\002"-
#3505557	REDUCE cov: 267 ft: 1601 corp: 485/98Kb lim: 4096 exec/s: 16853 rss: 539Mb L: 117/4054 MS: 1 EraseBytes-
#3507023	REDUCE cov: 267 ft: 1601 corp: 485/98Kb lim: 4096 exec/s: 16860 rss: 539Mb L: 1098/4054 MS: 1 EraseBytes-
#3510844	REDUCE cov: 267 ft: 1601 corp: 485/98Kb lim: 4096 exec/s: 16879 rss: 539Mb L: 661/4054 MS: 1 EraseBytes-
#3519645	REDUCE cov: 267 ft: 1601 corp: 485/98Kb lim: 4096 exec/s: 16840 rss: 539Mb L: 187/4054 MS: 1 EraseBytes-
#3520131	REDUCE cov: 267 ft: 1601 corp: 485/98Kb lim: 4096 exec/s: 16842 rss: 539Mb L: 41/4054 MS: 1 EraseBytes-
#3527127	REDUCE cov: 267 ft: 1601 corp: 485/98Kb lim: 4096 exec/s: 16795 rss: 539Mb L: 55/4054 MS: 1 EraseBytes-
#3529578	REDUCE cov: 267 ft: 1601 corp: 485/98Kb lim: 4096 exec/s: 16807 rss: 539Mb L: 2193/4054 MS: 1 EraseBytes-
#3529916	REDUCE cov: 267 ft: 1601 corp: 485/98Kb lim: 4096 exec/s: 16809 rss: 539Mb L: 1120/4054 MS: 3 ShuffleBytes-ChangeASCIIInt-EraseBytes-
#3533065	REDUCE cov: 267 ft: 1601 corp: 485/98Kb lim: 4096 exec/s: 16744 rss: 539Mb L: 2079/4054 MS: 4 CMP-ChangeByte-EraseBytes-InsertRepeatedBytes- DE: "#\000\000\000\000\000\000\000"-
#3539121	REDUCE cov: 267 ft: 1601 corp: 485/97Kb lim: 4096 exec/s: 16773 rss: 539Mb L: 1876/4054 MS: 1 EraseBytes-
#3540113	REDUCE cov: 267 ft: 1601 corp: 485/97Kb lim: 4096 exec/s: 16777 rss: 539Mb L: 2978/4054 MS: 2 CopyPart-EraseBytes-
#3548796	REDUCE cov: 267 ft: 1601 corp: 485/97Kb lim: 4096 exec/s: 16739 rss: 539Mb L: 33/4054 MS: 3 ChangeASCIIInt-ShuffleBytes-EraseBytes-
#3553237	REDUCE cov: 267 ft: 1601 corp: 485/97Kb lim: 4096 exec/s: 16681 rss: 539Mb L: 1673/4054 MS: 1 EraseBytes-
#3555558	REDUCE cov: 267 ft: 1601 corp: 485/97Kb lim: 4096 exec/s: 16692 rss: 539Mb L: 1091/4054 MS: 1 EraseBytes-
#3557170	REDUCE cov: 267 ft: 1601 corp: 485/97Kb lim: 4096 exec/s: 16700 rss: 539Mb L: 1309/4054 MS: 2 ChangeASCIIInt-EraseBytes-
#3559241	REDUCE cov: 267 ft: 1601 corp: 485/97Kb lim: 4096 exec/s: 16631 rss: 539Mb L: 1069/4054 MS: 1 EraseBytes-
#3567128	REDUCE cov: 267 ft: 1601 corp: 485/97Kb lim: 4096 exec/s: 16591 rss: 539Mb L: 1568/4054 MS: 2 ChangeBit-EraseBytes-
#3568411	REDUCE cov: 267 ft: 1601 corp: 485/97Kb lim: 4096 exec/s: 16597 rss: 539Mb L: 1988/4054 MS: 3 EraseBytes-PersAutoDict-CopyPart- DE: "1\000\000\000"-
#3569900	REDUCE cov: 267 ft: 1601 corp: 485/97Kb lim: 4096 exec/s: 16604 rss: 539Mb L: 2834/4054 MS: 4 ChangeASCIIInt-ChangeByte-ChangeBit-EraseBytes-
#3573518	REDUCE cov: 267 ft: 1601 corp: 485/97Kb lim: 4096 exec/s: 16544 rss: 539Mb L: 338/4054 MS: 3 ShuffleBytes-ChangeBinInt-EraseBytes-
#3579004	REDUCE cov: 267 ft: 1601 corp: 485/97Kb lim: 4096 exec/s: 16569 rss: 539Mb L: 42/4054 MS: 1 EraseBytes-
#3582372	REDUCE cov: 267 ft: 1601 corp: 485/96Kb lim: 4096 exec/s: 16508 rss: 539Mb L: 1228/4054 MS: 3 ChangeByte-InsertByte-EraseBytes-
#3589950	REDUCE cov: 267 ft: 1601 corp: 485/96Kb lim: 4096 exec/s: 16467 rss: 539Mb L: 795/4054 MS: 3 CMP-EraseBytes-CopyPart- DE: "\377\377\377\377"-
#3596046	REDUCE cov: 267 ft: 1601 corp: 485/96Kb lim: 4096 exec/s: 16420 rss: 539Mb L: 2344/4054 MS: 1 EraseBytes-
#3597358	REDUCE cov: 267 ft: 1601 corp: 485/96Kb lim: 4096 exec/s: 16426 rss: 539Mb L: 1972/4054 MS: 2 CopyPart-EraseBytes-
#3598045	REDUCE cov: 267 ft: 1601 corp: 485/96Kb lim: 4096 exec/s: 16429 rss: 539Mb L: 62/4054 MS: 2 ChangeByte-EraseBytes-
#3603756	REDUCE cov: 267 ft: 1601 corp: 485/96Kb lim: 4096 exec/s: 16380 rss: 539Mb L: 265/4054 MS: 1 EraseBytes-
#3605659	REDUCE cov: 267 ft: 1601 corp: 485/96Kb lim: 4096 exec/s: 16389 rss: 539Mb L: 278/4054 MS: 3 ChangeBit-ShuffleBytes-EraseBytes-
#3610300	REDUCE cov: 267 ft: 1601 corp: 485/96Kb lim: 4096 exec/s: 16336 rss: 539Mb L: 2672/4054 MS: 1 EraseBytes-
#3613812	REDUCE cov: 267 ft: 1601 corp: 485/96Kb lim: 4096 exec/s: 16352 rss: 539Mb L: 1966/4054 MS: 2 ChangeBinInt-EraseBytes-
#3614365	REDUCE cov: 267 ft: 1601 corp: 485/96Kb lim: 4096 exec/s: 16354 rss: 539Mb L: 267/4054 MS: 3 ShuffleBytes-ChangeByte-EraseBytes-
#3614852	REDUCE cov: 267 ft: 1601 corp: 485/96Kb lim: 4096 exec/s: 16356 rss: 539Mb L: 2175/4054 MS: 2 CopyPart-EraseBytes-
#3615434	REDUCE cov: 267 ft: 1601 corp: 485/96Kb lim: 4096 exec/s: 16285 rss: 539Mb L: 1373/4054 MS: 2 ChangeASCIIInt-EraseBytes-
#3619290	REDUCE cov: 267 ft: 1601 corp: 485/96Kb lim: 4096 exec/s: 16303 rss: 539Mb L: 1273/4054 MS: 1 EraseBytes-
#3621376	REDUCE cov: 267 ft: 1601 corp: 485/96Kb lim: 4096 exec/s: 16312 rss: 539Mb L: 126/4054 MS: 1 EraseBytes-
#3628790	REDUCE cov: 267 ft: 1601 corp: 485/96Kb lim: 4096 exec/s: 16199 rss: 539Mb L: 54/4054 MS: 4 PersAutoDict-ChangeASCIIInt-ChangeBit-EraseBytes- DE: "\000\000"-
#3638226	REDUCE cov: 267 ft: 1601 corp: 485/96Kb lim: 4096 exec/s: 16169 rss: 539Mb L: 183/4054 MS: 1 EraseBytes-
#3641497	REDUCE cov: 267 ft: 1601 corp: 485/96Kb lim: 4096 exec/s: 16184 rss: 539Mb L: 1067/4054 MS: 1 EraseBytes-
#3641656	REDUCE cov: 267 ft: 1601 corp: 485/96Kb lim: 4096 exec/s: 16185 rss: 539Mb L: 1735/4054 MS: 4 ChangeBit-ChangeASCIIInt-ChangeBinInt-EraseBytes-
#3652738	REDUCE cov: 267 ft: 1601 corp: 485/96Kb lim: 4096 exec/s: 16091 rss: 539Mb L: 793/4054 MS: 2 CMP-EraseBytes- DE: "\001\000"-
#3659339	REDUCE cov: 267 ft: 1601 corp: 485/96Kb lim: 4096 exec/s: 16120 rss: 539Mb L: 1941/4054 MS: 1 EraseBytes-
#3659685	REDUCE cov: 267 ft: 1601 corp: 485/96Kb lim: 4096 exec/s: 16121 rss: 539Mb L: 244/4054 MS: 1 EraseBytes-
#3662063	REDUCE cov: 267 ft: 1601 corp: 485/96Kb lim: 4096 exec/s: 16061 rss: 539Mb L: 2167/4054 MS: 3 ChangeByte-ChangeByte-EraseBytes-
#3662221	REDUCE cov: 267 ft: 1601 corp: 485/96Kb lim: 4096 exec/s: 16062 rss: 539Mb L: 1120/4054 MS: 3 ChangeByte-ChangeByte-EraseBytes-
#3663683	REDUCE cov: 267 ft: 1601 corp: 485/96Kb lim: 4096 exec/s: 16068 rss: 539Mb L: 4006/4006 MS: 2 CMP-EraseBytes- DE: "\314\000\000\000"-
#3665469	REDUCE cov: 267 ft: 1601 corp: 485/96Kb lim: 4096 exec/s: 16076 rss: 539Mb L: 1102/4006 MS: 1 EraseBytes-
#3667026	REDUCE cov: 267 ft: 1601 corp: 485/96Kb lim: 4096 exec/s: 16083 rss: 539Mb L: 61/4006 MS: 1 EraseBytes-
#3670907	REDUCE cov: 267 ft: 1601 corp: 485/96Kb lim: 4096 exec/s: 16030 rss: 539Mb L: 181/4006 MS: 1 EraseBytes-
#3671925	REDUCE cov: 267 ft: 1601 corp: 485/96Kb lim: 4096 exec/s: 16034 rss: 539Mb L: 165/4006 MS: 3 ShuffleBytes-PersAutoDict-EraseBytes- DE: "\377\377\3779"-
#3682303	REDUCE cov: 267 ft: 1601 corp: 485/96Kb lim: 4096 exec/s: 16010 rss: 539Mb L: 885/4006 MS: 2 ChangeASCIIInt-EraseBytes-
#3682349	REDUCE cov: 267 ft: 1601 corp: 485/96Kb lim: 4096 exec/s: 16010 rss: 539Mb L: 178/4006 MS: 1 EraseBytes-
#3686335	REDUCE cov: 267 ft: 1601 corp: 485/96Kb lim: 4096 exec/s: 15958 rss: 539Mb L: 25/4006 MS: 1 EraseBytes-
#3692497	REDUCE cov: 267 ft: 1601 corp: 485/96Kb lim: 4096 exec/s: 15984 rss: 539Mb L: 59/4006 MS: 2 ChangeASCIIInt-EraseBytes-
#3693966	REDUCE cov: 267 ft: 1601 corp: 485/96Kb lim: 4096 exec/s: 15991 rss: 539Mb L: 2096/4006 MS: 4 EraseBytes-ChangeBinInt-InsertByte-CopyPart-
#3694577	REDUCE cov: 267 ft: 1601 corp: 485/95Kb lim: 4096 exec/s: 15924 rss: 539Mb L: 1066/4006 MS: 1 EraseBytes-
#3697154	REDUCE cov: 267 ft: 1601 corp: 485/95Kb lim: 4096 exec/s: 15936 rss: 539Mb L: 236/4006 MS: 2 CMP-EraseBytes- DE: "\001\000\000\000\000\000\000\016"-
#3700136	REDUCE cov: 267 ft: 1601 corp: 485/95Kb lim: 4096 exec/s: 15948 rss: 539Mb L: 1419/4006 MS: 2 ChangeASCIIInt-EraseBytes-
#3703587	REDUCE cov: 267 ft: 1601 corp: 485/95Kb lim: 4096 exec/s: 15895 rss: 539Mb L: 58/4006 MS: 1 EraseBytes-
#3704784	REDUCE cov: 267 ft: 1601 corp: 485/95Kb lim: 4096 exec/s: 15900 rss: 539Mb L: 34/4006 MS: 2 EraseBytes-ChangeASCIIInt-
#3707340	REDUCE cov: 267 ft: 1601 corp: 485/95Kb lim: 4096 exec/s: 15911 rss: 539Mb L: 116/4006 MS: 1 EraseBytes-
#3709281	REDUCE cov: 267 ft: 1601 corp: 485/95Kb lim: 4096 exec/s: 15919 rss: 539Mb L: 327/4006 MS: 1 EraseBytes-
#3719499	REDUCE cov: 267 ft: 1601 corp: 485/95Kb lim: 4096 exec/s: 15895 rss: 539Mb L: 228/4006 MS: 3 PersAutoDict-EraseBytes-InsertByte- DE: "^\000\000\000\000\000\000\000"-
#3720540	REDUCE cov: 267 ft: 1601 corp: 485/95Kb lim: 4096 exec/s: 15832 rss: 539Mb L: 91/4006 MS: 1 EraseBytes-
#3723345	REDUCE cov: 267 ft: 1601 corp: 485/95Kb lim: 4096 exec/s: 15844 rss: 539Mb L: 1923/4006 MS: 5 ShuffleBytes-PersAutoDict-ChangeBit-CopyPart-EraseBytes- DE: "\003\000"-
#3725776	REDUCE cov: 267 ft: 1601 corp: 485/95Kb lim: 4096 exec/s: 15854 rss: 539Mb L: 115/4006 MS: 1 EraseBytes-
#3727882	REDUCE cov: 267 ft: 1601 corp: 485/95Kb lim: 4096 exec/s: 15863 rss: 539Mb L: 16/4006 MS: 1 EraseBytes-
#3731539	REDUCE cov: 267 ft: 1601 corp: 485/95Kb lim: 4096 exec/s: 15811 rss: 539Mb L: 1043/4006 MS: 2 ChangeBit-EraseBytes-
#3737446	REDUCE cov: 267 ft: 1601 corp: 485/95Kb lim: 4096 exec/s: 15769 rss: 539Mb L: 2736/4006 MS: 2 ChangeBit-EraseBytes-
#3738922	REDUCE cov: 267 ft: 1601 corp: 485/95Kb lim: 4096 exec/s: 15776 rss: 539Mb L: 322/4006 MS: 1 EraseBytes-
#3743223	REDUCE cov: 267 ft: 1601 corp: 485/95Kb lim: 4096 exec/s: 15794 rss: 539Mb L: 1984/4006 MS: 1 EraseBytes-
#3744518	REDUCE cov: 267 ft: 1601 corp: 485/95Kb lim: 4096 exec/s: 15799 rss: 539Mb L: 1919/4006 MS: 5 ChangeASCIIInt-ChangeBinInt-ChangeByte-CMP-EraseBytes- DE: "\000\004"-
#3744976	REDUCE cov: 267 ft: 1601 corp: 485/95Kb lim: 4096 exec/s: 15801 rss: 539Mb L: 88/4006 MS: 3 ChangeBit-EraseBytes-ShuffleBytes-
#3745760	REDUCE cov: 267 ft: 1601 corp: 485/95Kb lim: 4096 exec/s: 15738 rss: 539Mb L: 205/4006 MS: 4 ChangeByte-ShuffleBytes-InsertByte-EraseBytes-
#3747832	REDUCE cov: 267 ft: 1601 corp: 485/95Kb lim: 4096 exec/s: 15747 rss: 539Mb L: 21/4006 MS: 2 InsertRepeatedBytes-EraseBytes-
#3749228	REDUCE cov: 267 ft: 1601 corp: 485/95Kb lim: 4096 exec/s: 15753 rss: 539Mb L: 3249/4006 MS: 1 EraseBytes-
#3750285	REDUCE cov: 267 ft: 1601 corp: 485/95Kb lim: 4096 exec/s: 15757 rss: 539Mb L: 786/4006 MS: 2 EraseBytes-CopyPart-
#3750867	REDUCE cov: 267 ft: 1601 corp: 485/95Kb lim: 4096 exec/s: 15759 rss: 539Mb L: 2059/4006 MS: 2 ChangeByte-EraseBytes-
#3755259	REDUCE cov: 267 ft: 1601 corp: 485/95Kb lim: 4096 exec/s: 15712 rss: 539Mb L: 13/4006 MS: 2 ShuffleBytes-EraseBytes-
#3763051	REDUCE cov: 267 ft: 1601 corp: 485/95Kb lim: 4096 exec/s: 15744 rss: 539Mb L: 1604/4006 MS: 2 PersAutoDict-EraseBytes- DE: "\377\007"-
#3764805	REDUCE cov: 267 ft: 1601 corp: 485/95Kb lim: 4096 exec/s: 15686 rss: 539Mb L: 781/4006 MS: 4 CopyPart-ChangeBinInt-ShuffleBytes-EraseBytes-
#3777373	REDUCE cov: 267 ft: 1601 corp: 485/95Kb lim: 4096 exec/s: 15673 rss: 539Mb L: 1823/4006 MS: 3 EraseBytes-CopyPart-CrossOver-
#3778579	REDUCE cov: 267 ft: 1601 corp: 485/95Kb lim: 4096 exec/s: 15678 rss: 539Mb L: 1367/4006 MS: 1 EraseBytes-
#3780180	REDUCE cov: 267 ft: 1601 corp: 485/95Kb lim: 4096 exec/s: 15685 rss: 539Mb L: 2046/4006 MS: 1 EraseBytes-
#3780266	REDUCE cov: 267 ft: 1601 corp: 485/95Kb lim: 4096 exec/s: 15620 rss: 539Mb L: 1354/4006 MS: 1 EraseBytes-
#3780563	REDUCE cov: 267 ft: 1601 corp: 485/95Kb lim: 4096 exec/s: 15622 rss: 539Mb L: 1025/4006 MS: 2 ChangeASCIIInt-EraseBytes-
#3785771	REDUCE cov: 267 ft: 1601 corp: 485/95Kb lim: 4096 exec/s: 15643 rss: 539Mb L: 968/4006 MS: 3 ChangeBit-ChangeBinInt-EraseBytes-
#3791483	REDUCE cov: 267 ft: 1601 corp: 485/95Kb lim: 4096 exec/s: 15602 rss: 539Mb L: 1303/4006 MS: 1 EraseBytes-
#3799579	REDUCE cov: 267 ft: 1601 corp: 485/95Kb lim: 4096 exec/s: 15572 rss: 539Mb L: 587/4006 MS: 1 EraseBytes-
#3809964	REDUCE cov: 267 ft: 1601 corp: 485/95Kb lim: 4096 exec/s: 15550 rss: 539Mb L: 1821/4006 MS: 5 InsertByte-PersAutoDict-InsertByte-CMP-EraseBytes- DE: "\001\000\000\000"-"\020\000"-
#3812468	REDUCE cov: 267 ft: 1601 corp: 485/95Kb lim: 4096 exec/s: 15561 rss: 539Mb L: 1316/4006 MS: 4 ShuffleBytes-ChangeBinInt-EraseBytes-ChangeASCIIInt-
#3820791	REDUCE cov: 267 ft: 1601 corp: 485/95Kb lim: 4096 exec/s: 15531 rss: 539Mb L: 1818/4006 MS: 3 PersAutoDict-InsertByte-EraseBytes- DE: "(\000\000\000"-
#3821357	REDUCE cov: 267 ft: 1601 corp: 485/94Kb lim: 4096 exec/s: 15533 rss: 539Mb L: 878/4006 MS: 1 EraseBytes-
#3822143	REDUCE cov: 267 ft: 1601 corp: 485/94Kb lim: 4096 exec/s: 15537 rss: 539Mb L: 167/4006 MS: 1 EraseBytes-
#3827090	REDUCE cov: 267 ft: 1601 corp: 485/94Kb lim: 4096 exec/s: 15494 rss: 539Mb L: 1237/4006 MS: 2 CMP-EraseBytes- DE: "\376\377\377\377"-
#3841336	REDUCE cov: 267 ft: 1601 corp: 485/94Kb lim: 4096 exec/s: 15427 rss: 539Mb L: 1211/4006 MS: 1 EraseBytes-
#3846693	REDUCE cov: 267 ft: 1601 corp: 485/94Kb lim: 4096 exec/s: 15448 rss: 539Mb L: 3220/4006 MS: 2 ChangeByte-EraseBytes-
#3850739	REDUCE cov: 267 ft: 1601 corp: 485/94Kb lim: 4096 exec/s: 15402 rss: 539Mb L: 203/4006 MS: 1 EraseBytes-
#3851560	REDUCE cov: 267 ft: 1601 corp: 485/94Kb lim: 4096 exec/s: 15406 rss: 539Mb L: 3116/4006 MS: 1 EraseBytes-
#3853376	REDUCE cov: 267 ft: 1601 corp: 485/94Kb lim: 4096 exec/s: 15413 rss: 539Mb L: 1312/4006 MS: 1 EraseBytes-
#3859724	REDUCE cov: 267 ft: 1601 corp: 485/94Kb lim: 4096 exec/s: 15377 rss: 539Mb L: 651/4006 MS: 3 ShuffleBytes-ChangeASCIIInt-EraseBytes-
#3861936	REDUCE cov: 267 ft: 1601 corp: 485/94Kb lim: 4096 exec/s: 15386 rss: 539Mb L: 877/4006 MS: 2 ChangeASCIIInt-EraseBytes-
#3866067	REDUCE cov: 267 ft: 1601 corp: 485/94Kb lim: 4096 exec/s: 15402 rss: 539Mb L: 2095/4006 MS: 1 EraseBytes-
#3870393	REDUCE cov: 267 ft: 1601 corp: 485/94Kb lim: 4096 exec/s: 15358 rss: 539Mb L: 573/4006 MS: 1 EraseBytes-
#3875744	REDUCE cov: 267 ft: 1601 corp: 485/94Kb lim: 4096 exec/s: 15379 rss: 539Mb L: 3035/4006 MS: 1 EraseBytes-
#3879476	REDUCE cov: 267 ft: 1601 corp: 485/94Kb lim: 4096 exec/s: 15333 rss: 539Mb L: 3003/4006 MS: 2 ChangeBinInt-EraseBytes-
#3890077	REDUCE cov: 267 ft: 1601 corp: 485/94Kb lim: 4096 exec/s: 15315 rss: 539Mb L: 164/4006 MS: 1 EraseBytes-
#3892779	REDUCE cov: 267 ft: 1601 corp: 485/94Kb lim: 4096 exec/s: 15325 rss: 539Mb L: 538/4006 MS: 2 ChangeBinInt-EraseBytes-
#3895223	REDUCE cov: 267 ft: 1601 corp: 485/94Kb lim: 4096 exec/s: 15275 rss: 539Mb L: 141/4006 MS: 4 ChangeASCIIInt-ChangeBinInt-InsertByte-EraseBytes-
#3900814	REDUCE cov: 267 ft: 1601 corp: 485/94Kb lim: 4096 exec/s: 15297 rss: 539Mb L: 463/4006 MS: 1 EraseBytes-
#3905100	REDUCE cov: 267 ft: 1601 corp: 485/94Kb lim: 4096 exec/s: 15254 rss: 539Mb L: 1057/4006 MS: 1 EraseBytes-
#3905928	REDUCE cov: 267 ft: 1601 corp: 485/94Kb lim: 4096 exec/s: 15257 rss: 539Mb L: 171/4006 MS: 3 ChangeBinInt-ChangeBit-EraseBytes-
#3908639	REDUCE cov: 267 ft: 1601 corp: 485/94Kb lim: 4096 exec/s: 15268 rss: 539Mb L: 2082/4006 MS: 1 EraseBytes-
#3910371	REDUCE cov: 267 ft: 1601 corp: 485/94Kb lim: 4096 exec/s: 15274 rss: 539Mb L: 229/4006 MS: 2 CopyPart-EraseBytes-
#3910767	REDUCE cov: 267 ft: 1601 corp: 485/94Kb lim: 4096 exec/s: 15276 rss: 539Mb L: 57/4006 MS: 1 EraseBytes-
#3916598	REDUCE cov: 267 ft: 1601 corp: 485/94Kb lim: 4096 exec/s: 15239 rss: 539Mb L: 43/4006 MS: 1 EraseBytes-
#3921146	REDUCE cov: 267 ft: 1601 corp: 485/94Kb lim: 4096 exec/s: 15257 rss: 539Mb L: 509/4006 MS: 3 ShuffleBytes-ChangeBinInt-EraseBytes-
#3922282	REDUCE cov: 267 ft: 1601 corp: 485/94Kb lim: 4096 exec/s: 15202 rss: 539Mb L: 2411/4006 MS: 1 EraseBytes-
#3922405	REDUCE cov: 267 ft: 1601 corp: 485/94Kb lim: 4096 exec/s: 15203 rss: 539Mb L: 1049/4006 MS: 3 ChangeBit-ChangeByte-EraseBytes-
#3928347	REDUCE cov: 267 ft: 1601 corp: 485/93Kb lim: 4096 exec/s: 15226 rss: 539Mb L: 381/4006 MS: 2 ChangeBit-EraseBytes-
#3929258	REDUCE cov: 267 ft: 1601 corp: 485/93Kb lim: 4096 exec/s: 15229 rss: 539Mb L: 1254/4006 MS: 1 EraseBytes-
#3938445	REDUCE cov: 267 ft: 1601 corp: 485/93Kb lim: 4096 exec/s: 15206 rss: 539Mb L: 1119/4006 MS: 2 ChangeByte-EraseBytes-
#3938596	REDUCE cov: 267 ft: 1601 corp: 485/93Kb lim: 4096 exec/s: 15206 rss: 539Mb L: 1037/4006 MS: 1 EraseBytes-
#3939803	REDUCE cov: 267 ft: 1601 corp: 485/93Kb lim: 4096 exec/s: 15211 rss: 539Mb L: 2654/4006 MS: 2 ChangeBinInt-EraseBytes-
#3944460	REDUCE cov: 267 ft: 1601 corp: 485/93Kb lim: 4096 exec/s: 15171 rss: 539Mb L: 2168/4006 MS: 2 EraseBytes-InsertByte-
#3945436	REDUCE cov: 267 ft: 1601 corp: 485/93Kb lim: 4096 exec/s: 15174 rss: 539Mb L: 2922/4006 MS: 1 EraseBytes-
#3948857	REDUCE cov: 267 ft: 1601 corp: 485/93Kb lim: 4096 exec/s: 15129 rss: 539Mb L: 502/4006 MS: 1 EraseBytes-
#3949439	REDUCE cov: 267 ft: 1601 corp: 485/93Kb lim: 4096 exec/s: 15131 rss: 539Mb L: 222/4006 MS: 2 CMP-EraseBytes- DE: "\000\020"-
#3953095	REDUCE cov: 267 ft: 1601 corp: 485/93Kb lim: 4096 exec/s: 15145 rss: 539Mb L: 34/4006 MS: 1 EraseBytes-
#3959466	REDUCE cov: 267 ft: 1601 corp: 485/93Kb lim: 4096 exec/s: 15112 rss: 539Mb L: 1584/4006 MS: 1 EraseBytes-
#3961222	REDUCE cov: 267 ft: 1601 corp: 485/93Kb lim: 4096 exec/s: 15119 rss: 539Mb L: 3910/3910 MS: 1 EraseBytes-
#3964119	REDUCE cov: 267 ft: 1601 corp: 485/93Kb lim: 4096 exec/s: 15130 rss: 539Mb L: 2115/3910 MS: 2 ChangeByte-EraseBytes-
#3967276	REDUCE cov: 267 ft: 1601 corp: 485/93Kb lim: 4096 exec/s: 15084 rss: 539Mb L: 1968/3910 MS: 2 ShuffleBytes-EraseBytes-
#3968732	REDUCE cov: 267 ft: 1601 corp: 485/93Kb lim: 4096 exec/s: 15090 rss: 539Mb L: 2600/3910 MS: 1 EraseBytes-
#3981268	REDUCE cov: 267 ft: 1601 corp: 485/93Kb lim: 4096 exec/s: 15080 rss: 539Mb L: 853/3910 MS: 1 EraseBytes-
#3993116	REDUCE cov: 267 ft: 1601 corp: 485/93Kb lim: 4096 exec/s: 15011 rss: 539Mb L: 1117/3910 MS: 3 PersAutoDict-ChangeBit-EraseBytes- DE: "\200\216k\333\250x\000\000"-
#3994213	REDUCE cov: 267 ft: 1601 corp: 485/93Kb lim: 4096 exec/s: 15015 rss: 539Mb L: 163/3910 MS: 2 ChangeByte-EraseBytes-
#3999589	REDUCE cov: 267 ft: 1601 corp: 485/92Kb lim: 4096 exec/s: 15036 rss: 539Mb L: 688/3910 MS: 1 EraseBytes-
#4000725	REDUCE cov: 267 ft: 1601 corp: 485/92Kb lim: 4096 exec/s: 15040 rss: 539Mb L: 114/3910 MS: 1 EraseBytes-
#4002076	REDUCE cov: 267 ft: 1601 corp: 485/92Kb lim: 4096 exec/s: 14989 rss: 539Mb L: 1115/3910 MS: 1 EraseBytes-
#4008747	REDUCE cov: 267 ft: 1601 corp: 485/92Kb lim: 4096 exec/s: 15014 rss: 539Mb L: 269/3910 MS: 1 EraseBytes-
#4010423	REDUCE cov: 267 ft: 1601 corp: 485/92Kb lim: 4096 exec/s: 14964 rss: 539Mb L: 3867/3867 MS: 1 EraseBytes-
#4013539	REDUCE cov: 267 ft: 1601 corp: 485/92Kb lim: 4096 exec/s: 14975 rss: 539Mb L: 515/3867 MS: 1 EraseBytes-
#4019900	REDUCE cov: 267 ft: 1601 corp: 485/92Kb lim: 4096 exec/s: 14999 rss: 539Mb L: 2068/3867 MS: 1 EraseBytes-
#4036208	REDUCE cov: 267 ft: 1601 corp: 485/92Kb lim: 4096 exec/s: 14948 rss: 539Mb L: 2409/3867 MS: 3 ChangeBit-ChangeBit-EraseBytes-
#4037536	REDUCE cov: 267 ft: 1601 corp: 485/92Kb lim: 4096 exec/s: 14953 rss: 539Mb L: 1075/3867 MS: 3 InsertRepeatedBytes-CMP-EraseBytes- DE: "\377\377\377\011"-
#4038122	REDUCE cov: 267 ft: 1601 corp: 485/92Kb lim: 4096 exec/s: 14956 rss: 539Mb L: 113/3867 MS: 1 EraseBytes-
#4042590	REDUCE cov: 267 ft: 1601 corp: 485/92Kb lim: 4096 exec/s: 14917 rss: 539Mb L: 156/3867 MS: 3 ChangeASCIIInt-ShuffleBytes-EraseBytes-
#4044236	REDUCE cov: 267 ft: 1601 corp: 485/92Kb lim: 4096 exec/s: 14923 rss: 539Mb L: 86/3867 MS: 1 EraseBytes-
#4046442	REDUCE cov: 267 ft: 1601 corp: 485/92Kb lim: 4096 exec/s: 14931 rss: 539Mb L: 2438/3867 MS: 1 EraseBytes-
#4047723	REDUCE cov: 267 ft: 1601 corp: 485/92Kb lim: 4096 exec/s: 14936 rss: 539Mb L: 3309/3867 MS: 1 EraseBytes-
#4053109	REDUCE cov: 267 ft: 1601 corp: 485/92Kb lim: 4096 exec/s: 14901 rss: 539Mb L: 506/3867 MS: 1 EraseBytes-
#4053331	REDUCE cov: 267 ft: 1601 corp: 485/92Kb lim: 4096 exec/s: 14901 rss: 539Mb L: 727/3867 MS: 2 ChangeByte-EraseBytes-
#4054088	REDUCE cov: 267 ft: 1601 corp: 485/92Kb lim: 4096 exec/s: 14904 rss: 539Mb L: 154/3867 MS: 2 ShuffleBytes-EraseBytes-
#4054994	REDUCE cov: 267 ft: 1601 corp: 485/92Kb lim: 4096 exec/s: 14908 rss: 539Mb L: 3815/3815 MS: 1 EraseBytes-
#4059220	REDUCE cov: 267 ft: 1601 corp: 485/92Kb lim: 4096 exec/s: 14923 rss: 539Mb L: 1812/3815 MS: 1 EraseBytes-
#4064684	REDUCE cov: 267 ft: 1601 corp: 485/92Kb lim: 4096 exec/s: 14888 rss: 539Mb L: 1775/3815 MS: 4 ChangeBinInt-CopyPart-ChangeASCIIInt-EraseBytes-
#4068775	REDUCE cov: 267 ft: 1601 corp: 485/92Kb lim: 4096 exec/s: 14903 rss: 539Mb L: 153/3815 MS: 1 EraseBytes-
#4072815	REDUCE cov: 267 ft: 1601 corp: 485/91Kb lim: 4096 exec/s: 14864 rss: 539Mb L: 1742/3815 MS: 4 PersAutoDict-ChangeBit-CopyPart-EraseBytes- DE: "\001\000\000\017\375HU'"-
#4077818	REDUCE cov: 267 ft: 1601 corp: 485/91Kb lim: 4096 exec/s: 14882 rss: 539Mb L: 2061/3815 MS: 3 ChangeBit-ChangeByte-EraseBytes-
#4080134	REDUCE cov: 267 ft: 1601 corp: 485/91Kb lim: 4096 exec/s: 14836 rss: 539Mb L: 503/3815 MS: 1 EraseBytes-
#4081531	REDUCE cov: 267 ft: 1601 corp: 485/91Kb lim: 4096 exec/s: 14841 rss: 539Mb L: 217/3815 MS: 2 CopyPart-EraseBytes-
#4081588	REDUCE cov: 267 ft: 1601 corp: 485/91Kb lim: 4096 exec/s: 14842 rss: 539Mb L: 497/3815 MS: 2 CrossOver-EraseBytes-
#4085095	REDUCE cov: 267 ft: 1601 corp: 485/91Kb lim: 4096 exec/s: 14854 rss: 539Mb L: 103/3815 MS: 2 InsertRepeatedBytes-EraseBytes-
#4085341	REDUCE cov: 267 ft: 1601 corp: 485/91Kb lim: 4096 exec/s: 14855 rss: 539Mb L: 1208/3815 MS: 1 EraseBytes-
#4085372	REDUCE cov: 267 ft: 1601 corp: 485/91Kb lim: 4096 exec/s: 14855 rss: 539Mb L: 314/3815 MS: 1 EraseBytes-
#4086159	REDUCE cov: 267 ft: 1601 corp: 485/91Kb lim: 4096 exec/s: 14858 rss: 539Mb L: 309/3815 MS: 2 ShuffleBytes-EraseBytes-
#4089045	REDUCE cov: 267 ft: 1601 corp: 485/91Kb lim: 4096 exec/s: 14815 rss: 539Mb L: 2363/3815 MS: 1 EraseBytes-
#4090952	REDUCE cov: 267 ft: 1601 corp: 485/91Kb lim: 4096 exec/s: 14822 rss: 539Mb L: 196/3815 MS: 2 ChangeBit-EraseBytes-
#4093799	REDUCE cov: 267 ft: 1601 corp: 485/91Kb lim: 4096 exec/s: 14832 rss: 539Mb L: 457/3815 MS: 2 ChangeASCIIInt-EraseBytes-
#4106580	REDUCE cov: 267 ft: 1601 corp: 485/91Kb lim: 4096 exec/s: 14771 rss: 539Mb L: 211/3815 MS: 1 EraseBytes-
#4108189	REDUCE cov: 267 ft: 1601 corp: 485/91Kb lim: 4096 exec/s: 14777 rss: 539Mb L: 439/3815 MS: 4 ChangeBit-EraseBytes-ChangeBit-InsertByte-
#4111665	REDUCE cov: 267 ft: 1601 corp: 485/91Kb lim: 4096 exec/s: 14790 rss: 539Mb L: 655/3815 MS: 1 EraseBytes-
#4114856	REDUCE cov: 267 ft: 1601 corp: 485/91Kb lim: 4096 exec/s: 14801 rss: 539Mb L: 20/3815 MS: 1 EraseBytes-
#4115729	REDUCE cov: 267 ft: 1601 corp: 485/91Kb lim: 4096 exec/s: 14751 rss: 539Mb L: 39/3815 MS: 2 ChangeByte-EraseBytes-
#4116600	REDUCE cov: 267 ft: 1601 corp: 485/91Kb lim: 4096 exec/s: 14754 rss: 539Mb L: 1012/3815 MS: 1 EraseBytes-
#4117116	REDUCE cov: 267 ft: 1601 corp: 485/91Kb lim: 4096 exec/s: 14756 rss: 539Mb L: 98/3815 MS: 1 EraseBytes-
#4123514	REDUCE cov: 267 ft: 1601 corp: 485/91Kb lim: 4096 exec/s: 14779 rss: 539Mb L: 1309/3815 MS: 3 ChangeByte-ChangeByte-EraseBytes-
#4125521	REDUCE cov: 267 ft: 1601 corp: 485/91Kb lim: 4096 exec/s: 14734 rss: 539Mb L: 2044/3815 MS: 2 ChangeByte-EraseBytes-
#4126385	REDUCE cov: 267 ft: 1601 corp: 485/91Kb lim: 4096 exec/s: 14737 rss: 539Mb L: 1070/3815 MS: 4 ChangeASCIIInt-ChangeByte-ChangeASCIIInt-EraseBytes-
#4129236	REDUCE cov: 267 ft: 1601 corp: 485/91Kb lim: 4096 exec/s: 14747 rss: 539Mb L: 1734/3815 MS: 1 CrossOver-
#4131007	REDUCE cov: 267 ft: 1601 corp: 485/91Kb lim: 4096 exec/s: 14753 rss: 539Mb L: 2036/3815 MS: 1 EraseBytes-
#4135074	REDUCE cov: 267 ft: 1601 corp: 485/91Kb lim: 4096 exec/s: 14768 rss: 539Mb L: 53/3815 MS: 2 CMP-EraseBytes- DE: "\000\000"-
#4137572	REDUCE cov: 267 ft: 1601 corp: 485/91Kb lim: 4096 exec/s: 14724 rss: 539Mb L: 591/3815 MS: 2 ChangeBit-CrossOver-
#4143259	REDUCE cov: 267 ft: 1601 corp: 485/91Kb lim: 4096 exec/s: 14744 rss: 539Mb L: 138/3815 MS: 2 ChangeASCIIInt-EraseBytes-
#4143500	REDUCE cov: 267 ft: 1601 corp: 485/91Kb lim: 4096 exec/s: 14745 rss: 539Mb L: 1007/3815 MS: 1 EraseBytes-
#4144006	REDUCE cov: 267 ft: 1601 corp: 485/91Kb lim: 4096 exec/s: 14747 rss: 539Mb L: 2034/3815 MS: 1 EraseBytes-
#4147633	REDUCE cov: 267 ft: 1601 corp: 485/91Kb lim: 4096 exec/s: 14707 rss: 539Mb L: 3715/3715 MS: 1 EraseBytes-
#4149826	REDUCE cov: 267 ft: 1601 corp: 485/91Kb lim: 4096 exec/s: 14715 rss: 539Mb L: 1111/3715 MS: 3 EraseBytes-ShuffleBytes-ShuffleBytes-
#4156423	REDUCE cov: 267 ft: 1601 corp: 485/91Kb lim: 4096 exec/s: 14687 rss: 539Mb L: 619/3715 MS: 2 ChangeByte-EraseBytes-
#4160630	REDUCE cov: 267 ft: 1601 corp: 485/91Kb lim: 4096 exec/s: 14701 rss: 539Mb L: 123/3715 MS: 2 CMP-EraseBytes- DE: "\377\017"-
#4165916	REDUCE cov: 267 ft: 1601 corp: 485/91Kb lim: 4096 exec/s: 14668 rss: 539Mb L: 1730/3715 MS: 1 EraseBytes-
#4166217	REDUCE cov: 267 ft: 1601 corp: 485/91Kb lim: 4096 exec/s: 14669 rss: 539Mb L: 20/3715 MS: 1 EraseBytes-
#4178333	REDUCE cov: 267 ft: 1601 corp: 485/90Kb lim: 4096 exec/s: 14660 rss: 539Mb L: 501/3715 MS: 1 EraseBytes-
#4181292	REDUCE cov: 267 ft: 1601 corp: 485/90Kb lim: 4096 exec/s: 14671 rss: 539Mb L: 1101/3715 MS: 4 ChangeBit-EraseBytes-EraseBytes-CopyPart-
#4181788	REDUCE cov: 267 ft: 1601 corp: 485/90Kb lim: 4096 exec/s: 14672 rss: 539Mb L: 529/3715 MS: 1 EraseBytes-
#4183244	REDUCE cov: 267 ft: 1601 corp: 485/90Kb lim: 4096 exec/s: 14626 rss: 539Mb L: 20/3715 MS: 1 EraseBytes-
#4185731	REDUCE cov: 267 ft: 1601 corp: 485/90Kb lim: 4096 exec/s: 14635 rss: 539Mb L: 1204/3715 MS: 2 ChangeByte-EraseBytes-
#4187653	REDUCE cov: 267 ft: 1601 corp: 485/90Kb lim: 4096 exec/s: 14642 rss: 539Mb L: 1011/3715 MS: 2 ChangeBinInt-EraseBytes-
#4188244	REDUCE cov: 267 ft: 1601 corp: 485/90Kb lim: 4096 exec/s: 14644 rss: 539Mb L: 458/3715 MS: 1 EraseBytes-
#4189825	REDUCE cov: 267 ft: 1601 corp: 485/90Kb lim: 4096 exec/s: 14649 rss: 539Mb L: 1253/3715 MS: 1 EraseBytes-
#4191866	REDUCE cov: 267 ft: 1601 corp: 485/90Kb lim: 4096 exec/s: 14656 rss: 539Mb L: 177/3715 MS: 1 EraseBytes-
#4192102	REDUCE cov: 267 ft: 1601 corp: 485/90Kb lim: 4096 exec/s: 14657 rss: 539Mb L: 1406/3715 MS: 1 EraseBytes-
#4194154	REDUCE cov: 267 ft: 1601 corp: 485/90Kb lim: 4096 exec/s: 14613 rss: 539Mb L: 471/3715 MS: 1 EraseBytes-
#4194304	pulse  cov: 267 ft: 1601 corp: 485/90Kb lim: 4096 exec/s: 14614 rss: 539Mb
#4195120	REDUCE cov: 267 ft: 1601 corp: 485/90Kb lim: 4096 exec/s: 14617 rss: 539Mb L: 103/3715 MS: 1 EraseBytes-
#4202736	REDUCE cov: 267 ft: 1601 corp: 485/90Kb lim: 4096 exec/s: 14592 rss: 539Mb L: 2912/3715 MS: 1 EraseBytes-
#4204249	REDUCE cov: 267 ft: 1601 corp: 485/90Kb lim: 4096 exec/s: 14598 rss: 539Mb L: 2024/3715 MS: 3 CMP-InsertByte-EraseBytes- DE: "\002\000\000\000"-
#4218390	REDUCE cov: 267 ft: 1601 corp: 485/90Kb lim: 4096 exec/s: 14596 rss: 539Mb L: 68/3715 MS: 1 EraseBytes-
#4223121	REDUCE cov: 267 ft: 1601 corp: 485/90Kb lim: 4096 exec/s: 14562 rss: 539Mb L: 485/3715 MS: 1 EraseBytes-
#4229022	REDUCE cov: 267 ft: 1601 corp: 485/90Kb lim: 4096 exec/s: 14582 rss: 539Mb L: 41/3715 MS: 1 EraseBytes-
#4232284	REDUCE cov: 267 ft: 1602 corp: 486/94Kb lim: 4096 exec/s: 14543 rss: 539Mb L: 3878/3878 MS: 2 ShuffleBytes-CopyPart-
#4233285	REDUCE cov: 267 ft: 1602 corp: 486/94Kb lim: 4096 exec/s: 14547 rss: 539Mb L: 372/3878 MS: 1 EraseBytes-
#4237657	REDUCE cov: 267 ft: 1602 corp: 486/94Kb lim: 4096 exec/s: 14562 rss: 539Mb L: 2384/3878 MS: 2 ChangeBinInt-EraseBytes-
#4243389	REDUCE cov: 267 ft: 1602 corp: 486/94Kb lim: 4096 exec/s: 14532 rss: 539Mb L: 38/3878 MS: 2 EraseBytes-InsertByte-
#4244375	REDUCE cov: 267 ft: 1602 corp: 486/94Kb lim: 4096 exec/s: 14535 rss: 539Mb L: 366/3878 MS: 1 EraseBytes-
#4267191	REDUCE cov: 267 ft: 1602 corp: 486/94Kb lim: 4096 exec/s: 14514 rss: 539Mb L: 1201/3878 MS: 1 EraseBytes-
#4268247	REDUCE cov: 267 ft: 1602 corp: 486/94Kb lim: 4096 exec/s: 14517 rss: 539Mb L: 97/3878 MS: 1 EraseBytes-
#4269814	REDUCE cov: 267 ft: 1602 corp: 486/94Kb lim: 4096 exec/s: 14473 rss: 539Mb L: 439/3878 MS: 2 ChangeASCIIInt-EraseBytes-
#4270225	REDUCE cov: 267 ft: 1602 corp: 486/94Kb lim: 4096 exec/s: 14475 rss: 539Mb L: 484/3878 MS: 1 EraseBytes-
#4271326	REDUCE cov: 267 ft: 1602 corp: 486/93Kb lim: 4096 exec/s: 14479 rss: 539Mb L: 2574/3878 MS: 1 EraseBytes-
#4272351	REDUCE cov: 267 ft: 1602 corp: 486/93Kb lim: 4096 exec/s: 14482 rss: 539Mb L: 978/3878 MS: 5 ChangeASCIIInt-InsertByte-ChangeBinInt-CopyPart-EraseBytes-
#4276798	REDUCE cov: 267 ft: 1602 corp: 486/93Kb lim: 4096 exec/s: 14497 rss: 539Mb L: 965/3878 MS: 2 InsertByte-EraseBytes-
#4278909	REDUCE cov: 267 ft: 1602 corp: 486/93Kb lim: 4096 exec/s: 14504 rss: 539Mb L: 2910/3878 MS: 1 EraseBytes-
#4282607	REDUCE cov: 267 ft: 1602 corp: 486/93Kb lim: 4096 exec/s: 14468 rss: 539Mb L: 961/3878 MS: 2 ChangeBit-EraseBytes-
#4286658	REDUCE cov: 267 ft: 1602 corp: 486/93Kb lim: 4096 exec/s: 14481 rss: 539Mb L: 301/3878 MS: 1 EraseBytes-
#4290470	REDUCE cov: 267 ft: 1602 corp: 486/93Kb lim: 4096 exec/s: 14446 rss: 539Mb L: 3302/3878 MS: 1 EraseBytes-
#4295986	REDUCE cov: 267 ft: 1602 corp: 486/93Kb lim: 4096 exec/s: 14464 rss: 539Mb L: 1006/3878 MS: 1 EraseBytes-
#4296957	REDUCE cov: 267 ft: 1602 corp: 486/93Kb lim: 4096 exec/s: 14467 rss: 539Mb L: 96/3878 MS: 1 EraseBytes-
#4305258	REDUCE cov: 267 ft: 1602 corp: 486/93Kb lim: 4096 exec/s: 14447 rss: 539Mb L: 2906/3878 MS: 1 EraseBytes-
#4310852	REDUCE cov: 267 ft: 1602 corp: 486/93Kb lim: 4096 exec/s: 14417 rss: 539Mb L: 93/3878 MS: 4 ChangeByte-PersAutoDict-CrossOver-EraseBytes- DE: "\000\002"-
#4311923	REDUCE cov: 267 ft: 1602 corp: 486/93Kb lim: 4096 exec/s: 14421 rss: 539Mb L: 455/3878 MS: 1 EraseBytes-
#4316214	REDUCE cov: 267 ft: 1602 corp: 486/93Kb lim: 4096 exec/s: 14435 rss: 539Mb L: 92/3878 MS: 1 EraseBytes-
#4316780	REDUCE cov: 267 ft: 1602 corp: 486/93Kb lim: 4096 exec/s: 14437 rss: 539Mb L: 1402/3878 MS: 1 EraseBytes-
#4320292	REDUCE cov: 267 ft: 1602 corp: 486/93Kb lim: 4096 exec/s: 14400 rss: 539Mb L: 1085/3878 MS: 2 ChangeBit-EraseBytes-
#4320703	REDUCE cov: 267 ft: 1602 corp: 486/93Kb lim: 4096 exec/s: 14402 rss: 539Mb L: 959/3878 MS: 1 EraseBytes-
#4323319	REDUCE cov: 267 ft: 1602 corp: 486/93Kb lim: 4096 exec/s: 14411 rss: 539Mb L: 2520/3878 MS: 1 EraseBytes-
#4326508	REDUCE cov: 267 ft: 1602 corp: 486/93Kb lim: 4096 exec/s: 14421 rss: 539Mb L: 776/3878 MS: 4 CrossOver-EraseBytes-InsertByte-CopyPart-
#4327009	REDUCE cov: 267 ft: 1602 corp: 486/93Kb lim: 4096 exec/s: 14423 rss: 539Mb L: 99/3878 MS: 1 EraseBytes-
#4329578	REDUCE cov: 267 ft: 1602 corp: 486/93Kb lim: 4096 exec/s: 14431 rss: 539Mb L: 927/3878 MS: 4 ChangeASCIIInt-PersAutoDict-CopyPart-EraseBytes- DE: "\000\002"-
#4330043	DONE   cov: 267 ft: 1602 corp: 486/93Kb lim: 4096 exec/s: 14385 rss: 539Mb
###### Recommended dictionary. ######
"\002\000\000\000\000\000\000\000" # Uses: 19358
"\376\377\377\377" # Uses: 19042
"\014\000\000\000\000\000\000\000" # Uses: 15521
"\013\000" # Uses: 15318
"\376\377\377\377\377\377\377\377" # Uses: 7233
"\000\000\000\000\000\000\000\002" # Uses: 7303
"\025\000\000\000\000\000\000\000" # Uses: 6912
"\010\000\000\000" # Uses: 7305
"\377\377\377\377" # Uses: 5605
"\377\377\377\012" # Uses: 5299
"\000\000\000\000\000\000\000\000" # Uses: 5188
"\015\000" # Uses: 5049
"\377\377\377\377\377\377\377\377" # Uses: 4670
"\000\000\000\020" # Uses: 4718
"\001\000\000\000\000\000\000\011" # Uses: 4521
"\005\000\000\000" # Uses: 4621
"\000\000\000\000" # Uses: 4246
"\000\000\000\000\000\000\000\007" # Uses: 4205
"\000\000x\250\333b\210\000" # Uses: 4131
"\013\000\000\000" # Uses: 4195
"\012\000\000\000\000\000\000\000" # Uses: 4016
"\035\000" # Uses: 4167
"\020\000\000\000\000\000\000\000" # Uses: 4097
"\001\013" # Uses: 4147
"\000\001" # Uses: 4163
"\000\000\000\000\000\000\000\011" # Uses: 4029
"\377\006" # Uses: 4137
"\012\000" # Uses: 4082
"\001\020" # Uses: 4136
"\007\000\000\000\000\000\000\000" # Uses: 3989
"\002\000\000\000" # Uses: 3979
"\001\000\000\000\000\000\000\025" # Uses: 3973
"\001\000\000\017\375HU'" # Uses: 4115
"\001\000\000\020" # Uses: 4045
"\000\000\000\000\000\000\000\227" # Uses: 3971
"\001\000\000\000" # Uses: 4074
"\001\000\000\000\000\000\000\001" # Uses: 3986
"\000\000" # Uses: 4026
"\003\000\000\000" # Uses: 4034
"\"\000\000\000\000\000\000\000" # Uses: 3852
"\003\000" # Uses: 4017
"\006\000\000\000" # Uses: 3893
"\021\000\000\000" # Uses: 3866
"\377\377\377\017" # Uses: 4025
"\377\001" # Uses: 4021
"\200\216k\333\250x\000\000" # Uses: 3861
"#\000\000\000\000\000\000\000" # Uses: 3942
"\016\000\000\000\000\000\000\000" # Uses: 3770
"^\000\000\000\000\000\000\000" # Uses: 3886
"\000\000\000\000\000\000\000\005" # Uses: 3672
">\000\000\000\000\000\000\000" # Uses: 3690
"\377\031" # Uses: 3674
"\377\377\377\377\377\377\377\013" # Uses: 3729
"\377\377\377\377\377\377\377\256" # Uses: 3611
"\007\000\000\000" # Uses: 3634
"\377\377\377\007" # Uses: 3665
"\377\000" # Uses: 3704
"\377\377\3779" # Uses: 3664
"\001\000\000\004" # Uses: 3593
"\027\000\000\000\000\000\000\000" # Uses: 3481
"1\000\000\000" # Uses: 3616
"\000\033" # Uses: 3418
"\377\377\377\377\377\377\377\012" # Uses: 3460
"\001\000" # Uses: 3383
"\377\377\377\377\377\377\3772" # Uses: 3317
"(\000\000\000" # Uses: 3366
"\001\000\000\000\000\000\000\017" # Uses: 3359
"\001\000\000\000\000\000\000D" # Uses: 3201
"\377\007" # Uses: 3183
"\000\000\000\000\000\000\000\035" # Uses: 3107
"\001\000\000\000\000\000\000\003" # Uses: 3044
"\033\000\000\000\000\000\000\000" # Uses: 2952
"\001\000\000\000\000\000\000\000" # Uses: 2793
"\000\000\000\000\000\000\020\004" # Uses: 2761
"\001\000\000\002" # Uses: 2433
"\004\000\000\000\000\000\000\000" # Uses: 2040
"\015\000\000\000\000\000\000\000" # Uses: 1686
"\267\221l\377_\000\000\000" # Uses: 1606
"\000\000\000\000\000\000\020\014" # Uses: 1393
"\001\000\000\000\000\000\000n" # Uses: 1386
"\000\002" # Uses: 1310
"\377\377\377\002" # Uses: 1315
"\377\377\377\000" # Uses: 1169
"\314\000\000\000" # Uses: 681
"\001\000\000\000\000\000\000\016" # Uses: 627
"\000\004" # Uses: 552
"\020\000" # Uses: 497
"\000\020" # Uses: 351
"\377\377\377\011" # Uses: 278
"\377\017" # Uses: 170
###### End of recommended dictionary. ######
Done 4330043 runs in 301 second(s)
exit=0
