ops = 318544
errors = 1
busy_retryable = 1
elapsed_s = 300.251
ops_per_sec = 1061
p50_us = 17407
p99_us = 917503
p999_us = 4456447
p9999_us = 13369343
max_us = 16250217
error_sample = -BUSY durable log staging is full, retry
inf-bench: 1 error replies under load (1 BUSY-retryable; first sample: -BUSY durable log staging is full, retry)
ops = 453994
errors = 5
busy_retryable = 5
elapsed_s = 308.448
ops_per_sec = 1472
p50_us = 17919
p99_us = 335871
p999_us = 4325375
p9999_us = 9961471
max_us = 12104940
error_sample = -BUSY durable log staging is full, retry
inf-bench: 5 error replies under load (5 BUSY-retryable; first sample: -BUSY durable log staging is full, retry)
ops = 531183
errors = 0
busy_retryable = 0
elapsed_s = 300.023
ops_per_sec = 1770
p50_us = 16895
p99_us = 196607
p999_us = 4718591
p9999_us = 9961471
max_us = 13912716
ops = 436698
errors = 3
busy_retryable = 3
elapsed_s = 300.025
ops_per_sec = 1456
p50_us = 17919
p99_us = 278527
p999_us = 5505023
p9999_us = 11796479
max_us = 15388412
error_sample = -BUSY durable log staging is full, retry
inf-bench: 3 error replies under load (3 BUSY-retryable; first sample: -BUSY durable log staging is full, retry)
ops = 537022
errors = 8
busy_retryable = 8
elapsed_s = 307.264
ops_per_sec = 1748
p50_us = 15615
p99_us = 200703
p999_us = 5111807
p9999_us = 12845055
max_us = 16279086
error_sample = -BUSY durable log staging is full, retry
inf-bench: 8 error replies under load (8 BUSY-retryable; first sample: -BUSY durable log staging is full, retry)
ops = 512033
errors = 3
busy_retryable = 3
elapsed_s = 300.091
ops_per_sec = 1706
p50_us = 16127
p99_us = 233471
p999_us = 5111807
p9999_us = 9961471
max_us = 15779840
error_sample = -BUSY durable log staging is full, retry
inf-bench: 3 error replies under load (3 BUSY-retryable; first sample: -BUSY durable log staging is full, retry)
ops = 467521
errors = 1
busy_retryable = 1
elapsed_s = 300.191
ops_per_sec = 1557
p50_us = 16383
p99_us = 208895
p999_us = 5373951
p9999_us = 14417919
max_us = 15937617
error_sample = -BUSY durable log staging is full, retry
inf-bench: 1 error replies under load (1 BUSY-retryable; first sample: -BUSY durable log staging is full, retry)
ops = 488645
errors = 4
busy_retryable = 4
elapsed_s = 305.268
ops_per_sec = 1601
p50_us = 15359
p99_us = 237567
p999_us = 5636095
p9999_us = 12845055
max_us = 14965504
error_sample = -BUSY durable log staging is full, retry
inf-bench: 4 error replies under load (4 BUSY-retryable; first sample: -BUSY durable log staging is full, retry)
ops = 514372
errors = 2
busy_retryable = 2
elapsed_s = 306.423
ops_per_sec = 1679
p50_us = 16895
p99_us = 229375
p999_us = 4849663
p9999_us = 10223615
max_us = 17522775
error_sample = -BUSY durable log staging is full, retry
inf-bench: 2 error replies under load (2 BUSY-retryable; first sample: -BUSY durable log staging is full, retry)
ops = 528081
errors = 1
busy_retryable = 1
elapsed_s = 300.018
ops_per_sec = 1760
p50_us = 15103
p99_us = 204799
p999_us = 4587519
p9999_us = 11534335
max_us = 13400231
error_sample = -BUSY durable log staging is full, retry
inf-bench: 1 error replies under load (1 BUSY-retryable; first sample: -BUSY durable log staging is full, retry)
ops = 545625
errors = 8
busy_retryable = 8
elapsed_s = 300.019
ops_per_sec = 1819
p50_us = 14591
p99_us = 204799
p999_us = 5505023
p9999_us = 11534335
max_us = 13604549
error_sample = -BUSY durable log staging is full, retry
inf-bench: 8 error replies under load (8 BUSY-retryable; first sample: -BUSY durable log staging is full, retry)
ops = 534445
errors = 8
busy_retryable = 8
elapsed_s = 300.314
ops_per_sec = 1780
p50_us = 15615
p99_us = 204799
p999_us = 5111807
p9999_us = 12845055
max_us = 16055805
error_sample = -BUSY durable log staging is full, retry
inf-bench: 8 error replies under load (8 BUSY-retryable; first sample: -BUSY durable log staging is full, retry)
ops = 482052
errors = 18
busy_retryable = 18
elapsed_s = 300.019
ops_per_sec = 1607
p50_us = 15615
p99_us = 208895
p999_us = 6291455
p9999_us = 12845055
max_us = 16770564
error_sample = -BUSY durable log staging is full, retry
inf-bench: 18 error replies under load (18 BUSY-retryable; first sample: -BUSY durable log staging is full, retry)
ops = 490730
errors = 2
busy_retryable = 2
elapsed_s = 300.027
ops_per_sec = 1636
p50_us = 16895
p99_us = 229375
p999_us = 4980735
p9999_us = 10223615
max_us = 12605914
error_sample = -BUSY durable log staging is full, retry
inf-bench: 2 error replies under load (2 BUSY-retryable; first sample: -BUSY durable log staging is full, retry)
ops = 309855
errors = 3
busy_retryable = 3
elapsed_s = 302.298
ops_per_sec = 1025
p50_us = 17919
p99_us = 835583
p999_us = 7340031
p9999_us = 11534335
max_us = 12374530
error_sample = -BUSY durable log staging is full, retry
inf-bench: 3 error replies under load (3 BUSY-retryable; first sample: -BUSY durable log staging is full, retry)
ops = 216315
errors = 4
busy_retryable = 4
elapsed_s = 300.022
ops_per_sec = 721
p50_us = 16127
p99_us = 2228223
p999_us = 9699327
p9999_us = 15204351
max_us = 15805045
error_sample = -BUSY durable log staging is full, retry
inf-bench: 4 error replies under load (4 BUSY-retryable; first sample: -BUSY durable log staging is full, retry)
ops = 207250
errors = 9
busy_retryable = 9
elapsed_s = 303.610
ops_per_sec = 683
p50_us = 17919
p99_us = 2555903
p999_us = 9175039
p9999_us = 12582911
max_us = 14033963
error_sample = -BUSY durable log staging is full, retry
inf-bench: 9 error replies under load (9 BUSY-retryable; first sample: -BUSY durable log staging is full, retry)
ops = 252491
errors = 2
busy_retryable = 2
elapsed_s = 300.020
ops_per_sec = 842
p50_us = 17407
p99_us = 1933311
p999_us = 7995391
p9999_us = 12845055
max_us = 14280087
error_sample = -BUSY durable log staging is full, retry
inf-bench: 2 error replies under load (2 BUSY-retryable; first sample: -BUSY durable log staging is full, retry)
ops = 174143
errors = 1
busy_retryable = 1
elapsed_s = 300.016
ops_per_sec = 580
p50_us = 16895
p99_us = 3211263
p999_us = 11272191
p9999_us = 14942207
max_us = 15962791
error_sample = -BUSY durable log staging is full, retry
inf-bench: 1 error replies under load (1 BUSY-retryable; first sample: -BUSY durable log staging is full, retry)
ops = 264026
errors = 6
busy_retryable = 6
elapsed_s = 302.061
ops_per_sec = 874
p50_us = 14847
p99_us = 1671167
p999_us = 8912895
p9999_us = 13631487
max_us = 15570261
error_sample = -BUSY durable log staging is full, retry
inf-bench: 6 error replies under load (6 BUSY-retryable; first sample: -BUSY durable log staging is full, retry)
ops = 251137
errors = 5
busy_retryable = 5
elapsed_s = 302.885
ops_per_sec = 829
p50_us = 16127
p99_us = 1703935
p999_us = 10485759
p9999_us = 14155775
max_us = 16159543
error_sample = -BUSY durable log staging is full, retry
inf-bench: 5 error replies under load (5 BUSY-retryable; first sample: -BUSY durable log staging is full, retry)
ops = 203332
errors = 8
busy_retryable = 8
elapsed_s = 300.015
ops_per_sec = 678
p50_us = 16127
p99_us = 2293759
p999_us = 8257535
p9999_us = 13893631
max_us = 16498475
error_sample = -BUSY durable log staging is full, retry
inf-bench: 8 error replies under load (8 BUSY-retryable; first sample: -BUSY durable log staging is full, retry)
ops = 181444
errors = 0
busy_retryable = 0
elapsed_s = 302.960
ops_per_sec = 599
p50_us = 17407
p99_us = 2818047
p999_us = 10747903
p9999_us = 14942207
max_us = 16346487
ops = 156803
errors = 2
busy_retryable = 2
elapsed_s = 303.473
ops_per_sec = 517
p50_us = 17919
p99_us = 3276799
p999_us = 11272191
p9999_us = 14417919
max_us = 16508017
error_sample = -BUSY durable log staging is full, retry
inf-bench: 2 error replies under load (2 BUSY-retryable; first sample: -BUSY durable log staging is full, retry)
ops = 188369
errors = 8
busy_retryable = 8
elapsed_s = 312.951
ops_per_sec = 602
p50_us = 16383
p99_us = 3014655
p999_us = 11534335
p9999_us = 15466495
max_us = 16456183
error_sample = -BUSY durable log staging is full, retry
inf-bench: 8 error replies under load (8 BUSY-retryable; first sample: -BUSY durable log staging is full, retry)
ops = 192065
errors = 13
busy_retryable = 13
elapsed_s = 306.848
ops_per_sec = 626
p50_us = 14847
p99_us = 2949119
p999_us = 9961471
p9999_us = 14680063
max_us = 16486071
error_sample = -BUSY durable log staging is full, retry
inf-bench: 13 error replies under load (13 BUSY-retryable; first sample: -BUSY durable log staging is full, retry)
ops = 190578
errors = 3
busy_retryable = 3
elapsed_s = 300.364
ops_per_sec = 634
p50_us = 15615
p99_us = 3014655
p999_us = 9699327
p9999_us = 14942207
max_us = 16643868
error_sample = -BUSY durable log staging is full, retry
inf-bench: 3 error replies under load (3 BUSY-retryable; first sample: -BUSY durable log staging is full, retry)
ops = 162885
errors = 0
busy_retryable = 0
elapsed_s = 307.228
ops_per_sec = 530
p50_us = 15103
p99_us = 3604479
p999_us = 12582911
p9999_us = 16252927
max_us = 20383882
ops = 133548
errors = 10
busy_retryable = 10
elapsed_s = 301.305
ops_per_sec = 443
p50_us = 17919
p99_us = 3932159
p999_us = 10747903
p9999_us = 13107199
max_us = 14518955
error_sample = -BUSY durable log staging is full, retry
inf-bench: 10 error replies under load (10 BUSY-retryable; first sample: -BUSY durable log staging is full, retry)
ops = 200758
errors = 9
busy_retryable = 9
elapsed_s = 300.019
ops_per_sec = 669
p50_us = 15103
p99_us = 2752511
p999_us = 9961471
p9999_us = 13893631
max_us = 15123109
error_sample = -BUSY durable log staging is full, retry
inf-bench: 9 error replies under load (9 BUSY-retryable; first sample: -BUSY durable log staging is full, retry)
ops = 185053
errors = 3
busy_retryable = 3
elapsed_s = 300.020
ops_per_sec = 617
p50_us = 16895
p99_us = 2818047
p999_us = 9699327
p9999_us = 13893631
max_us = 16630573
error_sample = -BUSY durable log staging is full, retry
inf-bench: 3 error replies under load (3 BUSY-retryable; first sample: -BUSY durable log staging is full, retry)
ops = 133461
errors = 7
busy_retryable = 7
elapsed_s = 300.017
ops_per_sec = 445
p50_us = 16895
p99_us = 3801087
p999_us = 12058623
p9999_us = 15990783
max_us = 16116617
error_sample = -BUSY durable log staging is full, retry
inf-bench: 7 error replies under load (7 BUSY-retryable; first sample: -BUSY durable log staging is full, retry)
ops = 170122
errors = 0
busy_retryable = 0
elapsed_s = 308.014
ops_per_sec = 552
p50_us = 16895
p99_us = 3473407
p999_us = 10485759
p9999_us = 14155775
max_us = 17217909
ops = 166106
errors = 2
busy_retryable = 2
elapsed_s = 306.578
ops_per_sec = 542
p50_us = 16895
p99_us = 3211263
p999_us = 12320767
p9999_us = 15728639
max_us = 17004062
error_sample = -BUSY durable log staging is full, retry
inf-bench: 2 error replies under load (2 BUSY-retryable; first sample: -BUSY durable log staging is full, retry)
ops = 188570
errors = 11
busy_retryable = 11
elapsed_s = 306.440
ops_per_sec = 615
p50_us = 15871
p99_us = 3211263
p999_us = 11534335
p9999_us = 15204351
max_us = 17278614
error_sample = -BUSY durable log staging is full, retry
inf-bench: 11 error replies under load (11 BUSY-retryable; first sample: -BUSY durable log staging is full, retry)
ops = 181018
errors = 2
busy_retryable = 2
elapsed_s = 300.127
ops_per_sec = 603
p50_us = 16127
p99_us = 3014655
p999_us = 10747903
p9999_us = 14417919
max_us = 16044298
error_sample = -BUSY durable log staging is full, retry
inf-bench: 2 error replies under load (2 BUSY-retryable; first sample: -BUSY durable log staging is full, retry)
ops = 217288
errors = 5
busy_retryable = 5
elapsed_s = 312.686
ops_per_sec = 695
p50_us = 16895
p99_us = 2228223
p999_us = 11272191
p9999_us = 15728639
max_us = 17430026
error_sample = -BUSY durable log staging is full, retry
inf-bench: 5 error replies under load (5 BUSY-retryable; first sample: -BUSY durable log staging is full, retry)
ops = 148812
errors = 3
busy_retryable = 3
elapsed_s = 305.748
ops_per_sec = 487
p50_us = 15615
p99_us = 3866623
p999_us = 12320767
p9999_us = 17383455
max_us = 17383455
error_sample = -BUSY durable log staging is full, retry
inf-bench: 3 error replies under load (3 BUSY-retryable; first sample: -BUSY durable log staging is full, retry)
ops = 156564
errors = 8
busy_retryable = 8
elapsed_s = 302.458
ops_per_sec = 518
p50_us = 17407
p99_us = 3801087
p999_us = 13893631
p9999_us = 17301503
max_us = 18436848
error_sample = -BUSY durable log staging is full, retry
inf-bench: 8 error replies under load (8 BUSY-retryable; first sample: -BUSY durable log staging is full, retry)
ops = 156726
errors = 0
busy_retryable = 0
elapsed_s = 300.117
ops_per_sec = 522
p50_us = 15359
p99_us = 3604479
p999_us = 10747903
p9999_us = 13631487
max_us = 16271849
ops = 177213
errors = 3
busy_retryable = 3
elapsed_s = 313.908
ops_per_sec = 565
p50_us = 15871
p99_us = 2949119
p999_us = 10223615
p9999_us = 13893631
max_us = 15141152
error_sample = -BUSY durable log staging is full, retry
inf-bench: 3 error replies under load (3 BUSY-retryable; first sample: -BUSY durable log staging is full, retry)
ops = 170670
errors = 2
busy_retryable = 2
elapsed_s = 301.813
ops_per_sec = 565
p50_us = 16895
p99_us = 3080191
p999_us = 9961471
p9999_us = 14680063
max_us = 15790755
error_sample = -BUSY durable log staging is full, retry
inf-bench: 2 error replies under load (2 BUSY-retryable; first sample: -BUSY durable log staging is full, retry)
ops = 148939
errors = 0
busy_retryable = 0
elapsed_s = 301.802
ops_per_sec = 493
p50_us = 17407
p99_us = 3866623
p999_us = 12845055
p9999_us = 17301503
max_us = 19417460
ops = 163617
errors = 1
busy_retryable = 1
elapsed_s = 303.144
ops_per_sec = 540
p50_us = 15871
p99_us = 3473407
p999_us = 12320767
p9999_us = 16515071
max_us = 18350198
error_sample = -BUSY durable log staging is full, retry
inf-bench: 1 error replies under load (1 BUSY-retryable; first sample: -BUSY durable log staging is full, retry)
ops = 170735
errors = 5
busy_retryable = 5
elapsed_s = 311.648
ops_per_sec = 548
p50_us = 16383
p99_us = 3538943
p999_us = 10223615
p9999_us = 15204351
max_us = 16858697
error_sample = -BUSY durable log staging is full, retry
inf-bench: 5 error replies under load (5 BUSY-retryable; first sample: -BUSY durable log staging is full, retry)
ops = 185008
errors = 8
busy_retryable = 8
elapsed_s = 302.331
ops_per_sec = 612
p50_us = 16127
p99_us = 2818047
p999_us = 9961471
p9999_us = 15728639
max_us = 16150806
error_sample = -BUSY durable log staging is full, retry
inf-bench: 8 error replies under load (8 BUSY-retryable; first sample: -BUSY durable log staging is full, retry)
ops = 186833
errors = 0
busy_retryable = 0
elapsed_s = 300.932
ops_per_sec = 621
p50_us = 16127
p99_us = 2883583
p999_us = 11796479
p9999_us = 15466495
max_us = 17259310
ops = 217955
errors = 0
busy_retryable = 0
elapsed_s = 304.443
ops_per_sec = 716
p50_us = 14591
p99_us = 2359295
p999_us = 10223615
p9999_us = 14680063
max_us = 17844896
ops = 166591
errors = 0
busy_retryable = 0
elapsed_s = 303.338
ops_per_sec = 549
p50_us = 16895
p99_us = 3670015
p999_us = 10747903
p9999_us = 14942207
max_us = 16020711
ops = 174997
errors = 0
busy_retryable = 0
elapsed_s = 301.243
ops_per_sec = 581
p50_us = 14847
p99_us = 3211263
p999_us = 11272191
p9999_us = 14680063
max_us = 15003767
ops = 196249
errors = 3
busy_retryable = 3
elapsed_s = 303.273
ops_per_sec = 647
p50_us = 16895
p99_us = 2752511
p999_us = 8912895
p9999_us = 13893631
max_us = 16785084
error_sample = -BUSY durable log staging is full, retry
inf-bench: 3 error replies under load (3 BUSY-retryable; first sample: -BUSY durable log staging is full, retry)
ops = 211421
errors = 2
busy_retryable = 2
elapsed_s = 300.015
ops_per_sec = 705
p50_us = 16895
p99_us = 2555903
p999_us = 9699327
p9999_us = 14417919
max_us = 16545639
error_sample = -BUSY durable log staging is full, retry
inf-bench: 2 error replies under load (2 BUSY-retryable; first sample: -BUSY durable log staging is full, retry)
ops = 182494
errors = 8
busy_retryable = 8
elapsed_s = 302.962
ops_per_sec = 602
p50_us = 16895
p99_us = 3014655
p999_us = 11534335
p9999_us = 14155775
max_us = 15630621
error_sample = -BUSY durable log staging is full, retry
inf-bench: 8 error replies under load (8 BUSY-retryable; first sample: -BUSY durable log staging is full, retry)
ops = 171912
errors = 1
busy_retryable = 1
elapsed_s = 305.053
ops_per_sec = 564
p50_us = 16895
p99_us = 3145727
p999_us = 12058623
p9999_us = 16515071
max_us = 17057293
error_sample = -BUSY durable log staging is full, retry
inf-bench: 1 error replies under load (1 BUSY-retryable; first sample: -BUSY durable log staging is full, retry)
ops = 184404
errors = 0
busy_retryable = 0
elapsed_s = 300.025
ops_per_sec = 615
p50_us = 16383
p99_us = 3145727
p999_us = 11796479
p9999_us = 14680063
max_us = 16734475
ops = 194953
errors = 14
busy_retryable = 14
elapsed_s = 312.270
ops_per_sec = 624
p50_us = 15871
p99_us = 3014655
p999_us = 10485759
p9999_us = 13893631
max_us = 15887314
error_sample = -BUSY durable log staging is full, retry
inf-bench: 14 error replies under load (14 BUSY-retryable; first sample: -BUSY durable log staging is full, retry)
ops = 212481
errors = 20
busy_retryable = 20
elapsed_s = 300.015
ops_per_sec = 708
p50_us = 15103
p99_us = 2490367
p999_us = 8912895
p9999_us = 13107199
max_us = 14141223
error_sample = -BUSY durable log staging is full, retry
inf-bench: 20 error replies under load (20 BUSY-retryable; first sample: -BUSY durable log staging is full, retry)
ops = 185769
errors = 2
busy_retryable = 2
elapsed_s = 300.017
ops_per_sec = 619
p50_us = 15359
p99_us = 3145727
p999_us = 9699327
p9999_us = 12582911
max_us = 14747122
error_sample = -BUSY durable log staging is full, retry
inf-bench: 2 error replies under load (2 BUSY-retryable; first sample: -BUSY durable log staging is full, retry)
ops = 150707
errors = 0
busy_retryable = 0
elapsed_s = 301.077
ops_per_sec = 501
p50_us = 16895
p99_us = 3604479
p999_us = 11010047
p9999_us = 14942207
max_us = 16193421
ops = 210896
errors = 4
busy_retryable = 4
elapsed_s = 309.801
ops_per_sec = 681
p50_us = 14591
p99_us = 2752511
p999_us = 10223615
p9999_us = 15466495
max_us = 16334327
error_sample = -BUSY durable log staging is full, retry
inf-bench: 4 error replies under load (4 BUSY-retryable; first sample: -BUSY durable log staging is full, retry)
ops = 186094
errors = 0
busy_retryable = 0
elapsed_s = 310.199
ops_per_sec = 600
p50_us = 14335
p99_us = 3145727
p999_us = 10223615
p9999_us = 16252927
max_us = 16446843
ops = 166090
errors = 1
busy_retryable = 1
elapsed_s = 300.017
ops_per_sec = 554
p50_us = 16895
p99_us = 3735551
p999_us = 13107199
p9999_us = 16777215
max_us = 17260636
error_sample = -BUSY durable log staging is full, retry
inf-bench: 1 error replies under load (1 BUSY-retryable; first sample: -BUSY durable log staging is full, retry)
ops = 139567
errors = 3
busy_retryable = 3
elapsed_s = 300.019
ops_per_sec = 465
p50_us = 16895
p99_us = 3932159
p999_us = 10747903
p9999_us = 14155775
max_us = 19444423
error_sample = -BUSY durable log staging is full, retry
inf-bench: 3 error replies under load (3 BUSY-retryable; first sample: -BUSY durable log staging is full, retry)
ops = 187006
errors = 6
busy_retryable = 6
elapsed_s = 308.940
ops_per_sec = 605
p50_us = 15871
p99_us = 3342335
p999_us = 10747903
p9999_us = 15728639
max_us = 16575049
error_sample = -BUSY durable log staging is full, retry
inf-bench: 6 error replies under load (6 BUSY-retryable; first sample: -BUSY durable log staging is full, retry)
ops = 159641
errors = 1
busy_retryable = 1
elapsed_s = 304.174
ops_per_sec = 525
p50_us = 15359
p99_us = 3735551
p999_us = 11010047
p9999_us = 14155775
max_us = 15732894
error_sample = -BUSY durable log staging is full, retry
inf-bench: 1 error replies under load (1 BUSY-retryable; first sample: -BUSY durable log staging is full, retry)
ops = 186601
errors = 12
busy_retryable = 12
elapsed_s = 313.571
ops_per_sec = 595
p50_us = 16383
p99_us = 3014655
p999_us = 9961471
p9999_us = 16252927
max_us = 16711165
error_sample = -BUSY durable log staging is full, retry
inf-bench: 12 error replies under load (12 BUSY-retryable; first sample: -BUSY durable log staging is full, retry)
ops = 165592
errors = 3
busy_retryable = 3
elapsed_s = 302.683
ops_per_sec = 547
p50_us = 16127
p99_us = 3407871
p999_us = 12320767
p9999_us = 15990783
max_us = 16661954
error_sample = -BUSY durable log staging is full, retry
inf-bench: 3 error replies under load (3 BUSY-retryable; first sample: -BUSY durable log staging is full, retry)
ops = 206043
errors = 0
busy_retryable = 0
elapsed_s = 305.681
ops_per_sec = 674
p50_us = 15871
p99_us = 2621439
p999_us = 9961471
p9999_us = 15728639
max_us = 16743315
ops = 166112
errors = 2
busy_retryable = 2
elapsed_s = 300.274
ops_per_sec = 553
p50_us = 16895
p99_us = 3014655
p999_us = 9961471
p9999_us = 12845055
max_us = 13109419
error_sample = -BUSY durable log staging is full, retry
inf-bench: 2 error replies under load (2 BUSY-retryable; first sample: -BUSY durable log staging is full, retry)
ops = 195892
errors = 2
busy_retryable = 2
elapsed_s = 300.826
ops_per_sec = 651
p50_us = 15871
p99_us = 2883583
p999_us = 10223615
p9999_us = 15728639
max_us = 16945380
error_sample = -BUSY durable log staging is full, retry
inf-bench: 2 error replies under load (2 BUSY-retryable; first sample: -BUSY durable log staging is full, retry)
ops = 152791
errors = 10
busy_retryable = 10
elapsed_s = 301.742
ops_per_sec = 506
p50_us = 16895
p99_us = 2949119
p999_us = 11796479
p9999_us = 14417919
max_us = 16164126
error_sample = -BUSY durable log staging is full, retry
inf-bench: 10 error replies under load (10 BUSY-retryable; first sample: -BUSY durable log staging is full, retry)
ops = 209756
errors = 3
busy_retryable = 3
elapsed_s = 300.805
ops_per_sec = 697
p50_us = 15615
p99_us = 2359295
p999_us = 10485759
p9999_us = 13893631
max_us = 15655651
error_sample = -BUSY durable log staging is full, retry
inf-bench: 3 error replies under load (3 BUSY-retryable; first sample: -BUSY durable log staging is full, retry)
ops = 179003
errors = 0
busy_retryable = 0
elapsed_s = 300.019
ops_per_sec = 597
p50_us = 16127
p99_us = 3145727
p999_us = 10223615
p9999_us = 14680063
max_us = 16469223
ops = 157945
errors = 5
busy_retryable = 5
elapsed_s = 305.457
ops_per_sec = 517
p50_us = 16895
p99_us = 3473407
p999_us = 10223615
p9999_us = 13631487
max_us = 15950582
error_sample = -BUSY durable log staging is full, retry
inf-bench: 5 error replies under load (5 BUSY-retryable; first sample: -BUSY durable log staging is full, retry)
ops = 221332
errors = 0
busy_retryable = 0
elapsed_s = 300.335
ops_per_sec = 737
p50_us = 15615
p99_us = 2228223
p999_us = 9961471
p9999_us = 14680063
max_us = 17072496
ops = 175229
errors = 1
busy_retryable = 1
elapsed_s = 300.188
ops_per_sec = 584
p50_us = 16895
p99_us = 3473407
p999_us = 10485759
p9999_us = 14155775
max_us = 14888811
error_sample = -BUSY durable log staging is full, retry
inf-bench: 1 error replies under load (1 BUSY-retryable; first sample: -BUSY durable log staging is full, retry)
ops = 181890
errors = 2
busy_retryable = 2
elapsed_s = 300.215
ops_per_sec = 606
p50_us = 15871
p99_us = 3211263
p999_us = 10223615
p9999_us = 15466495
max_us = 15811906
error_sample = -BUSY durable log staging is full, retry
inf-bench: 2 error replies under load (2 BUSY-retryable; first sample: -BUSY durable log staging is full, retry)
ops = 178920
errors = 3
busy_retryable = 3
elapsed_s = 300.173
ops_per_sec = 596
p50_us = 15871
p99_us = 3276799
p999_us = 10223615
p9999_us = 16252927
max_us = 16874170
error_sample = -BUSY durable log staging is full, retry
inf-bench: 3 error replies under load (3 BUSY-retryable; first sample: -BUSY durable log staging is full, retry)
ops = 189595
errors = 22
busy_retryable = 22
elapsed_s = 302.264
ops_per_sec = 627
p50_us = 16383
p99_us = 2883583
p999_us = 11534335
p9999_us = 15204351
max_us = 16679676
error_sample = -BUSY durable log staging is full, retry
inf-bench: 22 error replies under load (22 BUSY-retryable; first sample: -BUSY durable log staging is full, retry)
ops = 187351
errors = 1
busy_retryable = 1
elapsed_s = 300.123
ops_per_sec = 624
p50_us = 16127
p99_us = 2818047
p999_us = 10223615
p9999_us = 14417919
max_us = 17425714
error_sample = -BUSY durable log staging is full, retry
inf-bench: 1 error replies under load (1 BUSY-retryable; first sample: -BUSY durable log staging is full, retry)
ops = 224496
errors = 4
busy_retryable = 4
elapsed_s = 303.605
ops_per_sec = 739
p50_us = 15871
p99_us = 2162687
p999_us = 9699327
p9999_us = 15466495
max_us = 15883918
error_sample = -BUSY durable log staging is full, retry
inf-bench: 4 error replies under load (4 BUSY-retryable; first sample: -BUSY durable log staging is full, retry)
ops = 192829
errors = 6
busy_retryable = 6
elapsed_s = 305.279
ops_per_sec = 632
p50_us = 15871
p99_us = 2949119
p999_us = 10223615
p9999_us = 16252927
max_us = 17691026
error_sample = -BUSY durable log staging is full, retry
inf-bench: 6 error replies under load (6 BUSY-retryable; first sample: -BUSY durable log staging is full, retry)
ops = 152785
errors = 4
busy_retryable = 4
elapsed_s = 310.528
ops_per_sec = 492
p50_us = 16127
p99_us = 3670015
p999_us = 12582911
p9999_us = 14942207
max_us = 19584346
error_sample = -BUSY durable log staging is full, retry
inf-bench: 4 error replies under load (4 BUSY-retryable; first sample: -BUSY durable log staging is full, retry)
ops = 197031
errors = 0
busy_retryable = 0
elapsed_s = 300.440
ops_per_sec = 656
p50_us = 16127
p99_us = 2818047
p999_us = 10747903
p9999_us = 17825791
max_us = 20288978
ops = 198625
errors = 1
busy_retryable = 1
elapsed_s = 300.036
ops_per_sec = 662
p50_us = 15871
p99_us = 2883583
p999_us = 9961471
p9999_us = 13893631
max_us = 14484613
error_sample = -BUSY durable log staging is full, retry
inf-bench: 1 error replies under load (1 BUSY-retryable; first sample: -BUSY durable log staging is full, retry)
ops = 157556
errors = 3
busy_retryable = 3
elapsed_s = 313.889
ops_per_sec = 502
p50_us = 16895
p99_us = 3604479
p999_us = 12845055
p9999_us = 16515071
max_us = 16993434
error_sample = -BUSY durable log staging is full, retry
inf-bench: 3 error replies under load (3 BUSY-retryable; first sample: -BUSY durable log staging is full, retry)
ops = 170589
errors = 7
busy_retryable = 7
elapsed_s = 300.250
ops_per_sec = 568
p50_us = 17407
p99_us = 2752511
p999_us = 10223615
p9999_us = 14680063
max_us = 16230905
error_sample = -BUSY durable log staging is full, retry
inf-bench: 7 error replies under load (7 BUSY-retryable; first sample: -BUSY durable log staging is full, retry)
ops = 170199
errors = 5
busy_retryable = 5
elapsed_s = 302.546
ops_per_sec = 563
p50_us = 17919
p99_us = 3342335
p999_us = 10747903
p9999_us = 13631487
max_us = 16439059
error_sample = -BUSY durable log staging is full, retry
inf-bench: 5 error replies under load (5 BUSY-retryable; first sample: -BUSY durable log staging is full, retry)
ops = 197654
errors = 5
busy_retryable = 5
elapsed_s = 300.017
ops_per_sec = 659
p50_us = 15871
p99_us = 2752511
p999_us = 9961471
p9999_us = 14417919
max_us = 15651298
error_sample = -BUSY durable log staging is full, retry
inf-bench: 5 error replies under load (5 BUSY-retryable; first sample: -BUSY durable log staging is full, retry)
ops = 219328
errors = 9
busy_retryable = 9
elapsed_s = 302.428
ops_per_sec = 725
p50_us = 16383
p99_us = 2555903
p999_us = 9437183
p9999_us = 12582911
max_us = 14249632
error_sample = -BUSY durable log staging is full, retry
inf-bench: 9 error replies under load (9 BUSY-retryable; first sample: -BUSY durable log staging is full, retry)
ops = 187660
errors = 9
busy_retryable = 9
elapsed_s = 302.731
ops_per_sec = 620
p50_us = 16383
p99_us = 2621439
p999_us = 10485759
p9999_us = 12582911
max_us = 14441863
error_sample = -BUSY durable log staging is full, retry
inf-bench: 9 error replies under load (9 BUSY-retryable; first sample: -BUSY durable log staging is full, retry)
ops = 180380
errors = 2
busy_retryable = 2
elapsed_s = 306.873
ops_per_sec = 588
p50_us = 14591
p99_us = 3276799
p999_us = 9699327
p9999_us = 13369343
max_us = 16441730
error_sample = -BUSY durable log staging is full, retry
inf-bench: 2 error replies under load (2 BUSY-retryable; first sample: -BUSY durable log staging is full, retry)
ops = 122431
errors = 0
busy_retryable = 0
elapsed_s = 300.012
ops_per_sec = 408
p50_us = 16383
p99_us = 4849663
p999_us = 11010047
p9999_us = 15728639
max_us = 16684969
ops = 199340
errors = 0
busy_retryable = 0
elapsed_s = 300.021
ops_per_sec = 664
p50_us = 16383
p99_us = 2555903
p999_us = 10747903
p9999_us = 15466495
max_us = 17615867
ops = 199782
errors = 0
busy_retryable = 0
elapsed_s = 300.156
ops_per_sec = 666
p50_us = 15103
p99_us = 2490367
p999_us = 9961471
p9999_us = 14417919
max_us = 14656150
ops = 209889
errors = 11
busy_retryable = 11
elapsed_s = 305.943
ops_per_sec = 686
p50_us = 15615
p99_us = 2490367
p999_us = 10747903
p9999_us = 16777215
max_us = 19154034
error_sample = -BUSY durable log staging is full, retry
inf-bench: 11 error replies under load (11 BUSY-retryable; first sample: -BUSY durable log staging is full, retry)
ops = 148689
errors = 5
busy_retryable = 5
elapsed_s = 300.014
ops_per_sec = 496
p50_us = 15871
p99_us = 3801087
p999_us = 11272191
p9999_us = 15990783
max_us = 16785990
error_sample = -BUSY durable log staging is full, retry
inf-bench: 5 error replies under load (5 BUSY-retryable; first sample: -BUSY durable log staging is full, retry)
ops = 172840
errors = 2
busy_retryable = 2
elapsed_s = 302.720
ops_per_sec = 571
p50_us = 17919
p99_us = 3145727
p999_us = 10747903
p9999_us = 15990783
max_us = 17422830
error_sample = -BUSY durable log staging is full, retry
inf-bench: 2 error replies under load (2 BUSY-retryable; first sample: -BUSY durable log staging is full, retry)
ops = 174435
errors = 7
busy_retryable = 7
elapsed_s = 306.018
ops_per_sec = 570
p50_us = 15615
p99_us = 3407871
p999_us = 13107199
p9999_us = 17301503
max_us = 17478225
error_sample = -BUSY durable log staging is full, retry
inf-bench: 7 error replies under load (7 BUSY-retryable; first sample: -BUSY durable log staging is full, retry)
ops = 171854
errors = 3
busy_retryable = 3
elapsed_s = 304.956
ops_per_sec = 564
p50_us = 16895
p99_us = 3407871
p999_us = 10747903
p9999_us = 15466495
max_us = 17518900
error_sample = -BUSY durable log staging is full, retry
inf-bench: 3 error replies under load (3 BUSY-retryable; first sample: -BUSY durable log staging is full, retry)
ops = 150712
errors = 4
busy_retryable = 4
elapsed_s = 300.078
ops_per_sec = 502
p50_us = 16895
p99_us = 3407871
p999_us = 11272191
p9999_us = 14155775
max_us = 15454679
error_sample = -BUSY durable log staging is full, retry
inf-bench: 4 error replies under load (4 BUSY-retryable; first sample: -BUSY durable log staging is full, retry)
ops = 197064
errors = 0
busy_retryable = 0
elapsed_s = 303.278
ops_per_sec = 650
p50_us = 16895
p99_us = 2686975
p999_us = 9699327
p9999_us = 14942207
max_us = 16776905
ops = 203952
errors = 2
busy_retryable = 2
elapsed_s = 307.160
ops_per_sec = 664
p50_us = 16895
p99_us = 2621439
p999_us = 10485759
p9999_us = 13893631
max_us = 16349474
error_sample = -BUSY durable log staging is full, retry
inf-bench: 2 error replies under load (2 BUSY-retryable; first sample: -BUSY durable log staging is full, retry)
ops = 228250
errors = 0
busy_retryable = 0
elapsed_s = 305.538
ops_per_sec = 747
p50_us = 15615
p99_us = 2359295
p999_us = 9437183
p9999_us = 14680063
max_us = 16805173
ops = 107068
errors = 2
busy_retryable = 2
elapsed_s = 301.939
ops_per_sec = 355
p50_us = 16127
p99_us = 5505023
p999_us = 11534335
p9999_us = 15728639
max_us = 16320277
error_sample = -BUSY durable log staging is full, retry
inf-bench: 2 error replies under load (2 BUSY-retryable; first sample: -BUSY durable log staging is full, retry)
ops = 219615
errors = 2
busy_retryable = 2
elapsed_s = 303.461
ops_per_sec = 724
p50_us = 14847
p99_us = 1998847
p999_us = 10747903
p9999_us = 15466495
max_us = 15897900
error_sample = -BUSY durable log staging is full, retry
inf-bench: 2 error replies under load (2 BUSY-retryable; first sample: -BUSY durable log staging is full, retry)
ops = 150826
errors = 0
busy_retryable = 0
elapsed_s = 300.022
ops_per_sec = 503
p50_us = 16383
p99_us = 3801087
p999_us = 9961471
p9999_us = 12320767
max_us = 13291510
ops = 186237
errors = 2
busy_retryable = 2
elapsed_s = 304.861
ops_per_sec = 611
p50_us = 17407
p99_us = 2949119
p999_us = 9437183
p9999_us = 15334766
max_us = 15334766
error_sample = -BUSY durable log staging is full, retry
inf-bench: 2 error replies under load (2 BUSY-retryable; first sample: -BUSY durable log staging is full, retry)
ops = 197046
errors = 3
busy_retryable = 3
elapsed_s = 304.841
ops_per_sec = 646
p50_us = 15359
p99_us = 2818047
p999_us = 9699327
p9999_us = 14942207
max_us = 16723428
error_sample = -BUSY durable log staging is full, retry
inf-bench: 3 error replies under load (3 BUSY-retryable; first sample: -BUSY durable log staging is full, retry)
ops = 187789
errors = 0
busy_retryable = 0
elapsed_s = 308.146
ops_per_sec = 609
p50_us = 16895
p99_us = 2555903
p999_us = 11272191
p9999_us = 14417919
max_us = 15826454
ops = 190765
errors = 7
busy_retryable = 7
elapsed_s = 300.021
ops_per_sec = 636
p50_us = 15871
p99_us = 3014655
p999_us = 10747903
p9999_us = 14417919
max_us = 15414390
error_sample = -BUSY durable log staging is full, retry
inf-bench: 7 error replies under load (7 BUSY-retryable; first sample: -BUSY durable log staging is full, retry)
ops = 192446
errors = 11
busy_retryable = 11
elapsed_s = 302.511
ops_per_sec = 636
p50_us = 16895
p99_us = 2818047
p999_us = 9699327
p9999_us = 15990783
max_us = 20424623
error_sample = -BUSY durable log staging is full, retry
inf-bench: 11 error replies under load (11 BUSY-retryable; first sample: -BUSY durable log staging is full, retry)
ops = 204736
errors = 0
busy_retryable = 0
elapsed_s = 300.018
ops_per_sec = 682
p50_us = 16127
p99_us = 2752511
p999_us = 9699327
p9999_us = 14155775
max_us = 14696428
ops = 210722
errors = 7
busy_retryable = 7
elapsed_s = 304.989
ops_per_sec = 691
p50_us = 16127
p99_us = 2424831
p999_us = 9961471
p9999_us = 14417919
max_us = 15487794
error_sample = -BUSY durable log staging is full, retry
inf-bench: 7 error replies under load (7 BUSY-retryable; first sample: -BUSY durable log staging is full, retry)
ops = 245557
errors = 7
busy_retryable = 7
elapsed_s = 301.105
ops_per_sec = 816
p50_us = 15103
p99_us = 2031615
p999_us = 7471103
p9999_us = 12058623
max_us = 14528607
error_sample = -BUSY durable log staging is full, retry
inf-bench: 7 error replies under load (7 BUSY-retryable; first sample: -BUSY durable log staging is full, retry)
ops = 175316
errors = 0
busy_retryable = 0
elapsed_s = 302.867
ops_per_sec = 579
p50_us = 17407
p99_us = 3014655
p999_us = 9961471
p9999_us = 14942207
max_us = 15711247
ops = 192200
errors = 2
busy_retryable = 2
elapsed_s = 300.017
ops_per_sec = 641
p50_us = 16127
p99_us = 2686975
p999_us = 10223615
p9999_us = 14680063
max_us = 15540138
error_sample = -BUSY durable log staging is full, retry
inf-bench: 2 error replies under load (2 BUSY-retryable; first sample: -BUSY durable log staging is full, retry)
ops = 148282
errors = 0
busy_retryable = 0
elapsed_s = 302.826
ops_per_sec = 490
p50_us = 15871
p99_us = 4063231
p999_us = 12582911
p9999_us = 17176522
max_us = 17176522
ops = 192238
errors = 7
busy_retryable = 7
elapsed_s = 300.224
ops_per_sec = 640
p50_us = 14079
p99_us = 2883583
p999_us = 9437183
p9999_us = 12845055
max_us = 13359576
error_sample = -BUSY durable log staging is full, retry
inf-bench: 7 error replies under load (7 BUSY-retryable; first sample: -BUSY durable log staging is full, retry)
ops = 173134
errors = 7
busy_retryable = 7
elapsed_s = 300.432
ops_per_sec = 576
p50_us = 15871
p99_us = 3276799
p999_us = 12058623
p9999_us = 15728639
max_us = 16268997
error_sample = -BUSY durable log staging is full, retry
inf-bench: 7 error replies under load (7 BUSY-retryable; first sample: -BUSY durable log staging is full, retry)
ops = 193114
errors = 3
busy_retryable = 3
elapsed_s = 300.055
ops_per_sec = 644
p50_us = 15871
p99_us = 2883583
p999_us = 10485759
p9999_us = 16252927
max_us = 17353804
error_sample = -BUSY durable log staging is full, retry
inf-bench: 3 error replies under load (3 BUSY-retryable; first sample: -BUSY durable log staging is full, retry)
ops = 164126
errors = 2
busy_retryable = 2
elapsed_s = 302.199
ops_per_sec = 543
p50_us = 15359
p99_us = 3538943
p999_us = 12582911
p9999_us = 15466495
max_us = 17044490
error_sample = -BUSY durable log staging is full, retry
inf-bench: 2 error replies under load (2 BUSY-retryable; first sample: -BUSY durable log staging is full, retry)
ops = 195509
errors = 15
busy_retryable = 15
elapsed_s = 304.607
ops_per_sec = 642
p50_us = 16127
p99_us = 2883583
p999_us = 10485759
p9999_us = 14942207
max_us = 15551047
error_sample = -BUSY durable log staging is full, retry
inf-bench: 15 error replies under load (15 BUSY-retryable; first sample: -BUSY durable log staging is full, retry)
ops = 249483
errors = 9
busy_retryable = 9
elapsed_s = 300.021
ops_per_sec = 832
p50_us = 15871
p99_us = 1867775
p999_us = 7864319
p9999_us = 13631487
max_us = 15200492
error_sample = -BUSY durable log staging is full, retry
inf-bench: 9 error replies under load (9 BUSY-retryable; first sample: -BUSY durable log staging is full, retry)
ops = 241356
errors = 0
busy_retryable = 0
elapsed_s = 308.392
ops_per_sec = 783
p50_us = 16895
p99_us = 1933311
p999_us = 9699327
p9999_us = 15204351
max_us = 16741379
ops = 199120
errors = 4
busy_retryable = 4
elapsed_s = 304.620
ops_per_sec = 654
p50_us = 16895
p99_us = 2490367
p999_us = 10747903
p9999_us = 15466495
max_us = 17047801
error_sample = -BUSY durable log staging is full, retry
inf-bench: 4 error replies under load (4 BUSY-retryable; first sample: -BUSY durable log staging is full, retry)
ops = 223564
errors = 6
busy_retryable = 6
elapsed_s = 305.998
ops_per_sec = 731
p50_us = 16383
p99_us = 2490367
p999_us = 8388607
p9999_us = 12845055
max_us = 15522412
error_sample = -BUSY durable log staging is full, retry
inf-bench: 6 error replies under load (6 BUSY-retryable; first sample: -BUSY durable log staging is full, retry)
ops = 147565
errors = 1
busy_retryable = 1
elapsed_s = 303.848
ops_per_sec = 486
p50_us = 18431
p99_us = 3538943
p999_us = 10747903
p9999_us = 15204351
max_us = 16360595
error_sample = -BUSY durable log staging is full, retry
inf-bench: 1 error replies under load (1 BUSY-retryable; first sample: -BUSY durable log staging is full, retry)
ops = 198672
errors = 5
busy_retryable = 5
elapsed_s = 300.963
ops_per_sec = 660
p50_us = 14847
p99_us = 2555903
p999_us = 11534335
p9999_us = 14942207
max_us = 16611243
error_sample = -BUSY durable log staging is full, retry
inf-bench: 5 error replies under load (5 BUSY-retryable; first sample: -BUSY durable log staging is full, retry)
ops = 183818
errors = 8
busy_retryable = 8
elapsed_s = 300.018
ops_per_sec = 613
p50_us = 16383
p99_us = 2621439
p999_us = 10223615
p9999_us = 15466495
max_us = 17320833
error_sample = -BUSY durable log staging is full, retry
inf-bench: 8 error replies under load (8 BUSY-retryable; first sample: -BUSY durable log staging is full, retry)
ops = 203668
errors = 6
busy_retryable = 6
elapsed_s = 305.069
ops_per_sec = 668
p50_us = 16127
p99_us = 2621439
p999_us = 9175039
p9999_us = 13107199
max_us = 15225287
error_sample = -BUSY durable log staging is full, retry
inf-bench: 6 error replies under load (6 BUSY-retryable; first sample: -BUSY durable log staging is full, retry)
ops = 222403
errors = 3
busy_retryable = 3
elapsed_s = 301.541
ops_per_sec = 738
p50_us = 16127
p99_us = 2424831
p999_us = 9699327
p9999_us = 15204351
max_us = 16703818
error_sample = -BUSY durable log staging is full, retry
inf-bench: 3 error replies under load (3 BUSY-retryable; first sample: -BUSY durable log staging is full, retry)
ops = 153806
errors = 13
busy_retryable = 13
elapsed_s = 308.275
ops_per_sec = 499
p50_us = 16895
p99_us = 4194303
p999_us = 11534335
p9999_us = 14942207
max_us = 16822471
error_sample = -BUSY durable log staging is full, retry
inf-bench: 13 error replies under load (13 BUSY-retryable; first sample: -BUSY durable log staging is full, retry)
ops = 145704
errors = 0
busy_retryable = 0
elapsed_s = 307.311
ops_per_sec = 474
p50_us = 15871
p99_us = 3538943
p999_us = 10747903
p9999_us = 15466495
max_us = 16669000
ops = 215605
errors = 1
busy_retryable = 1
elapsed_s = 307.771
ops_per_sec = 701
p50_us = 16895
p99_us = 2424831
p999_us = 9175039
p9999_us = 15728639
max_us = 16460658
error_sample = -BUSY durable log staging is full, retry
inf-bench: 1 error replies under load (1 BUSY-retryable; first sample: -BUSY durable log staging is full, retry)
ops = 152689
errors = 3
busy_retryable = 3
elapsed_s = 303.549
ops_per_sec = 503
p50_us = 16895
p99_us = 3735551
p999_us = 11272191
p9999_us = 15728639
max_us = 16116103
error_sample = -BUSY durable log staging is full, retry
inf-bench: 3 error replies under load (3 BUSY-retryable; first sample: -BUSY durable log staging is full, retry)
ops = 160346
errors = 7
busy_retryable = 7
elapsed_s = 300.017
ops_per_sec = 534
p50_us = 16383
p99_us = 3473407
p999_us = 9175039
p9999_us = 15466495
max_us = 18640037
error_sample = -BUSY durable log staging is full, retry
inf-bench: 7 error replies under load (7 BUSY-retryable; first sample: -BUSY durable log staging is full, retry)
ops = 165513
errors = 2
busy_retryable = 2
elapsed_s = 304.105
ops_per_sec = 544
p50_us = 16895
p99_us = 3276799
p999_us = 10223615
p9999_us = 15204351
max_us = 15293824
error_sample = -BUSY durable log staging is full, retry
inf-bench: 2 error replies under load (2 BUSY-retryable; first sample: -BUSY durable log staging is full, retry)
ops = 200176
errors = 0
busy_retryable = 0
elapsed_s = 300.017
ops_per_sec = 667
p50_us = 14591
p99_us = 2883583
p999_us = 9699327
p9999_us = 16515071
max_us = 18627085
ops = 180831
errors = 0
busy_retryable = 0
elapsed_s = 304.035
ops_per_sec = 595
p50_us = 15615
p99_us = 3211263
p999_us = 12582911
p9999_us = 16252927
max_us = 18061929
ops = 175557
errors = 1
busy_retryable = 1
elapsed_s = 309.435
ops_per_sec = 567
p50_us = 16127
p99_us = 3014655
p999_us = 10485759
p9999_us = 13107199
max_us = 15791610
error_sample = -BUSY durable log staging is full, retry
inf-bench: 1 error replies under load (1 BUSY-retryable; first sample: -BUSY durable log staging is full, retry)
ops = 201271
errors = 8
busy_retryable = 8
elapsed_s = 306.685
ops_per_sec = 656
p50_us = 16383
p99_us = 2490367
p999_us = 10223615
p9999_us = 13631487
max_us = 16006686
error_sample = -BUSY durable log staging is full, retry
inf-bench: 8 error replies under load (8 BUSY-retryable; first sample: -BUSY durable log staging is full, retry)
ops = 157811
errors = 2
busy_retryable = 2
elapsed_s = 303.635
ops_per_sec = 520
p50_us = 18431
p99_us = 3276799
p999_us = 10485759
p9999_us = 12845055
max_us = 16370377
error_sample = -BUSY durable log staging is full, retry
inf-bench: 2 error replies under load (2 BUSY-retryable; first sample: -BUSY durable log staging is full, retry)
ops = 255901
errors = 16
busy_retryable = 16
elapsed_s = 303.037
ops_per_sec = 844
p50_us = 16383
p99_us = 1736703
p999_us = 8388607
p9999_us = 13893631
max_us = 15144478
error_sample = -BUSY durable log staging is full, retry
inf-bench: 16 error replies under load (16 BUSY-retryable; first sample: -BUSY durable log staging is full, retry)
ops = 209541
errors = 8
busy_retryable = 8
elapsed_s = 306.821
ops_per_sec = 683
p50_us = 16383
p99_us = 2424831
p999_us = 9437183
p9999_us = 12058623
max_us = 14733714
error_sample = -BUSY durable log staging is full, retry
inf-bench: 8 error replies under load (8 BUSY-retryable; first sample: -BUSY durable log staging is full, retry)
ops = 227174
errors = 3
busy_retryable = 3
elapsed_s = 300.025
ops_per_sec = 757
p50_us = 15871
p99_us = 2162687
p999_us = 9961471
p9999_us = 14417919
max_us = 14457757
error_sample = -BUSY durable log staging is full, retry
inf-bench: 3 error replies under load (3 BUSY-retryable; first sample: -BUSY durable log staging is full, retry)
ops = 198426
errors = 4
busy_retryable = 4
elapsed_s = 300.017
ops_per_sec = 661
p50_us = 16383
p99_us = 2883583
p999_us = 9699327
p9999_us = 15204351
max_us = 15791375
error_sample = -BUSY durable log staging is full, retry
inf-bench: 4 error replies under load (4 BUSY-retryable; first sample: -BUSY durable log staging is full, retry)
ops = 174470
errors = 7
busy_retryable = 7
elapsed_s = 304.264
ops_per_sec = 573
p50_us = 16895
p99_us = 2883583
p999_us = 10223615
p9999_us = 13631487
max_us = 16031816
error_sample = -BUSY durable log staging is full, retry
inf-bench: 7 error replies under load (7 BUSY-retryable; first sample: -BUSY durable log staging is full, retry)
ops = 222134
errors = 0
busy_retryable = 0
elapsed_s = 303.742
ops_per_sec = 731
p50_us = 15359
p99_us = 2293759
p999_us = 9961471
p9999_us = 14942207
max_us = 14985764
ops = 225392
errors = 4
busy_retryable = 4
elapsed_s = 300.014
ops_per_sec = 751
p50_us = 15103
p99_us = 2162687
p999_us = 11272191
p9999_us = 14942207
max_us = 16271428
error_sample = -BUSY durable log staging is full, retry
inf-bench: 4 error replies under load (4 BUSY-retryable; first sample: -BUSY durable log staging is full, retry)
ops = 212283
errors = 5
busy_retryable = 5
elapsed_s = 306.984
ops_per_sec = 692
p50_us = 14847
p99_us = 2293759
p999_us = 9437183
p9999_us = 13893631
max_us = 16169139
error_sample = -BUSY durable log staging is full, retry
inf-bench: 5 error replies under load (5 BUSY-retryable; first sample: -BUSY durable log staging is full, retry)
ops = 223879
errors = 3
busy_retryable = 3
elapsed_s = 300.017
ops_per_sec = 746
p50_us = 16127
p99_us = 2162687
p999_us = 9175039
p9999_us = 13631487
max_us = 15783124
error_sample = -BUSY durable log staging is full, retry
inf-bench: 3 error replies under load (3 BUSY-retryable; first sample: -BUSY durable log staging is full, retry)
ops = 196413
errors = 1
busy_retryable = 1
elapsed_s = 302.211
ops_per_sec = 650
p50_us = 16895
p99_us = 2818047
p999_us = 9699327
p9999_us = 14942207
max_us = 15550771
error_sample = -BUSY durable log staging is full, retry
inf-bench: 1 error replies under load (1 BUSY-retryable; first sample: -BUSY durable log staging is full, retry)
ops = 195873
errors = 10
busy_retryable = 10
elapsed_s = 302.680
ops_per_sec = 647
p50_us = 15359
p99_us = 2752511
p999_us = 10747903
p9999_us = 15466495
max_us = 16819002
error_sample = -BUSY durable log staging is full, retry
inf-bench: 10 error replies under load (10 BUSY-retryable; first sample: -BUSY durable log staging is full, retry)
ops = 185238
errors = 8
busy_retryable = 8
elapsed_s = 300.019
ops_per_sec = 617
p50_us = 16127
p99_us = 3014655
p999_us = 9699327
p9999_us = 13631487
max_us = 15420416
error_sample = -BUSY durable log staging is full, retry
inf-bench: 8 error replies under load (8 BUSY-retryable; first sample: -BUSY durable log staging is full, retry)
ops = 194208
errors = 1
busy_retryable = 1
elapsed_s = 306.978
ops_per_sec = 633
p50_us = 15615
p99_us = 2818047
p999_us = 9961471
p9999_us = 14155775
max_us = 16927466
error_sample = -BUSY durable log staging is full, retry
inf-bench: 1 error replies under load (1 BUSY-retryable; first sample: -BUSY durable log staging is full, retry)
ops = 169647
errors = 6
busy_retryable = 6
elapsed_s = 301.635
ops_per_sec = 562
p50_us = 15871
p99_us = 3211263
p999_us = 10485759
p9999_us = 15466495
max_us = 16590640
error_sample = -BUSY durable log staging is full, retry
inf-bench: 6 error replies under load (6 BUSY-retryable; first sample: -BUSY durable log staging is full, retry)
ops = 203154
errors = 2
busy_retryable = 2
elapsed_s = 307.797
ops_per_sec = 660
p50_us = 17407
p99_us = 2359295
p999_us = 11272191
p9999_us = 14417919
max_us = 15148293
error_sample = -BUSY durable log staging is full, retry
inf-bench: 2 error replies under load (2 BUSY-retryable; first sample: -BUSY durable log staging is full, retry)
ops = 230488
errors = 4
busy_retryable = 4
elapsed_s = 300.195
ops_per_sec = 768
p50_us = 15103
p99_us = 2162687
p999_us = 9699327
p9999_us = 14417919
max_us = 15159318
error_sample = -BUSY durable log staging is full, retry
inf-bench: 4 error replies under load (4 BUSY-retryable; first sample: -BUSY durable log staging is full, retry)
ops = 208780
errors = 3
busy_retryable = 3
elapsed_s = 301.827
ops_per_sec = 692
p50_us = 15359
p99_us = 2555903
p999_us = 9961471
p9999_us = 14155775
max_us = 15419840
error_sample = -BUSY durable log staging is full, retry
inf-bench: 3 error replies under load (3 BUSY-retryable; first sample: -BUSY durable log staging is full, retry)
ops = 163064
errors = 5
busy_retryable = 5
elapsed_s = 300.665
ops_per_sec = 542
p50_us = 16895
p99_us = 3342335
p999_us = 10485759
p9999_us = 14417919
max_us = 15327371
error_sample = -BUSY durable log staging is full, retry
inf-bench: 5 error replies under load (5 BUSY-retryable; first sample: -BUSY durable log staging is full, retry)
ops = 197734
errors = 14
busy_retryable = 14
elapsed_s = 302.127
ops_per_sec = 654
p50_us = 17407
p99_us = 2686975
p999_us = 9961471
p9999_us = 14680063
max_us = 15702985
error_sample = -BUSY durable log staging is full, retry
inf-bench: 14 error replies under load (14 BUSY-retryable; first sample: -BUSY durable log staging is full, retry)
ops = 150305
errors = 1
busy_retryable = 1
elapsed_s = 310.161
ops_per_sec = 485
p50_us = 15615
p99_us = 3670015
p999_us = 9961471
p9999_us = 15515963
max_us = 15515963
error_sample = -BUSY durable log staging is full, retry
inf-bench: 1 error replies under load (1 BUSY-retryable; first sample: -BUSY durable log staging is full, retry)
ops = 210594
errors = 8
busy_retryable = 8
elapsed_s = 301.342
ops_per_sec = 699
p50_us = 15359
p99_us = 2752511
p999_us = 8650751
p9999_us = 12582911
max_us = 16285038
error_sample = -BUSY durable log staging is full, retry
inf-bench: 8 error replies under load (8 BUSY-retryable; first sample: -BUSY durable log staging is full, retry)
ops = 186607
errors = 4
busy_retryable = 4
elapsed_s = 304.870
ops_per_sec = 612
p50_us = 16383
p99_us = 3014655
p999_us = 11796479
p9999_us = 14680063
max_us = 15309036
error_sample = -BUSY durable log staging is full, retry
inf-bench: 4 error replies under load (4 BUSY-retryable; first sample: -BUSY durable log staging is full, retry)
ops = 169018
errors = 1
busy_retryable = 1
elapsed_s = 316.281
ops_per_sec = 534
p50_us = 16383
p99_us = 3604479
p999_us = 11272191
p9999_us = 16777215
max_us = 17742544
error_sample = -BUSY durable log staging is full, retry
inf-bench: 1 error replies under load (1 BUSY-retryable; first sample: -BUSY durable log staging is full, retry)
ops = 186601
errors = 2
busy_retryable = 2
elapsed_s = 300.590
ops_per_sec = 621
p50_us = 15615
p99_us = 3080191
p999_us = 11272191
p9999_us = 15466495
max_us = 16252387
error_sample = -BUSY durable log staging is full, retry
inf-bench: 2 error replies under load (2 BUSY-retryable; first sample: -BUSY durable log staging is full, retry)
ops = 169513
errors = 2
busy_retryable = 2
elapsed_s = 300.019
ops_per_sec = 565
p50_us = 15615
p99_us = 3670015
p999_us = 11010047
p9999_us = 15204351
max_us = 15477463
error_sample = -BUSY durable log staging is full, retry
inf-bench: 2 error replies under load (2 BUSY-retryable; first sample: -BUSY durable log staging is full, retry)
ops = 202539
errors = 1
busy_retryable = 1
elapsed_s = 300.135
ops_per_sec = 675
p50_us = 16895
p99_us = 2490367
p999_us = 9437183
p9999_us = 15728639
max_us = 16100687
error_sample = -BUSY durable log staging is full, retry
inf-bench: 1 error replies under load (1 BUSY-retryable; first sample: -BUSY durable log staging is full, retry)
ops = 177970
errors = 3
busy_retryable = 3
elapsed_s = 307.798
ops_per_sec = 578
p50_us = 16895
p99_us = 3211263
p999_us = 11010047
p9999_us = 14417919
max_us = 16128259
error_sample = -BUSY durable log staging is full, retry
inf-bench: 3 error replies under load (3 BUSY-retryable; first sample: -BUSY durable log staging is full, retry)
ops = 160518
errors = 0
busy_retryable = 0
elapsed_s = 300.704
ops_per_sec = 534
p50_us = 17407
p99_us = 3473407
p999_us = 11534335
p9999_us = 14680063
max_us = 15028071
ops = 162714
errors = 17
busy_retryable = 17
elapsed_s = 300.668
ops_per_sec = 541
p50_us = 16127
p99_us = 3604479
p999_us = 11272191
p9999_us = 15466495
max_us = 17082289
error_sample = -BUSY durable log staging is full, retry
inf-bench: 17 error replies under load (17 BUSY-retryable; first sample: -BUSY durable log staging is full, retry)
ops = 212299
errors = 0
busy_retryable = 0
elapsed_s = 300.016
ops_per_sec = 708
p50_us = 16895
p99_us = 2490367
p999_us = 9175039
p9999_us = 11272191
max_us = 12525684
ops = 193844
errors = 0
busy_retryable = 0
elapsed_s = 303.389
ops_per_sec = 639
p50_us = 16383
p99_us = 2818047
p999_us = 11010047
p9999_us = 15466495
max_us = 16243914
ops = 235378
errors = 3
busy_retryable = 3
elapsed_s = 300.517
ops_per_sec = 783
p50_us = 14591
p99_us = 2162687
p999_us = 10223615
p9999_us = 15728639
max_us = 16823615
error_sample = -BUSY durable log staging is full, retry
inf-bench: 3 error replies under load (3 BUSY-retryable; first sample: -BUSY durable log staging is full, retry)
ops = 171149
errors = 2
busy_retryable = 2
elapsed_s = 303.951
ops_per_sec = 563
p50_us = 16895
p99_us = 3014655
p999_us = 11534335
p9999_us = 17301503
max_us = 17585425
error_sample = -BUSY durable log staging is full, retry
inf-bench: 2 error replies under load (2 BUSY-retryable; first sample: -BUSY durable log staging is full, retry)
ops = 125886
errors = 0
busy_retryable = 0
elapsed_s = 311.420
ops_per_sec = 404
p50_us = 17919
p99_us = 4587519
p999_us = 13107199
p9999_us = 16515071
max_us = 21666087
ops = 137268
errors = 3
busy_retryable = 3
elapsed_s = 304.810
ops_per_sec = 450
p50_us = 16895
p99_us = 4456447
p999_us = 12058623
p9999_us = 15204351
max_us = 16714285
error_sample = -BUSY durable log staging is full, retry
inf-bench: 3 error replies under load (3 BUSY-retryable; first sample: -BUSY durable log staging is full, retry)
ops = 222323
errors = 6
busy_retryable = 6
elapsed_s = 303.258
ops_per_sec = 733
p50_us = 14335
p99_us = 2293759
p999_us = 11272191
p9999_us = 14680063
max_us = 16879181
error_sample = -BUSY durable log staging is full, retry
inf-bench: 6 error replies under load (6 BUSY-retryable; first sample: -BUSY durable log staging is full, retry)
ops = 202853
errors = 7
busy_retryable = 7
elapsed_s = 300.014
ops_per_sec = 676
p50_us = 16383
p99_us = 2621439
p999_us = 10223615
p9999_us = 15728639
max_us = 16945122
error_sample = -BUSY durable log staging is full, retry
inf-bench: 7 error replies under load (7 BUSY-retryable; first sample: -BUSY durable log staging is full, retry)
ops = 174618
errors = 3
busy_retryable = 3
elapsed_s = 301.565
ops_per_sec = 579
p50_us = 16383
p99_us = 3211263
p999_us = 9699327
p9999_us = 13893631
max_us = 16995282
error_sample = -BUSY durable log staging is full, retry
inf-bench: 3 error replies under load (3 BUSY-retryable; first sample: -BUSY durable log staging is full, retry)
ops = 183504
errors = 5
busy_retryable = 5
elapsed_s = 307.900
ops_per_sec = 596
p50_us = 17407
p99_us = 2949119
p999_us = 11534335
p9999_us = 14155775
max_us = 15662663
error_sample = -BUSY durable log staging is full, retry
inf-bench: 5 error replies under load (5 BUSY-retryable; first sample: -BUSY durable log staging is full, retry)
ops = 188498
errors = 0
busy_retryable = 0
elapsed_s = 303.075
ops_per_sec = 622
p50_us = 16383
p99_us = 3080191
p999_us = 11010047
p9999_us = 15204351
max_us = 16135883
ops = 213523
errors = 11
busy_retryable = 11
elapsed_s = 300.150
ops_per_sec = 711
p50_us = 15359
p99_us = 2424831
p999_us = 9175039
p9999_us = 14680063
max_us = 16765314
error_sample = -BUSY durable log staging is full, retry
inf-bench: 11 error replies under load (11 BUSY-retryable; first sample: -BUSY durable log staging is full, retry)
ops = 216010
errors = 2
busy_retryable = 2
elapsed_s = 301.369
ops_per_sec = 717
p50_us = 16383
p99_us = 2424831
p999_us = 8650751
p9999_us = 13107199
max_us = 17048213
error_sample = -BUSY durable log staging is full, retry
inf-bench: 2 error replies under load (2 BUSY-retryable; first sample: -BUSY durable log staging is full, retry)
ops = 232293
errors = 1
busy_retryable = 1
elapsed_s = 300.072
ops_per_sec = 774
p50_us = 14591
p99_us = 2162687
p999_us = 9699327
p9999_us = 14942207
max_us = 16104997
error_sample = -BUSY durable log staging is full, retry
inf-bench: 1 error replies under load (1 BUSY-retryable; first sample: -BUSY durable log staging is full, retry)
ops = 150375
errors = 0
busy_retryable = 0
elapsed_s = 309.846
ops_per_sec = 485
p50_us = 17407
p99_us = 4063231
p999_us = 11796479
p9999_us = 16252927
max_us = 16932770
ops = 192394
errors = 4
busy_retryable = 4
elapsed_s = 300.014
ops_per_sec = 641
p50_us = 15871
p99_us = 2883583
p999_us = 11010047
p9999_us = 15728639
max_us = 16526335
error_sample = -BUSY durable log staging is full, retry
inf-bench: 4 error replies under load (4 BUSY-retryable; first sample: -BUSY durable log staging is full, retry)
ops = 209111
errors = 0
busy_retryable = 0
elapsed_s = 314.573
ops_per_sec = 665
p50_us = 16895
p99_us = 2359295
p999_us = 9437183
p9999_us = 14942207
max_us = 15750515
ops = 201807
errors = 6
busy_retryable = 6
elapsed_s = 304.551
ops_per_sec = 663
p50_us = 16895
p99_us = 2555903
p999_us = 10747903
p9999_us = 14680063
max_us = 15511150
error_sample = -BUSY durable log staging is full, retry
inf-bench: 6 error replies under load (6 BUSY-retryable; first sample: -BUSY durable log staging is full, retry)
ops = 187489
errors = 12
busy_retryable = 12
elapsed_s = 308.070
ops_per_sec = 609
p50_us = 15359
p99_us = 2949119
p999_us = 11272191
p9999_us = 16252927
max_us = 16997341
error_sample = -BUSY durable log staging is full, retry
inf-bench: 12 error replies under load (12 BUSY-retryable; first sample: -BUSY durable log staging is full, retry)
ops = 201478
errors = 8
busy_retryable = 8
elapsed_s = 311.389
ops_per_sec = 647
p50_us = 16127
p99_us = 2555903
p999_us = 11010047
p9999_us = 14417919
max_us = 15437648
error_sample = -BUSY durable log staging is full, retry
inf-bench: 8 error replies under load (8 BUSY-retryable; first sample: -BUSY durable log staging is full, retry)
ops = 184407
errors = 16
busy_retryable = 16
elapsed_s = 303.498
ops_per_sec = 608
p50_us = 16895
p99_us = 2752511
p999_us = 10223615
p9999_us = 15728639
max_us = 16105413
error_sample = -BUSY durable log staging is full, retry
inf-bench: 16 error replies under load (16 BUSY-retryable; first sample: -BUSY durable log staging is full, retry)
ops = 186015
errors = 0
busy_retryable = 0
elapsed_s = 301.615
ops_per_sec = 617
p50_us = 16127
p99_us = 2752511
p999_us = 11534335
p9999_us = 15728639
max_us = 17395677
ops = 145455
errors = 0
busy_retryable = 0
elapsed_s = 300.017
ops_per_sec = 485
p50_us = 16895
p99_us = 3670015
p999_us = 12845055
p9999_us = 16252927
max_us = 17248889
ops = 171411
errors = 17
busy_retryable = 17
elapsed_s = 300.160
ops_per_sec = 571
p50_us = 15359
p99_us = 2883583
p999_us = 10485759
p9999_us = 16252927
max_us = 17146772
error_sample = -BUSY durable log staging is full, retry
inf-bench: 17 error replies under load (17 BUSY-retryable; first sample: -BUSY durable log staging is full, retry)
ops = 208236
errors = 4
busy_retryable = 4
elapsed_s = 306.595
ops_per_sec = 679
p50_us = 17407
p99_us = 2228223
p999_us = 7602175
p9999_us = 13369343
max_us = 13880158
error_sample = -BUSY durable log staging is full, retry
inf-bench: 4 error replies under load (4 BUSY-retryable; first sample: -BUSY durable log staging is full, retry)
ops = 202514
errors = 7
busy_retryable = 7
elapsed_s = 305.620
ops_per_sec = 663
p50_us = 16895
p99_us = 2621439
p999_us = 9699327
p9999_us = 13631487
max_us = 15164261
error_sample = -BUSY durable log staging is full, retry
inf-bench: 7 error replies under load (7 BUSY-retryable; first sample: -BUSY durable log staging is full, retry)
ops = 236694
errors = 0
busy_retryable = 0
elapsed_s = 302.700
ops_per_sec = 782
p50_us = 16127
p99_us = 1769471
p999_us = 11010047
p9999_us = 15990783
max_us = 20651581
ops = 207496
errors = 10
busy_retryable = 10
elapsed_s = 303.861
ops_per_sec = 683
p50_us = 16383
p99_us = 2883583
p999_us = 9437183
p9999_us = 13893631
max_us = 15114377
error_sample = -BUSY durable log staging is full, retry
inf-bench: 10 error replies under load (10 BUSY-retryable; first sample: -BUSY durable log staging is full, retry)
ops = 184509
errors = 10
busy_retryable = 10
elapsed_s = 301.956
ops_per_sec = 611
p50_us = 16383
p99_us = 2818047
p999_us = 11534335
p9999_us = 15204351
max_us = 16427957
error_sample = -BUSY durable log staging is full, retry
inf-bench: 10 error replies under load (10 BUSY-retryable; first sample: -BUSY durable log staging is full, retry)
ops = 190425
errors = 1
busy_retryable = 1
elapsed_s = 304.114
ops_per_sec = 626
p50_us = 16127
p99_us = 2883583
p999_us = 9175039
p9999_us = 13893631
max_us = 16875731
error_sample = -BUSY durable log staging is full, retry
inf-bench: 1 error replies under load (1 BUSY-retryable; first sample: -BUSY durable log staging is full, retry)
ops = 223804
errors = 0
busy_retryable = 0
elapsed_s = 302.048
ops_per_sec = 741
p50_us = 15103
p99_us = 2162687
p999_us = 9699327
p9999_us = 15466495
max_us = 16620836
ops = 265922
errors = 11
busy_retryable = 11
elapsed_s = 309.710
ops_per_sec = 859
p50_us = 15103
p99_us = 1638399
p999_us = 9175039
p9999_us = 15990783
max_us = 16656637
error_sample = -BUSY durable log staging is full, retry
inf-bench: 11 error replies under load (11 BUSY-retryable; first sample: -BUSY durable log staging is full, retry)
ops = 160156
errors = 9
busy_retryable = 9
elapsed_s = 307.909
ops_per_sec = 520
p50_us = 15615
p99_us = 3670015
p999_us = 12582911
p9999_us = 18350079
max_us = 18887023
error_sample = -BUSY durable log staging is full, retry
inf-bench: 9 error replies under load (9 BUSY-retryable; first sample: -BUSY durable log staging is full, retry)
ops = 189246
errors = 3
busy_retryable = 3
elapsed_s = 300.463
ops_per_sec = 630
p50_us = 15103
p99_us = 2818047
p999_us = 11010047
p9999_us = 15728639
max_us = 17444564
error_sample = -BUSY durable log staging is full, retry
inf-bench: 3 error replies under load (3 BUSY-retryable; first sample: -BUSY durable log staging is full, retry)
ops = 168455
errors = 2
busy_retryable = 2
elapsed_s = 307.913
ops_per_sec = 547
p50_us = 15871
p99_us = 3211263
p999_us = 12058623
p9999_us = 16515071
max_us = 19620482
error_sample = -BUSY durable log staging is full, retry
inf-bench: 2 error replies under load (2 BUSY-retryable; first sample: -BUSY durable log staging is full, retry)
ops = 178400
errors = 4
busy_retryable = 4
elapsed_s = 304.543
ops_per_sec = 586
p50_us = 15615
p99_us = 3211263
p999_us = 10223615
p9999_us = 14680063
max_us = 14898708
error_sample = -BUSY durable log staging is full, retry
inf-bench: 4 error replies under load (4 BUSY-retryable; first sample: -BUSY durable log staging is full, retry)
ops = 209964
errors = 10
busy_retryable = 10
elapsed_s = 302.527
ops_per_sec = 694
p50_us = 15871
p99_us = 2818047
p999_us = 9437183
p9999_us = 12582911
max_us = 13044860
error_sample = -BUSY durable log staging is full, retry
inf-bench: 10 error replies under load (10 BUSY-retryable; first sample: -BUSY durable log staging is full, retry)
ops = 181398
errors = 9
busy_retryable = 9
elapsed_s = 303.212
ops_per_sec = 598
p50_us = 17407
p99_us = 2949119
p999_us = 10485759
p9999_us = 14680063
max_us = 16740008
error_sample = -BUSY durable log staging is full, retry
inf-bench: 9 error replies under load (9 BUSY-retryable; first sample: -BUSY durable log staging is full, retry)
ops = 137175
errors = 0
busy_retryable = 0
elapsed_s = 302.233
ops_per_sec = 454
p50_us = 17919
p99_us = 4587519
p999_us = 11272191
p9999_us = 16252927
max_us = 17047933
ops = 146807
errors = 3
busy_retryable = 3
elapsed_s = 309.504
ops_per_sec = 474
p50_us = 18431
p99_us = 3145727
p999_us = 11796479
p9999_us = 15466495
max_us = 16407472
error_sample = -BUSY durable log staging is full, retry
inf-bench: 3 error replies under load (3 BUSY-retryable; first sample: -BUSY durable log staging is full, retry)
ops = 227823
errors = 9
busy_retryable = 9
elapsed_s = 301.256
ops_per_sec = 756
p50_us = 15103
p99_us = 2424831
p999_us = 9437183
p9999_us = 14680063
max_us = 16919380
error_sample = -BUSY durable log staging is full, retry
inf-bench: 9 error replies under load (9 BUSY-retryable; first sample: -BUSY durable log staging is full, retry)
ops = 242906
errors = 1
busy_retryable = 1
elapsed_s = 300.013
ops_per_sec = 810
p50_us = 15359
p99_us = 1966079
p999_us = 9961471
p9999_us = 13107199
max_us = 13975469
error_sample = -BUSY durable log staging is full, retry
inf-bench: 1 error replies under load (1 BUSY-retryable; first sample: -BUSY durable log staging is full, retry)
ops = 232334
errors = 0
busy_retryable = 0
elapsed_s = 302.864
ops_per_sec = 767
p50_us = 15615
p99_us = 2162687
p999_us = 7995391
p9999_us = 13893631
max_us = 15931820
ops = 187257
errors = 11
busy_retryable = 11
elapsed_s = 301.110
ops_per_sec = 622
p50_us = 16383
p99_us = 2752511
p999_us = 9437183
p9999_us = 13107199
max_us = 13704824
error_sample = -BUSY durable log staging is full, retry
inf-bench: 11 error replies under load (11 BUSY-retryable; first sample: -BUSY durable log staging is full, retry)
ops = 138725
errors = 6
busy_retryable = 6
elapsed_s = 311.185
ops_per_sec = 446
p50_us = 16127
p99_us = 4587519
p999_us = 11010047
p9999_us = 13631487
max_us = 15494549
error_sample = -BUSY durable log staging is full, retry
inf-bench: 6 error replies under load (6 BUSY-retryable; first sample: -BUSY durable log staging is full, retry)
ops = 201191
errors = 5
busy_retryable = 5
elapsed_s = 302.112
ops_per_sec = 666
p50_us = 14847
p99_us = 2752511
p999_us = 10223615
p9999_us = 13631487
max_us = 15686387
error_sample = -BUSY durable log staging is full, retry
inf-bench: 5 error replies under load (5 BUSY-retryable; first sample: -BUSY durable log staging is full, retry)
ops = 199348
errors = 8
busy_retryable = 8
elapsed_s = 300.017
ops_per_sec = 664
p50_us = 16383
p99_us = 2621439
p999_us = 9699327
p9999_us = 12845055
max_us = 15119128
error_sample = -BUSY durable log staging is full, retry
inf-bench: 8 error replies under load (8 BUSY-retryable; first sample: -BUSY durable log staging is full, retry)
ops = 192720
errors = 0
busy_retryable = 0
elapsed_s = 308.402
ops_per_sec = 625
p50_us = 16895
p99_us = 2818047
p999_us = 11272191
p9999_us = 15990783
max_us = 17159612
ops = 191890
errors = 3
busy_retryable = 3
elapsed_s = 311.573
ops_per_sec = 616
p50_us = 16383
p99_us = 3014655
p999_us = 10223615
p9999_us = 14942207
max_us = 17037408
error_sample = -BUSY durable log staging is full, retry
inf-bench: 3 error replies under load (3 BUSY-retryable; first sample: -BUSY durable log staging is full, retry)
ops = 154007
errors = 1
busy_retryable = 1
elapsed_s = 306.352
ops_per_sec = 503
p50_us = 17407
p99_us = 3801087
p999_us = 11272191
p9999_us = 15728639
max_us = 16695682
error_sample = -BUSY durable log staging is full, retry
inf-bench: 1 error replies under load (1 BUSY-retryable; first sample: -BUSY durable log staging is full, retry)
ops = 123690
errors = 6
busy_retryable = 6
elapsed_s = 302.638
ops_per_sec = 409
p50_us = 16383
p99_us = 4718591
p999_us = 10747903
p9999_us = 13893631
max_us = 15898583
error_sample = -BUSY durable log staging is full, retry
inf-bench: 6 error replies under load (6 BUSY-retryable; first sample: -BUSY durable log staging is full, retry)
ops = 193423
errors = 10
busy_retryable = 10
elapsed_s = 305.256
ops_per_sec = 634
p50_us = 16895
p99_us = 2752511
p999_us = 9961471
p9999_us = 14680063
max_us = 15086646
error_sample = -BUSY durable log staging is full, retry
inf-bench: 10 error replies under load (10 BUSY-retryable; first sample: -BUSY durable log staging is full, retry)
ops = 172997
errors = 0
busy_retryable = 0
elapsed_s = 306.418
ops_per_sec = 565
p50_us = 17407
p99_us = 3145727
p999_us = 11534335
p9999_us = 15204351
max_us = 16144024
ops = 125132
errors = 1
busy_retryable = 1
elapsed_s = 301.577
ops_per_sec = 415
p50_us = 17919
p99_us = 4194303
p999_us = 12058623
p9999_us = 15204351
max_us = 17303998
error_sample = -BUSY durable log staging is full, retry
inf-bench: 1 error replies under load (1 BUSY-retryable; first sample: -BUSY durable log staging is full, retry)
ops = 169610
errors = 5
busy_retryable = 5
elapsed_s = 307.490
ops_per_sec = 552
p50_us = 16895
p99_us = 3473407
p999_us = 9961471
p9999_us = 13369343
max_us = 14922569
error_sample = -BUSY durable log staging is full, retry
inf-bench: 5 error replies under load (5 BUSY-retryable; first sample: -BUSY durable log staging is full, retry)
ops = 193701
errors = 0
busy_retryable = 0
elapsed_s = 302.832
ops_per_sec = 640
p50_us = 16127
p99_us = 2752511
p999_us = 9961471
p9999_us = 15204351
max_us = 16650994
ops = 129935
errors = 3
busy_retryable = 3
elapsed_s = 300.012
ops_per_sec = 433
p50_us = 15103
p99_us = 4587519
p999_us = 12320767
p9999_us = 16777215
max_us = 17744574
error_sample = -BUSY durable log staging is full, retry
inf-bench: 3 error replies under load (3 BUSY-retryable; first sample: -BUSY durable log staging is full, retry)
ops = 187482
errors = 3
busy_retryable = 3
elapsed_s = 313.005
ops_per_sec = 599
p50_us = 17407
p99_us = 3080191
p999_us = 9961471
p9999_us = 15204351
max_us = 17068575
error_sample = -BUSY durable log staging is full, retry
inf-bench: 3 error replies under load (3 BUSY-retryable; first sample: -BUSY durable log staging is full, retry)
ops = 114869
errors = 9
busy_retryable = 9
elapsed_s = 302.057
ops_per_sec = 380
p50_us = 17407
p99_us = 4849663
p999_us = 10747903
p9999_us = 15381184
max_us = 15381184
error_sample = -BUSY durable log staging is full, retry
inf-bench: 9 error replies under load (9 BUSY-retryable; first sample: -BUSY durable log staging is full, retry)
ops = 177768
errors = 3
busy_retryable = 3
elapsed_s = 304.138
ops_per_sec = 584
p50_us = 17407
p99_us = 2949119
p999_us = 9961471
p9999_us = 15466495
max_us = 15573216
error_sample = -BUSY durable log staging is full, retry
inf-bench: 3 error replies under load (3 BUSY-retryable; first sample: -BUSY durable log staging is full, retry)
ops = 162292
errors = 7
busy_retryable = 7
elapsed_s = 301.951
ops_per_sec = 537
p50_us = 15359
p99_us = 3211263
p999_us = 11796479
p9999_us = 16252927
max_us = 16719046
error_sample = -BUSY durable log staging is full, retry
inf-bench: 7 error replies under load (7 BUSY-retryable; first sample: -BUSY durable log staging is full, retry)
ops = 153443
errors = 4
busy_retryable = 4
elapsed_s = 313.419
ops_per_sec = 490
p50_us = 16895
p99_us = 3670015
p999_us = 11534335
p9999_us = 15990783
max_us = 17560707
error_sample = -BUSY durable log staging is full, retry
inf-bench: 4 error replies under load (4 BUSY-retryable; first sample: -BUSY durable log staging is full, retry)
ops = 169819
errors = 1
busy_retryable = 1
elapsed_s = 300.027
ops_per_sec = 566
p50_us = 16127
p99_us = 3342335
p999_us = 9699327
p9999_us = 14942207
max_us = 15900865
error_sample = -BUSY durable log staging is full, retry
inf-bench: 1 error replies under load (1 BUSY-retryable; first sample: -BUSY durable log staging is full, retry)
ops = 176735
errors = 5
busy_retryable = 5
elapsed_s = 303.755
ops_per_sec = 582
p50_us = 17407
p99_us = 3014655
p999_us = 11010047
p9999_us = 17301503
max_us = 17712822
error_sample = -BUSY durable log staging is full, retry
inf-bench: 5 error replies under load (5 BUSY-retryable; first sample: -BUSY durable log staging is full, retry)
ops = 164180
errors = 1
busy_retryable = 1
elapsed_s = 300.019
ops_per_sec = 547
p50_us = 15359
p99_us = 3211263
p999_us = 10223615
p9999_us = 12582911
max_us = 13103979
error_sample = -BUSY durable log staging is full, retry
inf-bench: 1 error replies under load (1 BUSY-retryable; first sample: -BUSY durable log staging is full, retry)
ops = 158406
errors = 0
busy_retryable = 0
elapsed_s = 300.016
ops_per_sec = 528
p50_us = 16127
p99_us = 3014655
p999_us = 9961471
p9999_us = 14680063
max_us = 14735024
ops = 217342
errors = 5
busy_retryable = 5
elapsed_s = 306.731
ops_per_sec = 709
p50_us = 15871
p99_us = 2490367
p999_us = 9175039
p9999_us = 14588940
max_us = 14588940
error_sample = -BUSY durable log staging is full, retry
inf-bench: 5 error replies under load (5 BUSY-retryable; first sample: -BUSY durable log staging is full, retry)
ops = 167748
errors = 3
busy_retryable = 3
elapsed_s = 303.917
ops_per_sec = 552
p50_us = 17407
p99_us = 3276799
p999_us = 10223615
p9999_us = 13893631
max_us = 14748239
error_sample = -BUSY durable log staging is full, retry
inf-bench: 3 error replies under load (3 BUSY-retryable; first sample: -BUSY durable log staging is full, retry)
ops = 166626
errors = 1
busy_retryable = 1
elapsed_s = 301.287
ops_per_sec = 553
p50_us = 17407
p99_us = 2949119
p999_us = 9961471
p9999_us = 14155775
max_us = 15288350
error_sample = -BUSY durable log staging is full, retry
inf-bench: 1 error replies under load (1 BUSY-retryable; first sample: -BUSY durable log staging is full, retry)
ops = 188884
errors = 2
busy_retryable = 2
elapsed_s = 303.226
ops_per_sec = 623
p50_us = 16895
p99_us = 2818047
p999_us = 10747903
p9999_us = 14417919
max_us = 16123618
error_sample = -BUSY durable log staging is full, retry
inf-bench: 2 error replies under load (2 BUSY-retryable; first sample: -BUSY durable log staging is full, retry)
ops = 244581
errors = 0
busy_retryable = 0
elapsed_s = 300.644
ops_per_sec = 814
p50_us = 14335
p99_us = 2064383
p999_us = 8257535
p9999_us = 12320767
max_us = 14114640
ops = 209486
errors = 8
busy_retryable = 8
elapsed_s = 313.912
ops_per_sec = 667
p50_us = 16383
p99_us = 2293759
p999_us = 9961471
p9999_us = 14155775
max_us = 17129807
error_sample = -BUSY durable log staging is full, retry
inf-bench: 8 error replies under load (8 BUSY-retryable; first sample: -BUSY durable log staging is full, retry)
ops = 189121
errors = 18
busy_retryable = 18
elapsed_s = 309.122
ops_per_sec = 612
p50_us = 16383
p99_us = 3014655
p999_us = 9699327
p9999_us = 16515071
max_us = 16969289
error_sample = -BUSY durable log staging is full, retry
inf-bench: 18 error replies under load (18 BUSY-retryable; first sample: -BUSY durable log staging is full, retry)
ops = 233887
errors = 3
busy_retryable = 3
elapsed_s = 315.221
ops_per_sec = 742
p50_us = 17407
p99_us = 1998847
p999_us = 10485759
p9999_us = 15466495
max_us = 16473139
error_sample = -BUSY durable log staging is full, retry
inf-bench: 3 error replies under load (3 BUSY-retryable; first sample: -BUSY durable log staging is full, retry)
ops = 176393
errors = 2
busy_retryable = 2
elapsed_s = 300.014
ops_per_sec = 588
p50_us = 16383
p99_us = 3211263
p999_us = 11534335
p9999_us = 17301503
max_us = 17663511
error_sample = -BUSY durable log staging is full, retry
inf-bench: 2 error replies under load (2 BUSY-retryable; first sample: -BUSY durable log staging is full, retry)
ops = 229921
errors = 7
busy_retryable = 7
elapsed_s = 304.299
ops_per_sec = 756
p50_us = 15359
p99_us = 2359295
p999_us = 9699327
p9999_us = 13893631
max_us = 15594504
error_sample = -BUSY durable log staging is full, retry
inf-bench: 7 error replies under load (7 BUSY-retryable; first sample: -BUSY durable log staging is full, retry)
ops = 180569
errors = 1
busy_retryable = 1
elapsed_s = 300.017
ops_per_sec = 602
p50_us = 15103
p99_us = 3014655
p999_us = 11534335
p9999_us = 17301503
max_us = 17441796
error_sample = -BUSY durable log staging is full, retry
inf-bench: 1 error replies under load (1 BUSY-retryable; first sample: -BUSY durable log staging is full, retry)
ops = 151767
errors = 0
busy_retryable = 0
elapsed_s = 305.745
ops_per_sec = 496
p50_us = 16383
p99_us = 3866623
p999_us = 11272191
p9999_us = 14417919
max_us = 15801730
ops = 140902
errors = 8
busy_retryable = 8
elapsed_s = 309.812
ops_per_sec = 455
p50_us = 17407
p99_us = 3932159
p999_us = 10485759
p9999_us = 13631487
max_us = 15224629
error_sample = -BUSY durable log staging is full, retry
inf-bench: 8 error replies under load (8 BUSY-retryable; first sample: -BUSY durable log staging is full, retry)
ops = 213076
errors = 4
busy_retryable = 4
elapsed_s = 300.104
ops_per_sec = 710
p50_us = 15871
p99_us = 2555903
p999_us = 7995391
p9999_us = 13893631
max_us = 14150401
error_sample = -BUSY durable log staging is full, retry
inf-bench: 4 error replies under load (4 BUSY-retryable; first sample: -BUSY durable log staging is full, retry)
ops = 234196
errors = 1
busy_retryable = 1
elapsed_s = 300.099
ops_per_sec = 780
p50_us = 14591
p99_us = 1998847
p999_us = 10485759
p9999_us = 14155775
max_us = 14694530
error_sample = -BUSY durable log staging is full, retry
inf-bench: 1 error replies under load (1 BUSY-retryable; first sample: -BUSY durable log staging is full, retry)
ops = 185594
errors = 0
busy_retryable = 0
elapsed_s = 303.697
ops_per_sec = 611
p50_us = 15615
p99_us = 2818047
p999_us = 11010047
p9999_us = 14942207
max_us = 16173101
ops = 173687
errors = 10
busy_retryable = 10
elapsed_s = 301.419
ops_per_sec = 576
p50_us = 15615
p99_us = 3145727
p999_us = 9961471
p9999_us = 16515071
max_us = 16528677
error_sample = -BUSY durable log staging is full, retry
inf-bench: 10 error replies under load (10 BUSY-retryable; first sample: -BUSY durable log staging is full, retry)
ops = 145759
errors = 0
busy_retryable = 0
elapsed_s = 300.022
ops_per_sec = 486
p50_us = 16383
p99_us = 3997695
p999_us = 11534335
p9999_us = 15990783
max_us = 17362454
ops = 173349
errors = 0
busy_retryable = 0
elapsed_s = 304.148
ops_per_sec = 570
p50_us = 16895
p99_us = 3014655
p999_us = 11272191
p9999_us = 15204351
max_us = 16425927
ops = 174985
errors = 3
busy_retryable = 3
elapsed_s = 304.789
ops_per_sec = 574
p50_us = 16383
p99_us = 3342335
p999_us = 9437183
p9999_us = 15990783
max_us = 17613746
error_sample = -BUSY durable log staging is full, retry
inf-bench: 3 error replies under load (3 BUSY-retryable; first sample: -BUSY durable log staging is full, retry)
ops = 170860
errors = 3
busy_retryable = 3
elapsed_s = 300.899
ops_per_sec = 568
p50_us = 16383
p99_us = 3145727
p999_us = 10223615
p9999_us = 13369343
max_us = 14858388
error_sample = -BUSY durable log staging is full, retry
inf-bench: 3 error replies under load (3 BUSY-retryable; first sample: -BUSY durable log staging is full, retry)
ops = 186761
errors = 2
busy_retryable = 2
elapsed_s = 301.527
ops_per_sec = 619
p50_us = 16895
p99_us = 2883583
p999_us = 9961471
p9999_us = 13369343
max_us = 13766067
error_sample = -BUSY durable log staging is full, retry
inf-bench: 2 error replies under load (2 BUSY-retryable; first sample: -BUSY durable log staging is full, retry)
ops = 145906
errors = 2
busy_retryable = 2
elapsed_s = 300.463
ops_per_sec = 486
p50_us = 18431
p99_us = 3604479
p999_us = 12058623
p9999_us = 16515071
max_us = 19022560
error_sample = -BUSY durable log staging is full, retry
inf-bench: 2 error replies under load (2 BUSY-retryable; first sample: -BUSY durable log staging is full, retry)
ops = 226049
errors = 2
busy_retryable = 2
elapsed_s = 308.188
ops_per_sec = 733
p50_us = 15615
p99_us = 2424831
p999_us = 9699327
p9999_us = 14680063
max_us = 16171916
error_sample = -BUSY durable log staging is full, retry
inf-bench: 2 error replies under load (2 BUSY-retryable; first sample: -BUSY durable log staging is full, retry)
ops = 166883
errors = 2
busy_retryable = 2
elapsed_s = 301.991
ops_per_sec = 553
p50_us = 16895
p99_us = 3145727
p999_us = 9175039
p9999_us = 13631487
max_us = 14379335
error_sample = -BUSY durable log staging is full, retry
inf-bench: 2 error replies under load (2 BUSY-retryable; first sample: -BUSY durable log staging is full, retry)
ops = 163648
errors = 0
busy_retryable = 0
elapsed_s = 300.018
ops_per_sec = 545
p50_us = 16127
p99_us = 3080191
p999_us = 10485759
p9999_us = 13107199
max_us = 16035190
ops = 176619
errors = 8
busy_retryable = 8
elapsed_s = 300.222
ops_per_sec = 588
p50_us = 16127
p99_us = 2752511
p999_us = 10747903
p9999_us = 17063279
max_us = 17063279
error_sample = -BUSY durable log staging is full, retry
inf-bench: 8 error replies under load (8 BUSY-retryable; first sample: -BUSY durable log staging is full, retry)
ops = 171193
errors = 5
busy_retryable = 5
elapsed_s = 300.018
ops_per_sec = 571
p50_us = 17407
p99_us = 2949119
p999_us = 9961471
p9999_us = 14680063
max_us = 15627479
error_sample = -BUSY durable log staging is full, retry
inf-bench: 5 error replies under load (5 BUSY-retryable; first sample: -BUSY durable log staging is full, retry)
ops = 172374
errors = 1
busy_retryable = 1
elapsed_s = 301.826
ops_per_sec = 571
p50_us = 16383
p99_us = 3538943
p999_us = 11796479
p9999_us = 15466495
max_us = 16447158
error_sample = -BUSY durable log staging is full, retry
inf-bench: 1 error replies under load (1 BUSY-retryable; first sample: -BUSY durable log staging is full, retry)
ops = 174643
errors = 19
busy_retryable = 19
elapsed_s = 300.700
ops_per_sec = 581
p50_us = 14847
p99_us = 3276799
p999_us = 12058623
p9999_us = 17269680
max_us = 17269680
error_sample = -BUSY durable log staging is full, retry
inf-bench: 19 error replies under load (19 BUSY-retryable; first sample: -BUSY durable log staging is full, retry)
ops = 202367
errors = 20
busy_retryable = 20
elapsed_s = 301.453
ops_per_sec = 671
p50_us = 15359
p99_us = 2818047
p999_us = 9437183
p9999_us = 12582911
max_us = 13479342
error_sample = -BUSY durable log staging is full, retry
inf-bench: 20 error replies under load (20 BUSY-retryable; first sample: -BUSY durable log staging is full, retry)
ops = 107528
errors = 10
busy_retryable = 10
elapsed_s = 311.242
ops_per_sec = 345
p50_us = 16383
p99_us = 5242879
p999_us = 12582911
p9999_us = 13893631
max_us = 16152641
error_sample = -BUSY durable log staging is full, retry
inf-bench: 10 error replies under load (10 BUSY-retryable; first sample: -BUSY durable log staging is full, retry)
ops = 142644
errors = 0
busy_retryable = 0
elapsed_s = 300.013
ops_per_sec = 475
p50_us = 17919
p99_us = 4325375
p999_us = 12320767
p9999_us = 15728639
max_us = 17135193
ops = 192497
errors = 0
busy_retryable = 0
elapsed_s = 301.076
ops_per_sec = 639
p50_us = 16895
p99_us = 3014655
p999_us = 11010047
p9999_us = 15728639
max_us = 16267691
ops = 210063
errors = 6
busy_retryable = 6
elapsed_s = 312.196
ops_per_sec = 673
p50_us = 16895
p99_us = 2490367
p999_us = 9175039
p9999_us = 14417919
max_us = 16287345
error_sample = -BUSY durable log staging is full, retry
inf-bench: 6 error replies under load (6 BUSY-retryable; first sample: -BUSY durable log staging is full, retry)
ops = 157785
errors = 6
busy_retryable = 6
elapsed_s = 301.027
ops_per_sec = 524
p50_us = 16127
p99_us = 3473407
p999_us = 10747903
p9999_us = 15466495
max_us = 16262942
error_sample = -BUSY durable log staging is full, retry
inf-bench: 6 error replies under load (6 BUSY-retryable; first sample: -BUSY durable log staging is full, retry)
ops = 169471
errors = 2
busy_retryable = 2
elapsed_s = 300.810
ops_per_sec = 563
p50_us = 15615
p99_us = 3211263
p999_us = 10223615
p9999_us = 12845055
max_us = 13878531
error_sample = -BUSY durable log staging is full, retry
inf-bench: 2 error replies under load (2 BUSY-retryable; first sample: -BUSY durable log staging is full, retry)
ops = 172970
errors = 0
busy_retryable = 0
elapsed_s = 300.343
ops_per_sec = 576
p50_us = 17407
p99_us = 3342335
p999_us = 11272191
p9999_us = 15728639
max_us = 15948747
ops = 238397
errors = 8
busy_retryable = 8
elapsed_s = 305.576
ops_per_sec = 780
p50_us = 14847
p99_us = 2097151
p999_us = 9437183
p9999_us = 13107199
max_us = 15594253
error_sample = -BUSY durable log staging is full, retry
inf-bench: 8 error replies under load (8 BUSY-retryable; first sample: -BUSY durable log staging is full, retry)
ops = 196129
errors = 0
busy_retryable = 0
elapsed_s = 300.012
ops_per_sec = 654
p50_us = 14591
p99_us = 2686975
p999_us = 10223615
p9999_us = 14417919
max_us = 16027560
ops = 172009
errors = 4
busy_retryable = 4
elapsed_s = 300.017
ops_per_sec = 573
p50_us = 15871
p99_us = 3145727
p999_us = 12582911
p9999_us = 17301503
max_us = 18052712
error_sample = -BUSY durable log staging is full, retry
inf-bench: 4 error replies under load (4 BUSY-retryable; first sample: -BUSY durable log staging is full, retry)
ops = 207527
errors = 3
busy_retryable = 3
elapsed_s = 300.586
ops_per_sec = 690
p50_us = 15103
p99_us = 2752511
p999_us = 10223615
p9999_us = 15204351
max_us = 17033367
error_sample = -BUSY durable log staging is full, retry
inf-bench: 3 error replies under load (3 BUSY-retryable; first sample: -BUSY durable log staging is full, retry)
ops = 153416
errors = 6
busy_retryable = 6
elapsed_s = 300.014
ops_per_sec = 511
p50_us = 18431
p99_us = 3604479
p999_us = 11010047
p9999_us = 14942207
max_us = 15870868
error_sample = -BUSY durable log staging is full, retry
inf-bench: 6 error replies under load (6 BUSY-retryable; first sample: -BUSY durable log staging is full, retry)
ops = 148499
errors = 0
busy_retryable = 0
elapsed_s = 310.365
ops_per_sec = 478
p50_us = 16895
p99_us = 3932159
p999_us = 10223615
p9999_us = 14942207
max_us = 15592783
ops = 214698
errors = 3
busy_retryable = 3
elapsed_s = 305.479
ops_per_sec = 703
p50_us = 16895
p99_us = 2359295
p999_us = 9699327
p9999_us = 15204351
max_us = 16997458
error_sample = -BUSY durable log staging is full, retry
inf-bench: 3 error replies under load (3 BUSY-retryable; first sample: -BUSY durable log staging is full, retry)
ops = 199639
errors = 4
busy_retryable = 4
elapsed_s = 301.120
ops_per_sec = 663
p50_us = 15103
p99_us = 2818047
p999_us = 9175039
p9999_us = 14155775
max_us = 14464289
error_sample = -BUSY durable log staging is full, retry
inf-bench: 4 error replies under load (4 BUSY-retryable; first sample: -BUSY durable log staging is full, retry)
ops = 182011
errors = 3
busy_retryable = 3
elapsed_s = 311.155
ops_per_sec = 585
p50_us = 16127
p99_us = 3145727
p999_us = 10485759
p9999_us = 15204351
max_us = 17731163
error_sample = -BUSY durable log staging is full, retry
inf-bench: 3 error replies under load (3 BUSY-retryable; first sample: -BUSY durable log staging is full, retry)
ops = 154855
errors = 16
busy_retryable = 16
elapsed_s = 306.078
ops_per_sec = 506
p50_us = 17407
p99_us = 3604479
p999_us = 9961471
p9999_us = 13369343
max_us = 14750589
error_sample = -BUSY durable log staging is full, retry
inf-bench: 16 error replies under load (16 BUSY-retryable; first sample: -BUSY durable log staging is full, retry)
ops = 209255
errors = 19
busy_retryable = 19
elapsed_s = 300.160
ops_per_sec = 697
p50_us = 16895
p99_us = 2424831
p999_us = 9437183
p9999_us = 14417919
max_us = 15480756
error_sample = -BUSY durable log staging is full, retry
inf-bench: 19 error replies under load (19 BUSY-retryable; first sample: -BUSY durable log staging is full, retry)
ops = 149614
errors = 11
busy_retryable = 11
elapsed_s = 305.674
ops_per_sec = 489
p50_us = 17407
p99_us = 3407871
p999_us = 10485759
p9999_us = 15466495
max_us = 16437793
error_sample = -BUSY durable log staging is full, retry
inf-bench: 11 error replies under load (11 BUSY-retryable; first sample: -BUSY durable log staging is full, retry)
ops = 148143
errors = 2
busy_retryable = 2
elapsed_s = 306.302
ops_per_sec = 484
p50_us = 17407
p99_us = 3342335
p999_us = 10485759
p9999_us = 13893631
max_us = 14249914
error_sample = -BUSY durable log staging is full, retry
inf-bench: 2 error replies under load (2 BUSY-retryable; first sample: -BUSY durable log staging is full, retry)
ops = 205099
errors = 2
busy_retryable = 2
elapsed_s = 313.464
ops_per_sec = 654
p50_us = 16127
p99_us = 2621439
p999_us = 9961471
p9999_us = 13631487
max_us = 14727349
error_sample = -BUSY durable log staging is full, retry
inf-bench: 2 error replies under load (2 BUSY-retryable; first sample: -BUSY durable log staging is full, retry)
ops = 142705
errors = 0
busy_retryable = 0
elapsed_s = 300.018
ops_per_sec = 476
p50_us = 16895
p99_us = 3735551
p999_us = 13369343
p9999_us = 17301503
max_us = 18710029
ops = 204005
errors = 0
busy_retryable = 0
elapsed_s = 305.888
ops_per_sec = 667
p50_us = 16127
p99_us = 2818047
p999_us = 10223615
p9999_us = 15728639
max_us = 16704794
ops = 158483
errors = 6
busy_retryable = 6
elapsed_s = 305.389
ops_per_sec = 519
p50_us = 16895
p99_us = 3473407
p999_us = 10485759
p9999_us = 14680063
max_us = 14789819
error_sample = -BUSY durable log staging is full, retry
inf-bench: 6 error replies under load (6 BUSY-retryable; first sample: -BUSY durable log staging is full, retry)
ops = 147520
errors = 4
busy_retryable = 4
elapsed_s = 300.071
ops_per_sec = 492
p50_us = 14847
p99_us = 3866623
p999_us = 10223615
p9999_us = 14942207
max_us = 16599639
error_sample = -BUSY durable log staging is full, retry
inf-bench: 4 error replies under load (4 BUSY-retryable; first sample: -BUSY durable log staging is full, retry)
ops = 196162
errors = 18
busy_retryable = 18
elapsed_s = 303.689
ops_per_sec = 646
p50_us = 16895
p99_us = 2490367
p999_us = 11534335
p9999_us = 15204351
max_us = 19389872
error_sample = -BUSY durable log staging is full, retry
inf-bench: 18 error replies under load (18 BUSY-retryable; first sample: -BUSY durable log staging is full, retry)
ops = 140071
errors = 1
busy_retryable = 1
elapsed_s = 302.901
ops_per_sec = 462
p50_us = 17407
p99_us = 4325375
p999_us = 12582911
p9999_us = 15466495
max_us = 16708979
error_sample = -BUSY durable log staging is full, retry
inf-bench: 1 error replies under load (1 BUSY-retryable; first sample: -BUSY durable log staging is full, retry)
ops = 188571
errors = 1
busy_retryable = 1
elapsed_s = 300.013
ops_per_sec = 629
p50_us = 16895
p99_us = 3080191
p999_us = 10747903
p9999_us = 15466495
max_us = 17531841
error_sample = -BUSY durable log staging is full, retry
inf-bench: 1 error replies under load (1 BUSY-retryable; first sample: -BUSY durable log staging is full, retry)
ops = 151570
errors = 10
busy_retryable = 10
elapsed_s = 307.016
ops_per_sec = 494
p50_us = 15359
p99_us = 3407871
p999_us = 10747903
p9999_us = 14155775
max_us = 14584416
error_sample = -BUSY durable log staging is full, retry
inf-bench: 10 error replies under load (10 BUSY-retryable; first sample: -BUSY durable log staging is full, retry)
ops = 167766
errors = 0
busy_retryable = 0
elapsed_s = 303.050
ops_per_sec = 554
p50_us = 16383
p99_us = 3342335
p999_us = 13369343
p9999_us = 17301503
max_us = 17441722
ops = 219634
errors = 5
busy_retryable = 5
elapsed_s = 311.705
ops_per_sec = 705
p50_us = 16895
p99_us = 2359295
p999_us = 9175039
p9999_us = 15466495
max_us = 17051612
error_sample = -BUSY durable log staging is full, retry
inf-bench: 5 error replies under load (5 BUSY-retryable; first sample: -BUSY durable log staging is full, retry)
ops = 176623
errors = 1
busy_retryable = 1
elapsed_s = 300.473
ops_per_sec = 588
p50_us = 17919
p99_us = 2949119
p999_us = 10747903
p9999_us = 13631487
max_us = 15317767
error_sample = -BUSY durable log staging is full, retry
inf-bench: 1 error replies under load (1 BUSY-retryable; first sample: -BUSY durable log staging is full, retry)
ops = 144383
errors = 2
busy_retryable = 2
elapsed_s = 300.951
ops_per_sec = 480
p50_us = 17407
p99_us = 3407871
p999_us = 11534335
p9999_us = 16777215
max_us = 16987828
error_sample = -BUSY durable log staging is full, retry
inf-bench: 2 error replies under load (2 BUSY-retryable; first sample: -BUSY durable log staging is full, retry)
ops = 174936
errors = 0
busy_retryable = 0
elapsed_s = 313.210
ops_per_sec = 559
p50_us = 16895
p99_us = 3145727
p999_us = 11010047
p9999_us = 15466495
max_us = 15854611
ops = 171481
errors = 9
busy_retryable = 9
elapsed_s = 305.670
ops_per_sec = 561
p50_us = 15103
p99_us = 3604479
p999_us = 11534335
p9999_us = 13893631
max_us = 15407515
error_sample = -BUSY durable log staging is full, retry
inf-bench: 9 error replies under load (9 BUSY-retryable; first sample: -BUSY durable log staging is full, retry)
ops = 118017
errors = 6
busy_retryable = 6
elapsed_s = 300.669
ops_per_sec = 393
p50_us = 17407
p99_us = 4456447
p999_us = 12582911
p9999_us = 16252927
max_us = 16470289
error_sample = -BUSY durable log staging is full, retry
inf-bench: 6 error replies under load (6 BUSY-retryable; first sample: -BUSY durable log staging is full, retry)
ops = 128136
errors = 7
busy_retryable = 7
elapsed_s = 304.727
ops_per_sec = 420
p50_us = 17919
p99_us = 3670015
p999_us = 11796479
p9999_us = 14942207
max_us = 15948995
error_sample = -BUSY durable log staging is full, retry
inf-bench: 7 error replies under load (7 BUSY-retryable; first sample: -BUSY durable log staging is full, retry)
ops = 184390
errors = 1
busy_retryable = 1
elapsed_s = 308.897
ops_per_sec = 597
p50_us = 16895
p99_us = 2949119
p999_us = 9437183
p9999_us = 12320767
max_us = 13355701
error_sample = -BUSY durable log staging is full, retry
inf-bench: 1 error replies under load (1 BUSY-retryable; first sample: -BUSY durable log staging is full, retry)
ops = 185855
errors = 2
busy_retryable = 2
elapsed_s = 301.613
ops_per_sec = 616
p50_us = 16895
p99_us = 3211263
p999_us = 10747903
p9999_us = 15728639
max_us = 15782976
error_sample = -BUSY durable log staging is full, retry
inf-bench: 2 error replies under load (2 BUSY-retryable; first sample: -BUSY durable log staging is full, retry)
ops = 191613
errors = 0
busy_retryable = 0
elapsed_s = 303.458
ops_per_sec = 631
p50_us = 17407
p99_us = 2883583
p999_us = 10747903
p9999_us = 15466495
max_us = 18353102
ops = 164848
errors = 1
busy_retryable = 1
elapsed_s = 306.238
ops_per_sec = 538
p50_us = 16895
p99_us = 3473407
p999_us = 10747903
p9999_us = 14942207
max_us = 15875203
error_sample = -BUSY durable log staging is full, retry
inf-bench: 1 error replies under load (1 BUSY-retryable; first sample: -BUSY durable log staging is full, retry)
ops = 195191
errors = 9
busy_retryable = 9
elapsed_s = 300.020
ops_per_sec = 651
p50_us = 17407
p99_us = 2686975
p999_us = 8912895
p9999_us = 12845055
max_us = 16011791
error_sample = -BUSY durable log staging is full, retry
inf-bench: 9 error replies under load (9 BUSY-retryable; first sample: -BUSY durable log staging is full, retry)
ops = 206431
errors = 2
busy_retryable = 2
elapsed_s = 305.722
ops_per_sec = 675
p50_us = 16383
p99_us = 2555903
p999_us = 9961471
p9999_us = 14942207
max_us = 16598095
error_sample = -BUSY durable log staging is full, retry
inf-bench: 2 error replies under load (2 BUSY-retryable; first sample: -BUSY durable log staging is full, retry)
ops = 208728
errors = 2
busy_retryable = 2
elapsed_s = 304.421
ops_per_sec = 686
p50_us = 15615
p99_us = 2752511
p999_us = 11534335
p9999_us = 15728639
max_us = 16747711
error_sample = -BUSY durable log staging is full, retry
inf-bench: 2 error replies under load (2 BUSY-retryable; first sample: -BUSY durable log staging is full, retry)
ops = 161649
errors = 38
busy_retryable = 38
elapsed_s = 300.016
ops_per_sec = 539
p50_us = 15871
p99_us = 3473407
p999_us = 10485759
p9999_us = 15466495
max_us = 17898918
error_sample = -BUSY durable log staging is full, retry
inf-bench: 38 error replies under load (38 BUSY-retryable; first sample: -BUSY durable log staging is full, retry)
ops = 126687
errors = 3
busy_retryable = 3
elapsed_s = 303.820
ops_per_sec = 417
p50_us = 18431
p99_us = 4325375
p999_us = 13369343
p9999_us = 16777215
max_us = 17807700
error_sample = -BUSY durable log staging is full, retry
inf-bench: 3 error replies under load (3 BUSY-retryable; first sample: -BUSY durable log staging is full, retry)
ops = 161575
errors = 4
busy_retryable = 4
elapsed_s = 300.783
ops_per_sec = 537
p50_us = 16127
p99_us = 3407871
p999_us = 10223615
p9999_us = 14155775
max_us = 15350121
error_sample = -BUSY durable log staging is full, retry
inf-bench: 4 error replies under load (4 BUSY-retryable; first sample: -BUSY durable log staging is full, retry)
ops = 198616
errors = 2
busy_retryable = 2
elapsed_s = 304.936
ops_per_sec = 651
p50_us = 15103
p99_us = 2818047
p999_us = 10223615
p9999_us = 16777215
max_us = 20109003
error_sample = -BUSY durable log staging is full, retry
inf-bench: 2 error replies under load (2 BUSY-retryable; first sample: -BUSY durable log staging is full, retry)
ops = 177399
errors = 10
busy_retryable = 10
elapsed_s = 306.386
ops_per_sec = 579
p50_us = 14847
p99_us = 3145727
p999_us = 9175039
p9999_us = 12845055
max_us = 14595459
error_sample = -BUSY durable log staging is full, retry
inf-bench: 10 error replies under load (10 BUSY-retryable; first sample: -BUSY durable log staging is full, retry)
ops = 172064
errors = 2
busy_retryable = 2
elapsed_s = 305.064
ops_per_sec = 564
p50_us = 16895
p99_us = 2949119
p999_us = 8650751
p9999_us = 13631487
max_us = 15528420
error_sample = -BUSY durable log staging is full, retry
inf-bench: 2 error replies under load (2 BUSY-retryable; first sample: -BUSY durable log staging is full, retry)
ops = 140516
errors = 3
busy_retryable = 3
elapsed_s = 305.119
ops_per_sec = 461
p50_us = 16895
p99_us = 3604479
p999_us = 11272191
p9999_us = 15466495
max_us = 16904639
error_sample = -BUSY durable log staging is full, retry
inf-bench: 3 error replies under load (3 BUSY-retryable; first sample: -BUSY durable log staging is full, retry)
ops = 208029
errors = 9
busy_retryable = 9
elapsed_s = 300.021
ops_per_sec = 693
p50_us = 16895
p99_us = 2293759
p999_us = 10485759
p9999_us = 14155775
max_us = 14906165
error_sample = -BUSY durable log staging is full, retry
inf-bench: 9 error replies under load (9 BUSY-retryable; first sample: -BUSY durable log staging is full, retry)
ops = 215782
errors = 0
busy_retryable = 0
elapsed_s = 301.545
ops_per_sec = 716
p50_us = 15103
p99_us = 2228223
p999_us = 10485759
p9999_us = 13893631
max_us = 14062973
ops = 175079
errors = 11
busy_retryable = 11
elapsed_s = 302.440
ops_per_sec = 579
p50_us = 16895
p99_us = 2883583
p999_us = 10223615
p9999_us = 13107199
max_us = 15189528
error_sample = -BUSY durable log staging is full, retry
inf-bench: 11 error replies under load (11 BUSY-retryable; first sample: -BUSY durable log staging is full, retry)
ops = 169408
errors = 1
busy_retryable = 1
elapsed_s = 309.027
ops_per_sec = 548
p50_us = 17407
p99_us = 3276799
p999_us = 10223615
p9999_us = 15466495
max_us = 17786019
error_sample = -BUSY durable log staging is full, retry
inf-bench: 1 error replies under load (1 BUSY-retryable; first sample: -BUSY durable log staging is full, retry)
ops = 148615
errors = 8
busy_retryable = 8
elapsed_s = 300.019
ops_per_sec = 495
p50_us = 17407
p99_us = 3866623
p999_us = 13369343
p9999_us = 17301503
max_us = 19858575
error_sample = -BUSY durable log staging is full, retry
inf-bench: 8 error replies under load (8 BUSY-retryable; first sample: -BUSY durable log staging is full, retry)
ops = 219197
errors = 0
busy_retryable = 0
elapsed_s = 307.334
ops_per_sec = 713
p50_us = 16383
p99_us = 2293759
p999_us = 10485759
p9999_us = 14680063
max_us = 15240870
ops = 213149
errors = 3
busy_retryable = 3
elapsed_s = 310.545
ops_per_sec = 686
p50_us = 14847
p99_us = 2686975
p999_us = 9699327
p9999_us = 16777215
max_us = 18517689
error_sample = -BUSY durable log staging is full, retry
inf-bench: 3 error replies under load (3 BUSY-retryable; first sample: -BUSY durable log staging is full, retry)
ops = 144709
errors = 2
busy_retryable = 2
elapsed_s = 304.565
ops_per_sec = 475
p50_us = 15871
p99_us = 4063231
p999_us = 13893631
p9999_us = 17301503
max_us = 17681741
error_sample = -BUSY durable log staging is full, retry
inf-bench: 2 error replies under load (2 BUSY-retryable; first sample: -BUSY durable log staging is full, retry)
ops = 187782
errors = 5
busy_retryable = 5
elapsed_s = 316.221
ops_per_sec = 594
p50_us = 16127
p99_us = 3145727
p999_us = 10747903
p9999_us = 16252927
max_us = 17007182
error_sample = -BUSY durable log staging is full, retry
inf-bench: 5 error replies under load (5 BUSY-retryable; first sample: -BUSY durable log staging is full, retry)
ops = 176092
errors = 0
busy_retryable = 0
elapsed_s = 300.752
ops_per_sec = 586
p50_us = 17919
p99_us = 3407871
p999_us = 10223615
p9999_us = 14680063
max_us = 16849420
ops = 148602
errors = 0
busy_retryable = 0
elapsed_s = 303.821
ops_per_sec = 489
p50_us = 16895
p99_us = 3735551
p999_us = 13369343
p9999_us = 15728639
max_us = 18004214
ops = 228869
errors = 1
busy_retryable = 1
elapsed_s = 300.025
ops_per_sec = 763
p50_us = 15359
p99_us = 2293759
p999_us = 8388607
p9999_us = 14942207
max_us = 15733676
error_sample = -BUSY durable log staging is full, retry
inf-bench: 1 error replies under load (1 BUSY-retryable; first sample: -BUSY durable log staging is full, retry)
ops = 146768
errors = 0
busy_retryable = 0
elapsed_s = 309.815
ops_per_sec = 474
p50_us = 16383
p99_us = 4587519
p999_us = 12058623
p9999_us = 15204351
max_us = 15960516
ops = 158264
errors = 6
busy_retryable = 6
elapsed_s = 301.754
ops_per_sec = 524
p50_us = 16895
p99_us = 2949119
p999_us = 11796479
p9999_us = 16252927
max_us = 16462416
error_sample = -BUSY durable log staging is full, retry
inf-bench: 6 error replies under load (6 BUSY-retryable; first sample: -BUSY durable log staging is full, retry)
ops = 184616
errors = 13
busy_retryable = 13
elapsed_s = 306.568
ops_per_sec = 602
p50_us = 16895
p99_us = 2949119
p999_us = 9437183
p9999_us = 13631487
max_us = 14573418
error_sample = -BUSY durable log staging is full, retry
inf-bench: 13 error replies under load (13 BUSY-retryable; first sample: -BUSY durable log staging is full, retry)
ops = 181633
errors = 1
busy_retryable = 1
elapsed_s = 304.320
ops_per_sec = 597
p50_us = 16895
p99_us = 3080191
p999_us = 12320767
p9999_us = 15990783
max_us = 16917581
error_sample = -BUSY durable log staging is full, retry
inf-bench: 1 error replies under load (1 BUSY-retryable; first sample: -BUSY durable log staging is full, retry)
ops = 171384
errors = 3
busy_retryable = 3
elapsed_s = 302.323
ops_per_sec = 567
p50_us = 15359
p99_us = 3211263
p999_us = 11534335
p9999_us = 16252927
max_us = 17776394
error_sample = -BUSY durable log staging is full, retry
inf-bench: 3 error replies under load (3 BUSY-retryable; first sample: -BUSY durable log staging is full, retry)
ops = 167589
errors = 5
busy_retryable = 5
elapsed_s = 300.016
ops_per_sec = 559
p50_us = 16383
p99_us = 3145727
p999_us = 11534335
p9999_us = 15990783
max_us = 17136031
error_sample = -BUSY durable log staging is full, retry
inf-bench: 5 error replies under load (5 BUSY-retryable; first sample: -BUSY durable log staging is full, retry)
ops = 155300
errors = 2
busy_retryable = 2
elapsed_s = 301.728
ops_per_sec = 515
p50_us = 15615
p99_us = 3866623
p999_us = 11534335
p9999_us = 16252927
max_us = 16325634
error_sample = -BUSY durable log staging is full, retry
inf-bench: 2 error replies under load (2 BUSY-retryable; first sample: -BUSY durable log staging is full, retry)
ops = 187574
errors = 2
busy_retryable = 2
elapsed_s = 304.615
ops_per_sec = 616
p50_us = 17919
p99_us = 3145727
p999_us = 9437183
p9999_us = 12845055
max_us = 15467963
error_sample = -BUSY durable log staging is full, retry
inf-bench: 2 error replies under load (2 BUSY-retryable; first sample: -BUSY durable log staging is full, retry)
ops = 191902
errors = 17
busy_retryable = 17
elapsed_s = 306.349
ops_per_sec = 626
p50_us = 16895
p99_us = 2555903
p999_us = 11272191
p9999_us = 14680063
max_us = 15961431
error_sample = -BUSY durable log staging is full, retry
inf-bench: 17 error replies under load (17 BUSY-retryable; first sample: -BUSY durable log staging is full, retry)
ops = 212363
errors = 2
busy_retryable = 2
elapsed_s = 300.153
ops_per_sec = 708
p50_us = 16895
p99_us = 2359295
p999_us = 9699327
p9999_us = 15466495
max_us = 16080305
error_sample = -BUSY durable log staging is full, retry
inf-bench: 2 error replies under load (2 BUSY-retryable; first sample: -BUSY durable log staging is full, retry)
ops = 176263
errors = 3
busy_retryable = 3
elapsed_s = 307.541
ops_per_sec = 573
p50_us = 17407
p99_us = 3080191
p999_us = 10223615
p9999_us = 14417919
max_us = 14854466
error_sample = -BUSY durable log staging is full, retry
inf-bench: 3 error replies under load (3 BUSY-retryable; first sample: -BUSY durable log staging is full, retry)
ops = 173532
errors = 0
busy_retryable = 0
elapsed_s = 301.856
ops_per_sec = 575
p50_us = 17407
p99_us = 2883583
p999_us = 11796479
p9999_us = 15990783
max_us = 16567732
ops = 186777
errors = 5
busy_retryable = 5
elapsed_s = 304.702
ops_per_sec = 613
p50_us = 16127
p99_us = 3145727
p999_us = 9437183
p9999_us = 13369343
max_us = 17296318
error_sample = -BUSY durable log staging is full, retry
inf-bench: 5 error replies under load (5 BUSY-retryable; first sample: -BUSY durable log staging is full, retry)
ops = 158277
errors = 11
busy_retryable = 11
elapsed_s = 302.668
ops_per_sec = 523
p50_us = 16895
p99_us = 3407871
p999_us = 12845055
p9999_us = 17249250
max_us = 17249250
error_sample = -BUSY durable log staging is full, retry
inf-bench: 11 error replies under load (11 BUSY-retryable; first sample: -BUSY durable log staging is full, retry)
ops = 192453
errors = 6
busy_retryable = 6
elapsed_s = 305.334
ops_per_sec = 630
p50_us = 15615
p99_us = 2818047
p999_us = 10747903
p9999_us = 15466495
max_us = 16161916
error_sample = -BUSY durable log staging is full, retry
inf-bench: 6 error replies under load (6 BUSY-retryable; first sample: -BUSY durable log staging is full, retry)
ops = 178233
errors = 2
busy_retryable = 2
elapsed_s = 300.398
ops_per_sec = 593
p50_us = 15359
p99_us = 3276799
p999_us = 10747903
p9999_us = 15204351
max_us = 17660058
error_sample = -BUSY durable log staging is full, retry
inf-bench: 2 error replies under load (2 BUSY-retryable; first sample: -BUSY durable log staging is full, retry)
ops = 204649
errors = 0
busy_retryable = 0
elapsed_s = 304.788
ops_per_sec = 671
p50_us = 15103
p99_us = 2686975
p999_us = 11010047
p9999_us = 14680063
max_us = 16869676
ops = 210141
errors = 7
busy_retryable = 7
elapsed_s = 300.020
ops_per_sec = 700
p50_us = 17407
p99_us = 2424831
p999_us = 9175039
p9999_us = 15728639
max_us = 16490393
error_sample = -BUSY durable log staging is full, retry
inf-bench: 7 error replies under load (7 BUSY-retryable; first sample: -BUSY durable log staging is full, retry)
ops = 194486
errors = 14
busy_retryable = 14
elapsed_s = 301.877
ops_per_sec = 644
p50_us = 15359
p99_us = 2949119
p999_us = 10485759
p9999_us = 14311222
max_us = 14311222
error_sample = -BUSY durable log staging is full, retry
inf-bench: 14 error replies under load (14 BUSY-retryable; first sample: -BUSY durable log staging is full, retry)
ops = 211813
errors = 1
busy_retryable = 1
elapsed_s = 301.768
ops_per_sec = 702
p50_us = 14591
p99_us = 2490367
p999_us = 9699327
p9999_us = 14942207
max_us = 16321098
error_sample = -BUSY durable log staging is full, retry
inf-bench: 1 error replies under load (1 BUSY-retryable; first sample: -BUSY durable log staging is full, retry)
ops = 201122
errors = 0
busy_retryable = 0
elapsed_s = 301.867
ops_per_sec = 666
p50_us = 14079
p99_us = 2949119
p999_us = 10747903
p9999_us = 14942207
max_us = 16440827
ops = 210682
errors = 2
busy_retryable = 2
elapsed_s = 312.209
ops_per_sec = 675
p50_us = 15103
p99_us = 2490367
p999_us = 9437183
p9999_us = 14155775
max_us = 16641035
error_sample = -BUSY durable log staging is full, retry
inf-bench: 2 error replies under load (2 BUSY-retryable; first sample: -BUSY durable log staging is full, retry)
ops = 173319
errors = 4
busy_retryable = 4
elapsed_s = 301.968
ops_per_sec = 574
p50_us = 16895
p99_us = 3145727
p999_us = 9175039
p9999_us = 14417919
max_us = 15264457
error_sample = -BUSY durable log staging is full, retry
inf-bench: 4 error replies under load (4 BUSY-retryable; first sample: -BUSY durable log staging is full, retry)
ops = 205558
errors = 4
busy_retryable = 4
elapsed_s = 307.694
ops_per_sec = 668
p50_us = 14079
p99_us = 2555903
p999_us = 11272191
p9999_us = 14155775
max_us = 15795218
error_sample = -BUSY durable log staging is full, retry
inf-bench: 4 error replies under load (4 BUSY-retryable; first sample: -BUSY durable log staging is full, retry)
ops = 201320
errors = 2
busy_retryable = 2
elapsed_s = 307.667
ops_per_sec = 654
p50_us = 15103
p99_us = 2621439
p999_us = 11796479
p9999_us = 16252927
max_us = 16856462
error_sample = -BUSY durable log staging is full, retry
inf-bench: 2 error replies under load (2 BUSY-retryable; first sample: -BUSY durable log staging is full, retry)
ops = 207578
errors = 4
busy_retryable = 4
elapsed_s = 310.755
ops_per_sec = 668
p50_us = 15871
p99_us = 2359295
p999_us = 9699327
p9999_us = 13893631
max_us = 14473865
error_sample = -BUSY durable log staging is full, retry
inf-bench: 4 error replies under load (4 BUSY-retryable; first sample: -BUSY durable log staging is full, retry)
