ops = 23800458
errors = 11301
busy_retryable = 11301
elapsed_s = 300.060
ops_per_sec = 79319
p50_us = 311
p99_us = 12799
p999_us = 200703
p9999_us = 1179647
max_us = 6244113
error_sample = -BUSY durable log staging is full, retry
inf-bench: 11301 error replies under load (11301 BUSY-retryable; first sample: -BUSY durable log staging is full, retry)
ops = 96816838
errors = 292486
busy_retryable = 292486
elapsed_s = 300.697
ops_per_sec = 321975
p50_us = 211
p99_us = 1343
p999_us = 12543
p9999_us = 303103
max_us = 3307497
error_sample = -BUSY durable log staging is full, retry
inf-bench: 292486 error replies under load (292486 BUSY-retryable; first sample: -BUSY durable log staging is full, retry)
ops = 118244214
errors = 328077
busy_retryable = 328077
elapsed_s = 300.000
ops_per_sec = 394147
p50_us = 207
p99_us = 911
p999_us = 7295
p9999_us = 241663
max_us = 3297896
error_sample = -BUSY durable log staging is full, retry
inf-bench: 328077 error replies under load (328077 BUSY-retryable; first sample: -BUSY durable log staging is full, retry)
ops = 122919033
errors = 363632
busy_retryable = 363632
elapsed_s = 300.235
ops_per_sec = 409410
p50_us = 191
p99_us = 895
p999_us = 7167
p9999_us = 233471
max_us = 3084829
error_sample = -BUSY durable log staging is full, retry
inf-bench: 363632 error replies under load (363632 BUSY-retryable; first sample: -BUSY durable log staging is full, retry)
ops = 129766644
errors = 357559
busy_retryable = 357559
elapsed_s = 300.000
ops_per_sec = 432555
p50_us = 183
p99_us = 831
p999_us = 6783
p9999_us = 233471
max_us = 1786396
error_sample = -BUSY durable log staging is full, retry
inf-bench: 357559 error replies under load (357559 BUSY-retryable; first sample: -BUSY durable log staging is full, retry)
ops = 123072555
errors = 482591
busy_retryable = 482591
elapsed_s = 300.000
ops_per_sec = 410241
p50_us = 207
p99_us = 847
p999_us = 6655
p9999_us = 229375
max_us = 1732134
error_sample = -BUSY durable log staging is full, retry
inf-bench: 482591 error replies under load (482591 BUSY-retryable; first sample: -BUSY durable log staging is full, retry)
ops = 128330078
errors = 327593
busy_retryable = 327593
elapsed_s = 300.124
ops_per_sec = 427591
p50_us = 191
p99_us = 831
p999_us = 6911
p9999_us = 217087
max_us = 1936263
error_sample = -BUSY durable log staging is full, retry
inf-bench: 327593 error replies under load (327593 BUSY-retryable; first sample: -BUSY durable log staging is full, retry)
ops = 121362753
errors = 428172
busy_retryable = 428172
elapsed_s = 300.000
ops_per_sec = 404542
p50_us = 195
p99_us = 831
p999_us = 7295
p9999_us = 241663
max_us = 2795630
error_sample = -BUSY durable log staging is full, retry
inf-bench: 428172 error replies under load (428172 BUSY-retryable; first sample: -BUSY durable log staging is full, retry)
ops = 125948103
errors = 259268
busy_retryable = 259268
elapsed_s = 300.000
ops_per_sec = 419827
p50_us = 199
p99_us = 863
p999_us = 7039
p9999_us = 217087
max_us = 2252095
error_sample = -BUSY durable log staging is full, retry
inf-bench: 259268 error replies under load (259268 BUSY-retryable; first sample: -BUSY durable log staging is full, retry)
ops = 123936425
errors = 339681
busy_retryable = 339681
elapsed_s = 300.000
ops_per_sec = 413121
p50_us = 203
p99_us = 863
p999_us = 7167
p9999_us = 192511
max_us = 2032178
error_sample = -BUSY durable log staging is full, retry
inf-bench: 339681 error replies under load (339681 BUSY-retryable; first sample: -BUSY durable log staging is full, retry)
ops = 128327982
errors = 349745
busy_retryable = 349745
elapsed_s = 300.001
ops_per_sec = 427759
p50_us = 191
p99_us = 831
p999_us = 6911
p9999_us = 229375
max_us = 2241834
error_sample = -BUSY durable log staging is full, retry
inf-bench: 349745 error replies under load (349745 BUSY-retryable; first sample: -BUSY durable log staging is full, retry)
ops = 121271043
errors = 238805
busy_retryable = 238805
elapsed_s = 300.000
ops_per_sec = 404236
p50_us = 207
p99_us = 847
p999_us = 7167
p9999_us = 249855
max_us = 1968418
error_sample = -BUSY durable log staging is full, retry
inf-bench: 238805 error replies under load (238805 BUSY-retryable; first sample: -BUSY durable log staging is full, retry)
ops = 125083722
errors = 400615
busy_retryable = 400615
elapsed_s = 300.000
ops_per_sec = 416945
p50_us = 183
p99_us = 831
p999_us = 7039
p9999_us = 245759
max_us = 2010104
error_sample = -BUSY durable log staging is full, retry
inf-bench: 400615 error replies under load (400615 BUSY-retryable; first sample: -BUSY durable log staging is full, retry)
ops = 129769927
errors = 332224
busy_retryable = 332224
elapsed_s = 300.001
ops_per_sec = 432566
p50_us = 187
p99_us = 847
p999_us = 7039
p9999_us = 225279
max_us = 1687649
error_sample = -BUSY durable log staging is full, retry
inf-bench: 332224 error replies under load (332224 BUSY-retryable; first sample: -BUSY durable log staging is full, retry)
ops = 126563381
errors = 517215
busy_retryable = 517215
elapsed_s = 300.000
ops_per_sec = 421878
p50_us = 179
p99_us = 815
p999_us = 7295
p9999_us = 225279
max_us = 2131280
error_sample = -BUSY durable log staging is full, retry
inf-bench: 517215 error replies under load (517215 BUSY-retryable; first sample: -BUSY durable log staging is full, retry)
ops = 121023138
errors = 478825
busy_retryable = 478825
elapsed_s = 300.221
ops_per_sec = 403114
p50_us = 187
p99_us = 831
p999_us = 7807
p9999_us = 212991
max_us = 2000002
error_sample = -BUSY durable log staging is full, retry
inf-bench: 478825 error replies under load (478825 BUSY-retryable; first sample: -BUSY durable log staging is full, retry)
ops = 112470773
errors = 532060
busy_retryable = 532060
elapsed_s = 300.001
ops_per_sec = 374902
p50_us = 191
p99_us = 847
p999_us = 7807
p9999_us = 278527
max_us = 2133521
error_sample = -BUSY durable log staging is full, retry
inf-bench: 532060 error replies under load (532060 BUSY-retryable; first sample: -BUSY durable log staging is full, retry)
ops = 110889571
errors = 604135
busy_retryable = 604135
elapsed_s = 300.064
ops_per_sec = 369554
p50_us = 179
p99_us = 831
p999_us = 7679
p9999_us = 327679
max_us = 2240821
error_sample = -BUSY durable log staging is full, retry
inf-bench: 604135 error replies under load (604135 BUSY-retryable; first sample: -BUSY durable log staging is full, retry)
ops = 111469163
errors = 580623
busy_retryable = 580623
elapsed_s = 300.022
ops_per_sec = 371537
p50_us = 167
p99_us = 799
p999_us = 7807
p9999_us = 352255
max_us = 3295692
error_sample = -BUSY durable log staging is full, retry
inf-bench: 580623 error replies under load (580623 BUSY-retryable; first sample: -BUSY durable log staging is full, retry)
ops = 118931949
errors = 626029
busy_retryable = 626029
elapsed_s = 300.000
ops_per_sec = 396439
p50_us = 187
p99_us = 847
p999_us = 7295
p9999_us = 241663
max_us = 2482113
error_sample = -BUSY durable log staging is full, retry
inf-bench: 626029 error replies under load (626029 BUSY-retryable; first sample: -BUSY durable log staging is full, retry)
ops = 111359564
errors = 486947
busy_retryable = 486947
elapsed_s = 300.079
ops_per_sec = 371101
p50_us = 187
p99_us = 815
p999_us = 7295
p9999_us = 327679
max_us = 2196205
error_sample = -BUSY durable log staging is full, retry
inf-bench: 486947 error replies under load (486947 BUSY-retryable; first sample: -BUSY durable log staging is full, retry)
ops = 110311315
errors = 528466
busy_retryable = 528466
elapsed_s = 300.032
ops_per_sec = 367666
p50_us = 211
p99_us = 879
p999_us = 8447
p9999_us = 278527
max_us = 1993000
error_sample = -BUSY durable log staging is full, retry
inf-bench: 528466 error replies under load (528466 BUSY-retryable; first sample: -BUSY durable log staging is full, retry)
ops = 119116360
errors = 705564
busy_retryable = 705564
elapsed_s = 301.331
ops_per_sec = 395300
p50_us = 179
p99_us = 831
p999_us = 7807
p9999_us = 249855
max_us = 2380830
error_sample = -BUSY durable log staging is full, retry
inf-bench: 705564 error replies under load (705564 BUSY-retryable; first sample: -BUSY durable log staging is full, retry)
ops = 106873639
errors = 527431
busy_retryable = 527431
elapsed_s = 300.083
ops_per_sec = 356147
p50_us = 187
p99_us = 863
p999_us = 8063
p9999_us = 319487
max_us = 2130610
error_sample = -BUSY durable log staging is full, retry
inf-bench: 527431 error replies under load (527431 BUSY-retryable; first sample: -BUSY durable log staging is full, retry)
ops = 111240875
errors = 543293
busy_retryable = 543293
elapsed_s = 300.254
ops_per_sec = 370489
p50_us = 175
p99_us = 783
p999_us = 7807
p9999_us = 327679
max_us = 2118244
error_sample = -BUSY durable log staging is full, retry
inf-bench: 543293 error replies under load (543293 BUSY-retryable; first sample: -BUSY durable log staging is full, retry)
ops = 104469421
errors = 475317
busy_retryable = 475317
elapsed_s = 300.000
ops_per_sec = 348231
p50_us = 199
p99_us = 831
p999_us = 7807
p9999_us = 352255
max_us = 2093226
error_sample = -BUSY durable log staging is full, retry
inf-bench: 475317 error replies under load (475317 BUSY-retryable; first sample: -BUSY durable log staging is full, retry)
ops = 105599857
errors = 612076
busy_retryable = 612076
elapsed_s = 300.177
ops_per_sec = 351792
p50_us = 175
p99_us = 799
p999_us = 7935
p9999_us = 360447
max_us = 2306897
error_sample = -BUSY durable log staging is full, retry
inf-bench: 612076 error replies under load (612076 BUSY-retryable; first sample: -BUSY durable log staging is full, retry)
ops = 106326044
errors = 537258
busy_retryable = 537258
elapsed_s = 300.000
ops_per_sec = 354420
p50_us = 187
p99_us = 831
p999_us = 7423
p9999_us = 335871
max_us = 2328570
error_sample = -BUSY durable log staging is full, retry
inf-bench: 537258 error replies under load (537258 BUSY-retryable; first sample: -BUSY durable log staging is full, retry)
ops = 103932594
errors = 596884
busy_retryable = 596884
elapsed_s = 300.000
ops_per_sec = 346442
p50_us = 179
p99_us = 815
p999_us = 8191
p9999_us = 360447
max_us = 2133877
error_sample = -BUSY durable log staging is full, retry
inf-bench: 596884 error replies under load (596884 BUSY-retryable; first sample: -BUSY durable log staging is full, retry)
ops = 108928418
errors = 509198
busy_retryable = 509198
elapsed_s = 300.000
ops_per_sec = 363094
p50_us = 191
p99_us = 831
p999_us = 7807
p9999_us = 327679
max_us = 2088605
error_sample = -BUSY durable log staging is full, retry
inf-bench: 509198 error replies under load (509198 BUSY-retryable; first sample: -BUSY durable log staging is full, retry)
ops = 106738229
errors = 521991
busy_retryable = 521991
elapsed_s = 300.000
ops_per_sec = 355794
p50_us = 191
p99_us = 847
p999_us = 8191
p9999_us = 311295
max_us = 2112045
error_sample = -BUSY durable log staging is full, retry
inf-bench: 521991 error replies under load (521991 BUSY-retryable; first sample: -BUSY durable log staging is full, retry)
ops = 110915549
errors = 654546
busy_retryable = 654546
elapsed_s = 300.000
ops_per_sec = 369718
p50_us = 175
p99_us = 799
p999_us = 7679
p9999_us = 344063
max_us = 2361206
error_sample = -BUSY durable log staging is full, retry
inf-bench: 654546 error replies under load (654546 BUSY-retryable; first sample: -BUSY durable log staging is full, retry)
ops = 112206062
errors = 613177
busy_retryable = 613177
elapsed_s = 300.175
ops_per_sec = 373802
p50_us = 175
p99_us = 799
p999_us = 7807
p9999_us = 344063
max_us = 1888071
error_sample = -BUSY durable log staging is full, retry
inf-bench: 613177 error replies under load (613177 BUSY-retryable; first sample: -BUSY durable log staging is full, retry)
ops = 111983060
errors = 573175
busy_retryable = 573175
elapsed_s = 300.047
ops_per_sec = 373218
p50_us = 171
p99_us = 799
p999_us = 7551
p9999_us = 327679
max_us = 2078783
error_sample = -BUSY durable log staging is full, retry
inf-bench: 573175 error replies under load (573175 BUSY-retryable; first sample: -BUSY durable log staging is full, retry)
ops = 104672289
errors = 555160
busy_retryable = 555160
elapsed_s = 300.001
ops_per_sec = 348907
p50_us = 179
p99_us = 815
p999_us = 7551
p9999_us = 360447
max_us = 2124101
error_sample = -BUSY durable log staging is full, retry
inf-bench: 555160 error replies under load (555160 BUSY-retryable; first sample: -BUSY durable log staging is full, retry)
ops = 107759497
errors = 586484
busy_retryable = 586484
elapsed_s = 300.001
ops_per_sec = 359198
p50_us = 179
p99_us = 799
p999_us = 7551
p9999_us = 344063
max_us = 2107975
error_sample = -BUSY durable log staging is full, retry
inf-bench: 586484 error replies under load (586484 BUSY-retryable; first sample: -BUSY durable log staging is full, retry)
ops = 104741393
errors = 585972
busy_retryable = 585972
elapsed_s = 300.000
ops_per_sec = 349137
p50_us = 195
p99_us = 847
p999_us = 8447
p9999_us = 319487
max_us = 2230360
error_sample = -BUSY durable log staging is full, retry
inf-bench: 585972 error replies under load (585972 BUSY-retryable; first sample: -BUSY durable log staging is full, retry)
ops = 105472228
errors = 478085
busy_retryable = 478085
elapsed_s = 300.034
ops_per_sec = 351534
p50_us = 183
p99_us = 799
p999_us = 7679
p9999_us = 352255
max_us = 2261166
error_sample = -BUSY durable log staging is full, retry
inf-bench: 478085 error replies under load (478085 BUSY-retryable; first sample: -BUSY durable log staging is full, retry)
ops = 104992287
errors = 554058
busy_retryable = 554058
elapsed_s = 300.000
ops_per_sec = 349974
p50_us = 191
p99_us = 815
p999_us = 7807
p9999_us = 335871
max_us = 2559415
error_sample = -BUSY durable log staging is full, retry
inf-bench: 554058 error replies under load (554058 BUSY-retryable; first sample: -BUSY durable log staging is full, retry)
ops = 107983603
errors = 622332
busy_retryable = 622332
elapsed_s = 300.000
ops_per_sec = 359945
p50_us = 171
p99_us = 767
p999_us = 7679
p9999_us = 352255
max_us = 2808888
error_sample = -BUSY durable log staging is full, retry
inf-bench: 622332 error replies under load (622332 BUSY-retryable; first sample: -BUSY durable log staging is full, retry)
ops = 114262263
errors = 621599
busy_retryable = 621599
elapsed_s = 300.000
ops_per_sec = 380874
p50_us = 183
p99_us = 815
p999_us = 7551
p9999_us = 286719
max_us = 2196842
error_sample = -BUSY durable log staging is full, retry
inf-bench: 621599 error replies under load (621599 BUSY-retryable; first sample: -BUSY durable log staging is full, retry)
ops = 112569906
errors = 612627
busy_retryable = 612627
elapsed_s = 300.075
ops_per_sec = 375139
p50_us = 179
p99_us = 815
p999_us = 7807
p9999_us = 303103
max_us = 2108320
error_sample = -BUSY durable log staging is full, retry
inf-bench: 612627 error replies under load (612627 BUSY-retryable; first sample: -BUSY durable log staging is full, retry)
ops = 105647380
errors = 514231
busy_retryable = 514231
elapsed_s = 300.000
ops_per_sec = 352157
p50_us = 179
p99_us = 799
p999_us = 7935
p9999_us = 352255
max_us = 2873639
error_sample = -BUSY durable log staging is full, retry
inf-bench: 514231 error replies under load (514231 BUSY-retryable; first sample: -BUSY durable log staging is full, retry)
ops = 103535283
errors = 536729
busy_retryable = 536729
elapsed_s = 300.000
ops_per_sec = 345117
p50_us = 183
p99_us = 815
p999_us = 7679
p9999_us = 360447
max_us = 2546416
error_sample = -BUSY durable log staging is full, retry
inf-bench: 536729 error replies under load (536729 BUSY-retryable; first sample: -BUSY durable log staging is full, retry)
ops = 107328516
errors = 543224
busy_retryable = 543224
elapsed_s = 300.262
ops_per_sec = 357450
p50_us = 175
p99_us = 815
p999_us = 7679
p9999_us = 360447
max_us = 2144338
error_sample = -BUSY durable log staging is full, retry
inf-bench: 543224 error replies under load (543224 BUSY-retryable; first sample: -BUSY durable log staging is full, retry)
ops = 109053586
errors = 500821
busy_retryable = 500821
elapsed_s = 300.001
ops_per_sec = 363511
p50_us = 187
p99_us = 815
p999_us = 7935
p9999_us = 319487
max_us = 2310193
error_sample = -BUSY durable log staging is full, retry
inf-bench: 500821 error replies under load (500821 BUSY-retryable; first sample: -BUSY durable log staging is full, retry)
ops = 111786464
errors = 454498
busy_retryable = 454498
elapsed_s = 300.094
ops_per_sec = 372505
p50_us = 199
p99_us = 847
p999_us = 7935
p9999_us = 286719
max_us = 2121971
error_sample = -BUSY durable log staging is full, retry
inf-bench: 454498 error replies under load (454498 BUSY-retryable; first sample: -BUSY durable log staging is full, retry)
ops = 107539913
errors = 484908
busy_retryable = 484908
elapsed_s = 300.016
ops_per_sec = 358447
p50_us = 179
p99_us = 799
p999_us = 8063
p9999_us = 335871
max_us = 2208361
error_sample = -BUSY durable log staging is full, retry
inf-bench: 484908 error replies under load (484908 BUSY-retryable; first sample: -BUSY durable log staging is full, retry)
ops = 107945806
errors = 487260
busy_retryable = 487260
elapsed_s = 300.000
ops_per_sec = 359819
p50_us = 179
p99_us = 815
p999_us = 7807
p9999_us = 344063
max_us = 2143313
error_sample = -BUSY durable log staging is full, retry
inf-bench: 487260 error replies under load (487260 BUSY-retryable; first sample: -BUSY durable log staging is full, retry)
ops = 100431589
errors = 453395
busy_retryable = 453395
elapsed_s = 300.071
ops_per_sec = 334693
p50_us = 195
p99_us = 815
p999_us = 8063
p9999_us = 352255
max_us = 2166361
error_sample = -BUSY durable log staging is full, retry
inf-bench: 453395 error replies under load (453395 BUSY-retryable; first sample: -BUSY durable log staging is full, retry)
ops = 110315215
errors = 596963
busy_retryable = 596963
elapsed_s = 300.001
ops_per_sec = 367716
p50_us = 179
p99_us = 799
p999_us = 7807
p9999_us = 319487
max_us = 2243947
error_sample = -BUSY durable log staging is full, retry
inf-bench: 596963 error replies under load (596963 BUSY-retryable; first sample: -BUSY durable log staging is full, retry)
ops = 114535782
errors = 633294
busy_retryable = 633294
elapsed_s = 300.001
ops_per_sec = 381785
p50_us = 183
p99_us = 815
p999_us = 7807
p9999_us = 303103
max_us = 1689942
error_sample = -BUSY durable log staging is full, retry
inf-bench: 633294 error replies under load (633294 BUSY-retryable; first sample: -BUSY durable log staging is full, retry)
ops = 109316080
errors = 505180
busy_retryable = 505180
elapsed_s = 300.000
ops_per_sec = 364386
p50_us = 183
p99_us = 815
p999_us = 8063
p9999_us = 327679
max_us = 2636206
error_sample = -BUSY durable log staging is full, retry
inf-bench: 505180 error replies under load (505180 BUSY-retryable; first sample: -BUSY durable log staging is full, retry)
ops = 106134032
errors = 640369
busy_retryable = 640369
elapsed_s = 300.002
ops_per_sec = 353778
p50_us = 179
p99_us = 815
p999_us = 7935
p9999_us = 352255
max_us = 2168288
error_sample = -BUSY durable log staging is full, retry
inf-bench: 640369 error replies under load (640369 BUSY-retryable; first sample: -BUSY durable log staging is full, retry)
ops = 102586112
errors = 430626
busy_retryable = 430626
elapsed_s = 300.000
ops_per_sec = 341953
p50_us = 183
p99_us = 799
p999_us = 7679
p9999_us = 368639
max_us = 2084276
error_sample = -BUSY durable log staging is full, retry
inf-bench: 430626 error replies under load (430626 BUSY-retryable; first sample: -BUSY durable log staging is full, retry)
ops = 106809391
errors = 590978
busy_retryable = 590978
elapsed_s = 300.001
ops_per_sec = 356031
p50_us = 179
p99_us = 799
p999_us = 8063
p9999_us = 335871
max_us = 2564384
error_sample = -BUSY durable log staging is full, retry
inf-bench: 590978 error replies under load (590978 BUSY-retryable; first sample: -BUSY durable log staging is full, retry)
ops = 107291089
errors = 520797
busy_retryable = 520797
elapsed_s = 300.000
ops_per_sec = 357636
p50_us = 203
p99_us = 863
p999_us = 8063
p9999_us = 311295
max_us = 1798674
error_sample = -BUSY durable log staging is full, retry
inf-bench: 520797 error replies under load (520797 BUSY-retryable; first sample: -BUSY durable log staging is full, retry)
ops = 114686299
errors = 646482
busy_retryable = 646482
elapsed_s = 300.092
ops_per_sec = 382171
p50_us = 179
p99_us = 815
p999_us = 7935
p9999_us = 294911
max_us = 1864952
error_sample = -BUSY durable log staging is full, retry
inf-bench: 646482 error replies under load (646482 BUSY-retryable; first sample: -BUSY durable log staging is full, retry)
ops = 109865381
errors = 474390
busy_retryable = 474390
elapsed_s = 300.079
ops_per_sec = 366121
p50_us = 183
p99_us = 815
p999_us = 7935
p9999_us = 294911
max_us = 2542152
error_sample = -BUSY durable log staging is full, retry
inf-bench: 474390 error replies under load (474390 BUSY-retryable; first sample: -BUSY durable log staging is full, retry)
ops = 106637070
errors = 597704
busy_retryable = 597704
elapsed_s = 300.000
ops_per_sec = 355456
p50_us = 179
p99_us = 815
p999_us = 8191
p9999_us = 335871
max_us = 1913974
error_sample = -BUSY durable log staging is full, retry
inf-bench: 597704 error replies under load (597704 BUSY-retryable; first sample: -BUSY durable log staging is full, retry)
ops = 112569647
errors = 530106
busy_retryable = 530106
elapsed_s = 300.081
ops_per_sec = 375130
p50_us = 187
p99_us = 815
p999_us = 7807
p9999_us = 319487
max_us = 1797542
error_sample = -BUSY durable log staging is full, retry
inf-bench: 530106 error replies under load (530106 BUSY-retryable; first sample: -BUSY durable log staging is full, retry)
ops = 108379206
errors = 515184
busy_retryable = 515184
elapsed_s = 300.002
ops_per_sec = 361262
p50_us = 179
p99_us = 815
p999_us = 8191
p9999_us = 335871
max_us = 2297381
error_sample = -BUSY durable log staging is full, retry
inf-bench: 515184 error replies under load (515184 BUSY-retryable; first sample: -BUSY durable log staging is full, retry)
ops = 102238693
errors = 485710
busy_retryable = 485710
elapsed_s = 300.000
ops_per_sec = 340795
p50_us = 179
p99_us = 799
p999_us = 7807
p9999_us = 393215
max_us = 1877306
error_sample = -BUSY durable log staging is full, retry
inf-bench: 485710 error replies under load (485710 BUSY-retryable; first sample: -BUSY durable log staging is full, retry)
ops = 106883946
errors = 481563
busy_retryable = 481563
elapsed_s = 300.090
ops_per_sec = 356173
p50_us = 187
p99_us = 847
p999_us = 8063
p9999_us = 327679
max_us = 2011881
error_sample = -BUSY durable log staging is full, retry
inf-bench: 481563 error replies under load (481563 BUSY-retryable; first sample: -BUSY durable log staging is full, retry)
ops = 103573925
errors = 431930
busy_retryable = 431930
elapsed_s = 300.394
ops_per_sec = 344793
p50_us = 191
p99_us = 815
p999_us = 7807
p9999_us = 368639
max_us = 2052838
error_sample = -BUSY durable log staging is full, retry
inf-bench: 431930 error replies under load (431930 BUSY-retryable; first sample: -BUSY durable log staging is full, retry)
ops = 103355118
errors = 443115
busy_retryable = 443115
elapsed_s = 300.000
ops_per_sec = 344517
p50_us = 187
p99_us = 831
p999_us = 8063
p9999_us = 360447
max_us = 2225983
error_sample = -BUSY durable log staging is full, retry
inf-bench: 443115 error replies under load (443115 BUSY-retryable; first sample: -BUSY durable log staging is full, retry)
ops = 106254279
errors = 627329
busy_retryable = 627329
elapsed_s = 300.277
ops_per_sec = 353854
p50_us = 179
p99_us = 815
p999_us = 8447
p9999_us = 344063
max_us = 1954632
error_sample = -BUSY durable log staging is full, retry
inf-bench: 627329 error replies under load (627329 BUSY-retryable; first sample: -BUSY durable log staging is full, retry)
ops = 106459660
errors = 482547
busy_retryable = 482547
elapsed_s = 300.162
ops_per_sec = 354674
p50_us = 187
p99_us = 847
p999_us = 8447
p9999_us = 335871
max_us = 2186963
error_sample = -BUSY durable log staging is full, retry
inf-bench: 482547 error replies under load (482547 BUSY-retryable; first sample: -BUSY durable log staging is full, retry)
ops = 103954089
errors = 560142
busy_retryable = 560142
elapsed_s = 300.108
ops_per_sec = 346389
p50_us = 187
p99_us = 847
p999_us = 8063
p9999_us = 344063
max_us = 2560979
error_sample = -BUSY durable log staging is full, retry
inf-bench: 560142 error replies under load (560142 BUSY-retryable; first sample: -BUSY durable log staging is full, retry)
ops = 116706145
errors = 461334
busy_retryable = 461334
elapsed_s = 300.050
ops_per_sec = 388955
p50_us = 191
p99_us = 879
p999_us = 7935
p9999_us = 245759
max_us = 1572179
error_sample = -BUSY durable log staging is full, retry
inf-bench: 461334 error replies under load (461334 BUSY-retryable; first sample: -BUSY durable log staging is full, retry)
ops = 105516194
errors = 498293
busy_retryable = 498293
elapsed_s = 300.013
ops_per_sec = 351705
p50_us = 183
p99_us = 815
p999_us = 8191
p9999_us = 344063
max_us = 1882201
error_sample = -BUSY durable log staging is full, retry
inf-bench: 498293 error replies under load (498293 BUSY-retryable; first sample: -BUSY durable log staging is full, retry)
ops = 108064347
errors = 481981
busy_retryable = 481981
elapsed_s = 300.202
ops_per_sec = 359972
p50_us = 207
p99_us = 927
p999_us = 7935
p9999_us = 233471
max_us = 1961640
error_sample = -BUSY durable log staging is full, retry
inf-bench: 481981 error replies under load (481981 BUSY-retryable; first sample: -BUSY durable log staging is full, retry)
ops = 105042719
errors = 510293
busy_retryable = 510293
elapsed_s = 300.434
ops_per_sec = 349636
p50_us = 195
p99_us = 863
p999_us = 7935
p9999_us = 327679
max_us = 2016876
error_sample = -BUSY durable log staging is full, retry
inf-bench: 510293 error replies under load (510293 BUSY-retryable; first sample: -BUSY durable log staging is full, retry)
ops = 107424987
errors = 659540
busy_retryable = 659540
elapsed_s = 300.046
ops_per_sec = 358028
p50_us = 175
p99_us = 847
p999_us = 8191
p9999_us = 352255
max_us = 1985916
error_sample = -BUSY durable log staging is full, retry
inf-bench: 659540 error replies under load (659540 BUSY-retryable; first sample: -BUSY durable log staging is full, retry)
ops = 103563769
errors = 476753
busy_retryable = 476753
elapsed_s = 300.000
ops_per_sec = 345212
p50_us = 207
p99_us = 895
p999_us = 8063
p9999_us = 335871
max_us = 1728953
error_sample = -BUSY durable log staging is full, retry
inf-bench: 476753 error replies under load (476753 BUSY-retryable; first sample: -BUSY durable log staging is full, retry)
ops = 106556018
errors = 519579
busy_retryable = 519579
elapsed_s = 300.000
ops_per_sec = 355186
p50_us = 179
p99_us = 831
p999_us = 8063
p9999_us = 368639
max_us = 1791746
error_sample = -BUSY durable log staging is full, retry
inf-bench: 519579 error replies under load (519579 BUSY-retryable; first sample: -BUSY durable log staging is full, retry)
ops = 107740608
errors = 654575
busy_retryable = 654575
elapsed_s = 300.071
ops_per_sec = 359050
p50_us = 179
p99_us = 831
p999_us = 7807
p9999_us = 335871
max_us = 2412963
error_sample = -BUSY durable log staging is full, retry
inf-bench: 654575 error replies under load (654575 BUSY-retryable; first sample: -BUSY durable log staging is full, retry)
ops = 106018404
errors = 637692
busy_retryable = 637692
elapsed_s = 300.000
ops_per_sec = 353394
p50_us = 179
p99_us = 831
p999_us = 8063
p9999_us = 335871
max_us = 2197890
error_sample = -BUSY durable log staging is full, retry
inf-bench: 637692 error replies under load (637692 BUSY-retryable; first sample: -BUSY durable log staging is full, retry)
ops = 111981846
errors = 537665
busy_retryable = 537665
elapsed_s = 300.000
ops_per_sec = 373272
p50_us = 175
p99_us = 831
p999_us = 7807
p9999_us = 327679
max_us = 1899999
error_sample = -BUSY durable log staging is full, retry
inf-bench: 537665 error replies under load (537665 BUSY-retryable; first sample: -BUSY durable log staging is full, retry)
ops = 106344700
errors = 490062
busy_retryable = 490062
elapsed_s = 300.000
ops_per_sec = 354482
p50_us = 179
p99_us = 815
p999_us = 7807
p9999_us = 360447
max_us = 2294333
error_sample = -BUSY durable log staging is full, retry
inf-bench: 490062 error replies under load (490062 BUSY-retryable; first sample: -BUSY durable log staging is full, retry)
ops = 112525722
errors = 448171
busy_retryable = 448171
elapsed_s = 300.048
ops_per_sec = 375026
p50_us = 191
p99_us = 879
p999_us = 7935
p9999_us = 270335
max_us = 2085506
error_sample = -BUSY durable log staging is full, retry
inf-bench: 448171 error replies under load (448171 BUSY-retryable; first sample: -BUSY durable log staging is full, retry)
ops = 110301919
errors = 575751
busy_retryable = 575751
elapsed_s = 300.000
ops_per_sec = 367673
p50_us = 191
p99_us = 863
p999_us = 7807
p9999_us = 311295
max_us = 2057434
error_sample = -BUSY durable log staging is full, retry
inf-bench: 575751 error replies under load (575751 BUSY-retryable; first sample: -BUSY durable log staging is full, retry)
ops = 107383580
errors = 491068
busy_retryable = 491068
elapsed_s = 300.009
ops_per_sec = 357935
p50_us = 175
p99_us = 831
p999_us = 7935
p9999_us = 335871
max_us = 2440640
error_sample = -BUSY durable log staging is full, retry
inf-bench: 491068 error replies under load (491068 BUSY-retryable; first sample: -BUSY durable log staging is full, retry)
ops = 107717612
errors = 638828
busy_retryable = 638828
elapsed_s = 300.271
ops_per_sec = 358735
p50_us = 175
p99_us = 847
p999_us = 8191
p9999_us = 344063
max_us = 2733242
error_sample = -BUSY durable log staging is full, retry
inf-bench: 638828 error replies under load (638828 BUSY-retryable; first sample: -BUSY durable log staging is full, retry)
ops = 104659077
errors = 431111
busy_retryable = 431111
elapsed_s = 300.168
ops_per_sec = 348668
p50_us = 179
p99_us = 799
p999_us = 7807
p9999_us = 368639
max_us = 3343710
error_sample = -BUSY durable log staging is full, retry
inf-bench: 431111 error replies under load (431111 BUSY-retryable; first sample: -BUSY durable log staging is full, retry)
ops = 106427128
errors = 548679
busy_retryable = 548679
elapsed_s = 300.000
ops_per_sec = 354757
p50_us = 175
p99_us = 831
p999_us = 8447
p9999_us = 368639
max_us = 2081510
error_sample = -BUSY durable log staging is full, retry
inf-bench: 548679 error replies under load (548679 BUSY-retryable; first sample: -BUSY durable log staging is full, retry)
ops = 109149471
errors = 731568
busy_retryable = 731568
elapsed_s = 300.000
ops_per_sec = 363831
p50_us = 175
p99_us = 815
p999_us = 7935
p9999_us = 335871
max_us = 2072427
error_sample = -BUSY durable log staging is full, retry
inf-bench: 731568 error replies under load (731568 BUSY-retryable; first sample: -BUSY durable log staging is full, retry)
ops = 118092985
errors = 518779
busy_retryable = 518779
elapsed_s = 300.000
ops_per_sec = 393643
p50_us = 175
p99_us = 863
p999_us = 7807
p9999_us = 249855
max_us = 2145902
error_sample = -BUSY durable log staging is full, retry
inf-bench: 518779 error replies under load (518779 BUSY-retryable; first sample: -BUSY durable log staging is full, retry)
ops = 109123853
errors = 676684
busy_retryable = 676684
elapsed_s = 300.001
ops_per_sec = 363745
p50_us = 175
p99_us = 831
p999_us = 7807
p9999_us = 335871
max_us = 2080393
error_sample = -BUSY durable log staging is full, retry
inf-bench: 676684 error replies under load (676684 BUSY-retryable; first sample: -BUSY durable log staging is full, retry)
ops = 109894199
errors = 482980
busy_retryable = 482980
elapsed_s = 300.036
ops_per_sec = 366270
p50_us = 175
p99_us = 847
p999_us = 7935
p9999_us = 319487
max_us = 2380582
error_sample = -BUSY durable log staging is full, retry
inf-bench: 482980 error replies under load (482980 BUSY-retryable; first sample: -BUSY durable log staging is full, retry)
ops = 112055908
errors = 557881
busy_retryable = 557881
elapsed_s = 300.009
ops_per_sec = 373508
p50_us = 199
p99_us = 895
p999_us = 7935
p9999_us = 270335
max_us = 1828963
error_sample = -BUSY durable log staging is full, retry
inf-bench: 557881 error replies under load (557881 BUSY-retryable; first sample: -BUSY durable log staging is full, retry)
ops = 116728150
errors = 561630
busy_retryable = 561630
elapsed_s = 300.000
ops_per_sec = 389093
p50_us = 183
p99_us = 879
p999_us = 7551
p9999_us = 237567
max_us = 1975003
error_sample = -BUSY durable log staging is full, retry
inf-bench: 561630 error replies under load (561630 BUSY-retryable; first sample: -BUSY durable log staging is full, retry)
ops = 104409927
errors = 595568
busy_retryable = 595568
elapsed_s = 300.000
ops_per_sec = 348033
p50_us = 187
p99_us = 847
p999_us = 8191
p9999_us = 344063
max_us = 2211665
error_sample = -BUSY durable log staging is full, retry
inf-bench: 595568 error replies under load (595568 BUSY-retryable; first sample: -BUSY durable log staging is full, retry)
ops = 102177446
errors = 496713
busy_retryable = 496713
elapsed_s = 300.000
ops_per_sec = 340591
p50_us = 183
p99_us = 879
p999_us = 8959
p9999_us = 368639
max_us = 2375032
error_sample = -BUSY durable log staging is full, retry
inf-bench: 496713 error replies under load (496713 BUSY-retryable; first sample: -BUSY durable log staging is full, retry)
ops = 109942662
errors = 553279
busy_retryable = 553279
elapsed_s = 300.000
ops_per_sec = 366475
p50_us = 183
p99_us = 847
p999_us = 8063
p9999_us = 311295
max_us = 2180753
error_sample = -BUSY durable log staging is full, retry
inf-bench: 553279 error replies under load (553279 BUSY-retryable; first sample: -BUSY durable log staging is full, retry)
ops = 106458857
errors = 496273
busy_retryable = 496273
elapsed_s = 300.006
ops_per_sec = 354856
p50_us = 203
p99_us = 895
p999_us = 8447
p9999_us = 278527
max_us = 1740711
error_sample = -BUSY durable log staging is full, retry
inf-bench: 496273 error replies under load (496273 BUSY-retryable; first sample: -BUSY durable log staging is full, retry)
ops = 107203177
errors = 518783
busy_retryable = 518783
elapsed_s = 300.000
ops_per_sec = 357344
p50_us = 187
p99_us = 831
p999_us = 8063
p9999_us = 335871
max_us = 2236567
error_sample = -BUSY durable log staging is full, retry
inf-bench: 518783 error replies under load (518783 BUSY-retryable; first sample: -BUSY durable log staging is full, retry)
ops = 108272484
errors = 514721
busy_retryable = 514721
elapsed_s = 300.000
ops_per_sec = 360908
p50_us = 183
p99_us = 847
p999_us = 8191
p9999_us = 344063
max_us = 1683702
error_sample = -BUSY durable log staging is full, retry
inf-bench: 514721 error replies under load (514721 BUSY-retryable; first sample: -BUSY durable log staging is full, retry)
ops = 110954262
errors = 636514
busy_retryable = 636514
elapsed_s = 300.000
ops_per_sec = 369847
p50_us = 187
p99_us = 863
p999_us = 7679
p9999_us = 294911
max_us = 2280967
error_sample = -BUSY durable log staging is full, retry
inf-bench: 636514 error replies under load (636514 BUSY-retryable; first sample: -BUSY durable log staging is full, retry)
ops = 102583675
errors = 508774
busy_retryable = 508774
elapsed_s = 300.000
ops_per_sec = 341945
p50_us = 179
p99_us = 831
p999_us = 8447
p9999_us = 376831
max_us = 2390184
error_sample = -BUSY durable log staging is full, retry
inf-bench: 508774 error replies under load (508774 BUSY-retryable; first sample: -BUSY durable log staging is full, retry)
ops = 106075825
errors = 644538
busy_retryable = 644538
elapsed_s = 300.205
ops_per_sec = 353344
p50_us = 179
p99_us = 847
p999_us = 7935
p9999_us = 368639
max_us = 2011876
error_sample = -BUSY durable log staging is full, retry
inf-bench: 644538 error replies under load (644538 BUSY-retryable; first sample: -BUSY durable log staging is full, retry)
ops = 108795711
errors = 669343
busy_retryable = 669343
elapsed_s = 300.000
ops_per_sec = 362652
p50_us = 183
p99_us = 863
p999_us = 8191
p9999_us = 319487
max_us = 2011662
error_sample = -BUSY durable log staging is full, retry
inf-bench: 669343 error replies under load (669343 BUSY-retryable; first sample: -BUSY durable log staging is full, retry)
ops = 109683091
errors = 573758
busy_retryable = 573758
elapsed_s = 300.000
ops_per_sec = 365610
p50_us = 203
p99_us = 911
p999_us = 7807
p9999_us = 278527
max_us = 2006342
error_sample = -BUSY durable log staging is full, retry
inf-bench: 573758 error replies under load (573758 BUSY-retryable; first sample: -BUSY durable log staging is full, retry)
ops = 104425101
errors = 496837
busy_retryable = 496837
elapsed_s = 300.000
ops_per_sec = 348083
p50_us = 191
p99_us = 879
p999_us = 8447
p9999_us = 327679
max_us = 1911836
error_sample = -BUSY durable log staging is full, retry
inf-bench: 496837 error replies under load (496837 BUSY-retryable; first sample: -BUSY durable log staging is full, retry)
ops = 108340148
errors = 567689
busy_retryable = 567689
elapsed_s = 300.020
ops_per_sec = 361110
p50_us = 187
p99_us = 863
p999_us = 8063
p9999_us = 311295
max_us = 2270134
error_sample = -BUSY durable log staging is full, retry
inf-bench: 567689 error replies under load (567689 BUSY-retryable; first sample: -BUSY durable log staging is full, retry)
ops = 104041447
errors = 470809
busy_retryable = 470809
elapsed_s = 300.024
ops_per_sec = 346777
p50_us = 179
p99_us = 847
p999_us = 8191
p9999_us = 368639
max_us = 2580447
error_sample = -BUSY durable log staging is full, retry
inf-bench: 470809 error replies under load (470809 BUSY-retryable; first sample: -BUSY durable log staging is full, retry)
ops = 104738510
errors = 365042
busy_retryable = 365042
elapsed_s = 300.040
ops_per_sec = 349082
p50_us = 203
p99_us = 895
p999_us = 8703
p9999_us = 311295
max_us = 1981877
error_sample = -BUSY durable log staging is full, retry
inf-bench: 365042 error replies under load (365042 BUSY-retryable; first sample: -BUSY durable log staging is full, retry)
ops = 105023138
errors = 487748
busy_retryable = 487748
elapsed_s = 300.000
ops_per_sec = 350077
p50_us = 183
p99_us = 847
p999_us = 8191
p9999_us = 352255
max_us = 1993918
error_sample = -BUSY durable log staging is full, retry
inf-bench: 487748 error replies under load (487748 BUSY-retryable; first sample: -BUSY durable log staging is full, retry)
ops = 104851128
errors = 577815
busy_retryable = 577815
elapsed_s = 300.000
ops_per_sec = 349503
p50_us = 199
p99_us = 895
p999_us = 8959
p9999_us = 303103
max_us = 1731169
error_sample = -BUSY durable log staging is full, retry
inf-bench: 577815 error replies under load (577815 BUSY-retryable; first sample: -BUSY durable log staging is full, retry)
ops = 105037917
errors = 493837
busy_retryable = 493837
elapsed_s = 300.000
ops_per_sec = 350126
p50_us = 187
p99_us = 895
p999_us = 8191
p9999_us = 335871
max_us = 1923967
error_sample = -BUSY durable log staging is full, retry
inf-bench: 493837 error replies under load (493837 BUSY-retryable; first sample: -BUSY durable log staging is full, retry)
ops = 113828715
errors = 553640
busy_retryable = 553640
elapsed_s = 300.004
ops_per_sec = 379424
p50_us = 175
p99_us = 847
p999_us = 8447
p9999_us = 278527
max_us = 2170046
error_sample = -BUSY durable log staging is full, retry
inf-bench: 553640 error replies under load (553640 BUSY-retryable; first sample: -BUSY durable log staging is full, retry)
ops = 102606704
errors = 421974
busy_retryable = 421974
elapsed_s = 300.115
ops_per_sec = 341892
p50_us = 199
p99_us = 911
p999_us = 8063
p9999_us = 319487
max_us = 1858873
error_sample = -BUSY durable log staging is full, retry
inf-bench: 421974 error replies under load (421974 BUSY-retryable; first sample: -BUSY durable log staging is full, retry)
ops = 111830410
errors = 527648
busy_retryable = 527648
elapsed_s = 300.000
ops_per_sec = 372768
p50_us = 175
p99_us = 863
p999_us = 8063
p9999_us = 327679
max_us = 1956658
error_sample = -BUSY durable log staging is full, retry
inf-bench: 527648 error replies under load (527648 BUSY-retryable; first sample: -BUSY durable log staging is full, retry)
ops = 106429949
errors = 652041
busy_retryable = 652041
elapsed_s = 300.000
ops_per_sec = 354766
p50_us = 187
p99_us = 879
p999_us = 7935
p9999_us = 335871
max_us = 2053302
error_sample = -BUSY durable log staging is full, retry
inf-bench: 652041 error replies under load (652041 BUSY-retryable; first sample: -BUSY durable log staging is full, retry)
ops = 106840473
errors = 561388
busy_retryable = 561388
elapsed_s = 300.000
ops_per_sec = 356134
p50_us = 191
p99_us = 895
p999_us = 8191
p9999_us = 311295
max_us = 2242445
error_sample = -BUSY durable log staging is full, retry
inf-bench: 561388 error replies under load (561388 BUSY-retryable; first sample: -BUSY durable log staging is full, retry)
ops = 114312788
errors = 580837
busy_retryable = 580837
elapsed_s = 300.000
ops_per_sec = 381042
p50_us = 187
p99_us = 879
p999_us = 8447
p9999_us = 270335
max_us = 2069585
error_sample = -BUSY durable log staging is full, retry
inf-bench: 580837 error replies under load (580837 BUSY-retryable; first sample: -BUSY durable log staging is full, retry)
ops = 109924143
errors = 540519
busy_retryable = 540519
elapsed_s = 300.000
ops_per_sec = 366413
p50_us = 183
p99_us = 879
p999_us = 7935
p9999_us = 303103
max_us = 2072111
error_sample = -BUSY durable log staging is full, retry
inf-bench: 540519 error replies under load (540519 BUSY-retryable; first sample: -BUSY durable log staging is full, retry)
ops = 111618258
errors = 494943
busy_retryable = 494943
elapsed_s = 300.000
ops_per_sec = 372060
p50_us = 183
p99_us = 879
p999_us = 8191
p9999_us = 270335
max_us = 1857852
error_sample = -BUSY durable log staging is full, retry
inf-bench: 494943 error replies under load (494943 BUSY-retryable; first sample: -BUSY durable log staging is full, retry)
ops = 101540405
errors = 469666
busy_retryable = 469666
elapsed_s = 300.000
ops_per_sec = 338468
p50_us = 187
p99_us = 879
p999_us = 8447
p9999_us = 376831
max_us = 2271420
error_sample = -BUSY durable log staging is full, retry
inf-bench: 469666 error replies under load (469666 BUSY-retryable; first sample: -BUSY durable log staging is full, retry)
ops = 104992771
errors = 704516
busy_retryable = 704516
elapsed_s = 300.000
ops_per_sec = 349975
p50_us = 191
p99_us = 863
p999_us = 8447
p9999_us = 327679
max_us = 2371546
error_sample = -BUSY durable log staging is full, retry
inf-bench: 704516 error replies under load (704516 BUSY-retryable; first sample: -BUSY durable log staging is full, retry)
ops = 105352408
errors = 494165
busy_retryable = 494165
elapsed_s = 300.000
ops_per_sec = 351174
p50_us = 183
p99_us = 847
p999_us = 7807
p9999_us = 352255
max_us = 3170836
error_sample = -BUSY durable log staging is full, retry
inf-bench: 494165 error replies under load (494165 BUSY-retryable; first sample: -BUSY durable log staging is full, retry)
ops = 106005666
errors = 564941
busy_retryable = 564941
elapsed_s = 300.121
ops_per_sec = 353210
p50_us = 179
p99_us = 831
p999_us = 8447
p9999_us = 344063
max_us = 2104416
error_sample = -BUSY durable log staging is full, retry
inf-bench: 564941 error replies under load (564941 BUSY-retryable; first sample: -BUSY durable log staging is full, retry)
ops = 103261527
errors = 470834
busy_retryable = 470834
elapsed_s = 300.000
ops_per_sec = 344205
p50_us = 183
p99_us = 863
p999_us = 8447
p9999_us = 360447
max_us = 2043750
error_sample = -BUSY durable log staging is full, retry
inf-bench: 470834 error replies under load (470834 BUSY-retryable; first sample: -BUSY durable log staging is full, retry)
ops = 105921003
errors = 598848
busy_retryable = 598848
elapsed_s = 300.564
ops_per_sec = 352408
p50_us = 191
p99_us = 911
p999_us = 8447
p9999_us = 319487
max_us = 1805701
error_sample = -BUSY durable log staging is full, retry
inf-bench: 598848 error replies under load (598848 BUSY-retryable; first sample: -BUSY durable log staging is full, retry)
ops = 108276012
errors = 625007
busy_retryable = 625007
elapsed_s = 300.003
ops_per_sec = 360917
p50_us = 187
p99_us = 895
p999_us = 8447
p9999_us = 286719
max_us = 1944769
error_sample = -BUSY durable log staging is full, retry
inf-bench: 625007 error replies under load (625007 BUSY-retryable; first sample: -BUSY durable log staging is full, retry)
ops = 109960495
errors = 484165
busy_retryable = 484165
elapsed_s = 300.159
ops_per_sec = 366340
p50_us = 187
p99_us = 895
p999_us = 7935
p9999_us = 294911
max_us = 2232368
error_sample = -BUSY durable log staging is full, retry
inf-bench: 484165 error replies under load (484165 BUSY-retryable; first sample: -BUSY durable log staging is full, retry)
ops = 106187926
errors = 470365
busy_retryable = 470365
elapsed_s = 300.000
ops_per_sec = 353959
p50_us = 211
p99_us = 991
p999_us = 8447
p9999_us = 245759
max_us = 2173243
error_sample = -BUSY durable log staging is full, retry
inf-bench: 470365 error replies under load (470365 BUSY-retryable; first sample: -BUSY durable log staging is full, retry)
ops = 102304379
errors = 549294
busy_retryable = 549294
elapsed_s = 300.048
ops_per_sec = 340960
p50_us = 199
p99_us = 911
p999_us = 8191
p9999_us = 352255
max_us = 2050761
error_sample = -BUSY durable log staging is full, retry
inf-bench: 549294 error replies under load (549294 BUSY-retryable; first sample: -BUSY durable log staging is full, retry)
ops = 110869430
errors = 532580
busy_retryable = 532580
elapsed_s = 300.000
ops_per_sec = 369564
p50_us = 183
p99_us = 847
p999_us = 7807
p9999_us = 319487
max_us = 2508855
error_sample = -BUSY durable log staging is full, retry
inf-bench: 532580 error replies under load (532580 BUSY-retryable; first sample: -BUSY durable log staging is full, retry)
ops = 117793909
errors = 539109
busy_retryable = 539109
elapsed_s = 300.000
ops_per_sec = 392646
p50_us = 179
p99_us = 847
p999_us = 7935
p9999_us = 262143
max_us = 2232491
error_sample = -BUSY durable log staging is full, retry
inf-bench: 539109 error replies under load (539109 BUSY-retryable; first sample: -BUSY durable log staging is full, retry)
ops = 103678406
errors = 573521
busy_retryable = 573521
elapsed_s = 300.933
ops_per_sec = 344523
p50_us = 199
p99_us = 959
p999_us = 8447
p9999_us = 303103
max_us = 2036322
error_sample = -BUSY durable log staging is full, retry
inf-bench: 573521 error replies under load (573521 BUSY-retryable; first sample: -BUSY durable log staging is full, retry)
ops = 101630893
errors = 440690
busy_retryable = 440690
elapsed_s = 300.001
ops_per_sec = 338769
p50_us = 223
p99_us = 1007
p999_us = 7935
p9999_us = 311295
max_us = 1885176
error_sample = -BUSY durable log staging is full, retry
inf-bench: 440690 error replies under load (440690 BUSY-retryable; first sample: -BUSY durable log staging is full, retry)
ops = 106849648
errors = 526084
busy_retryable = 526084
elapsed_s = 300.678
ops_per_sec = 355362
p50_us = 203
p99_us = 911
p999_us = 8703
p9999_us = 286719
max_us = 1960777
error_sample = -BUSY durable log staging is full, retry
inf-bench: 526084 error replies under load (526084 BUSY-retryable; first sample: -BUSY durable log staging is full, retry)
ops = 101820649
errors = 574018
busy_retryable = 574018
elapsed_s = 300.002
ops_per_sec = 339399
p50_us = 183
p99_us = 831
p999_us = 8703
p9999_us = 376831
max_us = 2076074
error_sample = -BUSY durable log staging is full, retry
inf-bench: 574018 error replies under load (574018 BUSY-retryable; first sample: -BUSY durable log staging is full, retry)
ops = 112249372
errors = 550514
busy_retryable = 550514
elapsed_s = 300.001
ops_per_sec = 374164
p50_us = 179
p99_us = 847
p999_us = 7935
p9999_us = 319487
max_us = 2424369
error_sample = -BUSY durable log staging is full, retry
inf-bench: 550514 error replies under load (550514 BUSY-retryable; first sample: -BUSY durable log staging is full, retry)
ops = 112141399
errors = 583685
busy_retryable = 583685
elapsed_s = 300.000
ops_per_sec = 373804
p50_us = 187
p99_us = 895
p999_us = 8447
p9999_us = 253951
max_us = 2369386
error_sample = -BUSY durable log staging is full, retry
inf-bench: 583685 error replies under load (583685 BUSY-retryable; first sample: -BUSY durable log staging is full, retry)
ops = 111018775
errors = 524750
busy_retryable = 524750
elapsed_s = 300.005
ops_per_sec = 370056
p50_us = 179
p99_us = 863
p999_us = 8063
p9999_us = 335871
max_us = 2426179
error_sample = -BUSY durable log staging is full, retry
inf-bench: 524750 error replies under load (524750 BUSY-retryable; first sample: -BUSY durable log staging is full, retry)
ops = 109904935
errors = 589254
busy_retryable = 589254
elapsed_s = 300.000
ops_per_sec = 366349
p50_us = 183
p99_us = 847
p999_us = 7935
p9999_us = 335871
max_us = 2154450
error_sample = -BUSY durable log staging is full, retry
inf-bench: 589254 error replies under load (589254 BUSY-retryable; first sample: -BUSY durable log staging is full, retry)
ops = 108761135
errors = 633385
busy_retryable = 633385
elapsed_s = 300.000
ops_per_sec = 362537
p50_us = 187
p99_us = 895
p999_us = 8447
p9999_us = 303103
max_us = 2225573
error_sample = -BUSY durable log staging is full, retry
inf-bench: 633385 error replies under load (633385 BUSY-retryable; first sample: -BUSY durable log staging is full, retry)
ops = 109222731
errors = 437987
busy_retryable = 437987
elapsed_s = 300.207
ops_per_sec = 363824
p50_us = 175
p99_us = 847
p999_us = 8447
p9999_us = 335871
max_us = 1900269
error_sample = -BUSY durable log staging is full, retry
inf-bench: 437987 error replies under load (437987 BUSY-retryable; first sample: -BUSY durable log staging is full, retry)
ops = 103737674
errors = 391643
busy_retryable = 391643
elapsed_s = 300.000
ops_per_sec = 345792
p50_us = 183
p99_us = 847
p999_us = 8447
p9999_us = 376831
max_us = 2127777
error_sample = -BUSY durable log staging is full, retry
inf-bench: 391643 error replies under load (391643 BUSY-retryable; first sample: -BUSY durable log staging is full, retry)
ops = 106269174
errors = 559275
busy_retryable = 559275
elapsed_s = 300.115
ops_per_sec = 354094
p50_us = 183
p99_us = 879
p999_us = 8447
p9999_us = 327679
max_us = 2182728
error_sample = -BUSY durable log staging is full, retry
inf-bench: 559275 error replies under load (559275 BUSY-retryable; first sample: -BUSY durable log staging is full, retry)
ops = 106504503
errors = 661842
busy_retryable = 661842
elapsed_s = 300.000
ops_per_sec = 355015
p50_us = 191
p99_us = 895
p999_us = 8447
p9999_us = 327679
max_us = 2551624
error_sample = -BUSY durable log staging is full, retry
inf-bench: 661842 error replies under load (661842 BUSY-retryable; first sample: -BUSY durable log staging is full, retry)
ops = 110432127
errors = 542972
busy_retryable = 542972
elapsed_s = 300.000
ops_per_sec = 368107
p50_us = 187
p99_us = 911
p999_us = 7807
p9999_us = 278527
max_us = 1941787
error_sample = -BUSY durable log staging is full, retry
inf-bench: 542972 error replies under load (542972 BUSY-retryable; first sample: -BUSY durable log staging is full, retry)
ops = 114019859
errors = 555506
busy_retryable = 555506
elapsed_s = 300.001
ops_per_sec = 380065
p50_us = 183
p99_us = 895
p999_us = 8191
p9999_us = 258047
max_us = 2267473
error_sample = -BUSY durable log staging is full, retry
inf-bench: 555506 error replies under load (555506 BUSY-retryable; first sample: -BUSY durable log staging is full, retry)
ops = 108744729
errors = 460338
busy_retryable = 460338
elapsed_s = 300.016
ops_per_sec = 362464
p50_us = 215
p99_us = 927
p999_us = 7807
p9999_us = 278527
max_us = 1985365
error_sample = -BUSY durable log staging is full, retry
inf-bench: 460338 error replies under load (460338 BUSY-retryable; first sample: -BUSY durable log staging is full, retry)
ops = 104601130
errors = 441980
busy_retryable = 441980
elapsed_s = 300.003
ops_per_sec = 348667
p50_us = 211
p99_us = 975
p999_us = 8703
p9999_us = 270335
max_us = 2108089
error_sample = -BUSY durable log staging is full, retry
inf-bench: 441980 error replies under load (441980 BUSY-retryable; first sample: -BUSY durable log staging is full, retry)
ops = 108725555
errors = 536618
busy_retryable = 536618
elapsed_s = 300.000
ops_per_sec = 362418
p50_us = 191
p99_us = 911
p999_us = 8191
p9999_us = 294911
max_us = 1990170
error_sample = -BUSY durable log staging is full, retry
inf-bench: 536618 error replies under load (536618 BUSY-retryable; first sample: -BUSY durable log staging is full, retry)
ops = 102245113
errors = 515505
busy_retryable = 515505
elapsed_s = 300.075
ops_per_sec = 340732
p50_us = 199
p99_us = 959
p999_us = 8703
p9999_us = 319487
max_us = 2346476
error_sample = -BUSY durable log staging is full, retry
inf-bench: 515505 error replies under load (515505 BUSY-retryable; first sample: -BUSY durable log staging is full, retry)
ops = 111357388
errors = 577303
busy_retryable = 577303
elapsed_s = 301.534
ops_per_sec = 369302
p50_us = 191
p99_us = 911
p999_us = 8447
p9999_us = 258047
max_us = 2135677
error_sample = -BUSY durable log staging is full, retry
inf-bench: 577303 error replies under load (577303 BUSY-retryable; first sample: -BUSY durable log staging is full, retry)
ops = 104862032
errors = 517469
busy_retryable = 517469
elapsed_s = 300.103
ops_per_sec = 349420
p50_us = 191
p99_us = 863
p999_us = 8063
p9999_us = 335871
max_us = 2346280
error_sample = -BUSY durable log staging is full, retry
inf-bench: 517469 error replies under load (517469 BUSY-retryable; first sample: -BUSY durable log staging is full, retry)
ops = 106899599
errors = 645243
busy_retryable = 645243
elapsed_s = 300.006
ops_per_sec = 356324
p50_us = 191
p99_us = 927
p999_us = 8063
p9999_us = 311295
max_us = 2343506
error_sample = -BUSY durable log staging is full, retry
inf-bench: 645243 error replies under load (645243 BUSY-retryable; first sample: -BUSY durable log staging is full, retry)
ops = 107549337
errors = 362866
busy_retryable = 362866
elapsed_s = 300.732
ops_per_sec = 357625
p50_us = 215
p99_us = 991
p999_us = 8447
p9999_us = 229375
max_us = 2050968
error_sample = -BUSY durable log staging is full, retry
inf-bench: 362866 error replies under load (362866 BUSY-retryable; first sample: -BUSY durable log staging is full, retry)
ops = 112395012
errors = 461241
busy_retryable = 461241
elapsed_s = 300.000
ops_per_sec = 374650
p50_us = 195
p99_us = 911
p999_us = 8447
p9999_us = 249855
max_us = 2081792
error_sample = -BUSY durable log staging is full, retry
inf-bench: 461241 error replies under load (461241 BUSY-retryable; first sample: -BUSY durable log staging is full, retry)
ops = 103994219
errors = 459847
busy_retryable = 459847
elapsed_s = 300.000
ops_per_sec = 346647
p50_us = 191
p99_us = 895
p999_us = 8703
p9999_us = 352255
max_us = 1719578
error_sample = -BUSY durable log staging is full, retry
inf-bench: 459847 error replies under load (459847 BUSY-retryable; first sample: -BUSY durable log staging is full, retry)
ops = 107950525
errors = 568452
busy_retryable = 568452
elapsed_s = 300.000
ops_per_sec = 359835
p50_us = 183
p99_us = 879
p999_us = 8063
p9999_us = 319487
max_us = 2188115
error_sample = -BUSY durable log staging is full, retry
inf-bench: 568452 error replies under load (568452 BUSY-retryable; first sample: -BUSY durable log staging is full, retry)
ops = 109403727
errors = 587876
busy_retryable = 587876
elapsed_s = 300.005
ops_per_sec = 364673
p50_us = 183
p99_us = 879
p999_us = 8063
p9999_us = 319487
max_us = 1946578
error_sample = -BUSY durable log staging is full, retry
inf-bench: 587876 error replies under load (587876 BUSY-retryable; first sample: -BUSY durable log staging is full, retry)
ops = 110706398
errors = 497847
busy_retryable = 497847
elapsed_s = 300.000
ops_per_sec = 369021
p50_us = 179
p99_us = 847
p999_us = 8191
p9999_us = 303103
max_us = 1877005
error_sample = -BUSY durable log staging is full, retry
inf-bench: 497847 error replies under load (497847 BUSY-retryable; first sample: -BUSY durable log staging is full, retry)
ops = 110744076
errors = 585084
busy_retryable = 585084
elapsed_s = 300.000
ops_per_sec = 369146
p50_us = 183
p99_us = 895
p999_us = 8191
p9999_us = 286719
max_us = 2034954
error_sample = -BUSY durable log staging is full, retry
inf-bench: 585084 error replies under load (585084 BUSY-retryable; first sample: -BUSY durable log staging is full, retry)
ops = 108630232
errors = 447359
busy_retryable = 447359
elapsed_s = 300.354
ops_per_sec = 361673
p50_us = 195
p99_us = 895
p999_us = 7935
p9999_us = 278527
max_us = 2256803
error_sample = -BUSY durable log staging is full, retry
inf-bench: 447359 error replies under load (447359 BUSY-retryable; first sample: -BUSY durable log staging is full, retry)
ops = 114781615
errors = 666675
busy_retryable = 666675
elapsed_s = 300.762
ops_per_sec = 381637
p50_us = 183
p99_us = 895
p999_us = 8063
p9999_us = 253951
max_us = 1788649
error_sample = -BUSY durable log staging is full, retry
inf-bench: 666675 error replies under load (666675 BUSY-retryable; first sample: -BUSY durable log staging is full, retry)
ops = 106828749
errors = 554917
busy_retryable = 554917
elapsed_s = 300.001
ops_per_sec = 356095
p50_us = 191
p99_us = 879
p999_us = 8191
p9999_us = 311295
max_us = 2477735
error_sample = -BUSY durable log staging is full, retry
inf-bench: 554917 error replies under load (554917 BUSY-retryable; first sample: -BUSY durable log staging is full, retry)
ops = 101961303
errors = 541915
busy_retryable = 541915
elapsed_s = 300.001
ops_per_sec = 339870
p50_us = 211
p99_us = 975
p999_us = 8703
p9999_us = 327679
max_us = 2066329
error_sample = -BUSY durable log staging is full, retry
inf-bench: 541915 error replies under load (541915 BUSY-retryable; first sample: -BUSY durable log staging is full, retry)
ops = 107229889
errors = 685240
busy_retryable = 685240
elapsed_s = 300.283
ops_per_sec = 357096
p50_us = 183
p99_us = 879
p999_us = 8703
p9999_us = 344063
max_us = 1805482
error_sample = -BUSY durable log staging is full, retry
inf-bench: 685240 error replies under load (685240 BUSY-retryable; first sample: -BUSY durable log staging is full, retry)
ops = 105709355
errors = 430344
busy_retryable = 430344
elapsed_s = 300.000
ops_per_sec = 352364
p50_us = 191
p99_us = 895
p999_us = 7807
p9999_us = 352255
max_us = 1715111
error_sample = -BUSY durable log staging is full, retry
inf-bench: 430344 error replies under load (430344 BUSY-retryable; first sample: -BUSY durable log staging is full, retry)
ops = 112069057
errors = 525406
busy_retryable = 525406
elapsed_s = 301.647
ops_per_sec = 371524
p50_us = 179
p99_us = 863
p999_us = 7807
p9999_us = 327679
max_us = 2282640
error_sample = -BUSY durable log staging is full, retry
inf-bench: 525406 error replies under load (525406 BUSY-retryable; first sample: -BUSY durable log staging is full, retry)
ops = 99332229
errors = 447413
busy_retryable = 447413
elapsed_s = 300.063
ops_per_sec = 331038
p50_us = 191
p99_us = 879
p999_us = 8703
p9999_us = 360447
max_us = 1911688
error_sample = -BUSY durable log staging is full, retry
inf-bench: 447413 error replies under load (447413 BUSY-retryable; first sample: -BUSY durable log staging is full, retry)
ops = 102034580
errors = 480997
busy_retryable = 480997
elapsed_s = 300.000
ops_per_sec = 340115
p50_us = 183
p99_us = 847
p999_us = 8447
p9999_us = 368639
max_us = 1963360
error_sample = -BUSY durable log staging is full, retry
inf-bench: 480997 error replies under load (480997 BUSY-retryable; first sample: -BUSY durable log staging is full, retry)
ops = 104939753
errors = 435246
busy_retryable = 435246
elapsed_s = 300.001
ops_per_sec = 349798
p50_us = 183
p99_us = 863
p999_us = 8191
p9999_us = 327679
max_us = 2351496
error_sample = -BUSY durable log staging is full, retry
inf-bench: 435246 error replies under load (435246 BUSY-retryable; first sample: -BUSY durable log staging is full, retry)
ops = 105000097
errors = 605540
busy_retryable = 605540
elapsed_s = 300.006
ops_per_sec = 349993
p50_us = 179
p99_us = 863
p999_us = 8703
p9999_us = 335871
max_us = 2075186
error_sample = -BUSY durable log staging is full, retry
inf-bench: 605540 error replies under load (605540 BUSY-retryable; first sample: -BUSY durable log staging is full, retry)
ops = 111970021
errors = 533929
busy_retryable = 533929
elapsed_s = 300.000
ops_per_sec = 373233
p50_us = 203
p99_us = 959
p999_us = 8063
p9999_us = 233471
max_us = 2017983
error_sample = -BUSY durable log staging is full, retry
inf-bench: 533929 error replies under load (533929 BUSY-retryable; first sample: -BUSY durable log staging is full, retry)
ops = 104360022
errors = 536962
busy_retryable = 536962
elapsed_s = 300.070
ops_per_sec = 347785
p50_us = 179
p99_us = 831
p999_us = 8191
p9999_us = 368639
max_us = 1991504
error_sample = -BUSY durable log staging is full, retry
inf-bench: 536962 error replies under load (536962 BUSY-retryable; first sample: -BUSY durable log staging is full, retry)
ops = 107672194
errors = 616683
busy_retryable = 616683
elapsed_s = 300.001
ops_per_sec = 358907
p50_us = 183
p99_us = 879
p999_us = 7935
p9999_us = 335871
max_us = 1919398
error_sample = -BUSY durable log staging is full, retry
inf-bench: 616683 error replies under load (616683 BUSY-retryable; first sample: -BUSY durable log staging is full, retry)
ops = 107590801
errors = 568034
busy_retryable = 568034
elapsed_s = 300.000
ops_per_sec = 358636
p50_us = 183
p99_us = 911
p999_us = 8447
p9999_us = 327679
max_us = 2150062
error_sample = -BUSY durable log staging is full, retry
inf-bench: 568034 error replies under load (568034 BUSY-retryable; first sample: -BUSY durable log staging is full, retry)
ops = 106420886
errors = 462533
busy_retryable = 462533
elapsed_s = 300.001
ops_per_sec = 354735
p50_us = 203
p99_us = 943
p999_us = 8063
p9999_us = 303103
max_us = 1882435
error_sample = -BUSY durable log staging is full, retry
inf-bench: 462533 error replies under load (462533 BUSY-retryable; first sample: -BUSY durable log staging is full, retry)
ops = 106638449
errors = 712060
busy_retryable = 712060
elapsed_s = 300.000
ops_per_sec = 355461
p50_us = 187
p99_us = 879
p999_us = 8703
p9999_us = 303103
max_us = 1960224
error_sample = -BUSY durable log staging is full, retry
inf-bench: 712060 error replies under load (712060 BUSY-retryable; first sample: -BUSY durable log staging is full, retry)
ops = 103014047
errors = 496498
busy_retryable = 496498
elapsed_s = 300.002
ops_per_sec = 343378
p50_us = 187
p99_us = 879
p999_us = 8447
p9999_us = 344063
max_us = 2400686
error_sample = -BUSY durable log staging is full, retry
inf-bench: 496498 error replies under load (496498 BUSY-retryable; first sample: -BUSY durable log staging is full, retry)
ops = 109370151
errors = 465504
busy_retryable = 465504
elapsed_s = 300.000
ops_per_sec = 364567
p50_us = 187
p99_us = 911
p999_us = 8191
p9999_us = 294911
max_us = 2467169
error_sample = -BUSY durable log staging is full, retry
inf-bench: 465504 error replies under load (465504 BUSY-retryable; first sample: -BUSY durable log staging is full, retry)
ops = 101615573
errors = 552979
busy_retryable = 552979
elapsed_s = 300.171
ops_per_sec = 338525
p50_us = 187
p99_us = 863
p999_us = 8447
p9999_us = 368639
max_us = 1851291
error_sample = -BUSY durable log staging is full, retry
inf-bench: 552979 error replies under load (552979 BUSY-retryable; first sample: -BUSY durable log staging is full, retry)
ops = 105708152
errors = 541626
busy_retryable = 541626
elapsed_s = 300.000
ops_per_sec = 352360
p50_us = 183
p99_us = 863
p999_us = 8703
p9999_us = 344063
max_us = 2497236
error_sample = -BUSY durable log staging is full, retry
inf-bench: 541626 error replies under load (541626 BUSY-retryable; first sample: -BUSY durable log staging is full, retry)
ops = 106787436
errors = 457886
busy_retryable = 457886
elapsed_s = 300.001
ops_per_sec = 355957
p50_us = 179
p99_us = 831
p999_us = 7807
p9999_us = 352255
max_us = 2289945
error_sample = -BUSY durable log staging is full, retry
inf-bench: 457886 error replies under load (457886 BUSY-retryable; first sample: -BUSY durable log staging is full, retry)
ops = 105444789
errors = 492686
busy_retryable = 492686
elapsed_s = 300.000
ops_per_sec = 351482
p50_us = 203
p99_us = 943
p999_us = 8447
p9999_us = 286719
max_us = 2223057
error_sample = -BUSY durable log staging is full, retry
inf-bench: 492686 error replies under load (492686 BUSY-retryable; first sample: -BUSY durable log staging is full, retry)
ops = 108662433
errors = 579741
busy_retryable = 579741
elapsed_s = 300.767
ops_per_sec = 361284
p50_us = 183
p99_us = 863
p999_us = 8191
p9999_us = 327679
max_us = 1935285
error_sample = -BUSY durable log staging is full, retry
inf-bench: 579741 error replies under load (579741 BUSY-retryable; first sample: -BUSY durable log staging is full, retry)
ops = 103734951
errors = 503684
busy_retryable = 503684
elapsed_s = 300.000
ops_per_sec = 345783
p50_us = 195
p99_us = 895
p999_us = 8447
p9999_us = 327679
max_us = 2818025
error_sample = -BUSY durable log staging is full, retry
inf-bench: 503684 error replies under load (503684 BUSY-retryable; first sample: -BUSY durable log staging is full, retry)
ops = 102257233
errors = 524845
busy_retryable = 524845
elapsed_s = 300.000
ops_per_sec = 340857
p50_us = 195
p99_us = 863
p999_us = 8447
p9999_us = 368639
max_us = 2238763
error_sample = -BUSY durable log staging is full, retry
inf-bench: 524845 error replies under load (524845 BUSY-retryable; first sample: -BUSY durable log staging is full, retry)
ops = 114601593
errors = 572225
busy_retryable = 572225
elapsed_s = 300.129
ops_per_sec = 381841
p50_us = 183
p99_us = 895
p999_us = 7935
p9999_us = 270335
max_us = 1639763
error_sample = -BUSY durable log staging is full, retry
inf-bench: 572225 error replies under load (572225 BUSY-retryable; first sample: -BUSY durable log staging is full, retry)
ops = 109004214
errors = 556502
busy_retryable = 556502
elapsed_s = 300.000
ops_per_sec = 363347
p50_us = 187
p99_us = 879
p999_us = 8191
p9999_us = 311295
max_us = 2270835
error_sample = -BUSY durable log staging is full, retry
inf-bench: 556502 error replies under load (556502 BUSY-retryable; first sample: -BUSY durable log staging is full, retry)
ops = 107379308
errors = 507438
busy_retryable = 507438
elapsed_s = 300.000
ops_per_sec = 357931
p50_us = 183
p99_us = 895
p999_us = 8191
p9999_us = 319487
max_us = 2037438
error_sample = -BUSY durable log staging is full, retry
inf-bench: 507438 error replies under load (507438 BUSY-retryable; first sample: -BUSY durable log staging is full, retry)
ops = 103951510
errors = 528434
busy_retryable = 528434
elapsed_s = 300.252
ops_per_sec = 346215
p50_us = 183
p99_us = 879
p999_us = 8063
p9999_us = 368639
max_us = 1907530
error_sample = -BUSY durable log staging is full, retry
inf-bench: 528434 error replies under load (528434 BUSY-retryable; first sample: -BUSY durable log staging is full, retry)
ops = 103274954
errors = 485351
busy_retryable = 485351
elapsed_s = 300.098
ops_per_sec = 344138
p50_us = 179
p99_us = 879
p999_us = 8703
p9999_us = 360447
max_us = 2325781
error_sample = -BUSY durable log staging is full, retry
inf-bench: 485351 error replies under load (485351 BUSY-retryable; first sample: -BUSY durable log staging is full, retry)
ops = 115390070
errors = 558784
busy_retryable = 558784
elapsed_s = 300.001
ops_per_sec = 384633
p50_us = 195
p99_us = 911
p999_us = 7679
p9999_us = 249855
max_us = 1842456
error_sample = -BUSY durable log staging is full, retry
inf-bench: 558784 error replies under load (558784 BUSY-retryable; first sample: -BUSY durable log staging is full, retry)
ops = 113655381
errors = 546124
busy_retryable = 546124
elapsed_s = 300.000
ops_per_sec = 378851
p50_us = 179
p99_us = 863
p999_us = 8447
p9999_us = 253951
max_us = 2160335
error_sample = -BUSY durable log staging is full, retry
inf-bench: 546124 error replies under load (546124 BUSY-retryable; first sample: -BUSY durable log staging is full, retry)
ops = 104301407
errors = 537375
busy_retryable = 537375
elapsed_s = 300.001
ops_per_sec = 347670
p50_us = 187
p99_us = 863
p999_us = 8703
p9999_us = 344063
max_us = 2179412
error_sample = -BUSY durable log staging is full, retry
inf-bench: 537375 error replies under load (537375 BUSY-retryable; first sample: -BUSY durable log staging is full, retry)
ops = 110648377
errors = 523284
busy_retryable = 523284
elapsed_s = 300.006
ops_per_sec = 368820
p50_us = 187
p99_us = 927
p999_us = 8447
p9999_us = 278527
max_us = 2360297
error_sample = -BUSY durable log staging is full, retry
inf-bench: 523284 error replies under load (523284 BUSY-retryable; first sample: -BUSY durable log staging is full, retry)
ops = 110790663
errors = 538686
busy_retryable = 538686
elapsed_s = 300.000
ops_per_sec = 369302
p50_us = 187
p99_us = 927
p999_us = 7935
p9999_us = 286719
max_us = 2216310
error_sample = -BUSY durable log staging is full, retry
inf-bench: 538686 error replies under load (538686 BUSY-retryable; first sample: -BUSY durable log staging is full, retry)
ops = 110455937
errors = 496468
busy_retryable = 496468
elapsed_s = 300.000
ops_per_sec = 368186
p50_us = 179
p99_us = 863
p999_us = 7679
p9999_us = 303103
max_us = 2214837
error_sample = -BUSY durable log staging is full, retry
inf-bench: 496468 error replies under load (496468 BUSY-retryable; first sample: -BUSY durable log staging is full, retry)
ops = 102342712
errors = 520182
busy_retryable = 520182
elapsed_s = 300.000
ops_per_sec = 341142
p50_us = 187
p99_us = 879
p999_us = 8447
p9999_us = 368639
max_us = 2089465
error_sample = -BUSY durable log staging is full, retry
inf-bench: 520182 error replies under load (520182 BUSY-retryable; first sample: -BUSY durable log staging is full, retry)
ops = 110888666
errors = 619094
busy_retryable = 619094
elapsed_s = 300.001
ops_per_sec = 369628
p50_us = 179
p99_us = 895
p999_us = 8447
p9999_us = 311295
max_us = 2580033
error_sample = -BUSY durable log staging is full, retry
inf-bench: 619094 error replies under load (619094 BUSY-retryable; first sample: -BUSY durable log staging is full, retry)
ops = 104304997
errors = 561549
busy_retryable = 561549
elapsed_s = 300.000
ops_per_sec = 347683
p50_us = 211
p99_us = 991
p999_us = 8959
p9999_us = 253951
max_us = 1820244
error_sample = -BUSY durable log staging is full, retry
inf-bench: 561549 error replies under load (561549 BUSY-retryable; first sample: -BUSY durable log staging is full, retry)
ops = 108445925
errors = 557284
busy_retryable = 557284
elapsed_s = 300.000
ops_per_sec = 361486
p50_us = 191
p99_us = 943
p999_us = 8703
p9999_us = 286719
max_us = 1773907
error_sample = -BUSY durable log staging is full, retry
inf-bench: 557284 error replies under load (557284 BUSY-retryable; first sample: -BUSY durable log staging is full, retry)
ops = 109191499
errors = 394302
busy_retryable = 394302
elapsed_s = 300.001
ops_per_sec = 363971
p50_us = 203
p99_us = 959
p999_us = 8447
p9999_us = 262143
max_us = 2414565
error_sample = -BUSY durable log staging is full, retry
inf-bench: 394302 error replies under load (394302 BUSY-retryable; first sample: -BUSY durable log staging is full, retry)
ops = 107532253
errors = 603959
busy_retryable = 603959
elapsed_s = 300.005
ops_per_sec = 358434
p50_us = 187
p99_us = 863
p999_us = 8447
p9999_us = 319487
max_us = 2299874
error_sample = -BUSY durable log staging is full, retry
inf-bench: 603959 error replies under load (603959 BUSY-retryable; first sample: -BUSY durable log staging is full, retry)
ops = 103476291
errors = 518664
busy_retryable = 518664
elapsed_s = 300.000
ops_per_sec = 344920
p50_us = 183
p99_us = 895
p999_us = 8063
p9999_us = 352255
max_us = 2003654
error_sample = -BUSY durable log staging is full, retry
inf-bench: 518664 error replies under load (518664 BUSY-retryable; first sample: -BUSY durable log staging is full, retry)
ops = 106572676
errors = 535756
busy_retryable = 535756
elapsed_s = 300.279
ops_per_sec = 354912
p50_us = 191
p99_us = 895
p999_us = 8063
p9999_us = 311295
max_us = 2208101
error_sample = -BUSY durable log staging is full, retry
inf-bench: 535756 error replies under load (535756 BUSY-retryable; first sample: -BUSY durable log staging is full, retry)
ops = 105569732
errors = 580372
busy_retryable = 580372
elapsed_s = 300.000
ops_per_sec = 351899
p50_us = 199
p99_us = 943
p999_us = 8703
p9999_us = 311295
max_us = 1993955
error_sample = -BUSY durable log staging is full, retry
inf-bench: 580372 error replies under load (580372 BUSY-retryable; first sample: -BUSY durable log staging is full, retry)
ops = 111111434
errors = 668295
busy_retryable = 668295
elapsed_s = 300.000
ops_per_sec = 370371
p50_us = 187
p99_us = 895
p999_us = 8447
p9999_us = 270335
max_us = 1993380
error_sample = -BUSY durable log staging is full, retry
inf-bench: 668295 error replies under load (668295 BUSY-retryable; first sample: -BUSY durable log staging is full, retry)
ops = 101635548
errors = 537447
busy_retryable = 537447
elapsed_s = 300.020
ops_per_sec = 338763
p50_us = 183
p99_us = 863
p999_us = 8063
p9999_us = 368639
max_us = 2263346
error_sample = -BUSY durable log staging is full, retry
inf-bench: 537447 error replies under load (537447 BUSY-retryable; first sample: -BUSY durable log staging is full, retry)
ops = 108118564
errors = 551355
busy_retryable = 551355
elapsed_s = 301.075
ops_per_sec = 359108
p50_us = 175
p99_us = 847
p999_us = 7935
p9999_us = 352255
max_us = 2583253
error_sample = -BUSY durable log staging is full, retry
inf-bench: 551355 error replies under load (551355 BUSY-retryable; first sample: -BUSY durable log staging is full, retry)
ops = 105623043
errors = 473228
busy_retryable = 473228
elapsed_s = 300.001
ops_per_sec = 352076
p50_us = 199
p99_us = 959
p999_us = 8703
p9999_us = 294911
max_us = 1988795
error_sample = -BUSY durable log staging is full, retry
inf-bench: 473228 error replies under load (473228 BUSY-retryable; first sample: -BUSY durable log staging is full, retry)
ops = 104933331
errors = 465475
busy_retryable = 465475
elapsed_s = 300.000
ops_per_sec = 349777
p50_us = 183
p99_us = 879
p999_us = 8703
p9999_us = 344063
max_us = 2234155
error_sample = -BUSY durable log staging is full, retry
inf-bench: 465475 error replies under load (465475 BUSY-retryable; first sample: -BUSY durable log staging is full, retry)
ops = 108450877
errors = 537774
busy_retryable = 537774
elapsed_s = 300.000
ops_per_sec = 361502
p50_us = 195
p99_us = 895
p999_us = 8063
p9999_us = 303103
max_us = 1765266
error_sample = -BUSY durable log staging is full, retry
inf-bench: 537774 error replies under load (537774 BUSY-retryable; first sample: -BUSY durable log staging is full, retry)
ops = 109815924
errors = 742385
busy_retryable = 742385
elapsed_s = 300.000
ops_per_sec = 366053
p50_us = 183
p99_us = 895
p999_us = 8063
p9999_us = 303103
max_us = 1809791
error_sample = -BUSY durable log staging is full, retry
inf-bench: 742385 error replies under load (742385 BUSY-retryable; first sample: -BUSY durable log staging is full, retry)
ops = 101215285
errors = 583150
busy_retryable = 583150
elapsed_s = 300.194
ops_per_sec = 337166
p50_us = 179
p99_us = 863
p999_us = 8191
p9999_us = 401407
max_us = 2095520
error_sample = -BUSY durable log staging is full, retry
inf-bench: 583150 error replies under load (583150 BUSY-retryable; first sample: -BUSY durable log staging is full, retry)
ops = 105367951
errors = 525812
busy_retryable = 525812
elapsed_s = 300.070
ops_per_sec = 351145
p50_us = 191
p99_us = 911
p999_us = 8703
p9999_us = 286719
max_us = 2047765
error_sample = -BUSY durable log staging is full, retry
inf-bench: 525812 error replies under load (525812 BUSY-retryable; first sample: -BUSY durable log staging is full, retry)
ops = 112089271
errors = 520008
busy_retryable = 520008
elapsed_s = 300.000
ops_per_sec = 373630
p50_us = 187
p99_us = 927
p999_us = 8447
p9999_us = 270335
max_us = 1688380
error_sample = -BUSY durable log staging is full, retry
inf-bench: 520008 error replies under load (520008 BUSY-retryable; first sample: -BUSY durable log staging is full, retry)
ops = 107894973
errors = 487919
busy_retryable = 487919
elapsed_s = 300.000
ops_per_sec = 359649
p50_us = 195
p99_us = 895
p999_us = 8447
p9999_us = 319487
max_us = 1915359
error_sample = -BUSY durable log staging is full, retry
inf-bench: 487919 error replies under load (487919 BUSY-retryable; first sample: -BUSY durable log staging is full, retry)
ops = 101432101
errors = 449758
busy_retryable = 449758
elapsed_s = 300.001
ops_per_sec = 338106
p50_us = 211
p99_us = 959
p999_us = 8703
p9999_us = 319487
max_us = 2224584
error_sample = -BUSY durable log staging is full, retry
inf-bench: 449758 error replies under load (449758 BUSY-retryable; first sample: -BUSY durable log staging is full, retry)
ops = 110903778
errors = 553332
busy_retryable = 553332
elapsed_s = 300.001
ops_per_sec = 369678
p50_us = 191
p99_us = 895
p999_us = 8447
p9999_us = 286719
max_us = 1730894
error_sample = -BUSY durable log staging is full, retry
inf-bench: 553332 error replies under load (553332 BUSY-retryable; first sample: -BUSY durable log staging is full, retry)
ops = 104937680
errors = 579048
busy_retryable = 579048
elapsed_s = 300.366
ops_per_sec = 349366
p50_us = 183
p99_us = 895
p999_us = 8703
p9999_us = 344063
max_us = 2032057
error_sample = -BUSY durable log staging is full, retry
inf-bench: 579048 error replies under load (579048 BUSY-retryable; first sample: -BUSY durable log staging is full, retry)
ops = 105811388
errors = 533443
busy_retryable = 533443
elapsed_s = 300.075
ops_per_sec = 352616
p50_us = 175
p99_us = 879
p999_us = 8447
p9999_us = 360447
max_us = 2167921
error_sample = -BUSY durable log staging is full, retry
inf-bench: 533443 error replies under load (533443 BUSY-retryable; first sample: -BUSY durable log staging is full, retry)
ops = 110003821
errors = 575353
busy_retryable = 575353
elapsed_s = 300.007
ops_per_sec = 366671
p50_us = 191
p99_us = 911
p999_us = 8447
p9999_us = 286719
max_us = 2325541
error_sample = -BUSY durable log staging is full, retry
inf-bench: 575353 error replies under load (575353 BUSY-retryable; first sample: -BUSY durable log staging is full, retry)
ops = 111099649
errors = 579312
busy_retryable = 579312
elapsed_s = 300.000
ops_per_sec = 370332
p50_us = 183
p99_us = 831
p999_us = 7935
p9999_us = 303103
max_us = 2465889
error_sample = -BUSY durable log staging is full, retry
inf-bench: 579312 error replies under load (579312 BUSY-retryable; first sample: -BUSY durable log staging is full, retry)
ops = 112545579
errors = 471813
busy_retryable = 471813
elapsed_s = 300.196
ops_per_sec = 374907
p50_us = 179
p99_us = 831
p999_us = 7679
p9999_us = 278527
max_us = 2643483
error_sample = -BUSY durable log staging is full, retry
inf-bench: 471813 error replies under load (471813 BUSY-retryable; first sample: -BUSY durable log staging is full, retry)
ops = 108586745
errors = 639418
busy_retryable = 639418
elapsed_s = 300.000
ops_per_sec = 361955
p50_us = 175
p99_us = 799
p999_us = 7935
p9999_us = 352255
max_us = 2052103
error_sample = -BUSY durable log staging is full, retry
inf-bench: 639418 error replies under load (639418 BUSY-retryable; first sample: -BUSY durable log staging is full, retry)
ops = 111921420
errors = 559160
busy_retryable = 559160
elapsed_s = 300.122
ops_per_sec = 372920
p50_us = 167
p99_us = 767
p999_us = 7423
p9999_us = 360447
max_us = 2009450
error_sample = -BUSY durable log staging is full, retry
inf-bench: 559160 error replies under load (559160 BUSY-retryable; first sample: -BUSY durable log staging is full, retry)
ops = 112882030
errors = 533073
busy_retryable = 533073
elapsed_s = 300.212
ops_per_sec = 376008
p50_us = 171
p99_us = 799
p999_us = 7807
p9999_us = 327679
max_us = 1990991
error_sample = -BUSY durable log staging is full, retry
inf-bench: 533073 error replies under load (533073 BUSY-retryable; first sample: -BUSY durable log staging is full, retry)
ops = 109347447
errors = 700120
busy_retryable = 700120
elapsed_s = 300.364
ops_per_sec = 364049
p50_us = 179
p99_us = 815
p999_us = 7935
p9999_us = 352255
max_us = 2092837
error_sample = -BUSY durable log staging is full, retry
inf-bench: 700120 error replies under load (700120 BUSY-retryable; first sample: -BUSY durable log staging is full, retry)
ops = 113389175
errors = 652647
busy_retryable = 652647
elapsed_s = 300.001
ops_per_sec = 377963
p50_us = 179
p99_us = 831
p999_us = 7551
p9999_us = 311295
max_us = 2142968
error_sample = -BUSY durable log staging is full, retry
inf-bench: 652647 error replies under load (652647 BUSY-retryable; first sample: -BUSY durable log staging is full, retry)
ops = 110185682
errors = 550778
busy_retryable = 550778
elapsed_s = 300.000
ops_per_sec = 367285
p50_us = 179
p99_us = 799
p999_us = 7295
p9999_us = 344063
max_us = 2269874
error_sample = -BUSY durable log staging is full, retry
inf-bench: 550778 error replies under load (550778 BUSY-retryable; first sample: -BUSY durable log staging is full, retry)
ops = 105980472
errors = 572877
busy_retryable = 572877
elapsed_s = 300.001
ops_per_sec = 353267
p50_us = 211
p99_us = 879
p999_us = 8191
p9999_us = 319487
max_us = 1857372
error_sample = -BUSY durable log staging is full, retry
inf-bench: 572877 error replies under load (572877 BUSY-retryable; first sample: -BUSY durable log staging is full, retry)
ops = 107062051
errors = 548537
busy_retryable = 548537
elapsed_s = 300.000
ops_per_sec = 356873
p50_us = 175
p99_us = 783
p999_us = 7935
p9999_us = 352255
max_us = 2030692
error_sample = -BUSY durable log staging is full, retry
inf-bench: 548537 error replies under load (548537 BUSY-retryable; first sample: -BUSY durable log staging is full, retry)
ops = 108436862
errors = 581760
busy_retryable = 581760
elapsed_s = 300.784
ops_per_sec = 360514
p50_us = 183
p99_us = 815
p999_us = 7935
p9999_us = 319487
max_us = 2164099
error_sample = -BUSY durable log staging is full, retry
inf-bench: 581760 error replies under load (581760 BUSY-retryable; first sample: -BUSY durable log staging is full, retry)
ops = 107323071
errors = 636512
busy_retryable = 636512
elapsed_s = 300.000
ops_per_sec = 357743
p50_us = 175
p99_us = 799
p999_us = 7935
p9999_us = 352255
max_us = 2387302
error_sample = -BUSY durable log staging is full, retry
inf-bench: 636512 error replies under load (636512 BUSY-retryable; first sample: -BUSY durable log staging is full, retry)
ops = 109965328
errors = 611696
busy_retryable = 611696
elapsed_s = 300.001
ops_per_sec = 366550
p50_us = 183
p99_us = 831
p999_us = 7807
p9999_us = 319487
max_us = 1874241
error_sample = -BUSY durable log staging is full, retry
inf-bench: 611696 error replies under load (611696 BUSY-retryable; first sample: -BUSY durable log staging is full, retry)
ops = 114219763
errors = 743971
busy_retryable = 743971
elapsed_s = 300.798
ops_per_sec = 379722
p50_us = 187
p99_us = 831
p999_us = 7807
p9999_us = 311295
max_us = 2044129
error_sample = -BUSY durable log staging is full, retry
inf-bench: 743971 error replies under load (743971 BUSY-retryable; first sample: -BUSY durable log staging is full, retry)
ops = 107481205
errors = 546730
busy_retryable = 546730
elapsed_s = 300.263
ops_per_sec = 357957
p50_us = 179
p99_us = 799
p999_us = 7679
p9999_us = 352255
max_us = 2268711
error_sample = -BUSY durable log staging is full, retry
inf-bench: 546730 error replies under load (546730 BUSY-retryable; first sample: -BUSY durable log staging is full, retry)
ops = 103369586
errors = 478510
busy_retryable = 478510
elapsed_s = 300.000
ops_per_sec = 344565
p50_us = 203
p99_us = 863
p999_us = 7935
p9999_us = 311295
max_us = 1970623
error_sample = -BUSY durable log staging is full, retry
inf-bench: 478510 error replies under load (478510 BUSY-retryable; first sample: -BUSY durable log staging is full, retry)
ops = 109187900
errors = 576335
busy_retryable = 576335
elapsed_s = 300.000
ops_per_sec = 363959
p50_us = 179
p99_us = 799
p999_us = 7423
p9999_us = 360447
max_us = 2097367
error_sample = -BUSY durable log staging is full, retry
inf-bench: 576335 error replies under load (576335 BUSY-retryable; first sample: -BUSY durable log staging is full, retry)
ops = 111692141
errors = 661724
busy_retryable = 661724
elapsed_s = 300.000
ops_per_sec = 372307
p50_us = 175
p99_us = 847
p999_us = 7935
p9999_us = 294911
max_us = 2167173
error_sample = -BUSY durable log staging is full, retry
inf-bench: 661724 error replies under load (661724 BUSY-retryable; first sample: -BUSY durable log staging is full, retry)
ops = 107497904
errors = 614370
busy_retryable = 614370
elapsed_s = 300.000
ops_per_sec = 358326
p50_us = 187
p99_us = 847
p999_us = 8063
p9999_us = 311295
max_us = 2292238
error_sample = -BUSY durable log staging is full, retry
inf-bench: 614370 error replies under load (614370 BUSY-retryable; first sample: -BUSY durable log staging is full, retry)
ops = 117590597
errors = 520836
busy_retryable = 520836
elapsed_s = 300.073
ops_per_sec = 391873
p50_us = 187
p99_us = 863
p999_us = 7807
p9999_us = 233471
max_us = 1974158
error_sample = -BUSY durable log staging is full, retry
inf-bench: 520836 error replies under load (520836 BUSY-retryable; first sample: -BUSY durable log staging is full, retry)
ops = 113078355
errors = 516952
busy_retryable = 516952
elapsed_s = 300.000
ops_per_sec = 376927
p50_us = 191
p99_us = 831
p999_us = 7551
p9999_us = 294911
max_us = 2297694
error_sample = -BUSY durable log staging is full, retry
inf-bench: 516952 error replies under load (516952 BUSY-retryable; first sample: -BUSY durable log staging is full, retry)
ops = 108963345
errors = 567946
busy_retryable = 567946
elapsed_s = 300.033
ops_per_sec = 363172
p50_us = 191
p99_us = 863
p999_us = 8063
p9999_us = 286719
max_us = 2027944
error_sample = -BUSY durable log staging is full, retry
inf-bench: 567946 error replies under load (567946 BUSY-retryable; first sample: -BUSY durable log staging is full, retry)
ops = 116360443
errors = 656390
busy_retryable = 656390
elapsed_s = 300.042
ops_per_sec = 387814
p50_us = 183
p99_us = 847
p999_us = 7423
p9999_us = 249855
max_us = 2154065
error_sample = -BUSY durable log staging is full, retry
inf-bench: 656390 error replies under load (656390 BUSY-retryable; first sample: -BUSY durable log staging is full, retry)
ops = 110059851
errors = 687410
busy_retryable = 687410
elapsed_s = 300.000
ops_per_sec = 366866
p50_us = 179
p99_us = 831
p999_us = 7935
p9999_us = 311295
max_us = 1963352
error_sample = -BUSY durable log staging is full, retry
inf-bench: 687410 error replies under load (687410 BUSY-retryable; first sample: -BUSY durable log staging is full, retry)
ops = 107388717
errors = 558059
busy_retryable = 558059
elapsed_s = 300.000
ops_per_sec = 357962
p50_us = 199
p99_us = 863
p999_us = 7679
p9999_us = 294911
max_us = 2044890
error_sample = -BUSY durable log staging is full, retry
inf-bench: 558059 error replies under load (558059 BUSY-retryable; first sample: -BUSY durable log staging is full, retry)
ops = 115850022
errors = 551138
busy_retryable = 551138
elapsed_s = 300.001
ops_per_sec = 386166
p50_us = 187
p99_us = 863
p999_us = 7807
p9999_us = 237567
max_us = 2109905
error_sample = -BUSY durable log staging is full, retry
inf-bench: 551138 error replies under load (551138 BUSY-retryable; first sample: -BUSY durable log staging is full, retry)
ops = 112516978
errors = 584963
busy_retryable = 584963
elapsed_s = 300.000
ops_per_sec = 375056
p50_us = 179
p99_us = 815
p999_us = 7935
p9999_us = 286719
max_us = 2379432
error_sample = -BUSY durable log staging is full, retry
inf-bench: 584963 error replies under load (584963 BUSY-retryable; first sample: -BUSY durable log staging is full, retry)
ops = 102951194
errors = 438771
busy_retryable = 438771
elapsed_s = 300.000
ops_per_sec = 343170
p50_us = 219
p99_us = 927
p999_us = 8063
p9999_us = 258047
max_us = 1877576
error_sample = -BUSY durable log staging is full, retry
inf-bench: 438771 error replies under load (438771 BUSY-retryable; first sample: -BUSY durable log staging is full, retry)
ops = 104924196
errors = 535276
busy_retryable = 535276
elapsed_s = 300.818
ops_per_sec = 348797
p50_us = 183
p99_us = 815
p999_us = 7807
p9999_us = 344063
max_us = 2285315
error_sample = -BUSY durable log staging is full, retry
inf-bench: 535276 error replies under load (535276 BUSY-retryable; first sample: -BUSY durable log staging is full, retry)
ops = 105206521
errors = 455584
busy_retryable = 455584
elapsed_s = 300.001
ops_per_sec = 350688
p50_us = 199
p99_us = 847
p999_us = 7807
p9999_us = 352255
max_us = 1897448
error_sample = -BUSY durable log staging is full, retry
inf-bench: 455584 error replies under load (455584 BUSY-retryable; first sample: -BUSY durable log staging is full, retry)
ops = 113075040
errors = 461813
busy_retryable = 461813
elapsed_s = 300.000
ops_per_sec = 376916
p50_us = 175
p99_us = 815
p999_us = 7423
p9999_us = 319487
max_us = 2212343
error_sample = -BUSY durable log staging is full, retry
inf-bench: 461813 error replies under load (461813 BUSY-retryable; first sample: -BUSY durable log staging is full, retry)
ops = 102397102
errors = 505107
busy_retryable = 505107
elapsed_s = 300.000
ops_per_sec = 341323
p50_us = 179
p99_us = 799
p999_us = 8063
p9999_us = 360447
max_us = 2031016
error_sample = -BUSY durable log staging is full, retry
inf-bench: 505107 error replies under load (505107 BUSY-retryable; first sample: -BUSY durable log staging is full, retry)
ops = 111340471
errors = 598861
busy_retryable = 598861
elapsed_s = 300.134
ops_per_sec = 370969
p50_us = 179
p99_us = 831
p999_us = 8191
p9999_us = 303103
max_us = 2022692
error_sample = -BUSY durable log staging is full, retry
inf-bench: 598861 error replies under load (598861 BUSY-retryable; first sample: -BUSY durable log staging is full, retry)
ops = 114497930
errors = 481633
busy_retryable = 481633
elapsed_s = 300.000
ops_per_sec = 381659
p50_us = 183
p99_us = 831
p999_us = 7935
p9999_us = 294911
max_us = 2378840
error_sample = -BUSY durable log staging is full, retry
inf-bench: 481633 error replies under load (481633 BUSY-retryable; first sample: -BUSY durable log staging is full, retry)
ops = 110658588
errors = 515526
busy_retryable = 515526
elapsed_s = 300.000
ops_per_sec = 368861
p50_us = 187
p99_us = 863
p999_us = 7423
p9999_us = 262143
max_us = 1875784
error_sample = -BUSY durable log staging is full, retry
inf-bench: 515526 error replies under load (515526 BUSY-retryable; first sample: -BUSY durable log staging is full, retry)
ops = 112498623
errors = 516835
busy_retryable = 516835
elapsed_s = 300.389
ops_per_sec = 374510
p50_us = 175
p99_us = 799
p999_us = 7935
p9999_us = 319487
max_us = 2161825
error_sample = -BUSY durable log staging is full, retry
inf-bench: 516835 error replies under load (516835 BUSY-retryable; first sample: -BUSY durable log staging is full, retry)
ops = 108028087
errors = 613310
busy_retryable = 613310
elapsed_s = 300.030
ops_per_sec = 360057
p50_us = 187
p99_us = 831
p999_us = 8063
p9999_us = 327679
max_us = 1950882
error_sample = -BUSY durable log staging is full, retry
inf-bench: 613310 error replies under load (613310 BUSY-retryable; first sample: -BUSY durable log staging is full, retry)
ops = 110875522
errors = 608252
busy_retryable = 608252
elapsed_s = 300.000
ops_per_sec = 369585
p50_us = 175
p99_us = 783
p999_us = 7423
p9999_us = 352255
max_us = 2223187
error_sample = -BUSY durable log staging is full, retry
inf-bench: 608252 error replies under load (608252 BUSY-retryable; first sample: -BUSY durable log staging is full, retry)
ops = 110700192
errors = 491052
busy_retryable = 491052
elapsed_s = 300.000
ops_per_sec = 369000
p50_us = 179
p99_us = 831
p999_us = 7807
p9999_us = 311295
max_us = 1923700
error_sample = -BUSY durable log staging is full, retry
inf-bench: 491052 error replies under load (491052 BUSY-retryable; first sample: -BUSY durable log staging is full, retry)
ops = 113528091
errors = 471843
busy_retryable = 471843
elapsed_s = 300.108
ops_per_sec = 378291
p50_us = 175
p99_us = 815
p999_us = 7295
p9999_us = 319487
max_us = 2371075
error_sample = -BUSY durable log staging is full, retry
inf-bench: 471843 error replies under load (471843 BUSY-retryable; first sample: -BUSY durable log staging is full, retry)
ops = 113081298
errors = 549015
busy_retryable = 549015
elapsed_s = 300.000
ops_per_sec = 376937
p50_us = 179
p99_us = 831
p999_us = 7679
p9999_us = 286719
max_us = 1991164
error_sample = -BUSY durable log staging is full, retry
inf-bench: 549015 error replies under load (549015 BUSY-retryable; first sample: -BUSY durable log staging is full, retry)
ops = 114216455
errors = 530743
busy_retryable = 530743
elapsed_s = 300.000
ops_per_sec = 380721
p50_us = 183
p99_us = 815
p999_us = 7423
p9999_us = 303103
max_us = 1959039
error_sample = -BUSY durable log staging is full, retry
inf-bench: 530743 error replies under load (530743 BUSY-retryable; first sample: -BUSY durable log staging is full, retry)
ops = 107184459
errors = 542828
busy_retryable = 542828
elapsed_s = 300.000
ops_per_sec = 357281
p50_us = 187
p99_us = 831
p999_us = 8447
p9999_us = 327679
max_us = 2293876
error_sample = -BUSY durable log staging is full, retry
inf-bench: 542828 error replies under load (542828 BUSY-retryable; first sample: -BUSY durable log staging is full, retry)
ops = 118180730
errors = 490102
busy_retryable = 490102
elapsed_s = 300.127
ops_per_sec = 393770
p50_us = 179
p99_us = 815
p999_us = 7423
p9999_us = 294911
max_us = 1752322
error_sample = -BUSY durable log staging is full, retry
inf-bench: 490102 error replies under load (490102 BUSY-retryable; first sample: -BUSY durable log staging is full, retry)
ops = 113852803
errors = 645713
busy_retryable = 645713
elapsed_s = 300.007
ops_per_sec = 379501
p50_us = 183
p99_us = 831
p999_us = 7807
p9999_us = 294911
max_us = 1761524
error_sample = -BUSY durable log staging is full, retry
inf-bench: 645713 error replies under load (645713 BUSY-retryable; first sample: -BUSY durable log staging is full, retry)
ops = 110703285
errors = 566503
busy_retryable = 566503
elapsed_s = 301.692
ops_per_sec = 366942
p50_us = 191
p99_us = 863
p999_us = 7935
p9999_us = 270335
max_us = 2097667
error_sample = -BUSY durable log staging is full, retry
inf-bench: 566503 error replies under load (566503 BUSY-retryable; first sample: -BUSY durable log staging is full, retry)
ops = 110632877
errors = 418458
busy_retryable = 418458
elapsed_s = 300.002
ops_per_sec = 368774
p50_us = 195
p99_us = 863
p999_us = 7807
p9999_us = 270335
max_us = 2123384
error_sample = -BUSY durable log staging is full, retry
inf-bench: 418458 error replies under load (418458 BUSY-retryable; first sample: -BUSY durable log staging is full, retry)
ops = 113846585
errors = 662573
busy_retryable = 662573
elapsed_s = 300.000
ops_per_sec = 379488
p50_us = 187
p99_us = 847
p999_us = 8191
p9999_us = 270335
max_us = 2016509
error_sample = -BUSY durable log staging is full, retry
inf-bench: 662573 error replies under load (662573 BUSY-retryable; first sample: -BUSY durable log staging is full, retry)
ops = 107413520
errors = 450719
busy_retryable = 450719
elapsed_s = 300.212
ops_per_sec = 357792
p50_us = 175
p99_us = 783
p999_us = 7551
p9999_us = 360447
max_us = 2552494
error_sample = -BUSY durable log staging is full, retry
inf-bench: 450719 error replies under load (450719 BUSY-retryable; first sample: -BUSY durable log staging is full, retry)
ops = 103655992
errors = 490447
busy_retryable = 490447
elapsed_s = 300.001
ops_per_sec = 345519
p50_us = 191
p99_us = 815
p999_us = 7423
p9999_us = 376831
max_us = 2032297
error_sample = -BUSY durable log staging is full, retry
inf-bench: 490447 error replies under load (490447 BUSY-retryable; first sample: -BUSY durable log staging is full, retry)
ops = 113346536
errors = 534614
busy_retryable = 534614
elapsed_s = 300.001
ops_per_sec = 377821
p50_us = 179
p99_us = 815
p999_us = 8063
p9999_us = 303103
max_us = 1794959
error_sample = -BUSY durable log staging is full, retry
inf-bench: 534614 error replies under load (534614 BUSY-retryable; first sample: -BUSY durable log staging is full, retry)
ops = 108498472
errors = 510275
busy_retryable = 510275
elapsed_s = 300.100
ops_per_sec = 361542
p50_us = 171
p99_us = 767
p999_us = 8447
p9999_us = 360447
max_us = 2681948
error_sample = -BUSY durable log staging is full, retry
inf-bench: 510275 error replies under load (510275 BUSY-retryable; first sample: -BUSY durable log staging is full, retry)
ops = 103670276
errors = 625085
busy_retryable = 625085
elapsed_s = 300.011
ops_per_sec = 345555
p50_us = 175
p99_us = 783
p999_us = 7935
p9999_us = 376831
max_us = 2169565
error_sample = -BUSY durable log staging is full, retry
inf-bench: 625085 error replies under load (625085 BUSY-retryable; first sample: -BUSY durable log staging is full, retry)
ops = 103725897
errors = 459622
busy_retryable = 459622
elapsed_s = 300.185
ops_per_sec = 345540
p50_us = 191
p99_us = 815
p999_us = 7551
p9999_us = 352255
max_us = 1926332
error_sample = -BUSY durable log staging is full, retry
inf-bench: 459622 error replies under load (459622 BUSY-retryable; first sample: -BUSY durable log staging is full, retry)
ops = 107139790
errors = 534422
busy_retryable = 534422
elapsed_s = 300.000
ops_per_sec = 357132
p50_us = 203
p99_us = 895
p999_us = 8191
p9999_us = 270335
max_us = 1874921
error_sample = -BUSY durable log staging is full, retry
inf-bench: 534422 error replies under load (534422 BUSY-retryable; first sample: -BUSY durable log staging is full, retry)
ops = 112190862
errors = 574717
busy_retryable = 574717
elapsed_s = 300.000
ops_per_sec = 373969
p50_us = 187
p99_us = 815
p999_us = 7807
p9999_us = 319487
max_us = 2234879
error_sample = -BUSY durable log staging is full, retry
inf-bench: 574717 error replies under load (574717 BUSY-retryable; first sample: -BUSY durable log staging is full, retry)
ops = 115052651
errors = 622488
busy_retryable = 622488
elapsed_s = 300.000
ops_per_sec = 383508
p50_us = 179
p99_us = 815
p999_us = 7807
p9999_us = 294911
max_us = 1784275
error_sample = -BUSY durable log staging is full, retry
inf-bench: 622488 error replies under load (622488 BUSY-retryable; first sample: -BUSY durable log staging is full, retry)
ops = 106165657
errors = 595162
busy_retryable = 595162
elapsed_s = 300.001
ops_per_sec = 353885
p50_us = 195
p99_us = 815
p999_us = 8191
p9999_us = 335871
max_us = 2356875
error_sample = -BUSY durable log staging is full, retry
inf-bench: 595162 error replies under load (595162 BUSY-retryable; first sample: -BUSY durable log staging is full, retry)
ops = 107288933
errors = 541310
busy_retryable = 541310
elapsed_s = 300.000
ops_per_sec = 357629
p50_us = 187
p99_us = 847
p999_us = 7935
p9999_us = 311295
max_us = 2406260
error_sample = -BUSY durable log staging is full, retry
inf-bench: 541310 error replies under load (541310 BUSY-retryable; first sample: -BUSY durable log staging is full, retry)
ops = 109912139
errors = 555349
busy_retryable = 555349
elapsed_s = 300.001
ops_per_sec = 366372
p50_us = 187
p99_us = 815
p999_us = 7423
p9999_us = 319487
max_us = 2095069
error_sample = -BUSY durable log staging is full, retry
inf-bench: 555349 error replies under load (555349 BUSY-retryable; first sample: -BUSY durable log staging is full, retry)
ops = 107168821
errors = 660915
busy_retryable = 660915
elapsed_s = 300.001
ops_per_sec = 357228
p50_us = 183
p99_us = 831
p999_us = 8447
p9999_us = 335871
max_us = 2422659
error_sample = -BUSY durable log staging is full, retry
inf-bench: 660915 error replies under load (660915 BUSY-retryable; first sample: -BUSY durable log staging is full, retry)
ops = 103399353
errors = 483117
busy_retryable = 483117
elapsed_s = 300.000
ops_per_sec = 344664
p50_us = 199
p99_us = 831
p999_us = 8191
p9999_us = 360447
max_us = 2097801
error_sample = -BUSY durable log staging is full, retry
inf-bench: 483117 error replies under load (483117 BUSY-retryable; first sample: -BUSY durable log staging is full, retry)
ops = 101668186
errors = 509239
busy_retryable = 509239
elapsed_s = 300.001
ops_per_sec = 338893
p50_us = 199
p99_us = 847
p999_us = 8447
p9999_us = 344063
max_us = 1716257
error_sample = -BUSY durable log staging is full, retry
inf-bench: 509239 error replies under load (509239 BUSY-retryable; first sample: -BUSY durable log staging is full, retry)
ops = 114180251
errors = 617068
busy_retryable = 617068
elapsed_s = 301.013
ops_per_sec = 379320
p50_us = 183
p99_us = 815
p999_us = 7935
p9999_us = 303103
max_us = 2103160
error_sample = -BUSY durable log staging is full, retry
inf-bench: 617068 error replies under load (617068 BUSY-retryable; first sample: -BUSY durable log staging is full, retry)
ops = 116270399
errors = 469598
busy_retryable = 469598
elapsed_s = 300.347
ops_per_sec = 387121
p50_us = 183
p99_us = 831
p999_us = 7295
p9999_us = 270335
max_us = 1842631
error_sample = -BUSY durable log staging is full, retry
inf-bench: 469598 error replies under load (469598 BUSY-retryable; first sample: -BUSY durable log staging is full, retry)
ops = 110360750
errors = 603941
busy_retryable = 603941
elapsed_s = 300.146
ops_per_sec = 367691
p50_us = 187
p99_us = 831
p999_us = 7807
p9999_us = 303103
max_us = 1806570
error_sample = -BUSY durable log staging is full, retry
inf-bench: 603941 error replies under load (603941 BUSY-retryable; first sample: -BUSY durable log staging is full, retry)
ops = 109249092
errors = 546951
busy_retryable = 546951
elapsed_s = 300.000
ops_per_sec = 364163
p50_us = 183
p99_us = 831
p999_us = 7807
p9999_us = 319487
max_us = 2078786
error_sample = -BUSY durable log staging is full, retry
inf-bench: 546951 error replies under load (546951 BUSY-retryable; first sample: -BUSY durable log staging is full, retry)
ops = 107436115
errors = 526107
busy_retryable = 526107
elapsed_s = 300.000
ops_per_sec = 358120
p50_us = 187
p99_us = 831
p999_us = 8063
p9999_us = 319487
max_us = 2465442
error_sample = -BUSY durable log staging is full, retry
inf-bench: 526107 error replies under load (526107 BUSY-retryable; first sample: -BUSY durable log staging is full, retry)
ops = 107111748
errors = 531945
busy_retryable = 531945
elapsed_s = 300.000
ops_per_sec = 357039
p50_us = 187
p99_us = 831
p999_us = 7423
p9999_us = 327679
max_us = 1954335
error_sample = -BUSY durable log staging is full, retry
inf-bench: 531945 error replies under load (531945 BUSY-retryable; first sample: -BUSY durable log staging is full, retry)
ops = 117550388
errors = 672886
busy_retryable = 672886
elapsed_s = 300.000
ops_per_sec = 391834
p50_us = 175
p99_us = 799
p999_us = 7551
p9999_us = 270335
max_us = 2252975
error_sample = -BUSY durable log staging is full, retry
inf-bench: 672886 error replies under load (672886 BUSY-retryable; first sample: -BUSY durable log staging is full, retry)
ops = 112873766
errors = 559740
busy_retryable = 559740
elapsed_s = 300.001
ops_per_sec = 376245
p50_us = 187
p99_us = 863
p999_us = 8063
p9999_us = 294911
max_us = 1715658
error_sample = -BUSY durable log staging is full, retry
inf-bench: 559740 error replies under load (559740 BUSY-retryable; first sample: -BUSY durable log staging is full, retry)
ops = 112439330
errors = 558908
busy_retryable = 558908
elapsed_s = 300.048
ops_per_sec = 374738
p50_us = 179
p99_us = 831
p999_us = 8063
p9999_us = 294911
max_us = 1820812
error_sample = -BUSY durable log staging is full, retry
inf-bench: 558908 error replies under load (558908 BUSY-retryable; first sample: -BUSY durable log staging is full, retry)
ops = 108828877
errors = 574589
busy_retryable = 574589
elapsed_s = 300.006
ops_per_sec = 362756
p50_us = 183
p99_us = 799
p999_us = 8447
p9999_us = 311295
max_us = 2239978
error_sample = -BUSY durable log staging is full, retry
inf-bench: 574589 error replies under load (574589 BUSY-retryable; first sample: -BUSY durable log staging is full, retry)
ops = 109746094
errors = 465110
busy_retryable = 465110
elapsed_s = 300.000
ops_per_sec = 365820
p50_us = 175
p99_us = 799
p999_us = 7807
p9999_us = 344063
max_us = 2429719
error_sample = -BUSY durable log staging is full, retry
inf-bench: 465110 error replies under load (465110 BUSY-retryable; first sample: -BUSY durable log staging is full, retry)
ops = 112320697
errors = 535499
busy_retryable = 535499
elapsed_s = 300.000
ops_per_sec = 374402
p50_us = 179
p99_us = 815
p999_us = 7295
p9999_us = 344063
max_us = 2399611
error_sample = -BUSY durable log staging is full, retry
inf-bench: 535499 error replies under load (535499 BUSY-retryable; first sample: -BUSY durable log staging is full, retry)
ops = 112154451
errors = 615046
busy_retryable = 615046
elapsed_s = 300.225
ops_per_sec = 373568
p50_us = 175
p99_us = 799
p999_us = 7679
p9999_us = 319487
max_us = 2370050
error_sample = -BUSY durable log staging is full, retry
inf-bench: 615046 error replies under load (615046 BUSY-retryable; first sample: -BUSY durable log staging is full, retry)
ops = 107648140
errors = 465754
busy_retryable = 465754
elapsed_s = 300.000
ops_per_sec = 358827
p50_us = 191
p99_us = 847
p999_us = 8191
p9999_us = 327679
max_us = 2155686
error_sample = -BUSY durable log staging is full, retry
inf-bench: 465754 error replies under load (465754 BUSY-retryable; first sample: -BUSY durable log staging is full, retry)
ops = 101106212
errors = 468049
busy_retryable = 468049
elapsed_s = 300.000
ops_per_sec = 337020
p50_us = 203
p99_us = 847
p999_us = 7807
p9999_us = 360447
max_us = 1967529
error_sample = -BUSY durable log staging is full, retry
inf-bench: 468049 error replies under load (468049 BUSY-retryable; first sample: -BUSY durable log staging is full, retry)
ops = 106877600
errors = 475672
busy_retryable = 475672
elapsed_s = 300.000
ops_per_sec = 356258
p50_us = 179
p99_us = 799
p999_us = 8063
p9999_us = 360447
max_us = 1951783
error_sample = -BUSY durable log staging is full, retry
inf-bench: 475672 error replies under load (475672 BUSY-retryable; first sample: -BUSY durable log staging is full, retry)
ops = 107866024
errors = 510249
busy_retryable = 510249
elapsed_s = 300.120
ops_per_sec = 359410
p50_us = 183
p99_us = 831
p999_us = 7935
p9999_us = 319487
max_us = 1929667
error_sample = -BUSY durable log staging is full, retry
inf-bench: 510249 error replies under load (510249 BUSY-retryable; first sample: -BUSY durable log staging is full, retry)
ops = 109277996
errors = 635551
busy_retryable = 635551
elapsed_s = 300.001
ops_per_sec = 364259
p50_us = 183
p99_us = 815
p999_us = 8191
p9999_us = 327679
max_us = 2208767
error_sample = -BUSY durable log staging is full, retry
inf-bench: 635551 error replies under load (635551 BUSY-retryable; first sample: -BUSY durable log staging is full, retry)
ops = 107110425
errors = 622599
busy_retryable = 622599
elapsed_s = 300.000
ops_per_sec = 357034
p50_us = 195
p99_us = 847
p999_us = 8703
p9999_us = 311295
max_us = 2259810
error_sample = -BUSY durable log staging is full, retry
inf-bench: 622599 error replies under load (622599 BUSY-retryable; first sample: -BUSY durable log staging is full, retry)
ops = 107982918
errors = 493992
busy_retryable = 493992
elapsed_s = 300.051
ops_per_sec = 359882
p50_us = 203
p99_us = 879
p999_us = 7551
p9999_us = 294911
max_us = 2205397
error_sample = -BUSY durable log staging is full, retry
inf-bench: 493992 error replies under load (493992 BUSY-retryable; first sample: -BUSY durable log staging is full, retry)
ops = 113921732
errors = 474161
busy_retryable = 474161
elapsed_s = 300.000
ops_per_sec = 379739
p50_us = 187
p99_us = 831
p999_us = 7935
p9999_us = 278527
max_us = 2032085
error_sample = -BUSY durable log staging is full, retry
inf-bench: 474161 error replies under load (474161 BUSY-retryable; first sample: -BUSY durable log staging is full, retry)
ops = 108739636
errors = 524995
busy_retryable = 524995
elapsed_s = 300.000
ops_per_sec = 362465
p50_us = 183
p99_us = 815
p999_us = 7551
p9999_us = 335871
max_us = 2315762
error_sample = -BUSY durable log staging is full, retry
inf-bench: 524995 error replies under load (524995 BUSY-retryable; first sample: -BUSY durable log staging is full, retry)
ops = 106236295
errors = 543157
busy_retryable = 543157
elapsed_s = 300.172
ops_per_sec = 353918
p50_us = 179
p99_us = 799
p999_us = 7935
p9999_us = 360447
max_us = 1914396
error_sample = -BUSY durable log staging is full, retry
inf-bench: 543157 error replies under load (543157 BUSY-retryable; first sample: -BUSY durable log staging is full, retry)
ops = 106553883
errors = 593659
busy_retryable = 593659
elapsed_s = 300.000
ops_per_sec = 355179
p50_us = 183
p99_us = 799
p999_us = 7551
p9999_us = 352255
max_us = 2196047
error_sample = -BUSY durable log staging is full, retry
inf-bench: 593659 error replies under load (593659 BUSY-retryable; first sample: -BUSY durable log staging is full, retry)
ops = 106902391
errors = 489541
busy_retryable = 489541
elapsed_s = 300.000
ops_per_sec = 356341
p50_us = 175
p99_us = 799
p999_us = 8191
p9999_us = 352255
max_us = 2431834
error_sample = -BUSY durable log staging is full, retry
inf-bench: 489541 error replies under load (489541 BUSY-retryable; first sample: -BUSY durable log staging is full, retry)
ops = 115753423
errors = 597341
busy_retryable = 597341
elapsed_s = 300.165
ops_per_sec = 385633
p50_us = 183
p99_us = 847
p999_us = 7807
p9999_us = 245759
max_us = 1981952
error_sample = -BUSY durable log staging is full, retry
inf-bench: 597341 error replies under load (597341 BUSY-retryable; first sample: -BUSY durable log staging is full, retry)
ops = 109763392
errors = 573223
busy_retryable = 573223
elapsed_s = 300.000
ops_per_sec = 365878
p50_us = 179
p99_us = 815
p999_us = 7679
p9999_us = 319487
max_us = 1866958
error_sample = -BUSY durable log staging is full, retry
inf-bench: 573223 error replies under load (573223 BUSY-retryable; first sample: -BUSY durable log staging is full, retry)
ops = 107822215
errors = 540476
busy_retryable = 540476
elapsed_s = 300.103
ops_per_sec = 359285
p50_us = 183
p99_us = 783
p999_us = 7935
p9999_us = 368639
max_us = 3807861
error_sample = -BUSY durable log staging is full, retry
inf-bench: 540476 error replies under load (540476 BUSY-retryable; first sample: -BUSY durable log staging is full, retry)
ops = 107981481
errors = 561396
busy_retryable = 561396
elapsed_s = 300.000
ops_per_sec = 359938
p50_us = 179
p99_us = 799
p999_us = 7551
p9999_us = 352255
max_us = 2181742
error_sample = -BUSY durable log staging is full, retry
inf-bench: 561396 error replies under load (561396 BUSY-retryable; first sample: -BUSY durable log staging is full, retry)
ops = 109703573
errors = 577355
busy_retryable = 577355
elapsed_s = 300.001
ops_per_sec = 365678
p50_us = 175
p99_us = 815
p999_us = 7807
p9999_us = 327679
max_us = 2325644
error_sample = -BUSY durable log staging is full, retry
inf-bench: 577355 error replies under load (577355 BUSY-retryable; first sample: -BUSY durable log staging is full, retry)
ops = 111996381
errors = 603992
busy_retryable = 603992
elapsed_s = 300.000
ops_per_sec = 373321
p50_us = 191
p99_us = 847
p999_us = 7679
p9999_us = 294911
max_us = 1754999
error_sample = -BUSY durable log staging is full, retry
inf-bench: 603992 error replies under load (603992 BUSY-retryable; first sample: -BUSY durable log staging is full, retry)
ops = 106560712
errors = 421205
busy_retryable = 421205
elapsed_s = 300.000
ops_per_sec = 355202
p50_us = 195
p99_us = 831
p999_us = 7807
p9999_us = 319487
max_us = 2219466
error_sample = -BUSY durable log staging is full, retry
inf-bench: 421205 error replies under load (421205 BUSY-retryable; first sample: -BUSY durable log staging is full, retry)
ops = 105577746
errors = 528795
busy_retryable = 528795
elapsed_s = 300.000
ops_per_sec = 351925
p50_us = 195
p99_us = 815
p999_us = 7807
p9999_us = 344063
max_us = 2114155
error_sample = -BUSY durable log staging is full, retry
inf-bench: 528795 error replies under load (528795 BUSY-retryable; first sample: -BUSY durable log staging is full, retry)
ops = 107799239
errors = 489638
busy_retryable = 489638
elapsed_s = 300.001
ops_per_sec = 359330
p50_us = 179
p99_us = 815
p999_us = 7935
p9999_us = 344063
max_us = 2218321
error_sample = -BUSY durable log staging is full, retry
inf-bench: 489638 error replies under load (489638 BUSY-retryable; first sample: -BUSY durable log staging is full, retry)
ops = 103719817
errors = 518117
busy_retryable = 518117
elapsed_s = 300.001
ops_per_sec = 345732
p50_us = 191
p99_us = 847
p999_us = 7807
p9999_us = 327679
max_us = 2429864
error_sample = -BUSY durable log staging is full, retry
inf-bench: 518117 error replies under load (518117 BUSY-retryable; first sample: -BUSY durable log staging is full, retry)
ops = 109610607
errors = 560187
busy_retryable = 560187
elapsed_s = 300.000
ops_per_sec = 365368
p50_us = 179
p99_us = 815
p999_us = 7935
p9999_us = 344063
max_us = 2127201
error_sample = -BUSY durable log staging is full, retry
inf-bench: 560187 error replies under load (560187 BUSY-retryable; first sample: -BUSY durable log staging is full, retry)
ops = 113011571
errors = 577572
busy_retryable = 577572
elapsed_s = 300.119
ops_per_sec = 376556
p50_us = 175
p99_us = 831
p999_us = 7935
p9999_us = 278527
max_us = 2066627
error_sample = -BUSY durable log staging is full, retry
inf-bench: 577572 error replies under load (577572 BUSY-retryable; first sample: -BUSY durable log staging is full, retry)
ops = 108115787
errors = 595757
busy_retryable = 595757
elapsed_s = 300.000
ops_per_sec = 360386
p50_us = 195
p99_us = 863
p999_us = 8191
p9999_us = 303103
max_us = 1695726
error_sample = -BUSY durable log staging is full, retry
inf-bench: 595757 error replies under load (595757 BUSY-retryable; first sample: -BUSY durable log staging is full, retry)
ops = 115627432
errors = 560250
busy_retryable = 560250
elapsed_s = 300.000
ops_per_sec = 385424
p50_us = 183
p99_us = 847
p999_us = 7935
p9999_us = 278527
max_us = 2197697
error_sample = -BUSY durable log staging is full, retry
inf-bench: 560250 error replies under load (560250 BUSY-retryable; first sample: -BUSY durable log staging is full, retry)
ops = 110804471
errors = 687536
busy_retryable = 687536
elapsed_s = 300.026
ops_per_sec = 369316
p50_us = 183
p99_us = 863
p999_us = 8191
p9999_us = 270335
max_us = 2633969
error_sample = -BUSY durable log staging is full, retry
inf-bench: 687536 error replies under load (687536 BUSY-retryable; first sample: -BUSY durable log staging is full, retry)
ops = 109842792
errors = 509301
busy_retryable = 509301
elapsed_s = 300.000
ops_per_sec = 366142
p50_us = 207
p99_us = 895
p999_us = 7679
p9999_us = 270335
max_us = 1877742
error_sample = -BUSY durable log staging is full, retry
inf-bench: 509301 error replies under load (509301 BUSY-retryable; first sample: -BUSY durable log staging is full, retry)
ops = 105658017
errors = 482020
busy_retryable = 482020
elapsed_s = 300.082
ops_per_sec = 352097
p50_us = 203
p99_us = 863
p999_us = 7679
p9999_us = 335871
max_us = 2174294
error_sample = -BUSY durable log staging is full, retry
inf-bench: 482020 error replies under load (482020 BUSY-retryable; first sample: -BUSY durable log staging is full, retry)
ops = 111022121
errors = 532550
busy_retryable = 532550
elapsed_s = 300.043
ops_per_sec = 370021
p50_us = 199
p99_us = 911
p999_us = 8191
p9999_us = 253951
max_us = 2004995
error_sample = -BUSY durable log staging is full, retry
inf-bench: 532550 error replies under load (532550 BUSY-retryable; first sample: -BUSY durable log staging is full, retry)
ops = 111625791
errors = 580363
busy_retryable = 580363
elapsed_s = 300.000
ops_per_sec = 372086
p50_us = 183
p99_us = 831
p999_us = 7551
p9999_us = 319487
max_us = 2240609
error_sample = -BUSY durable log staging is full, retry
inf-bench: 580363 error replies under load (580363 BUSY-retryable; first sample: -BUSY durable log staging is full, retry)
ops = 103492545
errors = 586813
busy_retryable = 586813
elapsed_s = 300.001
ops_per_sec = 344974
p50_us = 179
p99_us = 831
p999_us = 8063
p9999_us = 352255
max_us = 2294376
error_sample = -BUSY durable log staging is full, retry
inf-bench: 586813 error replies under load (586813 BUSY-retryable; first sample: -BUSY durable log staging is full, retry)
ops = 107054520
errors = 415673
busy_retryable = 415673
elapsed_s = 300.000
ops_per_sec = 356848
p50_us = 195
p99_us = 847
p999_us = 8063
p9999_us = 319487
max_us = 2178974
error_sample = -BUSY durable log staging is full, retry
inf-bench: 415673 error replies under load (415673 BUSY-retryable; first sample: -BUSY durable log staging is full, retry)
ops = 105857824
errors = 469492
busy_retryable = 469492
elapsed_s = 300.000
ops_per_sec = 352859
p50_us = 187
p99_us = 847
p999_us = 8191
p9999_us = 335871
max_us = 1990850
error_sample = -BUSY durable log staging is full, retry
inf-bench: 469492 error replies under load (469492 BUSY-retryable; first sample: -BUSY durable log staging is full, retry)
ops = 105926390
errors = 517713
busy_retryable = 517713
elapsed_s = 300.000
ops_per_sec = 353087
p50_us = 179
p99_us = 815
p999_us = 8063
p9999_us = 335871
max_us = 2615301
error_sample = -BUSY durable log staging is full, retry
inf-bench: 517713 error replies under load (517713 BUSY-retryable; first sample: -BUSY durable log staging is full, retry)
ops = 106200124
errors = 509302
busy_retryable = 509302
elapsed_s = 300.000
ops_per_sec = 354000
p50_us = 179
p99_us = 831
p999_us = 7935
p9999_us = 360447
max_us = 1806107
error_sample = -BUSY durable log staging is full, retry
inf-bench: 509302 error replies under load (509302 BUSY-retryable; first sample: -BUSY durable log staging is full, retry)
ops = 107898442
errors = 635045
busy_retryable = 635045
elapsed_s = 300.000
ops_per_sec = 359661
p50_us = 175
p99_us = 831
p999_us = 8063
p9999_us = 335871
max_us = 2636924
error_sample = -BUSY durable log staging is full, retry
inf-bench: 635045 error replies under load (635045 BUSY-retryable; first sample: -BUSY durable log staging is full, retry)
ops = 106127360
errors = 655777
busy_retryable = 655777
elapsed_s = 300.000
ops_per_sec = 353757
p50_us = 187
p99_us = 847
p999_us = 8063
p9999_us = 335871
max_us = 2052404
error_sample = -BUSY durable log staging is full, retry
inf-bench: 655777 error replies under load (655777 BUSY-retryable; first sample: -BUSY durable log staging is full, retry)
ops = 111746562
errors = 493274
busy_retryable = 493274
elapsed_s = 300.520
ops_per_sec = 371844
p50_us = 183
p99_us = 863
p999_us = 7935
p9999_us = 286719
max_us = 1886502
error_sample = -BUSY durable log staging is full, retry
inf-bench: 493274 error replies under load (493274 BUSY-retryable; first sample: -BUSY durable log staging is full, retry)
ops = 103914470
errors = 438078
busy_retryable = 438078
elapsed_s = 300.000
ops_per_sec = 346381
p50_us = 187
p99_us = 815
p999_us = 7807
p9999_us = 360447
max_us = 1997201
error_sample = -BUSY durable log staging is full, retry
inf-bench: 438078 error replies under load (438078 BUSY-retryable; first sample: -BUSY durable log staging is full, retry)
ops = 108327287
errors = 565200
busy_retryable = 565200
elapsed_s = 300.000
ops_per_sec = 361091
p50_us = 191
p99_us = 863
p999_us = 8063
p9999_us = 286719
max_us = 2149409
error_sample = -BUSY durable log staging is full, retry
inf-bench: 565200 error replies under load (565200 BUSY-retryable; first sample: -BUSY durable log staging is full, retry)
ops = 109325747
errors = 645035
busy_retryable = 645035
elapsed_s = 300.048
ops_per_sec = 364361
p50_us = 187
p99_us = 895
p999_us = 8063
p9999_us = 294911
max_us = 1676813
error_sample = -BUSY durable log staging is full, retry
inf-bench: 645035 error replies under load (645035 BUSY-retryable; first sample: -BUSY durable log staging is full, retry)
ops = 109305124
errors = 540733
busy_retryable = 540733
elapsed_s = 300.009
ops_per_sec = 364340
p50_us = 183
p99_us = 831
p999_us = 7679
p9999_us = 352255
max_us = 2308129
error_sample = -BUSY durable log staging is full, retry
inf-bench: 540733 error replies under load (540733 BUSY-retryable; first sample: -BUSY durable log staging is full, retry)
ops = 110019231
errors = 553305
busy_retryable = 553305
elapsed_s = 300.179
ops_per_sec = 366512
p50_us = 175
p99_us = 815
p999_us = 7935
p9999_us = 327679
max_us = 2420235
error_sample = -BUSY durable log staging is full, retry
inf-bench: 553305 error replies under load (553305 BUSY-retryable; first sample: -BUSY durable log staging is full, retry)
ops = 109150534
errors = 655321
busy_retryable = 655321
elapsed_s = 300.455
ops_per_sec = 363284
p50_us = 187
p99_us = 911
p999_us = 8191
p9999_us = 286719
max_us = 2153141
error_sample = -BUSY durable log staging is full, retry
inf-bench: 655321 error replies under load (655321 BUSY-retryable; first sample: -BUSY durable log staging is full, retry)
ops = 105692472
errors = 604506
busy_retryable = 604506
elapsed_s = 300.001
ops_per_sec = 352307
p50_us = 183
p99_us = 831
p999_us = 8063
p9999_us = 352255
max_us = 2214177
error_sample = -BUSY durable log staging is full, retry
inf-bench: 604506 error replies under load (604506 BUSY-retryable; first sample: -BUSY durable log staging is full, retry)
ops = 108793107
errors = 564846
busy_retryable = 564846
elapsed_s = 300.001
ops_per_sec = 362643
p50_us = 191
p99_us = 895
p999_us = 7935
p9999_us = 278527
max_us = 2044829
error_sample = -BUSY durable log staging is full, retry
inf-bench: 564846 error replies under load (564846 BUSY-retryable; first sample: -BUSY durable log staging is full, retry)
ops = 114343506
errors = 557438
busy_retryable = 557438
elapsed_s = 300.007
ops_per_sec = 381136
p50_us = 183
p99_us = 863
p999_us = 7679
p9999_us = 262143
max_us = 2083570
error_sample = -BUSY durable log staging is full, retry
inf-bench: 557438 error replies under load (557438 BUSY-retryable; first sample: -BUSY durable log staging is full, retry)
ops = 106433991
errors = 482644
busy_retryable = 482644
elapsed_s = 300.240
ops_per_sec = 354496
p50_us = 207
p99_us = 911
p999_us = 7807
p9999_us = 294911
max_us = 2220905
error_sample = -BUSY durable log staging is full, retry
inf-bench: 482644 error replies under load (482644 BUSY-retryable; first sample: -BUSY durable log staging is full, retry)
ops = 114929071
errors = 572328
busy_retryable = 572328
elapsed_s = 300.000
ops_per_sec = 383096
p50_us = 187
p99_us = 863
p999_us = 7807
p9999_us = 270335
max_us = 2101774
error_sample = -BUSY durable log staging is full, retry
inf-bench: 572328 error replies under load (572328 BUSY-retryable; first sample: -BUSY durable log staging is full, retry)
ops = 108254472
errors = 546536
busy_retryable = 546536
elapsed_s = 301.335
ops_per_sec = 359249
p50_us = 183
p99_us = 863
p999_us = 7807
p9999_us = 327679
max_us = 2355535
error_sample = -BUSY durable log staging is full, retry
inf-bench: 546536 error replies under load (546536 BUSY-retryable; first sample: -BUSY durable log staging is full, retry)
ops = 103046439
errors = 544905
busy_retryable = 544905
elapsed_s = 300.000
ops_per_sec = 343488
p50_us = 191
p99_us = 863
p999_us = 8959
p9999_us = 327679
max_us = 2122987
error_sample = -BUSY durable log staging is full, retry
inf-bench: 544905 error replies under load (544905 BUSY-retryable; first sample: -BUSY durable log staging is full, retry)
ops = 108669514
errors = 448835
busy_retryable = 448835
elapsed_s = 300.000
ops_per_sec = 362231
p50_us = 179
p99_us = 847
p999_us = 7935
p9999_us = 368639
max_us = 2313811
error_sample = -BUSY durable log staging is full, retry
inf-bench: 448835 error replies under load (448835 BUSY-retryable; first sample: -BUSY durable log staging is full, retry)
ops = 111032107
errors = 522637
busy_retryable = 522637
elapsed_s = 300.111
ops_per_sec = 369970
p50_us = 179
p99_us = 847
p999_us = 8191
p9999_us = 319487
max_us = 2234955
error_sample = -BUSY durable log staging is full, retry
inf-bench: 522637 error replies under load (522637 BUSY-retryable; first sample: -BUSY durable log staging is full, retry)
ops = 105637741
errors = 559084
busy_retryable = 559084
elapsed_s = 300.000
ops_per_sec = 352125
p50_us = 183
p99_us = 863
p999_us = 8063
p9999_us = 344063
max_us = 1888588
error_sample = -BUSY durable log staging is full, retry
inf-bench: 559084 error replies under load (559084 BUSY-retryable; first sample: -BUSY durable log staging is full, retry)
ops = 104759575
errors = 606640
busy_retryable = 606640
elapsed_s = 300.171
ops_per_sec = 349000
p50_us = 195
p99_us = 927
p999_us = 8959
p9999_us = 311295
max_us = 2292892
error_sample = -BUSY durable log staging is full, retry
inf-bench: 606640 error replies under load (606640 BUSY-retryable; first sample: -BUSY durable log staging is full, retry)
ops = 102384467
errors = 454537
busy_retryable = 454537
elapsed_s = 300.000
ops_per_sec = 341281
p50_us = 219
p99_us = 991
p999_us = 8447
p9999_us = 286719
max_us = 1853350
error_sample = -BUSY durable log staging is full, retry
inf-bench: 454537 error replies under load (454537 BUSY-retryable; first sample: -BUSY durable log staging is full, retry)
ops = 104133739
errors = 533892
busy_retryable = 533892
elapsed_s = 300.000
ops_per_sec = 347112
p50_us = 199
p99_us = 895
p999_us = 8703
p9999_us = 344063
max_us = 1866805
error_sample = -BUSY durable log staging is full, retry
inf-bench: 533892 error replies under load (533892 BUSY-retryable; first sample: -BUSY durable log staging is full, retry)
ops = 113442242
errors = 657556
busy_retryable = 657556
elapsed_s = 300.000
ops_per_sec = 378140
p50_us = 183
p99_us = 879
p999_us = 8191
p9999_us = 286719
max_us = 2093686
error_sample = -BUSY durable log staging is full, retry
inf-bench: 657556 error replies under load (657556 BUSY-retryable; first sample: -BUSY durable log staging is full, retry)
ops = 107678193
errors = 503907
busy_retryable = 503907
elapsed_s = 300.092
ops_per_sec = 358817
p50_us = 183
p99_us = 847
p999_us = 7935
p9999_us = 327679
max_us = 2129693
error_sample = -BUSY durable log staging is full, retry
inf-bench: 503907 error replies under load (503907 BUSY-retryable; first sample: -BUSY durable log staging is full, retry)
ops = 111307709
errors = 537173
busy_retryable = 537173
elapsed_s = 300.000
ops_per_sec = 371025
p50_us = 195
p99_us = 879
p999_us = 8447
p9999_us = 270335
max_us = 2049646
error_sample = -BUSY durable log staging is full, retry
inf-bench: 537173 error replies under load (537173 BUSY-retryable; first sample: -BUSY durable log staging is full, retry)
ops = 105615437
errors = 649660
busy_retryable = 649660
elapsed_s = 300.032
ops_per_sec = 352014
p50_us = 179
p99_us = 847
p999_us = 8447
p9999_us = 344063
max_us = 2348743
error_sample = -BUSY durable log staging is full, retry
inf-bench: 649660 error replies under load (649660 BUSY-retryable; first sample: -BUSY durable log staging is full, retry)
ops = 109752378
errors = 503590
busy_retryable = 503590
elapsed_s = 300.000
ops_per_sec = 365841
p50_us = 203
p99_us = 927
p999_us = 8447
p9999_us = 286719
max_us = 1834099
error_sample = -BUSY durable log staging is full, retry
inf-bench: 503590 error replies under load (503590 BUSY-retryable; first sample: -BUSY durable log staging is full, retry)
ops = 108711681
errors = 623216
busy_retryable = 623216
elapsed_s = 300.005
ops_per_sec = 362367
p50_us = 191
p99_us = 863
p999_us = 7935
p9999_us = 335871
max_us = 2260873
error_sample = -BUSY durable log staging is full, retry
inf-bench: 623216 error replies under load (623216 BUSY-retryable; first sample: -BUSY durable log staging is full, retry)
ops = 110270315
errors = 570514
busy_retryable = 570514
elapsed_s = 300.000
ops_per_sec = 367567
p50_us = 183
p99_us = 879
p999_us = 8063
p9999_us = 286719
max_us = 2060251
error_sample = -BUSY durable log staging is full, retry
inf-bench: 570514 error replies under load (570514 BUSY-retryable; first sample: -BUSY durable log staging is full, retry)
