ops = 247273
errors = 0
busy_retryable = 0
elapsed_s = 300.115
ops_per_sec = 824
p50_us = 17919
p99_us = 1572863
p999_us = 3866623
p9999_us = 8126463
max_us = 9259266
ops = 235954
errors = 2
busy_retryable = 2
elapsed_s = 300.020
ops_per_sec = 786
p50_us = 18943
p99_us = 1507327
p999_us = 6684671
p9999_us = 10485759
max_us = 11576268
error_sample = -BUSY durable log staging is full, retry
inf-bench: 2 error replies under load (2 BUSY-retryable; first sample: -BUSY durable log staging is full, retry)
ops = 183143
errors = 6
busy_retryable = 6
elapsed_s = 301.883
ops_per_sec = 607
p50_us = 18431
p99_us = 2686975
p999_us = 11534335
p9999_us = 15990783
max_us = 16750159
error_sample = -BUSY durable log staging is full, retry
inf-bench: 6 error replies under load (6 BUSY-retryable; first sample: -BUSY durable log staging is full, retry)
ops = 180235
errors = 5
busy_retryable = 5
elapsed_s = 304.604
ops_per_sec = 592
p50_us = 19455
p99_us = 2949119
p999_us = 11010047
p9999_us = 14680063
max_us = 16686148
error_sample = -BUSY durable log staging is full, retry
inf-bench: 5 error replies under load (5 BUSY-retryable; first sample: -BUSY durable log staging is full, retry)
ops = 205103
errors = 9
busy_retryable = 9
elapsed_s = 300.886
ops_per_sec = 682
p50_us = 18431
p99_us = 2064383
p999_us = 10485759
p9999_us = 13631487
max_us = 14726098
error_sample = -BUSY durable log staging is full, retry
inf-bench: 9 error replies under load (9 BUSY-retryable; first sample: -BUSY durable log staging is full, retry)
ops = 300238
errors = 0
busy_retryable = 0
elapsed_s = 309.767
ops_per_sec = 969
p50_us = 18431
p99_us = 983039
p999_us = 7602175
p9999_us = 15204351
max_us = 16822838
ops = 272739
errors = 8
busy_retryable = 8
elapsed_s = 300.016
ops_per_sec = 909
p50_us = 17407
p99_us = 1441791
p999_us = 7602175
p9999_us = 14680063
max_us = 15589743
error_sample = -BUSY durable log staging is full, retry
inf-bench: 8 error replies under load (8 BUSY-retryable; first sample: -BUSY durable log staging is full, retry)
ops = 237224
errors = 2
busy_retryable = 2
elapsed_s = 304.414
ops_per_sec = 779
p50_us = 17919
p99_us = 1769471
p999_us = 9699327
p9999_us = 13893631
max_us = 14957294
error_sample = -BUSY durable log staging is full, retry
inf-bench: 2 error replies under load (2 BUSY-retryable; first sample: -BUSY durable log staging is full, retry)
ops = 304871
errors = 1
busy_retryable = 1
elapsed_s = 313.295
ops_per_sec = 973
p50_us = 17407
p99_us = 950271
p999_us = 7602175
p9999_us = 13893631
max_us = 15622567
error_sample = -BUSY durable log staging is full, retry
inf-bench: 1 error replies under load (1 BUSY-retryable; first sample: -BUSY durable log staging is full, retry)
ops = 308347
errors = 2
busy_retryable = 2
elapsed_s = 300.016
ops_per_sec = 1028
p50_us = 17407
p99_us = 1114111
p999_us = 6815743
p9999_us = 13107199
max_us = 14533761
error_sample = -BUSY durable log staging is full, retry
inf-bench: 2 error replies under load (2 BUSY-retryable; first sample: -BUSY durable log staging is full, retry)
ops = 317652
errors = 6
busy_retryable = 6
elapsed_s = 300.256
ops_per_sec = 1058
p50_us = 14335
p99_us = 901119
p999_us = 8126463
p9999_us = 13893631
max_us = 15093004
error_sample = -BUSY durable log staging is full, retry
inf-bench: 6 error replies under load (6 BUSY-retryable; first sample: -BUSY durable log staging is full, retry)
ops = 255654
errors = 6
busy_retryable = 6
elapsed_s = 300.030
ops_per_sec = 852
p50_us = 17919
p99_us = 1802239
p999_us = 7208959
p9999_us = 13893631
max_us = 15345611
error_sample = -BUSY durable log staging is full, retry
inf-bench: 6 error replies under load (6 BUSY-retryable; first sample: -BUSY durable log staging is full, retry)
ops = 260265
errors = 10
busy_retryable = 10
elapsed_s = 303.921
ops_per_sec = 856
p50_us = 17919
p99_us = 1572863
p999_us = 6815743
p9999_us = 11796479
max_us = 13280248
error_sample = -BUSY durable log staging is full, retry
inf-bench: 10 error replies under load (10 BUSY-retryable; first sample: -BUSY durable log staging is full, retry)
ops = 236564
errors = 5
busy_retryable = 5
elapsed_s = 304.064
ops_per_sec = 778
p50_us = 18943
p99_us = 2031615
p999_us = 7733247
p9999_us = 14155775
max_us = 15651389
error_sample = -BUSY durable log staging is full, retry
inf-bench: 5 error replies under load (5 BUSY-retryable; first sample: -BUSY durable log staging is full, retry)
ops = 286160
errors = 7
busy_retryable = 7
elapsed_s = 306.623
ops_per_sec = 933
p50_us = 17407
p99_us = 1179647
p999_us = 10223615
p9999_us = 14942207
max_us = 15334837
error_sample = -BUSY durable log staging is full, retry
inf-bench: 7 error replies under load (7 BUSY-retryable; first sample: -BUSY durable log staging is full, retry)
ops = 269015
errors = 0
busy_retryable = 0
elapsed_s = 300.272
ops_per_sec = 896
p50_us = 17407
p99_us = 1409023
p999_us = 6946815
p9999_us = 13369343
max_us = 15515149
ops = 289659
errors = 1
busy_retryable = 1
elapsed_s = 305.361
ops_per_sec = 949
p50_us = 17407
p99_us = 1114111
p999_us = 7340031
p9999_us = 15204351
max_us = 16970716
error_sample = -BUSY durable log staging is full, retry
inf-bench: 1 error replies under load (1 BUSY-retryable; first sample: -BUSY durable log staging is full, retry)
ops = 261500
errors = 6
busy_retryable = 6
elapsed_s = 301.687
ops_per_sec = 867
p50_us = 17407
p99_us = 1441791
p999_us = 9175039
p9999_us = 13107199
max_us = 15041393
error_sample = -BUSY durable log staging is full, retry
inf-bench: 6 error replies under load (6 BUSY-retryable; first sample: -BUSY durable log staging is full, retry)
ops = 161037
errors = 2
busy_retryable = 2
elapsed_s = 301.187
ops_per_sec = 535
p50_us = 20479
p99_us = 2883583
p999_us = 9175039
p9999_us = 14587133
max_us = 14587133
error_sample = -BUSY durable log staging is full, retry
inf-bench: 2 error replies under load (2 BUSY-retryable; first sample: -BUSY durable log staging is full, retry)
ops = 179139
errors = 10
busy_retryable = 10
elapsed_s = 305.117
ops_per_sec = 587
p50_us = 18431
p99_us = 2818047
p999_us = 9699327
p9999_us = 12058623
max_us = 13412593
error_sample = -BUSY durable log staging is full, retry
inf-bench: 10 error replies under load (10 BUSY-retryable; first sample: -BUSY durable log staging is full, retry)
ops = 170851
errors = 5
busy_retryable = 5
elapsed_s = 312.785
ops_per_sec = 546
p50_us = 16895
p99_us = 3342335
p999_us = 12320767
p9999_us = 15990783
max_us = 16631815
error_sample = -BUSY durable log staging is full, retry
inf-bench: 5 error replies under load (5 BUSY-retryable; first sample: -BUSY durable log staging is full, retry)
ops = 202381
errors = 5
busy_retryable = 5
elapsed_s = 300.014
ops_per_sec = 675
p50_us = 16895
p99_us = 2555903
p999_us = 9699327
p9999_us = 13893631
max_us = 15664807
error_sample = -BUSY durable log staging is full, retry
inf-bench: 5 error replies under load (5 BUSY-retryable; first sample: -BUSY durable log staging is full, retry)
ops = 137136
errors = 17
busy_retryable = 17
elapsed_s = 303.243
ops_per_sec = 452
p50_us = 18943
p99_us = 3473407
p999_us = 10747903
p9999_us = 13369343
max_us = 14778901
error_sample = -BUSY durable log staging is full, retry
inf-bench: 17 error replies under load (17 BUSY-retryable; first sample: -BUSY durable log staging is full, retry)
ops = 156074
errors = 3
busy_retryable = 3
elapsed_s = 303.674
ops_per_sec = 514
p50_us = 18943
p99_us = 3080191
p999_us = 9961471
p9999_us = 13369343
max_us = 14433428
error_sample = -BUSY durable log staging is full, retry
inf-bench: 3 error replies under load (3 BUSY-retryable; first sample: -BUSY durable log staging is full, retry)
ops = 195283
errors = 10
busy_retryable = 10
elapsed_s = 302.674
ops_per_sec = 645
p50_us = 17919
p99_us = 2686975
p999_us = 10485759
p9999_us = 14417919
max_us = 16552297
error_sample = -BUSY durable log staging is full, retry
inf-bench: 10 error replies under load (10 BUSY-retryable; first sample: -BUSY durable log staging is full, retry)
ops = 251082
errors = 3
busy_retryable = 3
elapsed_s = 300.080
ops_per_sec = 837
p50_us = 17919
p99_us = 1703935
p999_us = 8650751
p9999_us = 13631487
max_us = 15782214
error_sample = -BUSY durable log staging is full, retry
inf-bench: 3 error replies under load (3 BUSY-retryable; first sample: -BUSY durable log staging is full, retry)
ops = 189383
errors = 5
busy_retryable = 5
elapsed_s = 300.132
ops_per_sec = 631
p50_us = 16895
p99_us = 2949119
p999_us = 10485759
p9999_us = 15466495
max_us = 15595021
error_sample = -BUSY durable log staging is full, retry
inf-bench: 5 error replies under load (5 BUSY-retryable; first sample: -BUSY durable log staging is full, retry)
ops = 226220
errors = 7
busy_retryable = 7
elapsed_s = 312.552
ops_per_sec = 724
p50_us = 16895
p99_us = 2162687
p999_us = 7864319
p9999_us = 12582911
max_us = 13427234
error_sample = -BUSY durable log staging is full, retry
inf-bench: 7 error replies under load (7 BUSY-retryable; first sample: -BUSY durable log staging is full, retry)
ops = 152001
errors = 11
busy_retryable = 11
elapsed_s = 300.020
ops_per_sec = 507
p50_us = 18431
p99_us = 2818047
p999_us = 11272191
p9999_us = 14680063
max_us = 15610857
error_sample = -BUSY durable log staging is full, retry
inf-bench: 11 error replies under load (11 BUSY-retryable; first sample: -BUSY durable log staging is full, retry)
ops = 187949
errors = 3
busy_retryable = 3
elapsed_s = 306.633
ops_per_sec = 613
p50_us = 16895
p99_us = 2490367
p999_us = 9961471
p9999_us = 15204351
max_us = 16062825
error_sample = -BUSY durable log staging is full, retry
inf-bench: 3 error replies under load (3 BUSY-retryable; first sample: -BUSY durable log staging is full, retry)
ops = 178425
errors = 8
busy_retryable = 8
elapsed_s = 302.861
ops_per_sec = 589
p50_us = 16895
p99_us = 3080191
p999_us = 10485759
p9999_us = 14417919
max_us = 16765813
error_sample = -BUSY durable log staging is full, retry
inf-bench: 8 error replies under load (8 BUSY-retryable; first sample: -BUSY durable log staging is full, retry)
ops = 204719
errors = 11
busy_retryable = 11
elapsed_s = 300.057
ops_per_sec = 682
p50_us = 16895
p99_us = 2555903
p999_us = 10223615
p9999_us = 14680063
max_us = 16273548
error_sample = -BUSY durable log staging is full, retry
inf-bench: 11 error replies under load (11 BUSY-retryable; first sample: -BUSY durable log staging is full, retry)
ops = 198818
errors = 1
busy_retryable = 1
elapsed_s = 303.181
ops_per_sec = 656
p50_us = 17407
p99_us = 2949119
p999_us = 10223615
p9999_us = 14155775
max_us = 15367374
error_sample = -BUSY durable log staging is full, retry
inf-bench: 1 error replies under load (1 BUSY-retryable; first sample: -BUSY durable log staging is full, retry)
ops = 173735
errors = 1
busy_retryable = 1
elapsed_s = 303.950
ops_per_sec = 572
p50_us = 18943
p99_us = 2686975
p999_us = 9961471
p9999_us = 12058623
max_us = 12302013
error_sample = -BUSY durable log staging is full, retry
inf-bench: 1 error replies under load (1 BUSY-retryable; first sample: -BUSY durable log staging is full, retry)
ops = 212966
errors = 8
busy_retryable = 8
elapsed_s = 303.893
ops_per_sec = 701
p50_us = 17407
p99_us = 2293759
p999_us = 9961471
p9999_us = 14942207
max_us = 16674296
error_sample = -BUSY durable log staging is full, retry
inf-bench: 8 error replies under load (8 BUSY-retryable; first sample: -BUSY durable log staging is full, retry)
ops = 228723
errors = 1
busy_retryable = 1
elapsed_s = 304.809
ops_per_sec = 750
p50_us = 16895
p99_us = 2162687
p999_us = 9961471
p9999_us = 15466495
max_us = 16855285
error_sample = -BUSY durable log staging is full, retry
inf-bench: 1 error replies under load (1 BUSY-retryable; first sample: -BUSY durable log staging is full, retry)
ops = 224702
errors = 13
busy_retryable = 13
elapsed_s = 305.397
ops_per_sec = 736
p50_us = 17407
p99_us = 2097151
p999_us = 10223615
p9999_us = 12845055
max_us = 13756185
error_sample = -BUSY durable log staging is full, retry
inf-bench: 13 error replies under load (13 BUSY-retryable; first sample: -BUSY durable log staging is full, retry)
ops = 182689
errors = 11
busy_retryable = 11
elapsed_s = 300.016
ops_per_sec = 609
p50_us = 16895
p99_us = 2490367
p999_us = 10485759
p9999_us = 15204351
max_us = 16764736
error_sample = -BUSY durable log staging is full, retry
inf-bench: 11 error replies under load (11 BUSY-retryable; first sample: -BUSY durable log staging is full, retry)
ops = 185989
errors = 2
busy_retryable = 2
elapsed_s = 307.607
ops_per_sec = 605
p50_us = 18943
p99_us = 2490367
p999_us = 11534335
p9999_us = 15466495
max_us = 16830052
error_sample = -BUSY durable log staging is full, retry
inf-bench: 2 error replies under load (2 BUSY-retryable; first sample: -BUSY durable log staging is full, retry)
ops = 226672
errors = 0
busy_retryable = 0
elapsed_s = 302.876
ops_per_sec = 748
p50_us = 16127
p99_us = 1933311
p999_us = 11272191
p9999_us = 16515071
max_us = 19238637
ops = 182971
errors = 3
busy_retryable = 3
elapsed_s = 300.723
ops_per_sec = 608
p50_us = 17919
p99_us = 3211263
p999_us = 11272191
p9999_us = 15466495
max_us = 16437169
error_sample = -BUSY durable log staging is full, retry
inf-bench: 3 error replies under load (3 BUSY-retryable; first sample: -BUSY durable log staging is full, retry)
ops = 233294
errors = 2
busy_retryable = 2
elapsed_s = 307.334
ops_per_sec = 759
p50_us = 16895
p99_us = 2293759
p999_us = 9437183
p9999_us = 14680063
max_us = 16650723
error_sample = -BUSY durable log staging is full, retry
inf-bench: 2 error replies under load (2 BUSY-retryable; first sample: -BUSY durable log staging is full, retry)
ops = 217702
errors = 14
busy_retryable = 14
elapsed_s = 300.413
ops_per_sec = 725
p50_us = 17919
p99_us = 2293759
p999_us = 9437183
p9999_us = 15204351
max_us = 16823612
error_sample = -BUSY durable log staging is full, retry
inf-bench: 14 error replies under load (14 BUSY-retryable; first sample: -BUSY durable log staging is full, retry)
ops = 186536
errors = 13
busy_retryable = 13
elapsed_s = 301.487
ops_per_sec = 619
p50_us = 19967
p99_us = 2686975
p999_us = 8912895
p9999_us = 13631487
max_us = 16520695
error_sample = -BUSY durable log staging is full, retry
inf-bench: 13 error replies under load (13 BUSY-retryable; first sample: -BUSY durable log staging is full, retry)
ops = 190890
errors = 1
busy_retryable = 1
elapsed_s = 301.249
ops_per_sec = 634
p50_us = 16895
p99_us = 2621439
p999_us = 10747903
p9999_us = 15466495
max_us = 15632515
error_sample = -BUSY durable log staging is full, retry
inf-bench: 1 error replies under load (1 BUSY-retryable; first sample: -BUSY durable log staging is full, retry)
ops = 243383
errors = 7
busy_retryable = 7
elapsed_s = 307.173
ops_per_sec = 792
p50_us = 17919
p99_us = 1867775
p999_us = 9961471
p9999_us = 14680063
max_us = 16206676
error_sample = -BUSY durable log staging is full, retry
inf-bench: 7 error replies under load (7 BUSY-retryable; first sample: -BUSY durable log staging is full, retry)
ops = 182676
errors = 1
busy_retryable = 1
elapsed_s = 304.732
ops_per_sec = 599
p50_us = 17407
p99_us = 2883583
p999_us = 9699327
p9999_us = 14680063
max_us = 15809084
error_sample = -BUSY durable log staging is full, retry
inf-bench: 1 error replies under load (1 BUSY-retryable; first sample: -BUSY durable log staging is full, retry)
ops = 206758
errors = 1
busy_retryable = 1
elapsed_s = 300.021
ops_per_sec = 689
p50_us = 17919
p99_us = 2424831
p999_us = 9961471
p9999_us = 13369343
max_us = 13469314
error_sample = -BUSY durable log staging is full, retry
inf-bench: 1 error replies under load (1 BUSY-retryable; first sample: -BUSY durable log staging is full, retry)
ops = 168833
errors = 4
busy_retryable = 4
elapsed_s = 300.023
ops_per_sec = 563
p50_us = 20479
p99_us = 2949119
p999_us = 8912895
p9999_us = 12320767
max_us = 13948652
error_sample = -BUSY durable log staging is full, retry
inf-bench: 4 error replies under load (4 BUSY-retryable; first sample: -BUSY durable log staging is full, retry)
ops = 253374
errors = 5
busy_retryable = 5
elapsed_s = 305.579
ops_per_sec = 829
p50_us = 15103
p99_us = 1900543
p999_us = 9175039
p9999_us = 14155775
max_us = 15311484
error_sample = -BUSY durable log staging is full, retry
inf-bench: 5 error replies under load (5 BUSY-retryable; first sample: -BUSY durable log staging is full, retry)
ops = 241620
errors = 3
busy_retryable = 3
elapsed_s = 300.018
ops_per_sec = 805
p50_us = 15615
p99_us = 1998847
p999_us = 8388607
p9999_us = 13369343
max_us = 15712703
error_sample = -BUSY durable log staging is full, retry
inf-bench: 3 error replies under load (3 BUSY-retryable; first sample: -BUSY durable log staging is full, retry)
ops = 207474
errors = 9
busy_retryable = 9
elapsed_s = 302.869
ops_per_sec = 685
p50_us = 16383
p99_us = 2555903
p999_us = 9437183
p9999_us = 15728639
max_us = 18670801
error_sample = -BUSY durable log staging is full, retry
inf-bench: 9 error replies under load (9 BUSY-retryable; first sample: -BUSY durable log staging is full, retry)
ops = 199938
errors = 5
busy_retryable = 5
elapsed_s = 300.018
ops_per_sec = 666
p50_us = 16895
p99_us = 2621439
p999_us = 8126463
p9999_us = 11272191
max_us = 12249041
error_sample = -BUSY durable log staging is full, retry
inf-bench: 5 error replies under load (5 BUSY-retryable; first sample: -BUSY durable log staging is full, retry)
ops = 195084
errors = 10
busy_retryable = 10
elapsed_s = 300.800
ops_per_sec = 649
p50_us = 18943
p99_us = 2490367
p999_us = 9699327
p9999_us = 14942207
max_us = 15704467
error_sample = -BUSY durable log staging is full, retry
inf-bench: 10 error replies under load (10 BUSY-retryable; first sample: -BUSY durable log staging is full, retry)
ops = 194164
errors = 2
busy_retryable = 2
elapsed_s = 303.383
ops_per_sec = 640
p50_us = 17407
p99_us = 2555903
p999_us = 11272191
p9999_us = 15204351
max_us = 16365915
error_sample = -BUSY durable log staging is full, retry
inf-bench: 2 error replies under load (2 BUSY-retryable; first sample: -BUSY durable log staging is full, retry)
ops = 192742
errors = 13
busy_retryable = 13
elapsed_s = 306.689
ops_per_sec = 628
p50_us = 16895
p99_us = 2818047
p999_us = 11272191
p9999_us = 15204351
max_us = 16733798
error_sample = -BUSY durable log staging is full, retry
inf-bench: 13 error replies under load (13 BUSY-retryable; first sample: -BUSY durable log staging is full, retry)
ops = 204075
errors = 12
busy_retryable = 12
elapsed_s = 305.341
ops_per_sec = 668
p50_us = 17919
p99_us = 2424831
p999_us = 10747903
p9999_us = 13893631
max_us = 15808301
error_sample = -BUSY durable log staging is full, retry
inf-bench: 12 error replies under load (12 BUSY-retryable; first sample: -BUSY durable log staging is full, retry)
ops = 188069
errors = 19
busy_retryable = 19
elapsed_s = 307.230
ops_per_sec = 612
p50_us = 17919
p99_us = 2490367
p999_us = 9699327
p9999_us = 13369343
max_us = 14771806
error_sample = -BUSY durable log staging is full, retry
inf-bench: 19 error replies under load (19 BUSY-retryable; first sample: -BUSY durable log staging is full, retry)
ops = 143048
errors = 1
busy_retryable = 1
elapsed_s = 300.014
ops_per_sec = 477
p50_us = 20479
p99_us = 3276799
p999_us = 9961471
p9999_us = 15466495
max_us = 16509120
error_sample = -BUSY durable log staging is full, retry
inf-bench: 1 error replies under load (1 BUSY-retryable; first sample: -BUSY durable log staging is full, retry)
ops = 207263
errors = 6
busy_retryable = 6
elapsed_s = 300.020
ops_per_sec = 691
p50_us = 17407
p99_us = 2359295
p999_us = 10485759
p9999_us = 13893631
max_us = 14736271
error_sample = -BUSY durable log staging is full, retry
inf-bench: 6 error replies under load (6 BUSY-retryable; first sample: -BUSY durable log staging is full, retry)
ops = 180004
errors = 1
busy_retryable = 1
elapsed_s = 308.584
ops_per_sec = 583
p50_us = 16895
p99_us = 3276799
p999_us = 11010047
p9999_us = 15204351
max_us = 15287670
error_sample = -BUSY durable log staging is full, retry
inf-bench: 1 error replies under load (1 BUSY-retryable; first sample: -BUSY durable log staging is full, retry)
ops = 199483
errors = 0
busy_retryable = 0
elapsed_s = 302.110
ops_per_sec = 660
p50_us = 17407
p99_us = 2949119
p999_us = 9961471
p9999_us = 14155775
max_us = 14477253
ops = 178391
errors = 2
busy_retryable = 2
elapsed_s = 303.510
ops_per_sec = 588
p50_us = 18431
p99_us = 3211263
p999_us = 11272191
p9999_us = 14417919
max_us = 16202275
error_sample = -BUSY durable log staging is full, retry
inf-bench: 2 error replies under load (2 BUSY-retryable; first sample: -BUSY durable log staging is full, retry)
ops = 156844
errors = 2
busy_retryable = 2
elapsed_s = 309.165
ops_per_sec = 507
p50_us = 17919
p99_us = 3604479
p999_us = 11010047
p9999_us = 16252927
max_us = 16921679
error_sample = -BUSY durable log staging is full, retry
inf-bench: 2 error replies under load (2 BUSY-retryable; first sample: -BUSY durable log staging is full, retry)
ops = 221882
errors = 8
busy_retryable = 8
elapsed_s = 303.699
ops_per_sec = 731
p50_us = 15359
p99_us = 2228223
p999_us = 10747903
p9999_us = 15204351
max_us = 17263153
error_sample = -BUSY durable log staging is full, retry
inf-bench: 8 error replies under load (8 BUSY-retryable; first sample: -BUSY durable log staging is full, retry)
ops = 212389
errors = 1
busy_retryable = 1
elapsed_s = 303.421
ops_per_sec = 700
p50_us = 15615
p99_us = 2686975
p999_us = 8912895
p9999_us = 13893631
max_us = 14371762
error_sample = -BUSY durable log staging is full, retry
inf-bench: 1 error replies under load (1 BUSY-retryable; first sample: -BUSY durable log staging is full, retry)
ops = 225878
errors = 14
busy_retryable = 14
elapsed_s = 302.651
ops_per_sec = 746
p50_us = 17919
p99_us = 1867775
p999_us = 8650751
p9999_us = 12058623
max_us = 14060128
error_sample = -BUSY durable log staging is full, retry
inf-bench: 14 error replies under load (14 BUSY-retryable; first sample: -BUSY durable log staging is full, retry)
ops = 196885
errors = 25
busy_retryable = 25
elapsed_s = 301.858
ops_per_sec = 652
p50_us = 18431
p99_us = 2359295
p999_us = 9437183
p9999_us = 12845055
max_us = 14163277
error_sample = -BUSY durable log staging is full, retry
inf-bench: 25 error replies under load (25 BUSY-retryable; first sample: -BUSY durable log staging is full, retry)
ops = 193477
errors = 26
busy_retryable = 26
elapsed_s = 301.367
ops_per_sec = 642
p50_us = 19967
p99_us = 2490367
p999_us = 9437183
p9999_us = 12845055
max_us = 15931420
error_sample = -BUSY durable log staging is full, retry
inf-bench: 26 error replies under load (26 BUSY-retryable; first sample: -BUSY durable log staging is full, retry)
ops = 190351
errors = 27
busy_retryable = 27
elapsed_s = 300.024
ops_per_sec = 634
p50_us = 18431
p99_us = 2490367
p999_us = 9437183
p9999_us = 12845055
max_us = 13834023
error_sample = -BUSY durable log staging is full, retry
inf-bench: 27 error replies under load (27 BUSY-retryable; first sample: -BUSY durable log staging is full, retry)
ops = 209855
errors = 37
busy_retryable = 37
elapsed_s = 300.093
ops_per_sec = 699
p50_us = 18943
p99_us = 2228223
p999_us = 8912895
p9999_us = 12582911
max_us = 14073272
error_sample = -BUSY durable log staging is full, retry
inf-bench: 37 error replies under load (37 BUSY-retryable; first sample: -BUSY durable log staging is full, retry)
ops = 218327
errors = 28
busy_retryable = 28
elapsed_s = 300.140
ops_per_sec = 727
p50_us = 17919
p99_us = 2031615
p999_us = 8126463
p9999_us = 12320767
max_us = 13169646
error_sample = -BUSY durable log staging is full, retry
inf-bench: 28 error replies under load (28 BUSY-retryable; first sample: -BUSY durable log staging is full, retry)
ops = 209183
errors = 25
busy_retryable = 25
elapsed_s = 305.315
ops_per_sec = 685
p50_us = 18431
p99_us = 2359295
p999_us = 8912895
p9999_us = 11796479
max_us = 12469667
error_sample = -BUSY durable log staging is full, retry
inf-bench: 25 error replies under load (25 BUSY-retryable; first sample: -BUSY durable log staging is full, retry)
ops = 225133
errors = 22
busy_retryable = 22
elapsed_s = 307.213
ops_per_sec = 733
p50_us = 18431
p99_us = 2228223
p999_us = 7471103
p9999_us = 14155775
max_us = 16921109
error_sample = -BUSY durable log staging is full, retry
inf-bench: 22 error replies under load (22 BUSY-retryable; first sample: -BUSY durable log staging is full, retry)
ops = 261676
errors = 7
busy_retryable = 7
elapsed_s = 306.177
ops_per_sec = 855
p50_us = 15103
p99_us = 1802239
p999_us = 9175039
p9999_us = 14417919
max_us = 15648466
error_sample = -BUSY durable log staging is full, retry
inf-bench: 7 error replies under load (7 BUSY-retryable; first sample: -BUSY durable log staging is full, retry)
ops = 248948
errors = 7
busy_retryable = 7
elapsed_s = 305.594
ops_per_sec = 815
p50_us = 15359
p99_us = 1966079
p999_us = 8912895
p9999_us = 13631487
max_us = 14879075
error_sample = -BUSY durable log staging is full, retry
inf-bench: 7 error replies under load (7 BUSY-retryable; first sample: -BUSY durable log staging is full, retry)
ops = 191664
errors = 5
busy_retryable = 5
elapsed_s = 301.630
ops_per_sec = 635
p50_us = 17919
p99_us = 3145727
p999_us = 8912895
p9999_us = 13369343
max_us = 15586003
error_sample = -BUSY durable log staging is full, retry
inf-bench: 5 error replies under load (5 BUSY-retryable; first sample: -BUSY durable log staging is full, retry)
ops = 183081
errors = 7
busy_retryable = 7
elapsed_s = 302.890
ops_per_sec = 604
p50_us = 17919
p99_us = 2555903
p999_us = 9961471
p9999_us = 14155775
max_us = 14674385
error_sample = -BUSY durable log staging is full, retry
inf-bench: 7 error replies under load (7 BUSY-retryable; first sample: -BUSY durable log staging is full, retry)
ops = 185861
errors = 3
busy_retryable = 3
elapsed_s = 303.829
ops_per_sec = 612
p50_us = 18943
p99_us = 2621439
p999_us = 10223615
p9999_us = 13083579
max_us = 13083579
error_sample = -BUSY durable log staging is full, retry
inf-bench: 3 error replies under load (3 BUSY-retryable; first sample: -BUSY durable log staging is full, retry)
ops = 181035
errors = 5
busy_retryable = 5
elapsed_s = 300.334
ops_per_sec = 603
p50_us = 16895
p99_us = 2883583
p999_us = 11534335
p9999_us = 15466495
max_us = 16102303
error_sample = -BUSY durable log staging is full, retry
inf-bench: 5 error replies under load (5 BUSY-retryable; first sample: -BUSY durable log staging is full, retry)
ops = 173503
errors = 2
busy_retryable = 2
elapsed_s = 301.692
ops_per_sec = 575
p50_us = 16895
p99_us = 3342335
p999_us = 11272191
p9999_us = 15728639
max_us = 16043286
error_sample = -BUSY durable log staging is full, retry
inf-bench: 2 error replies under load (2 BUSY-retryable; first sample: -BUSY durable log staging is full, retry)
ops = 192268
errors = 3
busy_retryable = 3
elapsed_s = 312.076
ops_per_sec = 616
p50_us = 17919
p99_us = 2752511
p999_us = 10485759
p9999_us = 13893631
max_us = 16006110
error_sample = -BUSY durable log staging is full, retry
inf-bench: 3 error replies under load (3 BUSY-retryable; first sample: -BUSY durable log staging is full, retry)
ops = 213506
errors = 7
busy_retryable = 7
elapsed_s = 300.121
ops_per_sec = 711
p50_us = 17919
p99_us = 2359295
p999_us = 9961471
p9999_us = 14155775
max_us = 16091059
error_sample = -BUSY durable log staging is full, retry
inf-bench: 7 error replies under load (7 BUSY-retryable; first sample: -BUSY durable log staging is full, retry)
ops = 155524
errors = 2
busy_retryable = 2
elapsed_s = 307.551
ops_per_sec = 506
p50_us = 19455
p99_us = 3211263
p999_us = 11534335
p9999_us = 15990783
max_us = 17226471
error_sample = -BUSY durable log staging is full, retry
inf-bench: 2 error replies under load (2 BUSY-retryable; first sample: -BUSY durable log staging is full, retry)
ops = 186519
errors = 1
busy_retryable = 1
elapsed_s = 303.068
ops_per_sec = 615
p50_us = 16127
p99_us = 3211263
p999_us = 9961471
p9999_us = 14680063
max_us = 16940158
error_sample = -BUSY durable log staging is full, retry
inf-bench: 1 error replies under load (1 BUSY-retryable; first sample: -BUSY durable log staging is full, retry)
ops = 238981
errors = 2
busy_retryable = 2
elapsed_s = 312.710
ops_per_sec = 764
p50_us = 15615
p99_us = 2293759
p999_us = 8912895
p9999_us = 12845055
max_us = 13491130
error_sample = -BUSY durable log staging is full, retry
inf-bench: 2 error replies under load (2 BUSY-retryable; first sample: -BUSY durable log staging is full, retry)
ops = 211046
errors = 3
busy_retryable = 3
elapsed_s = 303.391
ops_per_sec = 696
p50_us = 17407
p99_us = 2424831
p999_us = 7864319
p9999_us = 14155775
max_us = 15357954
error_sample = -BUSY durable log staging is full, retry
inf-bench: 3 error replies under load (3 BUSY-retryable; first sample: -BUSY durable log staging is full, retry)
ops = 191633
errors = 5
busy_retryable = 5
elapsed_s = 304.859
ops_per_sec = 629
p50_us = 18431
p99_us = 2883583
p999_us = 8912895
p9999_us = 11272191
max_us = 12592249
error_sample = -BUSY durable log staging is full, retry
inf-bench: 5 error replies under load (5 BUSY-retryable; first sample: -BUSY durable log staging is full, retry)
ops = 184860
errors = 10
busy_retryable = 10
elapsed_s = 306.674
ops_per_sec = 603
p50_us = 18431
p99_us = 2883583
p999_us = 10485759
p9999_us = 14417919
max_us = 17219508
error_sample = -BUSY durable log staging is full, retry
inf-bench: 10 error replies under load (10 BUSY-retryable; first sample: -BUSY durable log staging is full, retry)
ops = 194949
errors = 1
busy_retryable = 1
elapsed_s = 301.258
ops_per_sec = 647
p50_us = 16895
p99_us = 2555903
p999_us = 9699327
p9999_us = 13369343
max_us = 14571534
error_sample = -BUSY durable log staging is full, retry
inf-bench: 1 error replies under load (1 BUSY-retryable; first sample: -BUSY durable log staging is full, retry)
ops = 166309
errors = 8
busy_retryable = 8
elapsed_s = 300.657
ops_per_sec = 553
p50_us = 17919
p99_us = 2883583
p999_us = 9699327
p9999_us = 12582911
max_us = 14079378
error_sample = -BUSY durable log staging is full, retry
inf-bench: 8 error replies under load (8 BUSY-retryable; first sample: -BUSY durable log staging is full, retry)
ops = 175268
errors = 0
busy_retryable = 0
elapsed_s = 309.944
ops_per_sec = 565
p50_us = 17407
p99_us = 3145727
p999_us = 9961471
p9999_us = 13631487
max_us = 14823905
ops = 203512
errors = 4
busy_retryable = 4
elapsed_s = 304.295
ops_per_sec = 669
p50_us = 18431
p99_us = 2490367
p999_us = 9175039
p9999_us = 12845055
max_us = 13589041
error_sample = -BUSY durable log staging is full, retry
inf-bench: 4 error replies under load (4 BUSY-retryable; first sample: -BUSY durable log staging is full, retry)
ops = 225130
errors = 4
busy_retryable = 4
elapsed_s = 305.260
ops_per_sec = 738
p50_us = 18431
p99_us = 2031615
p999_us = 8650751
p9999_us = 13631487
max_us = 14810925
error_sample = -BUSY durable log staging is full, retry
inf-bench: 4 error replies under load (4 BUSY-retryable; first sample: -BUSY durable log staging is full, retry)
ops = 218744
errors = 13
busy_retryable = 13
elapsed_s = 307.027
ops_per_sec = 712
p50_us = 17919
p99_us = 2162687
p999_us = 8912895
p9999_us = 14155775
max_us = 15236262
error_sample = -BUSY durable log staging is full, retry
inf-bench: 13 error replies under load (13 BUSY-retryable; first sample: -BUSY durable log staging is full, retry)
ops = 219570
errors = 12
busy_retryable = 12
elapsed_s = 305.174
ops_per_sec = 719
p50_us = 17407
p99_us = 2097151
p999_us = 9699327
p9999_us = 14942207
max_us = 16408149
error_sample = -BUSY durable log staging is full, retry
inf-bench: 12 error replies under load (12 BUSY-retryable; first sample: -BUSY durable log staging is full, retry)
ops = 274532
errors = 37
busy_retryable = 37
elapsed_s = 304.902
ops_per_sec = 900
p50_us = 17407
p99_us = 1310719
p999_us = 6815743
p9999_us = 13107199
max_us = 14009084
error_sample = -BUSY durable log staging is full, retry
inf-bench: 37 error replies under load (37 BUSY-retryable; first sample: -BUSY durable log staging is full, retry)
ops = 241682
errors = 27
busy_retryable = 27
elapsed_s = 303.973
ops_per_sec = 795
p50_us = 18431
p99_us = 1867775
p999_us = 8126463
p9999_us = 12845055
max_us = 14497292
error_sample = -BUSY durable log staging is full, retry
inf-bench: 27 error replies under load (27 BUSY-retryable; first sample: -BUSY durable log staging is full, retry)
ops = 235466
errors = 23
busy_retryable = 23
elapsed_s = 300.971
ops_per_sec = 782
p50_us = 17407
p99_us = 1835007
p999_us = 7471103
p9999_us = 12320767
max_us = 13074512
error_sample = -BUSY durable log staging is full, retry
inf-bench: 23 error replies under load (23 BUSY-retryable; first sample: -BUSY durable log staging is full, retry)
ops = 270210
errors = 25
busy_retryable = 25
elapsed_s = 304.362
ops_per_sec = 888
p50_us = 17919
p99_us = 1474559
p999_us = 7340031
p9999_us = 11796479
max_us = 13283503
error_sample = -BUSY durable log staging is full, retry
inf-bench: 25 error replies under load (25 BUSY-retryable; first sample: -BUSY durable log staging is full, retry)
ops = 209301
errors = 54
busy_retryable = 54
elapsed_s = 305.657
ops_per_sec = 685
p50_us = 17919
p99_us = 2228223
p999_us = 9175039
p9999_us = 13107199
max_us = 13843312
error_sample = -BUSY durable log staging is full, retry
inf-bench: 54 error replies under load (54 BUSY-retryable; first sample: -BUSY durable log staging is full, retry)
ops = 289185
errors = 29
busy_retryable = 29
elapsed_s = 302.260
ops_per_sec = 957
p50_us = 18431
p99_us = 1343487
p999_us = 6684671
p9999_us = 12582911
max_us = 13015064
error_sample = -BUSY durable log staging is full, retry
inf-bench: 29 error replies under load (29 BUSY-retryable; first sample: -BUSY durable log staging is full, retry)
ops = 261568
errors = 28
busy_retryable = 28
elapsed_s = 312.100
ops_per_sec = 838
p50_us = 18431
p99_us = 1802239
p999_us = 7471103
p9999_us = 13107199
max_us = 14541576
error_sample = -BUSY durable log staging is full, retry
inf-bench: 28 error replies under load (28 BUSY-retryable; first sample: -BUSY durable log staging is full, retry)
ops = 220711
errors = 14
busy_retryable = 14
elapsed_s = 305.662
ops_per_sec = 722
p50_us = 16383
p99_us = 2228223
p999_us = 7471103
p9999_us = 12582911
max_us = 15021226
error_sample = -BUSY durable log staging is full, retry
inf-bench: 14 error replies under load (14 BUSY-retryable; first sample: -BUSY durable log staging is full, retry)
ops = 184270
errors = 0
busy_retryable = 0
elapsed_s = 303.207
ops_per_sec = 608
p50_us = 16895
p99_us = 3014655
p999_us = 10747903
p9999_us = 14680063
max_us = 15760542
ops = 189907
errors = 5
busy_retryable = 5
elapsed_s = 306.370
ops_per_sec = 620
p50_us = 18431
p99_us = 2555903
p999_us = 9699327
p9999_us = 14155775
max_us = 14550856
error_sample = -BUSY durable log staging is full, retry
inf-bench: 5 error replies under load (5 BUSY-retryable; first sample: -BUSY durable log staging is full, retry)
ops = 224564
errors = 0
busy_retryable = 0
elapsed_s = 304.150
ops_per_sec = 738
p50_us = 17919
p99_us = 2162687
p999_us = 10223615
p9999_us = 15466495
max_us = 17206120
ops = 179704
errors = 8
busy_retryable = 8
elapsed_s = 303.237
ops_per_sec = 593
p50_us = 19967
p99_us = 2555903
p999_us = 9437183
p9999_us = 14942207
max_us = 15092595
error_sample = -BUSY durable log staging is full, retry
inf-bench: 8 error replies under load (8 BUSY-retryable; first sample: -BUSY durable log staging is full, retry)
ops = 206560
errors = 1
busy_retryable = 1
elapsed_s = 303.980
ops_per_sec = 680
p50_us = 17407
p99_us = 2686975
p999_us = 9175039
p9999_us = 17301503
max_us = 17520057
error_sample = -BUSY durable log staging is full, retry
inf-bench: 1 error replies under load (1 BUSY-retryable; first sample: -BUSY durable log staging is full, retry)
ops = 213774
errors = 18
busy_retryable = 18
elapsed_s = 301.703
ops_per_sec = 709
p50_us = 17407
p99_us = 2359295
p999_us = 8912895
p9999_us = 11796479
max_us = 12813387
error_sample = -BUSY durable log staging is full, retry
inf-bench: 18 error replies under load (18 BUSY-retryable; first sample: -BUSY durable log staging is full, retry)
ops = 142090
errors = 11
busy_retryable = 11
elapsed_s = 300.015
ops_per_sec = 474
p50_us = 18431
p99_us = 3932159
p999_us = 11010047
p9999_us = 15466495
max_us = 16757847
error_sample = -BUSY durable log staging is full, retry
inf-bench: 11 error replies under load (11 BUSY-retryable; first sample: -BUSY durable log staging is full, retry)
ops = 182068
errors = 1
busy_retryable = 1
elapsed_s = 300.039
ops_per_sec = 607
p50_us = 18943
p99_us = 2424831
p999_us = 10485759
p9999_us = 14680063
max_us = 16088281
error_sample = -BUSY durable log staging is full, retry
inf-bench: 1 error replies under load (1 BUSY-retryable; first sample: -BUSY durable log staging is full, retry)
ops = 185410
errors = 7
busy_retryable = 7
elapsed_s = 303.750
ops_per_sec = 610
p50_us = 19967
p99_us = 2555903
p999_us = 10223615
p9999_us = 13893631
max_us = 14758061
error_sample = -BUSY durable log staging is full, retry
inf-bench: 7 error replies under load (7 BUSY-retryable; first sample: -BUSY durable log staging is full, retry)
ops = 192731
errors = 8
busy_retryable = 8
elapsed_s = 313.231
ops_per_sec = 615
p50_us = 17407
p99_us = 2555903
p999_us = 9437183
p9999_us = 13631487
max_us = 14550169
error_sample = -BUSY durable log staging is full, retry
inf-bench: 8 error replies under load (8 BUSY-retryable; first sample: -BUSY durable log staging is full, retry)
ops = 229205
errors = 9
busy_retryable = 9
elapsed_s = 300.086
ops_per_sec = 764
p50_us = 17407
p99_us = 2097151
p999_us = 8912895
p9999_us = 12058623
max_us = 14920184
error_sample = -BUSY durable log staging is full, retry
inf-bench: 9 error replies under load (9 BUSY-retryable; first sample: -BUSY durable log staging is full, retry)
ops = 206156
errors = 4
busy_retryable = 4
elapsed_s = 300.016
ops_per_sec = 687
p50_us = 17407
p99_us = 2293759
p999_us = 9699327
p9999_us = 14680063
max_us = 16079407
error_sample = -BUSY durable log staging is full, retry
inf-bench: 4 error replies under load (4 BUSY-retryable; first sample: -BUSY durable log staging is full, retry)
ops = 156196
errors = 6
busy_retryable = 6
elapsed_s = 307.382
ops_per_sec = 508
p50_us = 18431
p99_us = 3473407
p999_us = 12320767
p9999_us = 15466495
max_us = 16747785
error_sample = -BUSY durable log staging is full, retry
inf-bench: 6 error replies under load (6 BUSY-retryable; first sample: -BUSY durable log staging is full, retry)
ops = 167908
errors = 8
busy_retryable = 8
elapsed_s = 306.238
ops_per_sec = 548
p50_us = 19967
p99_us = 3342335
p999_us = 10747903
p9999_us = 15466495
max_us = 15834940
error_sample = -BUSY durable log staging is full, retry
inf-bench: 8 error replies under load (8 BUSY-retryable; first sample: -BUSY durable log staging is full, retry)
ops = 216060
errors = 7
busy_retryable = 7
elapsed_s = 300.130
ops_per_sec = 720
p50_us = 17407
p99_us = 2555903
p999_us = 9175039
p9999_us = 14417919
max_us = 16048992
error_sample = -BUSY durable log staging is full, retry
inf-bench: 7 error replies under load (7 BUSY-retryable; first sample: -BUSY durable log staging is full, retry)
ops = 140154
errors = 6
busy_retryable = 6
elapsed_s = 302.146
ops_per_sec = 464
p50_us = 18943
p99_us = 3407871
p999_us = 12320767
p9999_us = 16252927
max_us = 17440915
error_sample = -BUSY durable log staging is full, retry
inf-bench: 6 error replies under load (6 BUSY-retryable; first sample: -BUSY durable log staging is full, retry)
ops = 196072
errors = 6
busy_retryable = 6
elapsed_s = 306.808
ops_per_sec = 639
p50_us = 16895
p99_us = 2752511
p999_us = 9699327
p9999_us = 12582911
max_us = 13170324
error_sample = -BUSY durable log staging is full, retry
inf-bench: 6 error replies under load (6 BUSY-retryable; first sample: -BUSY durable log staging is full, retry)
ops = 148630
errors = 13
busy_retryable = 13
elapsed_s = 300.247
ops_per_sec = 495
p50_us = 17919
p99_us = 3932159
p999_us = 11796479
p9999_us = 14942207
max_us = 16958667
error_sample = -BUSY durable log staging is full, retry
inf-bench: 13 error replies under load (13 BUSY-retryable; first sample: -BUSY durable log staging is full, retry)
ops = 161371
errors = 12
busy_retryable = 12
elapsed_s = 303.408
ops_per_sec = 532
p50_us = 18943
p99_us = 3604479
p999_us = 9961471
p9999_us = 13631487
max_us = 13994177
error_sample = -BUSY durable log staging is full, retry
inf-bench: 12 error replies under load (12 BUSY-retryable; first sample: -BUSY durable log staging is full, retry)
ops = 163945
errors = 11
busy_retryable = 11
elapsed_s = 300.014
ops_per_sec = 546
p50_us = 16895
p99_us = 3407871
p999_us = 10747903
p9999_us = 14155775
max_us = 16339295
error_sample = -BUSY durable log staging is full, retry
inf-bench: 11 error replies under load (11 BUSY-retryable; first sample: -BUSY durable log staging is full, retry)
ops = 194083
errors = 4
busy_retryable = 4
elapsed_s = 301.371
ops_per_sec = 644
p50_us = 16383
p99_us = 2686975
p999_us = 10485759
p9999_us = 13893631
max_us = 14318446
error_sample = -BUSY durable log staging is full, retry
inf-bench: 4 error replies under load (4 BUSY-retryable; first sample: -BUSY durable log staging is full, retry)
ops = 199446
errors = 8
busy_retryable = 8
elapsed_s = 303.249
ops_per_sec = 658
p50_us = 16895
p99_us = 2424831
p999_us = 10223615
p9999_us = 14417919
max_us = 16085894
error_sample = -BUSY durable log staging is full, retry
inf-bench: 8 error replies under load (8 BUSY-retryable; first sample: -BUSY durable log staging is full, retry)
ops = 170062
errors = 1
busy_retryable = 1
elapsed_s = 300.020
ops_per_sec = 567
p50_us = 16383
p99_us = 3145727
p999_us = 10223615
p9999_us = 13107199
max_us = 14655504
error_sample = -BUSY durable log staging is full, retry
inf-bench: 1 error replies under load (1 BUSY-retryable; first sample: -BUSY durable log staging is full, retry)
ops = 146571
errors = 3
busy_retryable = 3
elapsed_s = 303.251
ops_per_sec = 483
p50_us = 19967
p99_us = 3670015
p999_us = 11010047
p9999_us = 15204351
max_us = 16822663
error_sample = -BUSY durable log staging is full, retry
inf-bench: 3 error replies under load (3 BUSY-retryable; first sample: -BUSY durable log staging is full, retry)
ops = 177506
errors = 2
busy_retryable = 2
elapsed_s = 300.558
ops_per_sec = 591
p50_us = 17407
p99_us = 3604479
p999_us = 11010047
p9999_us = 13893631
max_us = 15484827
error_sample = -BUSY durable log staging is full, retry
inf-bench: 2 error replies under load (2 BUSY-retryable; first sample: -BUSY durable log staging is full, retry)
ops = 170307
errors = 1
busy_retryable = 1
elapsed_s = 313.407
ops_per_sec = 543
p50_us = 16895
p99_us = 3014655
p999_us = 10485759
p9999_us = 15728639
max_us = 17617687
error_sample = -BUSY durable log staging is full, retry
inf-bench: 1 error replies under load (1 BUSY-retryable; first sample: -BUSY durable log staging is full, retry)
ops = 232275
errors = 1
busy_retryable = 1
elapsed_s = 302.593
ops_per_sec = 768
p50_us = 18431
p99_us = 1998847
p999_us = 8650751
p9999_us = 13631487
max_us = 14594266
error_sample = -BUSY durable log staging is full, retry
inf-bench: 1 error replies under load (1 BUSY-retryable; first sample: -BUSY durable log staging is full, retry)
ops = 179885
errors = 3
busy_retryable = 3
elapsed_s = 312.586
ops_per_sec = 575
p50_us = 18431
p99_us = 3276799
p999_us = 9961471
p9999_us = 15204351
max_us = 16271229
error_sample = -BUSY durable log staging is full, retry
inf-bench: 3 error replies under load (3 BUSY-retryable; first sample: -BUSY durable log staging is full, retry)
ops = 179498
errors = 29
busy_retryable = 29
elapsed_s = 300.016
ops_per_sec = 598
p50_us = 18943
p99_us = 2555903
p999_us = 8912895
p9999_us = 13369343
max_us = 14097542
error_sample = -BUSY durable log staging is full, retry
inf-bench: 29 error replies under load (29 BUSY-retryable; first sample: -BUSY durable log staging is full, retry)
ops = 299905
errors = 34
busy_retryable = 34
elapsed_s = 300.013
ops_per_sec = 1000
p50_us = 16895
p99_us = 1114111
p999_us = 7208959
p9999_us = 12320767
max_us = 13408318
error_sample = -BUSY durable log staging is full, retry
inf-bench: 34 error replies under load (34 BUSY-retryable; first sample: -BUSY durable log staging is full, retry)
ops = 216767
errors = 32
busy_retryable = 32
elapsed_s = 304.047
ops_per_sec = 713
p50_us = 18943
p99_us = 2424831
p999_us = 8650751
p9999_us = 12845055
max_us = 13810719
error_sample = -BUSY durable log staging is full, retry
inf-bench: 32 error replies under load (32 BUSY-retryable; first sample: -BUSY durable log staging is full, retry)
ops = 218830
errors = 40
busy_retryable = 40
elapsed_s = 313.210
ops_per_sec = 699
p50_us = 19455
p99_us = 2228223
p999_us = 9175039
p9999_us = 13369343
max_us = 14332185
error_sample = -BUSY durable log staging is full, retry
inf-bench: 40 error replies under load (40 BUSY-retryable; first sample: -BUSY durable log staging is full, retry)
ops = 194302
errors = 23
busy_retryable = 23
elapsed_s = 300.024
ops_per_sec = 648
p50_us = 19455
p99_us = 2490367
p999_us = 8650751
p9999_us = 11272191
max_us = 12351926
error_sample = -BUSY durable log staging is full, retry
inf-bench: 23 error replies under load (23 BUSY-retryable; first sample: -BUSY durable log staging is full, retry)
ops = 255728
errors = 29
busy_retryable = 29
elapsed_s = 300.016
ops_per_sec = 852
p50_us = 18943
p99_us = 1605631
p999_us = 7864319
p9999_us = 14417919
max_us = 14981664
error_sample = -BUSY durable log staging is full, retry
inf-bench: 29 error replies under load (29 BUSY-retryable; first sample: -BUSY durable log staging is full, retry)
ops = 242693
errors = 14
busy_retryable = 14
elapsed_s = 307.204
ops_per_sec = 790
p50_us = 16127
p99_us = 2162687
p999_us = 7995391
p9999_us = 12320767
max_us = 14288672
error_sample = -BUSY durable log staging is full, retry
inf-bench: 14 error replies under load (14 BUSY-retryable; first sample: -BUSY durable log staging is full, retry)
ops = 221249
errors = 12
busy_retryable = 12
elapsed_s = 301.511
ops_per_sec = 734
p50_us = 17407
p99_us = 1966079
p999_us = 7733247
p9999_us = 13369343
max_us = 15139518
error_sample = -BUSY durable log staging is full, retry
inf-bench: 12 error replies under load (12 BUSY-retryable; first sample: -BUSY durable log staging is full, retry)
ops = 191023
errors = 12
busy_retryable = 12
elapsed_s = 301.740
ops_per_sec = 633
p50_us = 17407
p99_us = 2621439
p999_us = 9699327
p9999_us = 13369343
max_us = 15687531
error_sample = -BUSY durable log staging is full, retry
inf-bench: 12 error replies under load (12 BUSY-retryable; first sample: -BUSY durable log staging is full, retry)
ops = 190372
errors = 2
busy_retryable = 2
elapsed_s = 302.155
ops_per_sec = 630
p50_us = 18431
p99_us = 2621439
p999_us = 9961471
p9999_us = 13369343
max_us = 15751567
error_sample = -BUSY durable log staging is full, retry
inf-bench: 2 error replies under load (2 BUSY-retryable; first sample: -BUSY durable log staging is full, retry)
ops = 164021
errors = 1
busy_retryable = 1
elapsed_s = 305.908
ops_per_sec = 536
p50_us = 19455
p99_us = 3080191
p999_us = 11796479
p9999_us = 15728639
max_us = 16970112
error_sample = -BUSY durable log staging is full, retry
inf-bench: 1 error replies under load (1 BUSY-retryable; first sample: -BUSY durable log staging is full, retry)
ops = 195713
errors = 1
busy_retryable = 1
elapsed_s = 300.500
ops_per_sec = 651
p50_us = 17407
p99_us = 2686975
p999_us = 9699327
p9999_us = 15466495
max_us = 15530901
error_sample = -BUSY durable log staging is full, retry
inf-bench: 1 error replies under load (1 BUSY-retryable; first sample: -BUSY durable log staging is full, retry)
ops = 200474
errors = 6
busy_retryable = 6
elapsed_s = 304.899
ops_per_sec = 658
p50_us = 16127
p99_us = 2686975
p999_us = 11534335
p9999_us = 15990783
max_us = 16443438
error_sample = -BUSY durable log staging is full, retry
inf-bench: 6 error replies under load (6 BUSY-retryable; first sample: -BUSY durable log staging is full, retry)
ops = 178642
errors = 7
busy_retryable = 7
elapsed_s = 300.444
ops_per_sec = 595
p50_us = 17919
p99_us = 3342335
p999_us = 10223615
p9999_us = 15204351
max_us = 15869156
error_sample = -BUSY durable log staging is full, retry
inf-bench: 7 error replies under load (7 BUSY-retryable; first sample: -BUSY durable log staging is full, retry)
ops = 196179
errors = 22
busy_retryable = 22
elapsed_s = 303.379
ops_per_sec = 647
p50_us = 16895
p99_us = 2949119
p999_us = 10485759
p9999_us = 13631487
max_us = 16332855
error_sample = -BUSY durable log staging is full, retry
inf-bench: 22 error replies under load (22 BUSY-retryable; first sample: -BUSY durable log staging is full, retry)
ops = 203816
errors = 2
busy_retryable = 2
elapsed_s = 306.952
ops_per_sec = 664
p50_us = 17919
p99_us = 2490367
p999_us = 9961471
p9999_us = 14680063
max_us = 15433722
error_sample = -BUSY durable log staging is full, retry
inf-bench: 2 error replies under load (2 BUSY-retryable; first sample: -BUSY durable log staging is full, retry)
ops = 220037
errors = 21
busy_retryable = 21
elapsed_s = 301.300
ops_per_sec = 730
p50_us = 17407
p99_us = 2064383
p999_us = 9699327
p9999_us = 13893631
max_us = 14215737
error_sample = -BUSY durable log staging is full, retry
inf-bench: 21 error replies under load (21 BUSY-retryable; first sample: -BUSY durable log staging is full, retry)
ops = 180195
errors = 10
busy_retryable = 10
elapsed_s = 306.134
ops_per_sec = 589
p50_us = 16895
p99_us = 3276799
p999_us = 12058623
p9999_us = 15204351
max_us = 16792146
error_sample = -BUSY durable log staging is full, retry
inf-bench: 10 error replies under load (10 BUSY-retryable; first sample: -BUSY durable log staging is full, retry)
ops = 238245
errors = 40
busy_retryable = 40
elapsed_s = 300.014
ops_per_sec = 794
p50_us = 17407
p99_us = 2162687
p999_us = 7602175
p9999_us = 11796479
max_us = 13343005
error_sample = -BUSY durable log staging is full, retry
inf-bench: 40 error replies under load (40 BUSY-retryable; first sample: -BUSY durable log staging is full, retry)
ops = 256075
errors = 23
busy_retryable = 23
elapsed_s = 304.523
ops_per_sec = 841
p50_us = 17407
p99_us = 1736703
p999_us = 9175039
p9999_us = 13107199
max_us = 13909832
error_sample = -BUSY durable log staging is full, retry
inf-bench: 23 error replies under load (23 BUSY-retryable; first sample: -BUSY durable log staging is full, retry)
ops = 214084
errors = 40
busy_retryable = 40
elapsed_s = 311.857
ops_per_sec = 686
p50_us = 18431
p99_us = 2228223
p999_us = 8912895
p9999_us = 13369343
max_us = 14861866
error_sample = -BUSY durable log staging is full, retry
inf-bench: 40 error replies under load (40 BUSY-retryable; first sample: -BUSY durable log staging is full, retry)
ops = 278440
errors = 25
busy_retryable = 25
elapsed_s = 300.106
ops_per_sec = 928
p50_us = 16895
p99_us = 1605631
p999_us = 7077887
p9999_us = 12845055
max_us = 15375757
error_sample = -BUSY durable log staging is full, retry
inf-bench: 25 error replies under load (25 BUSY-retryable; first sample: -BUSY durable log staging is full, retry)
ops = 238266
errors = 49
busy_retryable = 49
elapsed_s = 302.036
ops_per_sec = 789
p50_us = 18943
p99_us = 1835007
p999_us = 7208959
p9999_us = 11534335
max_us = 13984530
error_sample = -BUSY durable log staging is full, retry
inf-bench: 49 error replies under load (49 BUSY-retryable; first sample: -BUSY durable log staging is full, retry)
ops = 237281
errors = 44
busy_retryable = 44
elapsed_s = 302.236
ops_per_sec = 785
p50_us = 18431
p99_us = 2031615
p999_us = 8257535
p9999_us = 11272191
max_us = 13514468
error_sample = -BUSY durable log staging is full, retry
inf-bench: 44 error replies under load (44 BUSY-retryable; first sample: -BUSY durable log staging is full, retry)
ops = 274690
errors = 31
busy_retryable = 31
elapsed_s = 300.495
ops_per_sec = 914
p50_us = 17407
p99_us = 1572863
p999_us = 6553599
p9999_us = 10747903
max_us = 12752351
error_sample = -BUSY durable log staging is full, retry
inf-bench: 31 error replies under load (31 BUSY-retryable; first sample: -BUSY durable log staging is full, retry)
ops = 204518
errors = 19
busy_retryable = 19
elapsed_s = 301.636
ops_per_sec = 678
p50_us = 18431
p99_us = 2228223
p999_us = 9437183
p9999_us = 12845055
max_us = 17087929
error_sample = -BUSY durable log staging is full, retry
inf-bench: 19 error replies under load (19 BUSY-retryable; first sample: -BUSY durable log staging is full, retry)
ops = 206003
errors = 11
busy_retryable = 11
elapsed_s = 300.019
ops_per_sec = 687
p50_us = 16895
p99_us = 2621439
p999_us = 9699327
p9999_us = 12582911
max_us = 12791656
error_sample = -BUSY durable log staging is full, retry
inf-bench: 11 error replies under load (11 BUSY-retryable; first sample: -BUSY durable log staging is full, retry)
ops = 210961
errors = 4
busy_retryable = 4
elapsed_s = 305.802
ops_per_sec = 690
p50_us = 17407
p99_us = 2359295
p999_us = 11272191
p9999_us = 14680063
max_us = 16717891
error_sample = -BUSY durable log staging is full, retry
inf-bench: 4 error replies under load (4 BUSY-retryable; first sample: -BUSY durable log staging is full, retry)
ops = 226480
errors = 2
busy_retryable = 2
elapsed_s = 300.024
ops_per_sec = 755
p50_us = 17919
p99_us = 2293759
p999_us = 7995391
p9999_us = 13893631
max_us = 14846248
error_sample = -BUSY durable log staging is full, retry
inf-bench: 2 error replies under load (2 BUSY-retryable; first sample: -BUSY durable log staging is full, retry)
ops = 172074
errors = 9
busy_retryable = 9
elapsed_s = 300.472
ops_per_sec = 573
p50_us = 18943
p99_us = 2818047
p999_us = 9437183
p9999_us = 14680063
max_us = 17449033
error_sample = -BUSY durable log staging is full, retry
inf-bench: 9 error replies under load (9 BUSY-retryable; first sample: -BUSY durable log staging is full, retry)
ops = 168322
errors = 5
busy_retryable = 5
elapsed_s = 304.368
ops_per_sec = 553
p50_us = 18943
p99_us = 3145727
p999_us = 9699327
p9999_us = 17301503
max_us = 17572960
error_sample = -BUSY durable log staging is full, retry
inf-bench: 5 error replies under load (5 BUSY-retryable; first sample: -BUSY durable log staging is full, retry)
ops = 157629
errors = 0
busy_retryable = 0
elapsed_s = 304.995
ops_per_sec = 517
p50_us = 16127
p99_us = 3735551
p999_us = 11272191
p9999_us = 15466495
max_us = 16835296
ops = 216565
errors = 17
busy_retryable = 17
elapsed_s = 300.972
ops_per_sec = 720
p50_us = 17407
p99_us = 2064383
p999_us = 8388607
p9999_us = 13369343
max_us = 15611303
error_sample = -BUSY durable log staging is full, retry
inf-bench: 17 error replies under load (17 BUSY-retryable; first sample: -BUSY durable log staging is full, retry)
ops = 160060
errors = 16
busy_retryable = 16
elapsed_s = 300.056
ops_per_sec = 533
p50_us = 18431
p99_us = 2752511
p999_us = 9175039
p9999_us = 11534335
max_us = 15286415
error_sample = -BUSY durable log staging is full, retry
inf-bench: 16 error replies under load (16 BUSY-retryable; first sample: -BUSY durable log staging is full, retry)
ops = 203058
errors = 8
busy_retryable = 8
elapsed_s = 300.020
ops_per_sec = 677
p50_us = 18431
p99_us = 2490367
p999_us = 9175039
p9999_us = 12058623
max_us = 12826067
error_sample = -BUSY durable log staging is full, retry
inf-bench: 8 error replies under load (8 BUSY-retryable; first sample: -BUSY durable log staging is full, retry)
ops = 217024
errors = 30
busy_retryable = 30
elapsed_s = 302.334
ops_per_sec = 718
p50_us = 18431
p99_us = 2097151
p999_us = 9699327
p9999_us = 13107199
max_us = 14546417
error_sample = -BUSY durable log staging is full, retry
inf-bench: 30 error replies under load (30 BUSY-retryable; first sample: -BUSY durable log staging is full, retry)
ops = 254699
errors = 35
busy_retryable = 35
elapsed_s = 300.292
ops_per_sec = 848
p50_us = 15615
p99_us = 1802239
p999_us = 7340031
p9999_us = 12845055
max_us = 15026776
error_sample = -BUSY durable log staging is full, retry
inf-bench: 35 error replies under load (35 BUSY-retryable; first sample: -BUSY durable log staging is full, retry)
ops = 228354
errors = 43
busy_retryable = 43
elapsed_s = 303.859
ops_per_sec = 752
p50_us = 17407
p99_us = 2097151
p999_us = 8650751
p9999_us = 13369343
max_us = 13854672
error_sample = -BUSY durable log staging is full, retry
inf-bench: 43 error replies under load (43 BUSY-retryable; first sample: -BUSY durable log staging is full, retry)
ops = 233158
errors = 25
busy_retryable = 25
elapsed_s = 304.947
ops_per_sec = 765
p50_us = 17919
p99_us = 2162687
p999_us = 9437183
p9999_us = 13631487
max_us = 14048476
error_sample = -BUSY durable log staging is full, retry
inf-bench: 25 error replies under load (25 BUSY-retryable; first sample: -BUSY durable log staging is full, retry)
ops = 247676
errors = 46
busy_retryable = 46
elapsed_s = 303.359
ops_per_sec = 816
p50_us = 18943
p99_us = 1802239
p999_us = 6946815
p9999_us = 11534335
max_us = 13565037
error_sample = -BUSY durable log staging is full, retry
inf-bench: 46 error replies under load (46 BUSY-retryable; first sample: -BUSY durable log staging is full, retry)
ops = 248316
errors = 71
busy_retryable = 71
elapsed_s = 300.014
ops_per_sec = 828
p50_us = 19455
p99_us = 1998847
p999_us = 7077887
p9999_us = 10747903
max_us = 12002336
error_sample = -BUSY durable log staging is full, retry
inf-bench: 71 error replies under load (71 BUSY-retryable; first sample: -BUSY durable log staging is full, retry)
ops = 291229
errors = 28
busy_retryable = 28
elapsed_s = 304.199
ops_per_sec = 957
p50_us = 16895
p99_us = 1540095
p999_us = 7340031
p9999_us = 11534335
max_us = 12673034
error_sample = -BUSY durable log staging is full, retry
inf-bench: 28 error replies under load (28 BUSY-retryable; first sample: -BUSY durable log staging is full, retry)
ops = 345169
errors = 34
busy_retryable = 34
elapsed_s = 300.062
ops_per_sec = 1150
p50_us = 16895
p99_us = 933887
p999_us = 5505023
p9999_us = 11534335
max_us = 13330005
error_sample = -BUSY durable log staging is full, retry
inf-bench: 34 error replies under load (34 BUSY-retryable; first sample: -BUSY durable log staging is full, retry)
ops = 172993
errors = 4
busy_retryable = 4
elapsed_s = 300.233
ops_per_sec = 576
p50_us = 17407
p99_us = 2818047
p999_us = 12058623
p9999_us = 15204351
max_us = 15898649
error_sample = -BUSY durable log staging is full, retry
inf-bench: 4 error replies under load (4 BUSY-retryable; first sample: -BUSY durable log staging is full, retry)
ops = 188918
errors = 25
busy_retryable = 25
elapsed_s = 300.098
ops_per_sec = 630
p50_us = 18943
p99_us = 2818047
p999_us = 9961471
p9999_us = 12845055
max_us = 15125258
error_sample = -BUSY durable log staging is full, retry
inf-bench: 25 error replies under load (25 BUSY-retryable; first sample: -BUSY durable log staging is full, retry)
ops = 202912
errors = 2
busy_retryable = 2
elapsed_s = 305.755
ops_per_sec = 664
p50_us = 16895
p99_us = 2424831
p999_us = 9961471
p9999_us = 14942207
max_us = 15606044
error_sample = -BUSY durable log staging is full, retry
inf-bench: 2 error replies under load (2 BUSY-retryable; first sample: -BUSY durable log staging is full, retry)
ops = 232216
errors = 4
busy_retryable = 4
elapsed_s = 304.634
ops_per_sec = 762
p50_us = 15871
p99_us = 2228223
p999_us = 8388607
p9999_us = 15990783
max_us = 17044430
error_sample = -BUSY durable log staging is full, retry
inf-bench: 4 error replies under load (4 BUSY-retryable; first sample: -BUSY durable log staging is full, retry)
ops = 171773
errors = 5
busy_retryable = 5
elapsed_s = 301.557
ops_per_sec = 570
p50_us = 16895
p99_us = 2686975
p999_us = 10747903
p9999_us = 15204351
max_us = 15417190
error_sample = -BUSY durable log staging is full, retry
inf-bench: 5 error replies under load (5 BUSY-retryable; first sample: -BUSY durable log staging is full, retry)
ops = 200939
errors = 2
busy_retryable = 2
elapsed_s = 309.949
ops_per_sec = 648
p50_us = 18431
p99_us = 2490367
p999_us = 9961471
p9999_us = 13631487
max_us = 13819269
error_sample = -BUSY durable log staging is full, retry
inf-bench: 2 error replies under load (2 BUSY-retryable; first sample: -BUSY durable log staging is full, retry)
ops = 226304
errors = 10
busy_retryable = 10
elapsed_s = 300.011
ops_per_sec = 754
p50_us = 17919
p99_us = 2097151
p999_us = 7340031
p9999_us = 12320767
max_us = 15073183
error_sample = -BUSY durable log staging is full, retry
inf-bench: 10 error replies under load (10 BUSY-retryable; first sample: -BUSY durable log staging is full, retry)
ops = 213031
errors = 7
busy_retryable = 7
elapsed_s = 301.960
ops_per_sec = 705
p50_us = 16895
p99_us = 2490367
p999_us = 8257535
p9999_us = 12582911
max_us = 13275288
error_sample = -BUSY durable log staging is full, retry
inf-bench: 7 error replies under load (7 BUSY-retryable; first sample: -BUSY durable log staging is full, retry)
ops = 184516
errors = 11
busy_retryable = 11
elapsed_s = 303.629
ops_per_sec = 608
p50_us = 17407
p99_us = 2686975
p999_us = 10223615
p9999_us = 14155775
max_us = 14974636
error_sample = -BUSY durable log staging is full, retry
inf-bench: 11 error replies under load (11 BUSY-retryable; first sample: -BUSY durable log staging is full, retry)
ops = 180279
errors = 3
busy_retryable = 3
elapsed_s = 306.701
ops_per_sec = 588
p50_us = 18431
p99_us = 2883583
p999_us = 11010047
p9999_us = 15728639
max_us = 16166722
error_sample = -BUSY durable log staging is full, retry
inf-bench: 3 error replies under load (3 BUSY-retryable; first sample: -BUSY durable log staging is full, retry)
ops = 207566
errors = 2
busy_retryable = 2
elapsed_s = 303.081
ops_per_sec = 685
p50_us = 17919
p99_us = 2424831
p999_us = 9699327
p9999_us = 14155775
max_us = 15327521
error_sample = -BUSY durable log staging is full, retry
inf-bench: 2 error replies under load (2 BUSY-retryable; first sample: -BUSY durable log staging is full, retry)
ops = 185396
errors = 13
busy_retryable = 13
elapsed_s = 302.231
ops_per_sec = 613
p50_us = 19967
p99_us = 2686975
p999_us = 10223615
p9999_us = 13631487
max_us = 13918090
error_sample = -BUSY durable log staging is full, retry
inf-bench: 13 error replies under load (13 BUSY-retryable; first sample: -BUSY durable log staging is full, retry)
ops = 223131
errors = 5
busy_retryable = 5
elapsed_s = 304.722
ops_per_sec = 732
p50_us = 16383
p99_us = 2162687
p999_us = 10747903
p9999_us = 14680063
max_us = 16056193
error_sample = -BUSY durable log staging is full, retry
inf-bench: 5 error replies under load (5 BUSY-retryable; first sample: -BUSY durable log staging is full, retry)
ops = 198052
errors = 2
busy_retryable = 2
elapsed_s = 301.116
ops_per_sec = 658
p50_us = 16127
p99_us = 2818047
p999_us = 9175039
p9999_us = 15466495
max_us = 16247600
error_sample = -BUSY durable log staging is full, retry
inf-bench: 2 error replies under load (2 BUSY-retryable; first sample: -BUSY durable log staging is full, retry)
ops = 207888
errors = 5
busy_retryable = 5
elapsed_s = 313.099
ops_per_sec = 664
p50_us = 16895
p99_us = 2555903
p999_us = 10747903
p9999_us = 16252927
max_us = 16932574
error_sample = -BUSY durable log staging is full, retry
inf-bench: 5 error replies under load (5 BUSY-retryable; first sample: -BUSY durable log staging is full, retry)
ops = 170333
errors = 3
busy_retryable = 3
elapsed_s = 300.324
ops_per_sec = 567
p50_us = 18431
p99_us = 2883583
p999_us = 9961471
p9999_us = 14942207
max_us = 16740424
error_sample = -BUSY durable log staging is full, retry
inf-bench: 3 error replies under load (3 BUSY-retryable; first sample: -BUSY durable log staging is full, retry)
ops = 232582
errors = 11
busy_retryable = 11
elapsed_s = 300.636
ops_per_sec = 774
p50_us = 18431
p99_us = 1900543
p999_us = 8650751
p9999_us = 13107199
max_us = 15883135
error_sample = -BUSY durable log staging is full, retry
inf-bench: 11 error replies under load (11 BUSY-retryable; first sample: -BUSY durable log staging is full, retry)
ops = 199437
errors = 20
busy_retryable = 20
elapsed_s = 312.378
ops_per_sec = 638
p50_us = 17407
p99_us = 2949119
p999_us = 10747903
p9999_us = 16252927
max_us = 16966965
error_sample = -BUSY durable log staging is full, retry
inf-bench: 20 error replies under load (20 BUSY-retryable; first sample: -BUSY durable log staging is full, retry)
ops = 204025
errors = 5
busy_retryable = 5
elapsed_s = 305.759
ops_per_sec = 667
p50_us = 16383
p99_us = 2621439
p999_us = 9961471
p9999_us = 15466495
max_us = 16877108
error_sample = -BUSY durable log staging is full, retry
inf-bench: 5 error replies under load (5 BUSY-retryable; first sample: -BUSY durable log staging is full, retry)
ops = 190684
errors = 4
busy_retryable = 4
elapsed_s = 305.830
ops_per_sec = 623
p50_us = 17919
p99_us = 2555903
p999_us = 10485759
p9999_us = 13369343
max_us = 14763618
error_sample = -BUSY durable log staging is full, retry
inf-bench: 4 error replies under load (4 BUSY-retryable; first sample: -BUSY durable log staging is full, retry)
ops = 208182
errors = 7
busy_retryable = 7
elapsed_s = 300.994
ops_per_sec = 692
p50_us = 17919
p99_us = 2555903
p999_us = 9175039
p9999_us = 11796479
max_us = 13373975
error_sample = -BUSY durable log staging is full, retry
inf-bench: 7 error replies under load (7 BUSY-retryable; first sample: -BUSY durable log staging is full, retry)
ops = 190248
errors = 0
busy_retryable = 0
elapsed_s = 305.464
ops_per_sec = 623
p50_us = 19455
p99_us = 3080191
p999_us = 9437183
p9999_us = 13631487
max_us = 16635759
ops = 131089
errors = 1
busy_retryable = 1
elapsed_s = 300.972
ops_per_sec = 436
p50_us = 17407
p99_us = 4325375
p999_us = 10223615
p9999_us = 13631487
max_us = 15448888
error_sample = -BUSY durable log staging is full, retry
inf-bench: 1 error replies under load (1 BUSY-retryable; first sample: -BUSY durable log staging is full, retry)
ops = 189072
errors = 3
busy_retryable = 3
elapsed_s = 302.004
ops_per_sec = 626
p50_us = 16895
p99_us = 3080191
p999_us = 9699327
p9999_us = 12582911
max_us = 13423303
error_sample = -BUSY durable log staging is full, retry
inf-bench: 3 error replies under load (3 BUSY-retryable; first sample: -BUSY durable log staging is full, retry)
ops = 193342
errors = 12
busy_retryable = 12
elapsed_s = 300.027
ops_per_sec = 644
p50_us = 16895
p99_us = 2359295
p999_us = 9961471
p9999_us = 13369343
max_us = 15109760
error_sample = -BUSY durable log staging is full, retry
inf-bench: 12 error replies under load (12 BUSY-retryable; first sample: -BUSY durable log staging is full, retry)
ops = 176745
errors = 9
busy_retryable = 9
elapsed_s = 305.917
ops_per_sec = 578
p50_us = 18943
p99_us = 2883583
p999_us = 9699327
p9999_us = 13631487
max_us = 13962531
error_sample = -BUSY durable log staging is full, retry
inf-bench: 9 error replies under load (9 BUSY-retryable; first sample: -BUSY durable log staging is full, retry)
ops = 174314
errors = 17
busy_retryable = 17
elapsed_s = 301.766
ops_per_sec = 578
p50_us = 19455
p99_us = 3014655
p999_us = 9961471
p9999_us = 14942207
max_us = 15196688
error_sample = -BUSY durable log staging is full, retry
inf-bench: 17 error replies under load (17 BUSY-retryable; first sample: -BUSY durable log staging is full, retry)
ops = 259982
errors = 28
busy_retryable = 28
elapsed_s = 300.066
ops_per_sec = 866
p50_us = 16383
p99_us = 1671167
p999_us = 6684671
p9999_us = 11534335
max_us = 12772537
error_sample = -BUSY durable log staging is full, retry
inf-bench: 28 error replies under load (28 BUSY-retryable; first sample: -BUSY durable log staging is full, retry)
ops = 246696
errors = 20
busy_retryable = 20
elapsed_s = 300.805
ops_per_sec = 820
p50_us = 15615
p99_us = 1769471
p999_us = 7995391
p9999_us = 12320767
max_us = 14100871
error_sample = -BUSY durable log staging is full, retry
inf-bench: 20 error replies under load (20 BUSY-retryable; first sample: -BUSY durable log staging is full, retry)
ops = 231717
errors = 33
busy_retryable = 33
elapsed_s = 300.027
ops_per_sec = 772
p50_us = 17407
p99_us = 1966079
p999_us = 7077887
p9999_us = 12320767
max_us = 14232267
error_sample = -BUSY durable log staging is full, retry
inf-bench: 33 error replies under load (33 BUSY-retryable; first sample: -BUSY durable log staging is full, retry)
ops = 266701
errors = 33
busy_retryable = 33
elapsed_s = 300.269
ops_per_sec = 888
p50_us = 17919
p99_us = 1605631
p999_us = 6684671
p9999_us = 13107199
max_us = 15045753
error_sample = -BUSY durable log staging is full, retry
inf-bench: 33 error replies under load (33 BUSY-retryable; first sample: -BUSY durable log staging is full, retry)
ops = 229531
errors = 16
busy_retryable = 16
elapsed_s = 306.821
ops_per_sec = 748
p50_us = 19967
p99_us = 1998847
p999_us = 8257535
p9999_us = 14849537
max_us = 14849537
error_sample = -BUSY durable log staging is full, retry
inf-bench: 16 error replies under load (16 BUSY-retryable; first sample: -BUSY durable log staging is full, retry)
ops = 220964
errors = 23
busy_retryable = 23
elapsed_s = 301.220
ops_per_sec = 734
p50_us = 17919
p99_us = 2359295
p999_us = 9961471
p9999_us = 14155775
max_us = 15796775
error_sample = -BUSY durable log staging is full, retry
inf-bench: 23 error replies under load (23 BUSY-retryable; first sample: -BUSY durable log staging is full, retry)
ops = 202157
errors = 24
busy_retryable = 24
elapsed_s = 300.553
ops_per_sec = 673
p50_us = 18431
p99_us = 2359295
p999_us = 9699327
p9999_us = 14155775
max_us = 14857317
error_sample = -BUSY durable log staging is full, retry
inf-bench: 24 error replies under load (24 BUSY-retryable; first sample: -BUSY durable log staging is full, retry)
ops = 168679
errors = 11
busy_retryable = 11
elapsed_s = 301.168
ops_per_sec = 560
p50_us = 19455
p99_us = 2686975
p999_us = 9961471
p9999_us = 12845055
max_us = 16011549
error_sample = -BUSY durable log staging is full, retry
inf-bench: 11 error replies under load (11 BUSY-retryable; first sample: -BUSY durable log staging is full, retry)
ops = 204269
errors = 2
busy_retryable = 2
elapsed_s = 303.043
ops_per_sec = 674
p50_us = 18943
p99_us = 2555903
p999_us = 9437183
p9999_us = 16515071
max_us = 18131399
error_sample = -BUSY durable log staging is full, retry
inf-bench: 2 error replies under load (2 BUSY-retryable; first sample: -BUSY durable log staging is full, retry)
ops = 213052
errors = 2
busy_retryable = 2
elapsed_s = 304.019
ops_per_sec = 701
p50_us = 17407
p99_us = 2359295
p999_us = 9437183
p9999_us = 15204351
max_us = 15963078
error_sample = -BUSY durable log staging is full, retry
inf-bench: 2 error replies under load (2 BUSY-retryable; first sample: -BUSY durable log staging is full, retry)
ops = 183534
errors = 9
busy_retryable = 9
elapsed_s = 300.294
ops_per_sec = 611
p50_us = 17919
p99_us = 2686975
p999_us = 11010047
p9999_us = 15466495
max_us = 16376050
error_sample = -BUSY durable log staging is full, retry
inf-bench: 9 error replies under load (9 BUSY-retryable; first sample: -BUSY durable log staging is full, retry)
ops = 197990
errors = 5
busy_retryable = 5
elapsed_s = 300.020
ops_per_sec = 660
p50_us = 18431
p99_us = 2752511
p999_us = 10223615
p9999_us = 14417919
max_us = 15358717
error_sample = -BUSY durable log staging is full, retry
inf-bench: 5 error replies under load (5 BUSY-retryable; first sample: -BUSY durable log staging is full, retry)
ops = 203547
errors = 8
busy_retryable = 8
elapsed_s = 302.318
ops_per_sec = 673
p50_us = 18431
p99_us = 2293759
p999_us = 10747903
p9999_us = 14680063
max_us = 14923681
error_sample = -BUSY durable log staging is full, retry
inf-bench: 8 error replies under load (8 BUSY-retryable; first sample: -BUSY durable log staging is full, retry)
ops = 228223
errors = 19
busy_retryable = 19
elapsed_s = 301.388
ops_per_sec = 757
p50_us = 19455
p99_us = 1900543
p999_us = 6684671
p9999_us = 12845055
max_us = 14556907
error_sample = -BUSY durable log staging is full, retry
inf-bench: 19 error replies under load (19 BUSY-retryable; first sample: -BUSY durable log staging is full, retry)
ops = 209167
errors = 37
busy_retryable = 37
elapsed_s = 300.032
ops_per_sec = 697
p50_us = 20479
p99_us = 2293759
p999_us = 8126463
p9999_us = 12582911
max_us = 14429123
error_sample = -BUSY durable log staging is full, retry
inf-bench: 37 error replies under load (37 BUSY-retryable; first sample: -BUSY durable log staging is full, retry)
ops = 195529
errors = 38
busy_retryable = 38
elapsed_s = 306.170
ops_per_sec = 639
p50_us = 18943
p99_us = 2293759
p999_us = 10485759
p9999_us = 13893631
max_us = 14637835
error_sample = -BUSY durable log staging is full, retry
inf-bench: 38 error replies under load (38 BUSY-retryable; first sample: -BUSY durable log staging is full, retry)
ops = 231567
errors = 29
busy_retryable = 29
elapsed_s = 300.087
ops_per_sec = 772
p50_us = 18943
p99_us = 1966079
p999_us = 9437183
p9999_us = 13893631
max_us = 15756432
error_sample = -BUSY durable log staging is full, retry
inf-bench: 29 error replies under load (29 BUSY-retryable; first sample: -BUSY durable log staging is full, retry)
ops = 225019
errors = 30
busy_retryable = 30
elapsed_s = 300.017
ops_per_sec = 750
p50_us = 19455
p99_us = 1998847
p999_us = 7602175
p9999_us = 12582911
max_us = 16247851
error_sample = -BUSY durable log staging is full, retry
inf-bench: 30 error replies under load (30 BUSY-retryable; first sample: -BUSY durable log staging is full, retry)
ops = 214830
errors = 45
busy_retryable = 45
elapsed_s = 300.352
ops_per_sec = 715
p50_us = 18943
p99_us = 2424831
p999_us = 9437183
p9999_us = 12582911
max_us = 13828843
error_sample = -BUSY durable log staging is full, retry
inf-bench: 45 error replies under load (45 BUSY-retryable; first sample: -BUSY durable log staging is full, retry)
ops = 236877
errors = 34
busy_retryable = 34
elapsed_s = 303.860
ops_per_sec = 780
p50_us = 18943
p99_us = 1802239
p999_us = 7864319
p9999_us = 11534335
max_us = 13527881
error_sample = -BUSY durable log staging is full, retry
inf-bench: 34 error replies under load (34 BUSY-retryable; first sample: -BUSY durable log staging is full, retry)
ops = 295375
errors = 34
busy_retryable = 34
elapsed_s = 300.139
ops_per_sec = 984
p50_us = 15103
p99_us = 1277951
p999_us = 7208959
p9999_us = 12320767
max_us = 15362192
error_sample = -BUSY durable log staging is full, retry
inf-bench: 34 error replies under load (34 BUSY-retryable; first sample: -BUSY durable log staging is full, retry)
ops = 178294
errors = 7
busy_retryable = 7
elapsed_s = 300.020
ops_per_sec = 594
p50_us = 16895
p99_us = 3080191
p999_us = 10223615
p9999_us = 15728639
max_us = 16355627
error_sample = -BUSY durable log staging is full, retry
inf-bench: 7 error replies under load (7 BUSY-retryable; first sample: -BUSY durable log staging is full, retry)
ops = 150011
errors = 29
busy_retryable = 29
elapsed_s = 300.018
ops_per_sec = 500
p50_us = 18431
p99_us = 3342335
p999_us = 11796479
p9999_us = 15466495
max_us = 16276201
error_sample = -BUSY durable log staging is full, retry
inf-bench: 29 error replies under load (29 BUSY-retryable; first sample: -BUSY durable log staging is full, retry)
ops = 210967
errors = 1
busy_retryable = 1
elapsed_s = 300.070
ops_per_sec = 703
p50_us = 17407
p99_us = 2228223
p999_us = 10223615
p9999_us = 13893631
max_us = 15102938
error_sample = -BUSY durable log staging is full, retry
inf-bench: 1 error replies under load (1 BUSY-retryable; first sample: -BUSY durable log staging is full, retry)
ops = 203585
errors = 11
busy_retryable = 11
elapsed_s = 300.496
ops_per_sec = 677
p50_us = 19967
p99_us = 2228223
p999_us = 8912895
p9999_us = 15466495
max_us = 16147210
error_sample = -BUSY durable log staging is full, retry
inf-bench: 11 error replies under load (11 BUSY-retryable; first sample: -BUSY durable log staging is full, retry)
ops = 184520
errors = 8
busy_retryable = 8
elapsed_s = 305.348
ops_per_sec = 604
p50_us = 16383
p99_us = 2883583
p999_us = 10485759
p9999_us = 12845055
max_us = 14838578
error_sample = -BUSY durable log staging is full, retry
inf-bench: 8 error replies under load (8 BUSY-retryable; first sample: -BUSY durable log staging is full, retry)
ops = 215771
errors = 0
busy_retryable = 0
elapsed_s = 300.286
ops_per_sec = 719
p50_us = 16383
p99_us = 2490367
p999_us = 8650751
p9999_us = 13369343
max_us = 16124876
ops = 182195
errors = 6
busy_retryable = 6
elapsed_s = 302.090
ops_per_sec = 603
p50_us = 18431
p99_us = 2818047
p999_us = 9961471
p9999_us = 13631487
max_us = 15528923
error_sample = -BUSY durable log staging is full, retry
inf-bench: 6 error replies under load (6 BUSY-retryable; first sample: -BUSY durable log staging is full, retry)
ops = 177007
errors = 1
busy_retryable = 1
elapsed_s = 302.930
ops_per_sec = 584
p50_us = 17919
p99_us = 2752511
p999_us = 9699327
p9999_us = 15204351
max_us = 15230648
error_sample = -BUSY durable log staging is full, retry
inf-bench: 1 error replies under load (1 BUSY-retryable; first sample: -BUSY durable log staging is full, retry)
ops = 179022
errors = 6
busy_retryable = 6
elapsed_s = 303.581
ops_per_sec = 590
p50_us = 18431
p99_us = 2818047
p999_us = 10223615
p9999_us = 14155775
max_us = 15722024
error_sample = -BUSY durable log staging is full, retry
inf-bench: 6 error replies under load (6 BUSY-retryable; first sample: -BUSY durable log staging is full, retry)
ops = 248511
errors = 32
busy_retryable = 32
elapsed_s = 300.019
ops_per_sec = 828
p50_us = 16895
p99_us = 1835007
p999_us = 9175039
p9999_us = 12582911
max_us = 14620030
error_sample = -BUSY durable log staging is full, retry
inf-bench: 32 error replies under load (32 BUSY-retryable; first sample: -BUSY durable log staging is full, retry)
ops = 201218
errors = 27
busy_retryable = 27
elapsed_s = 301.815
ops_per_sec = 667
p50_us = 18943
p99_us = 2424831
p999_us = 8650751
p9999_us = 13107199
max_us = 16046062
error_sample = -BUSY durable log staging is full, retry
inf-bench: 27 error replies under load (27 BUSY-retryable; first sample: -BUSY durable log staging is full, retry)
ops = 190479
errors = 14
busy_retryable = 14
elapsed_s = 300.282
ops_per_sec = 634
p50_us = 19967
p99_us = 2359295
p999_us = 9961471
p9999_us = 13893631
max_us = 14536009
error_sample = -BUSY durable log staging is full, retry
inf-bench: 14 error replies under load (14 BUSY-retryable; first sample: -BUSY durable log staging is full, retry)
ops = 211577
errors = 30
busy_retryable = 30
elapsed_s = 304.947
ops_per_sec = 694
p50_us = 19967
p99_us = 2424831
p999_us = 7340031
p9999_us = 11534335
max_us = 13220586
error_sample = -BUSY durable log staging is full, retry
inf-bench: 30 error replies under load (30 BUSY-retryable; first sample: -BUSY durable log staging is full, retry)
ops = 224350
errors = 43
busy_retryable = 43
elapsed_s = 300.017
ops_per_sec = 748
p50_us = 20479
p99_us = 2064383
p999_us = 7077887
p9999_us = 10747903
max_us = 11498415
error_sample = -BUSY durable log staging is full, retry
inf-bench: 43 error replies under load (43 BUSY-retryable; first sample: -BUSY durable log staging is full, retry)
ops = 254683
errors = 46
busy_retryable = 46
elapsed_s = 310.328
ops_per_sec = 821
p50_us = 16895
p99_us = 1900543
p999_us = 7733247
p9999_us = 12320767
max_us = 12561160
error_sample = -BUSY durable log staging is full, retry
inf-bench: 46 error replies under load (46 BUSY-retryable; first sample: -BUSY durable log staging is full, retry)
ops = 261709
errors = 26
busy_retryable = 26
elapsed_s = 305.617
ops_per_sec = 856
p50_us = 18431
p99_us = 1671167
p999_us = 8388607
p9999_us = 13107199
max_us = 13359056
error_sample = -BUSY durable log staging is full, retry
inf-bench: 26 error replies under load (26 BUSY-retryable; first sample: -BUSY durable log staging is full, retry)
ops = 222045
errors = 24
busy_retryable = 24
elapsed_s = 301.054
ops_per_sec = 738
p50_us = 18431
p99_us = 2031615
p999_us = 7995391
p9999_us = 14417919
max_us = 14797132
error_sample = -BUSY durable log staging is full, retry
inf-bench: 24 error replies under load (24 BUSY-retryable; first sample: -BUSY durable log staging is full, retry)
ops = 176633
errors = 6
busy_retryable = 6
elapsed_s = 305.097
ops_per_sec = 579
p50_us = 19455
p99_us = 2949119
p999_us = 10485759
p9999_us = 12845055
max_us = 13519422
error_sample = -BUSY durable log staging is full, retry
inf-bench: 6 error replies under load (6 BUSY-retryable; first sample: -BUSY durable log staging is full, retry)
ops = 183214
errors = 5
busy_retryable = 5
elapsed_s = 300.019
ops_per_sec = 611
p50_us = 19967
p99_us = 2752511
p999_us = 9961471
p9999_us = 14417919
max_us = 15278438
error_sample = -BUSY durable log staging is full, retry
inf-bench: 5 error replies under load (5 BUSY-retryable; first sample: -BUSY durable log staging is full, retry)
ops = 178330
errors = 16
busy_retryable = 16
elapsed_s = 300.013
ops_per_sec = 594
p50_us = 15871
p99_us = 3407871
p999_us = 9175039
p9999_us = 12058623
max_us = 12697479
error_sample = -BUSY durable log staging is full, retry
inf-bench: 16 error replies under load (16 BUSY-retryable; first sample: -BUSY durable log staging is full, retry)
ops = 217165
errors = 15
busy_retryable = 15
elapsed_s = 314.027
ops_per_sec = 692
p50_us = 16383
p99_us = 2490367
p999_us = 9437183
p9999_us = 14942207
max_us = 16700993
error_sample = -BUSY durable log staging is full, retry
inf-bench: 15 error replies under load (15 BUSY-retryable; first sample: -BUSY durable log staging is full, retry)
ops = 190899
errors = 5
busy_retryable = 5
elapsed_s = 304.963
ops_per_sec = 626
p50_us = 17407
p99_us = 2818047
p999_us = 9175039
p9999_us = 14417919
max_us = 15452944
error_sample = -BUSY durable log staging is full, retry
inf-bench: 5 error replies under load (5 BUSY-retryable; first sample: -BUSY durable log staging is full, retry)
ops = 176680
errors = 6
busy_retryable = 6
elapsed_s = 300.023
ops_per_sec = 589
p50_us = 18943
p99_us = 2949119
p999_us = 10223615
p9999_us = 12845055
max_us = 14478291
error_sample = -BUSY durable log staging is full, retry
inf-bench: 6 error replies under load (6 BUSY-retryable; first sample: -BUSY durable log staging is full, retry)
ops = 175634
errors = 5
busy_retryable = 5
elapsed_s = 301.950
ops_per_sec = 582
p50_us = 17919
p99_us = 3342335
p999_us = 10223615
p9999_us = 14680063
max_us = 15661633
error_sample = -BUSY durable log staging is full, retry
inf-bench: 5 error replies under load (5 BUSY-retryable; first sample: -BUSY durable log staging is full, retry)
ops = 209033
errors = 0
busy_retryable = 0
elapsed_s = 306.021
ops_per_sec = 683
p50_us = 16895
p99_us = 2555903
p999_us = 8388607
p9999_us = 14942207
max_us = 15226279
ops = 201384
errors = 4
busy_retryable = 4
elapsed_s = 307.406
ops_per_sec = 655
p50_us = 16895
p99_us = 2424831
p999_us = 9437183
p9999_us = 16252927
max_us = 18372437
error_sample = -BUSY durable log staging is full, retry
inf-bench: 4 error replies under load (4 BUSY-retryable; first sample: -BUSY durable log staging is full, retry)
ops = 201782
errors = 3
busy_retryable = 3
elapsed_s = 303.997
ops_per_sec = 664
p50_us = 18431
p99_us = 2752511
p999_us = 9699327
p9999_us = 14417919
max_us = 15104388
error_sample = -BUSY durable log staging is full, retry
inf-bench: 3 error replies under load (3 BUSY-retryable; first sample: -BUSY durable log staging is full, retry)
ops = 186892
errors = 3
busy_retryable = 3
elapsed_s = 312.246
ops_per_sec = 599
p50_us = 17919
p99_us = 2686975
p999_us = 10747903
p9999_us = 14680063
max_us = 16096193
error_sample = -BUSY durable log staging is full, retry
inf-bench: 3 error replies under load (3 BUSY-retryable; first sample: -BUSY durable log staging is full, retry)
ops = 145087
errors = 3
busy_retryable = 3
elapsed_s = 302.124
ops_per_sec = 480
p50_us = 19455
p99_us = 3932159
p999_us = 10747903
p9999_us = 13893631
max_us = 14568160
error_sample = -BUSY durable log staging is full, retry
inf-bench: 3 error replies under load (3 BUSY-retryable; first sample: -BUSY durable log staging is full, retry)
ops = 214490
errors = 6
busy_retryable = 6
elapsed_s = 300.019
ops_per_sec = 715
p50_us = 15103
p99_us = 2359295
p999_us = 9699327
p9999_us = 15466495
max_us = 15973213
error_sample = -BUSY durable log staging is full, retry
inf-bench: 6 error replies under load (6 BUSY-retryable; first sample: -BUSY durable log staging is full, retry)
ops = 171007
errors = 0
busy_retryable = 0
elapsed_s = 304.619
ops_per_sec = 561
p50_us = 16383
p99_us = 3538943
p999_us = 11796479
p9999_us = 15990783
max_us = 17393779
ops = 206347
errors = 14
busy_retryable = 14
elapsed_s = 301.918
ops_per_sec = 683
p50_us = 17919
p99_us = 2293759
p999_us = 9437183
p9999_us = 13631487
max_us = 15017872
error_sample = -BUSY durable log staging is full, retry
inf-bench: 14 error replies under load (14 BUSY-retryable; first sample: -BUSY durable log staging is full, retry)
ops = 262440
errors = 0
busy_retryable = 0
elapsed_s = 300.632
ops_per_sec = 873
p50_us = 18431
p99_us = 1441791
p999_us = 7733247
p9999_us = 12582911
max_us = 15301761
ops = 168307
errors = 0
busy_retryable = 0
elapsed_s = 303.792
ops_per_sec = 554
p50_us = 17919
p99_us = 3276799
p999_us = 11010047
p9999_us = 14680063
max_us = 16350900
ops = 197899
errors = 4
busy_retryable = 4
elapsed_s = 301.120
ops_per_sec = 657
p50_us = 16383
p99_us = 2686975
p999_us = 11010047
p9999_us = 15728639
max_us = 16411111
error_sample = -BUSY durable log staging is full, retry
inf-bench: 4 error replies under load (4 BUSY-retryable; first sample: -BUSY durable log staging is full, retry)
ops = 208321
errors = 2
busy_retryable = 2
elapsed_s = 301.577
ops_per_sec = 691
p50_us = 17407
p99_us = 2490367
p999_us = 9175039
p9999_us = 13893631
max_us = 14290311
error_sample = -BUSY durable log staging is full, retry
inf-bench: 2 error replies under load (2 BUSY-retryable; first sample: -BUSY durable log staging is full, retry)
ops = 196617
errors = 14
busy_retryable = 14
elapsed_s = 300.591
ops_per_sec = 654
p50_us = 18431
p99_us = 2621439
p999_us = 9437183
p9999_us = 12320767
max_us = 13343210
error_sample = -BUSY durable log staging is full, retry
inf-bench: 14 error replies under load (14 BUSY-retryable; first sample: -BUSY durable log staging is full, retry)
ops = 174889
errors = 11
busy_retryable = 11
elapsed_s = 312.240
ops_per_sec = 560
p50_us = 17407
p99_us = 3145727
p999_us = 9699327
p9999_us = 15204351
max_us = 17161040
error_sample = -BUSY durable log staging is full, retry
inf-bench: 11 error replies under load (11 BUSY-retryable; first sample: -BUSY durable log staging is full, retry)
ops = 264373
errors = 20
busy_retryable = 20
elapsed_s = 300.022
ops_per_sec = 881
p50_us = 17407
p99_us = 1671167
p999_us = 7208959
p9999_us = 13107199
max_us = 15093641
error_sample = -BUSY durable log staging is full, retry
inf-bench: 20 error replies under load (20 BUSY-retryable; first sample: -BUSY durable log staging is full, retry)
ops = 265060
errors = 22
busy_retryable = 22
elapsed_s = 303.073
ops_per_sec = 875
p50_us = 15871
p99_us = 1769471
p999_us = 7208959
p9999_us = 13893631
max_us = 14116718
error_sample = -BUSY durable log staging is full, retry
inf-bench: 22 error replies under load (22 BUSY-retryable; first sample: -BUSY durable log staging is full, retry)
ops = 230316
errors = 39
busy_retryable = 39
elapsed_s = 300.785
ops_per_sec = 766
p50_us = 17919
p99_us = 1933311
p999_us = 8912895
p9999_us = 13107199
max_us = 15998062
error_sample = -BUSY durable log staging is full, retry
inf-bench: 39 error replies under load (39 BUSY-retryable; first sample: -BUSY durable log staging is full, retry)
ops = 245416
errors = 22
busy_retryable = 22
elapsed_s = 300.226
ops_per_sec = 817
p50_us = 17919
p99_us = 1736703
p999_us = 6815743
p9999_us = 14155775
max_us = 15182080
error_sample = -BUSY durable log staging is full, retry
inf-bench: 22 error replies under load (22 BUSY-retryable; first sample: -BUSY durable log staging is full, retry)
ops = 220321
errors = 49
busy_retryable = 49
elapsed_s = 300.280
ops_per_sec = 734
p50_us = 17919
p99_us = 2162687
p999_us = 7602175
p9999_us = 11534335
max_us = 16682838
error_sample = -BUSY durable log staging is full, retry
inf-bench: 49 error replies under load (49 BUSY-retryable; first sample: -BUSY durable log staging is full, retry)
ops = 213455
errors = 30
busy_retryable = 30
elapsed_s = 301.529
ops_per_sec = 708
p50_us = 19967
p99_us = 1966079
p999_us = 9437183
p9999_us = 12582911
max_us = 14909216
error_sample = -BUSY durable log staging is full, retry
inf-bench: 30 error replies under load (30 BUSY-retryable; first sample: -BUSY durable log staging is full, retry)
ops = 165745
errors = 22
busy_retryable = 22
elapsed_s = 301.169
ops_per_sec = 550
p50_us = 19455
p99_us = 2686975
p999_us = 8257535
p9999_us = 12845055
max_us = 14584632
error_sample = -BUSY durable log staging is full, retry
inf-bench: 22 error replies under load (22 BUSY-retryable; first sample: -BUSY durable log staging is full, retry)
ops = 255295
errors = 28
busy_retryable = 28
elapsed_s = 311.107
ops_per_sec = 821
p50_us = 17407
p99_us = 1998847
p999_us = 6946815
p9999_us = 11272191
max_us = 11874855
error_sample = -BUSY durable log staging is full, retry
inf-bench: 28 error replies under load (28 BUSY-retryable; first sample: -BUSY durable log staging is full, retry)
ops = 198412
errors = 7
busy_retryable = 7
elapsed_s = 313.024
ops_per_sec = 634
p50_us = 17407
p99_us = 2883583
p999_us = 9699327
p9999_us = 14155775
max_us = 15462839
error_sample = -BUSY durable log staging is full, retry
inf-bench: 7 error replies under load (7 BUSY-retryable; first sample: -BUSY durable log staging is full, retry)
ops = 195144
errors = 7
busy_retryable = 7
elapsed_s = 301.141
ops_per_sec = 648
p50_us = 19455
p99_us = 2555903
p999_us = 8912895
p9999_us = 12058623
max_us = 12889597
error_sample = -BUSY durable log staging is full, retry
inf-bench: 7 error replies under load (7 BUSY-retryable; first sample: -BUSY durable log staging is full, retry)
ops = 220861
errors = 3
busy_retryable = 3
elapsed_s = 301.666
ops_per_sec = 732
p50_us = 17919
p99_us = 2228223
p999_us = 9961471
p9999_us = 13107199
max_us = 14233706
error_sample = -BUSY durable log staging is full, retry
inf-bench: 3 error replies under load (3 BUSY-retryable; first sample: -BUSY durable log staging is full, retry)
ops = 204626
errors = 0
busy_retryable = 0
elapsed_s = 311.713
ops_per_sec = 656
p50_us = 15615
p99_us = 2621439
p999_us = 9175039
p9999_us = 12058623
max_us = 13080908
ops = 192841
errors = 1
busy_retryable = 1
elapsed_s = 301.701
ops_per_sec = 639
p50_us = 17407
p99_us = 2555903
p999_us = 10223615
p9999_us = 14680063
max_us = 15208421
error_sample = -BUSY durable log staging is full, retry
inf-bench: 1 error replies under load (1 BUSY-retryable; first sample: -BUSY durable log staging is full, retry)
ops = 170306
errors = 17
busy_retryable = 17
elapsed_s = 306.785
ops_per_sec = 555
p50_us = 18431
p99_us = 3211263
p999_us = 9961471
p9999_us = 13631487
max_us = 16383581
error_sample = -BUSY durable log staging is full, retry
inf-bench: 17 error replies under load (17 BUSY-retryable; first sample: -BUSY durable log staging is full, retry)
ops = 181036
errors = 5
busy_retryable = 5
elapsed_s = 304.634
ops_per_sec = 594
p50_us = 19967
p99_us = 2621439
p999_us = 7864319
p9999_us = 12058623
max_us = 14549649
error_sample = -BUSY durable log staging is full, retry
inf-bench: 5 error replies under load (5 BUSY-retryable; first sample: -BUSY durable log staging is full, retry)
ops = 176364
errors = 7
busy_retryable = 7
elapsed_s = 303.400
ops_per_sec = 581
p50_us = 17919
p99_us = 2686975
p999_us = 9175039
p9999_us = 16252927
max_us = 16257950
error_sample = -BUSY durable log staging is full, retry
inf-bench: 7 error replies under load (7 BUSY-retryable; first sample: -BUSY durable log staging is full, retry)
ops = 172756
errors = 1
busy_retryable = 1
elapsed_s = 314.504
ops_per_sec = 549
p50_us = 17407
p99_us = 3407871
p999_us = 10747903
p9999_us = 15728639
max_us = 16303716
error_sample = -BUSY durable log staging is full, retry
inf-bench: 1 error replies under load (1 BUSY-retryable; first sample: -BUSY durable log staging is full, retry)
ops = 208703
errors = 9
busy_retryable = 9
elapsed_s = 302.304
ops_per_sec = 690
p50_us = 18431
p99_us = 2293759
p999_us = 9699327
p9999_us = 15728639
max_us = 15780069
error_sample = -BUSY durable log staging is full, retry
inf-bench: 9 error replies under load (9 BUSY-retryable; first sample: -BUSY durable log staging is full, retry)
ops = 198410
errors = 14
busy_retryable = 14
elapsed_s = 300.021
ops_per_sec = 661
p50_us = 19455
p99_us = 2424831
p999_us = 8650751
p9999_us = 13631487
max_us = 14727572
error_sample = -BUSY durable log staging is full, retry
inf-bench: 14 error replies under load (14 BUSY-retryable; first sample: -BUSY durable log staging is full, retry)
ops = 227165
errors = 28
busy_retryable = 28
elapsed_s = 301.684
ops_per_sec = 753
p50_us = 18431
p99_us = 2031615
p999_us = 9175039
p9999_us = 13369343
max_us = 14123566
error_sample = -BUSY durable log staging is full, retry
inf-bench: 28 error replies under load (28 BUSY-retryable; first sample: -BUSY durable log staging is full, retry)
ops = 306551
errors = 22
busy_retryable = 22
elapsed_s = 300.012
ops_per_sec = 1022
p50_us = 16383
p99_us = 1277951
p999_us = 6815743
p9999_us = 11534335
max_us = 14492319
error_sample = -BUSY durable log staging is full, retry
inf-bench: 22 error replies under load (22 BUSY-retryable; first sample: -BUSY durable log staging is full, retry)
ops = 214914
errors = 31
busy_retryable = 31
elapsed_s = 304.294
ops_per_sec = 706
p50_us = 18431
p99_us = 2490367
p999_us = 7340031
p9999_us = 11534335
max_us = 15106424
error_sample = -BUSY durable log staging is full, retry
inf-bench: 31 error replies under load (31 BUSY-retryable; first sample: -BUSY durable log staging is full, retry)
ops = 262323
errors = 35
busy_retryable = 35
elapsed_s = 303.736
ops_per_sec = 864
p50_us = 18943
p99_us = 1605631
p999_us = 7208959
p9999_us = 12320767
max_us = 13207676
error_sample = -BUSY durable log staging is full, retry
inf-bench: 35 error replies under load (35 BUSY-retryable; first sample: -BUSY durable log staging is full, retry)
ops = 241739
errors = 46
busy_retryable = 46
elapsed_s = 302.890
ops_per_sec = 798
p50_us = 17407
p99_us = 1802239
p999_us = 7733247
p9999_us = 12058623
max_us = 13839143
error_sample = -BUSY durable log staging is full, retry
inf-bench: 46 error replies under load (46 BUSY-retryable; first sample: -BUSY durable log staging is full, retry)
ops = 202951
errors = 42
busy_retryable = 42
elapsed_s = 300.823
ops_per_sec = 675
p50_us = 19967
p99_us = 2424831
p999_us = 9699327
p9999_us = 12320767
max_us = 12790532
error_sample = -BUSY durable log staging is full, retry
inf-bench: 42 error replies under load (42 BUSY-retryable; first sample: -BUSY durable log staging is full, retry)
ops = 220552
errors = 22
busy_retryable = 22
elapsed_s = 300.359
ops_per_sec = 734
p50_us = 18943
p99_us = 2031615
p999_us = 7340031
p9999_us = 10747903
max_us = 13598382
error_sample = -BUSY durable log staging is full, retry
inf-bench: 22 error replies under load (22 BUSY-retryable; first sample: -BUSY durable log staging is full, retry)
ops = 262469
errors = 30
busy_retryable = 30
elapsed_s = 300.020
ops_per_sec = 875
p50_us = 16895
p99_us = 1671167
p999_us = 7208959
p9999_us = 12582911
max_us = 13975999
error_sample = -BUSY durable log staging is full, retry
inf-bench: 30 error replies under load (30 BUSY-retryable; first sample: -BUSY durable log staging is full, retry)
ops = 184989
errors = 18
busy_retryable = 18
elapsed_s = 302.855
ops_per_sec = 611
p50_us = 19455
p99_us = 2621439
p999_us = 10485759
p9999_us = 15204351
max_us = 16140118
error_sample = -BUSY durable log staging is full, retry
inf-bench: 18 error replies under load (18 BUSY-retryable; first sample: -BUSY durable log staging is full, retry)
ops = 196121
errors = 6
busy_retryable = 6
elapsed_s = 302.393
ops_per_sec = 649
p50_us = 18943
p99_us = 2686975
p999_us = 9961471
p9999_us = 15204351
max_us = 15514019
error_sample = -BUSY durable log staging is full, retry
inf-bench: 6 error replies under load (6 BUSY-retryable; first sample: -BUSY durable log staging is full, retry)
ops = 208572
errors = 7
busy_retryable = 7
elapsed_s = 304.341
ops_per_sec = 685
p50_us = 17919
p99_us = 2490367
p999_us = 9175039
p9999_us = 12582911
max_us = 15590013
error_sample = -BUSY durable log staging is full, retry
inf-bench: 7 error replies under load (7 BUSY-retryable; first sample: -BUSY durable log staging is full, retry)
ops = 196997
errors = 1
busy_retryable = 1
elapsed_s = 300.753
ops_per_sec = 655
p50_us = 17919
p99_us = 2949119
p999_us = 10747903
p9999_us = 15466495
max_us = 16582474
error_sample = -BUSY durable log staging is full, retry
inf-bench: 1 error replies under load (1 BUSY-retryable; first sample: -BUSY durable log staging is full, retry)
ops = 195611
errors = 6
busy_retryable = 6
elapsed_s = 301.780
ops_per_sec = 648
p50_us = 16127
p99_us = 2883583
p999_us = 9437183
p9999_us = 12845055
max_us = 14651144
error_sample = -BUSY durable log staging is full, retry
inf-bench: 6 error replies under load (6 BUSY-retryable; first sample: -BUSY durable log staging is full, retry)
ops = 167899
errors = 2
busy_retryable = 2
elapsed_s = 302.166
ops_per_sec = 556
p50_us = 18431
p99_us = 3211263
p999_us = 9961471
p9999_us = 14417919
max_us = 14761372
error_sample = -BUSY durable log staging is full, retry
inf-bench: 2 error replies under load (2 BUSY-retryable; first sample: -BUSY durable log staging is full, retry)
ops = 221408
errors = 3
busy_retryable = 3
elapsed_s = 311.358
ops_per_sec = 711
p50_us = 17407
p99_us = 2228223
p999_us = 8650751
p9999_us = 13369343
max_us = 14436898
error_sample = -BUSY durable log staging is full, retry
inf-bench: 3 error replies under load (3 BUSY-retryable; first sample: -BUSY durable log staging is full, retry)
ops = 232178
errors = 25
busy_retryable = 25
elapsed_s = 300.019
ops_per_sec = 774
p50_us = 18943
p99_us = 1998847
p999_us = 7602175
p9999_us = 11272191
max_us = 11564968
error_sample = -BUSY durable log staging is full, retry
inf-bench: 25 error replies under load (25 BUSY-retryable; first sample: -BUSY durable log staging is full, retry)
ops = 274946
errors = 28
busy_retryable = 28
elapsed_s = 302.118
ops_per_sec = 910
p50_us = 16895
p99_us = 1605631
p999_us = 6815743
p9999_us = 12582911
max_us = 14547253
error_sample = -BUSY durable log staging is full, retry
inf-bench: 28 error replies under load (28 BUSY-retryable; first sample: -BUSY durable log staging is full, retry)
ops = 244711
errors = 34
busy_retryable = 34
elapsed_s = 304.074
ops_per_sec = 805
p50_us = 17919
p99_us = 1867775
p999_us = 7602175
p9999_us = 12845055
max_us = 13283730
error_sample = -BUSY durable log staging is full, retry
inf-bench: 34 error replies under load (34 BUSY-retryable; first sample: -BUSY durable log staging is full, retry)
ops = 243091
errors = 53
busy_retryable = 53
elapsed_s = 300.024
ops_per_sec = 810
p50_us = 17407
p99_us = 2031615
p999_us = 8126463
p9999_us = 13631487
max_us = 15462218
error_sample = -BUSY durable log staging is full, retry
inf-bench: 53 error replies under load (53 BUSY-retryable; first sample: -BUSY durable log staging is full, retry)
ops = 263203
errors = 20
busy_retryable = 20
elapsed_s = 302.969
ops_per_sec = 869
p50_us = 18943
p99_us = 1736703
p999_us = 6291455
p9999_us = 10485759
max_us = 12877269
error_sample = -BUSY durable log staging is full, retry
inf-bench: 20 error replies under load (20 BUSY-retryable; first sample: -BUSY durable log staging is full, retry)
ops = 213839
errors = 11
busy_retryable = 11
elapsed_s = 302.574
ops_per_sec = 707
p50_us = 20479
p99_us = 1966079
p999_us = 9175039
p9999_us = 13369343
max_us = 14343627
error_sample = -BUSY durable log staging is full, retry
inf-bench: 11 error replies under load (11 BUSY-retryable; first sample: -BUSY durable log staging is full, retry)
ops = 218542
errors = 38
busy_retryable = 38
elapsed_s = 303.324
ops_per_sec = 720
p50_us = 18431
p99_us = 2162687
p999_us = 8912895
p9999_us = 13369343
max_us = 15052214
error_sample = -BUSY durable log staging is full, retry
inf-bench: 38 error replies under load (38 BUSY-retryable; first sample: -BUSY durable log staging is full, retry)
ops = 236480
errors = 42
busy_retryable = 42
elapsed_s = 304.669
ops_per_sec = 776
p50_us = 18431
p99_us = 1966079
p999_us = 8650751
p9999_us = 12320767
max_us = 13690602
error_sample = -BUSY durable log staging is full, retry
inf-bench: 42 error replies under load (42 BUSY-retryable; first sample: -BUSY durable log staging is full, retry)
ops = 235138
errors = 2
busy_retryable = 2
elapsed_s = 300.218
ops_per_sec = 783
p50_us = 17407
p99_us = 1933311
p999_us = 8650751
p9999_us = 13369343
max_us = 14915053
error_sample = -BUSY durable log staging is full, retry
inf-bench: 2 error replies under load (2 BUSY-retryable; first sample: -BUSY durable log staging is full, retry)
ops = 242993
errors = 32
busy_retryable = 32
elapsed_s = 300.032
ops_per_sec = 810
p50_us = 17407
p99_us = 1835007
p999_us = 8912895
p9999_us = 13107199
max_us = 14113362
error_sample = -BUSY durable log staging is full, retry
inf-bench: 32 error replies under load (32 BUSY-retryable; first sample: -BUSY durable log staging is full, retry)
ops = 203610
errors = 25
busy_retryable = 25
elapsed_s = 303.870
ops_per_sec = 670
p50_us = 19967
p99_us = 2424831
p999_us = 9961471
p9999_us = 13369343
max_us = 15648018
error_sample = -BUSY durable log staging is full, retry
inf-bench: 25 error replies under load (25 BUSY-retryable; first sample: -BUSY durable log staging is full, retry)
ops = 237358
errors = 17
busy_retryable = 17
elapsed_s = 302.466
ops_per_sec = 785
p50_us = 17407
p99_us = 1933311
p999_us = 6291455
p9999_us = 13107199
max_us = 13952349
error_sample = -BUSY durable log staging is full, retry
inf-bench: 17 error replies under load (17 BUSY-retryable; first sample: -BUSY durable log staging is full, retry)
ops = 297303
errors = 52
busy_retryable = 52
elapsed_s = 307.236
ops_per_sec = 968
p50_us = 15615
p99_us = 1277951
p999_us = 7340031
p9999_us = 12320767
max_us = 16174109
error_sample = -BUSY durable log staging is full, retry
inf-bench: 52 error replies under load (52 BUSY-retryable; first sample: -BUSY durable log staging is full, retry)
ops = 260624
errors = 26
busy_retryable = 26
elapsed_s = 304.733
ops_per_sec = 855
p50_us = 18431
p99_us = 1835007
p999_us = 7471103
p9999_us = 12058623
max_us = 14550594
error_sample = -BUSY durable log staging is full, retry
inf-bench: 26 error replies under load (26 BUSY-retryable; first sample: -BUSY durable log staging is full, retry)
ops = 265032
errors = 28
busy_retryable = 28
elapsed_s = 300.021
ops_per_sec = 883
p50_us = 18943
p99_us = 1572863
p999_us = 6684671
p9999_us = 11534335
max_us = 12936092
error_sample = -BUSY durable log staging is full, retry
inf-bench: 28 error replies under load (28 BUSY-retryable; first sample: -BUSY durable log staging is full, retry)
ops = 227968
errors = 54
busy_retryable = 54
elapsed_s = 301.951
ops_per_sec = 755
p50_us = 20991
p99_us = 1966079
p999_us = 6946815
p9999_us = 13369343
max_us = 14785186
error_sample = -BUSY durable log staging is full, retry
inf-bench: 54 error replies under load (54 BUSY-retryable; first sample: -BUSY durable log staging is full, retry)
ops = 237489
errors = 11
busy_retryable = 11
elapsed_s = 303.370
ops_per_sec = 783
p50_us = 17407
p99_us = 1966079
p999_us = 7340031
p9999_us = 12582911
max_us = 13778543
error_sample = -BUSY durable log staging is full, retry
inf-bench: 11 error replies under load (11 BUSY-retryable; first sample: -BUSY durable log staging is full, retry)
ops = 173400
errors = 5
busy_retryable = 5
elapsed_s = 301.116
ops_per_sec = 576
p50_us = 16895
p99_us = 3080191
p999_us = 11272191
p9999_us = 14942207
max_us = 15381795
error_sample = -BUSY durable log staging is full, retry
inf-bench: 5 error replies under load (5 BUSY-retryable; first sample: -BUSY durable log staging is full, retry)
ops = 229999
errors = 3
busy_retryable = 3
elapsed_s = 309.020
ops_per_sec = 744
p50_us = 18943
p99_us = 2293759
p999_us = 9699327
p9999_us = 13369343
max_us = 15658129
error_sample = -BUSY durable log staging is full, retry
inf-bench: 3 error replies under load (3 BUSY-retryable; first sample: -BUSY durable log staging is full, retry)
ops = 184811
errors = 3
busy_retryable = 3
elapsed_s = 300.019
ops_per_sec = 616
p50_us = 19455
p99_us = 2883583
p999_us = 10223615
p9999_us = 13893631
max_us = 14805466
error_sample = -BUSY durable log staging is full, retry
inf-bench: 3 error replies under load (3 BUSY-retryable; first sample: -BUSY durable log staging is full, retry)
ops = 178486
errors = 6
busy_retryable = 6
elapsed_s = 304.770
ops_per_sec = 586
p50_us = 19455
p99_us = 3342335
p999_us = 10485759
p9999_us = 14417919
max_us = 15997495
error_sample = -BUSY durable log staging is full, retry
inf-bench: 6 error replies under load (6 BUSY-retryable; first sample: -BUSY durable log staging is full, retry)
ops = 274578
errors = 7
busy_retryable = 7
elapsed_s = 304.477
ops_per_sec = 902
p50_us = 15359
p99_us = 1474559
p999_us = 8126463
p9999_us = 13369343
max_us = 15627847
error_sample = -BUSY durable log staging is full, retry
inf-bench: 7 error replies under load (7 BUSY-retryable; first sample: -BUSY durable log staging is full, retry)
ops = 189787
errors = 1
busy_retryable = 1
elapsed_s = 300.020
ops_per_sec = 633
p50_us = 16895
p99_us = 2621439
p999_us = 9699327
p9999_us = 11796479
max_us = 13825779
error_sample = -BUSY durable log staging is full, retry
inf-bench: 1 error replies under load (1 BUSY-retryable; first sample: -BUSY durable log staging is full, retry)
ops = 213673
errors = 8
busy_retryable = 8
elapsed_s = 305.956
ops_per_sec = 698
p50_us = 17919
p99_us = 2228223
p999_us = 8912895
p9999_us = 13893631
max_us = 14700416
error_sample = -BUSY durable log staging is full, retry
inf-bench: 8 error replies under load (8 BUSY-retryable; first sample: -BUSY durable log staging is full, retry)
ops = 192240
errors = 8
busy_retryable = 8
elapsed_s = 303.462
ops_per_sec = 633
p50_us = 18431
p99_us = 2555903
p999_us = 9699327
p9999_us = 13369343
max_us = 15006605
error_sample = -BUSY durable log staging is full, retry
inf-bench: 8 error replies under load (8 BUSY-retryable; first sample: -BUSY durable log staging is full, retry)
ops = 205949
errors = 7
busy_retryable = 7
elapsed_s = 300.024
ops_per_sec = 686
p50_us = 19455
p99_us = 2359295
p999_us = 9961471
p9999_us = 13893631
max_us = 15456899
error_sample = -BUSY durable log staging is full, retry
inf-bench: 7 error replies under load (7 BUSY-retryable; first sample: -BUSY durable log staging is full, retry)
ops = 169523
errors = 2
busy_retryable = 2
elapsed_s = 305.367
ops_per_sec = 555
p50_us = 17919
p99_us = 3080191
p999_us = 10223615
p9999_us = 15204351
max_us = 17841618
error_sample = -BUSY durable log staging is full, retry
inf-bench: 2 error replies under load (2 BUSY-retryable; first sample: -BUSY durable log staging is full, retry)
ops = 189865
errors = 0
busy_retryable = 0
elapsed_s = 300.823
ops_per_sec = 631
p50_us = 16127
p99_us = 2752511
p999_us = 11534335
p9999_us = 14680063
max_us = 15805730
ops = 220788
errors = 4
busy_retryable = 4
elapsed_s = 306.114
ops_per_sec = 721
p50_us = 17919
p99_us = 2228223
p999_us = 9699327
p9999_us = 13369343
max_us = 15072394
error_sample = -BUSY durable log staging is full, retry
inf-bench: 4 error replies under load (4 BUSY-retryable; first sample: -BUSY durable log staging is full, retry)
ops = 193355
errors = 3
busy_retryable = 3
elapsed_s = 309.932
ops_per_sec = 624
p50_us = 18431
p99_us = 2621439
p999_us = 9961471
p9999_us = 13893631
max_us = 14352355
error_sample = -BUSY durable log staging is full, retry
inf-bench: 3 error replies under load (3 BUSY-retryable; first sample: -BUSY durable log staging is full, retry)
ops = 195975
errors = 8
busy_retryable = 8
elapsed_s = 301.043
ops_per_sec = 651
p50_us = 18943
p99_us = 2490367
p999_us = 9175039
p9999_us = 13631487
max_us = 15479729
error_sample = -BUSY durable log staging is full, retry
inf-bench: 8 error replies under load (8 BUSY-retryable; first sample: -BUSY durable log staging is full, retry)
ops = 162799
errors = 19
busy_retryable = 19
elapsed_s = 305.197
ops_per_sec = 533
p50_us = 17407
p99_us = 3342335
p999_us = 9961471
p9999_us = 13369343
max_us = 15168503
error_sample = -BUSY durable log staging is full, retry
inf-bench: 19 error replies under load (19 BUSY-retryable; first sample: -BUSY durable log staging is full, retry)
ops = 199929
errors = 0
busy_retryable = 0
elapsed_s = 305.366
ops_per_sec = 655
p50_us = 18943
p99_us = 2293759
p999_us = 9961471
p9999_us = 15990783
max_us = 16278353
ops = 158918
errors = 1
busy_retryable = 1
elapsed_s = 300.021
ops_per_sec = 530
p50_us = 19455
p99_us = 3538943
p999_us = 10485759
p9999_us = 16252927
max_us = 16934604
error_sample = -BUSY durable log staging is full, retry
inf-bench: 1 error replies under load (1 BUSY-retryable; first sample: -BUSY durable log staging is full, retry)
ops = 197593
errors = 16
busy_retryable = 16
elapsed_s = 300.020
ops_per_sec = 659
p50_us = 17919
p99_us = 2621439
p999_us = 9961471
p9999_us = 14417919
max_us = 15190707
error_sample = -BUSY durable log staging is full, retry
inf-bench: 16 error replies under load (16 BUSY-retryable; first sample: -BUSY durable log staging is full, retry)
ops = 254427
errors = 30
busy_retryable = 30
elapsed_s = 300.019
ops_per_sec = 848
p50_us = 19455
p99_us = 1638399
p999_us = 7864319
p9999_us = 13631487
max_us = 15389519
error_sample = -BUSY durable log staging is full, retry
inf-bench: 30 error replies under load (30 BUSY-retryable; first sample: -BUSY durable log staging is full, retry)
ops = 258904
errors = 29
busy_retryable = 29
elapsed_s = 300.116
ops_per_sec = 863
p50_us = 16895
p99_us = 1736703
p999_us = 8126463
p9999_us = 12845055
max_us = 15322222
error_sample = -BUSY durable log staging is full, retry
inf-bench: 29 error replies under load (29 BUSY-retryable; first sample: -BUSY durable log staging is full, retry)
ops = 192714
errors = 24
busy_retryable = 24
elapsed_s = 300.017
ops_per_sec = 642
p50_us = 19455
p99_us = 2424831
p999_us = 9699327
p9999_us = 13369343
max_us = 14977670
error_sample = -BUSY durable log staging is full, retry
inf-bench: 24 error replies under load (24 BUSY-retryable; first sample: -BUSY durable log staging is full, retry)
ops = 220446
errors = 24
busy_retryable = 24
elapsed_s = 310.063
ops_per_sec = 711
p50_us = 17919
p99_us = 2162687
p999_us = 7733247
p9999_us = 12058623
max_us = 13703853
error_sample = -BUSY durable log staging is full, retry
inf-bench: 24 error replies under load (24 BUSY-retryable; first sample: -BUSY durable log staging is full, retry)
ops = 297141
errors = 69
busy_retryable = 69
elapsed_s = 303.178
ops_per_sec = 980
p50_us = 16127
p99_us = 1474559
p999_us = 6553599
p9999_us = 9961471
max_us = 11444990
error_sample = -BUSY durable log staging is full, retry
inf-bench: 69 error replies under load (69 BUSY-retryable; first sample: -BUSY durable log staging is full, retry)
ops = 200779
errors = 37
busy_retryable = 37
elapsed_s = 301.278
ops_per_sec = 666
p50_us = 19455
p99_us = 2162687
p999_us = 8912895
p9999_us = 11796479
max_us = 12606960
error_sample = -BUSY durable log staging is full, retry
inf-bench: 37 error replies under load (37 BUSY-retryable; first sample: -BUSY durable log staging is full, retry)
ops = 261191
errors = 20
busy_retryable = 20
elapsed_s = 300.225
ops_per_sec = 870
p50_us = 17919
p99_us = 1572863
p999_us = 6946815
p9999_us = 11272191
max_us = 13951460
error_sample = -BUSY durable log staging is full, retry
inf-bench: 20 error replies under load (20 BUSY-retryable; first sample: -BUSY durable log staging is full, retry)
ops = 271911
errors = 34
busy_retryable = 34
elapsed_s = 302.498
ops_per_sec = 899
p50_us = 17919
p99_us = 1441791
p999_us = 7208959
p9999_us = 12320767
max_us = 16299299
error_sample = -BUSY durable log staging is full, retry
inf-bench: 34 error replies under load (34 BUSY-retryable; first sample: -BUSY durable log staging is full, retry)
ops = 237822
errors = 32
busy_retryable = 32
elapsed_s = 313.453
ops_per_sec = 759
p50_us = 17407
p99_us = 2064383
p999_us = 7864319
p9999_us = 13631487
max_us = 15635906
error_sample = -BUSY durable log staging is full, retry
inf-bench: 32 error replies under load (32 BUSY-retryable; first sample: -BUSY durable log staging is full, retry)
ops = 216839
errors = 38
busy_retryable = 38
elapsed_s = 300.025
ops_per_sec = 723
p50_us = 19967
p99_us = 1998847
p999_us = 7995391
p9999_us = 13893631
max_us = 14325065
error_sample = -BUSY durable log staging is full, retry
inf-bench: 38 error replies under load (38 BUSY-retryable; first sample: -BUSY durable log staging is full, retry)
ops = 163398
errors = 22
busy_retryable = 22
elapsed_s = 302.113
ops_per_sec = 541
p50_us = 22015
p99_us = 2752511
p999_us = 9961471
p9999_us = 11534335
max_us = 14616269
error_sample = -BUSY durable log staging is full, retry
inf-bench: 22 error replies under load (22 BUSY-retryable; first sample: -BUSY durable log staging is full, retry)
ops = 250000
errors = 33
busy_retryable = 33
elapsed_s = 302.567
ops_per_sec = 826
p50_us = 18431
p99_us = 1835007
p999_us = 7340031
p9999_us = 13107199
max_us = 14145687
error_sample = -BUSY durable log staging is full, retry
inf-bench: 33 error replies under load (33 BUSY-retryable; first sample: -BUSY durable log staging is full, retry)
ops = 272394
errors = 35
busy_retryable = 35
elapsed_s = 301.684
ops_per_sec = 903
p50_us = 19455
p99_us = 1507327
p999_us = 6815743
p9999_us = 12320767
max_us = 14165567
error_sample = -BUSY durable log staging is full, retry
inf-bench: 35 error replies under load (35 BUSY-retryable; first sample: -BUSY durable log staging is full, retry)
ops = 272151
errors = 38
busy_retryable = 38
elapsed_s = 300.270
ops_per_sec = 906
p50_us = 17919
p99_us = 1605631
p999_us = 6946815
p9999_us = 11010047
max_us = 13004563
error_sample = -BUSY durable log staging is full, retry
inf-bench: 38 error replies under load (38 BUSY-retryable; first sample: -BUSY durable log staging is full, retry)
ops = 222786
errors = 26
busy_retryable = 26
elapsed_s = 308.235
ops_per_sec = 723
p50_us = 19455
p99_us = 2162687
p999_us = 7471103
p9999_us = 13369343
max_us = 13892211
error_sample = -BUSY durable log staging is full, retry
inf-bench: 26 error replies under load (26 BUSY-retryable; first sample: -BUSY durable log staging is full, retry)
ops = 245328
errors = 34
busy_retryable = 34
elapsed_s = 304.958
ops_per_sec = 804
p50_us = 18431
p99_us = 1933311
p999_us = 7077887
p9999_us = 12582911
max_us = 14325387
error_sample = -BUSY durable log staging is full, retry
inf-bench: 34 error replies under load (34 BUSY-retryable; first sample: -BUSY durable log staging is full, retry)
ops = 228830
errors = 19
busy_retryable = 19
elapsed_s = 309.418
ops_per_sec = 740
p50_us = 18943
p99_us = 2097151
p999_us = 9175039
p9999_us = 12582911
max_us = 14011147
error_sample = -BUSY durable log staging is full, retry
inf-bench: 19 error replies under load (19 BUSY-retryable; first sample: -BUSY durable log staging is full, retry)
ops = 223627
errors = 48
busy_retryable = 48
elapsed_s = 300.014
ops_per_sec = 745
p50_us = 18943
p99_us = 2097151
p999_us = 9437183
p9999_us = 12845055
max_us = 15815425
error_sample = -BUSY durable log staging is full, retry
inf-bench: 48 error replies under load (48 BUSY-retryable; first sample: -BUSY durable log staging is full, retry)
ops = 205630
errors = 36
busy_retryable = 36
elapsed_s = 304.914
ops_per_sec = 674
p50_us = 19455
p99_us = 2490367
p999_us = 8650751
p9999_us = 12582911
max_us = 13081006
error_sample = -BUSY durable log staging is full, retry
inf-bench: 36 error replies under load (36 BUSY-retryable; first sample: -BUSY durable log staging is full, retry)
ops = 210809
errors = 27
busy_retryable = 27
elapsed_s = 300.023
ops_per_sec = 703
p50_us = 18431
p99_us = 2162687
p999_us = 9437183
p9999_us = 11796479
max_us = 13459435
error_sample = -BUSY durable log staging is full, retry
inf-bench: 27 error replies under load (27 BUSY-retryable; first sample: -BUSY durable log staging is full, retry)
ops = 242319
errors = 29
busy_retryable = 29
elapsed_s = 304.261
ops_per_sec = 796
p50_us = 19455
p99_us = 1671167
p999_us = 7733247
p9999_us = 11796479
max_us = 14069313
error_sample = -BUSY durable log staging is full, retry
inf-bench: 29 error replies under load (29 BUSY-retryable; first sample: -BUSY durable log staging is full, retry)
ops = 269542
errors = 53
busy_retryable = 53
elapsed_s = 305.087
ops_per_sec = 883
p50_us = 17919
p99_us = 1540095
p999_us = 7077887
p9999_us = 11534335
max_us = 13682504
error_sample = -BUSY durable log staging is full, retry
inf-bench: 53 error replies under load (53 BUSY-retryable; first sample: -BUSY durable log staging is full, retry)
ops = 216617
errors = 24
busy_retryable = 24
elapsed_s = 300.874
ops_per_sec = 720
p50_us = 19455
p99_us = 1998847
p999_us = 8912895
p9999_us = 13893631
max_us = 15819246
error_sample = -BUSY durable log staging is full, retry
inf-bench: 24 error replies under load (24 BUSY-retryable; first sample: -BUSY durable log staging is full, retry)
ops = 223487
errors = 22
busy_retryable = 22
elapsed_s = 305.132
ops_per_sec = 732
p50_us = 18431
p99_us = 2228223
p999_us = 9175039
p9999_us = 12058623
max_us = 14948701
error_sample = -BUSY durable log staging is full, retry
inf-bench: 22 error replies under load (22 BUSY-retryable; first sample: -BUSY durable log staging is full, retry)
ops = 229819
errors = 35
busy_retryable = 35
elapsed_s = 306.838
ops_per_sec = 749
p50_us = 19455
p99_us = 1998847
p999_us = 8912895
p9999_us = 13369343
max_us = 16691337
error_sample = -BUSY durable log staging is full, retry
inf-bench: 35 error replies under load (35 BUSY-retryable; first sample: -BUSY durable log staging is full, retry)
ops = 143410
errors = 25
busy_retryable = 25
elapsed_s = 300.912
ops_per_sec = 477
p50_us = 20991
p99_us = 3014655
p999_us = 9961471
p9999_us = 12058623
max_us = 13176266
error_sample = -BUSY durable log staging is full, retry
inf-bench: 25 error replies under load (25 BUSY-retryable; first sample: -BUSY durable log staging is full, retry)
ops = 207066
errors = 49
busy_retryable = 49
elapsed_s = 300.268
ops_per_sec = 690
p50_us = 17407
p99_us = 2490367
p999_us = 7733247
p9999_us = 11796479
max_us = 13417144
error_sample = -BUSY durable log staging is full, retry
inf-bench: 49 error replies under load (49 BUSY-retryable; first sample: -BUSY durable log staging is full, retry)
ops = 263117
errors = 39
busy_retryable = 39
elapsed_s = 300.029
ops_per_sec = 877
p50_us = 17407
p99_us = 1605631
p999_us = 7471103
p9999_us = 11534335
max_us = 13749900
error_sample = -BUSY durable log staging is full, retry
inf-bench: 39 error replies under load (39 BUSY-retryable; first sample: -BUSY durable log staging is full, retry)
ops = 219510
errors = 39
busy_retryable = 39
elapsed_s = 312.405
ops_per_sec = 703
p50_us = 18431
p99_us = 2031615
p999_us = 9175039
p9999_us = 13631487
max_us = 16177369
error_sample = -BUSY durable log staging is full, retry
inf-bench: 39 error replies under load (39 BUSY-retryable; first sample: -BUSY durable log staging is full, retry)
ops = 208437
errors = 20
busy_retryable = 20
elapsed_s = 303.915
ops_per_sec = 686
p50_us = 19455
p99_us = 2293759
p999_us = 7340031
p9999_us = 11796479
max_us = 14952975
error_sample = -BUSY durable log staging is full, retry
inf-bench: 20 error replies under load (20 BUSY-retryable; first sample: -BUSY durable log staging is full, retry)
ops = 191370
errors = 42
busy_retryable = 42
elapsed_s = 303.792
ops_per_sec = 630
p50_us = 20479
p99_us = 2359295
p999_us = 7602175
p9999_us = 10747903
max_us = 11639543
error_sample = -BUSY durable log staging is full, retry
inf-bench: 42 error replies under load (42 BUSY-retryable; first sample: -BUSY durable log staging is full, retry)
ops = 243427
errors = 45
busy_retryable = 45
elapsed_s = 301.125
ops_per_sec = 808
p50_us = 16895
p99_us = 1900543
p999_us = 9437183
p9999_us = 13369343
max_us = 14281818
error_sample = -BUSY durable log staging is full, retry
inf-bench: 45 error replies under load (45 BUSY-retryable; first sample: -BUSY durable log staging is full, retry)
ops = 242495
errors = 30
busy_retryable = 30
elapsed_s = 306.075
ops_per_sec = 792
p50_us = 17919
p99_us = 2031615
p999_us = 7208959
p9999_us = 12845055
max_us = 14746120
error_sample = -BUSY durable log staging is full, retry
inf-bench: 30 error replies under load (30 BUSY-retryable; first sample: -BUSY durable log staging is full, retry)
ops = 245269
errors = 31
busy_retryable = 31
elapsed_s = 309.044
ops_per_sec = 794
p50_us = 18943
p99_us = 1900543
p999_us = 6946815
p9999_us = 12320767
max_us = 13066780
error_sample = -BUSY durable log staging is full, retry
inf-bench: 31 error replies under load (31 BUSY-retryable; first sample: -BUSY durable log staging is full, retry)
ops = 227123
errors = 39
busy_retryable = 39
elapsed_s = 302.408
ops_per_sec = 751
p50_us = 19455
p99_us = 2064383
p999_us = 7602175
p9999_us = 12058623
max_us = 13756469
error_sample = -BUSY durable log staging is full, retry
inf-bench: 39 error replies under load (39 BUSY-retryable; first sample: -BUSY durable log staging is full, retry)
ops = 221168
errors = 23
busy_retryable = 23
elapsed_s = 307.414
ops_per_sec = 719
p50_us = 18431
p99_us = 2228223
p999_us = 9437183
p9999_us = 12582911
max_us = 13295217
error_sample = -BUSY durable log staging is full, retry
inf-bench: 23 error replies under load (23 BUSY-retryable; first sample: -BUSY durable log staging is full, retry)
ops = 233584
errors = 41
busy_retryable = 41
elapsed_s = 302.548
ops_per_sec = 772
p50_us = 18943
p99_us = 2097151
p999_us = 7602175
p9999_us = 12845055
max_us = 14693166
error_sample = -BUSY durable log staging is full, retry
inf-bench: 41 error replies under load (41 BUSY-retryable; first sample: -BUSY durable log staging is full, retry)
ops = 189344
errors = 27
busy_retryable = 27
elapsed_s = 304.955
ops_per_sec = 621
p50_us = 19967
p99_us = 2621439
p999_us = 9437183
p9999_us = 13107199
max_us = 14599484
error_sample = -BUSY durable log staging is full, retry
inf-bench: 27 error replies under load (27 BUSY-retryable; first sample: -BUSY durable log staging is full, retry)
ops = 228837
errors = 30
busy_retryable = 30
elapsed_s = 309.546
ops_per_sec = 739
p50_us = 19455
p99_us = 1900543
p999_us = 6553599
p9999_us = 13282064
max_us = 13282064
error_sample = -BUSY durable log staging is full, retry
inf-bench: 30 error replies under load (30 BUSY-retryable; first sample: -BUSY durable log staging is full, retry)
ops = 193906
errors = 37
busy_retryable = 37
elapsed_s = 300.365
ops_per_sec = 646
p50_us = 20991
p99_us = 2555903
p999_us = 6946815
p9999_us = 12582911
max_us = 13297793
error_sample = -BUSY durable log staging is full, retry
inf-bench: 37 error replies under load (37 BUSY-retryable; first sample: -BUSY durable log staging is full, retry)
ops = 272698
errors = 35
busy_retryable = 35
elapsed_s = 305.643
ops_per_sec = 892
p50_us = 17919
p99_us = 1441791
p999_us = 6684671
p9999_us = 11534335
max_us = 12671745
error_sample = -BUSY durable log staging is full, retry
inf-bench: 35 error replies under load (35 BUSY-retryable; first sample: -BUSY durable log staging is full, retry)
ops = 251727
errors = 31
busy_retryable = 31
elapsed_s = 300.020
ops_per_sec = 839
p50_us = 16895
p99_us = 1736703
p999_us = 6946815
p9999_us = 12320767
max_us = 15439613
error_sample = -BUSY durable log staging is full, retry
inf-bench: 31 error replies under load (31 BUSY-retryable; first sample: -BUSY durable log staging is full, retry)
ops = 204332
errors = 25
busy_retryable = 25
elapsed_s = 303.072
ops_per_sec = 674
p50_us = 18943
p99_us = 2228223
p999_us = 9961471
p9999_us = 14155775
max_us = 15172286
error_sample = -BUSY durable log staging is full, retry
inf-bench: 25 error replies under load (25 BUSY-retryable; first sample: -BUSY durable log staging is full, retry)
ops = 195673
errors = 23
busy_retryable = 23
elapsed_s = 302.279
ops_per_sec = 647
p50_us = 18943
p99_us = 2490367
p999_us = 9175039
p9999_us = 12320767
max_us = 14986299
error_sample = -BUSY durable log staging is full, retry
inf-bench: 23 error replies under load (23 BUSY-retryable; first sample: -BUSY durable log staging is full, retry)
ops = 186728
errors = 26
busy_retryable = 26
elapsed_s = 300.287
ops_per_sec = 622
p50_us = 20991
p99_us = 2359295
p999_us = 9175039
p9999_us = 12582911
max_us = 14694883
error_sample = -BUSY durable log staging is full, retry
inf-bench: 26 error replies under load (26 BUSY-retryable; first sample: -BUSY durable log staging is full, retry)
ops = 240090
errors = 30
busy_retryable = 30
elapsed_s = 302.519
ops_per_sec = 794
p50_us = 18943
p99_us = 1802239
p999_us = 9437183
p9999_us = 12582911
max_us = 13980396
error_sample = -BUSY durable log staging is full, retry
inf-bench: 30 error replies under load (30 BUSY-retryable; first sample: -BUSY durable log staging is full, retry)
ops = 198431
errors = 19
busy_retryable = 19
elapsed_s = 305.889
ops_per_sec = 649
p50_us = 18943
p99_us = 2490367
p999_us = 8257535
p9999_us = 14417919
max_us = 15383539
error_sample = -BUSY durable log staging is full, retry
inf-bench: 19 error replies under load (19 BUSY-retryable; first sample: -BUSY durable log staging is full, retry)
ops = 173507
errors = 22
busy_retryable = 22
elapsed_s = 300.186
ops_per_sec = 578
p50_us = 18431
p99_us = 2949119
p999_us = 9699327
p9999_us = 12320767
max_us = 13678268
error_sample = -BUSY durable log staging is full, retry
inf-bench: 22 error replies under load (22 BUSY-retryable; first sample: -BUSY durable log staging is full, retry)
ops = 243370
errors = 33
busy_retryable = 33
elapsed_s = 300.200
ops_per_sec = 811
p50_us = 17407
p99_us = 1900543
p999_us = 7733247
p9999_us = 13369343
max_us = 15247839
error_sample = -BUSY durable log staging is full, retry
inf-bench: 33 error replies under load (33 BUSY-retryable; first sample: -BUSY durable log staging is full, retry)
ops = 204645
errors = 58
busy_retryable = 58
elapsed_s = 302.511
ops_per_sec = 676
p50_us = 17919
p99_us = 2424831
p999_us = 9437183
p9999_us = 12845055
max_us = 13158894
error_sample = -BUSY durable log staging is full, retry
inf-bench: 58 error replies under load (58 BUSY-retryable; first sample: -BUSY durable log staging is full, retry)
inf-bench: server closed connection under load
