== soak tier leg 0: seed 486541350 (master 486541350 + 0 x 2654435761) ==
inf-bench env-check
  PROBE                RESULT
  git-dirty-tree       FAIL  dirty git tree: 2 uncommitted entries
  cpufreq-governor     PASS
  cpufreq-epp          PASS
  thermal-throttle     PASS
  power-source         SKIP  macos-only probe (this host: linux)
  low-power-mode       SKIP  macos-only probe (this host: linux)

  *** DIRTY TREE — dev run only, output is not citation-grade ***

env-check: OK
== ycsb row: ycsb-a-zipfian ==
== ycsb: saturation probe (ycsb-a-zipfian, +50% conns) ==
== ycsb row: ycsb-b-zipfian ==

== gate verdicts ==
  Degenerate A/B: pipelined ops regression PENDING (tooling)
  Degenerate A/B: pipelined p99.9 regression PENDING (tooling)
  Degenerate A/B: unpipelined ops regression PENDING (tooling)
  Degenerate A/B: unpipelined p99.9 regression PENDING (tooling)
  Degenerate A/B: ttl-heavy ops regression PENDING (tooling)
  Degenerate A/B: ttl-heavy p99.9 regression PENDING (tooling)
  Degenerate A/B: peak-RSS regression (worst row) PENDING (tooling)
  Memory-mode node constructs zero tiered tables PENDING (tooling)
  Tiering code-path counters identically zero PENDING (tooling)
  Write amplification, worst tiered namespace PASS
  Memory-only rows append zero log records (M2 posture carried) PENDING (tooling)
  Mixed-node attribution divergence (M4-S20) PENDING (tooling)
  Cache-namespace p99 isolation under the mixed node (M4-S20) PENDING (tooling)
  Hot set at memory speed: memory-hit p50 delta PENDING (tooling)
  Hot set at memory speed: memory-hit p99 delta PENDING (tooling)
  Hot set at memory speed: memory-hit p99.9 delta PENDING (tooling)
  Cold reads: p99 < 1.5 ms on NVMe under loaded zipfian rows FAIL (DEV-TIER, non-binding)
  Memory honesty: RSS slope over the 24 h endurance run PENDING (tooling)
  Endurance: zero crashes over the full 24 h run PENDING (tooling)
  M3 regression: worst M3 gate delta on memory-mode namespaces PENDING (tooling)
  Recovery with tiering on: replay throughput per cell PENDING (tooling)
  Recovery with tiering on: 10 GB boot   PENDING (tooling)
  Never-none invariant: zero violations in the 10k-seed DST sweep PENDING (tooling)
  Crash + ENOSPC matrices: all fault points green PENDING (tooling)
  Foreground protection: p99.9 during demotion + compaction storms PENDING (tooling)

gate-run: report written to .artifacts/v0.4.0/soak-unified-20260814-0351/legs/1786695918-gate-run/report.md
gate-run: sidecar written to .artifacts/v0.4.0/soak-unified-20260814-0351/legs/1786695918-gate-run/mem-hit.tsv
== soak tier leg 1: seed 3140977111 (master 486541350 + 1 x 2654435761) ==
inf-bench env-check
  PROBE                RESULT
  git-dirty-tree       FAIL  dirty git tree: 2 uncommitted entries
  cpufreq-governor     PASS
  cpufreq-epp          PASS
  thermal-throttle     PASS
  power-source         SKIP  macos-only probe (this host: linux)
  low-power-mode       SKIP  macos-only probe (this host: linux)

  *** DIRTY TREE — dev run only, output is not citation-grade ***

env-check: OK
== ycsb row: ycsb-a-zipfian ==
== ycsb: saturation probe (ycsb-a-zipfian, +50% conns) ==
== ycsb row: ycsb-b-zipfian ==

== gate verdicts ==
  Degenerate A/B: pipelined ops regression PENDING (tooling)
  Degenerate A/B: pipelined p99.9 regression PENDING (tooling)
  Degenerate A/B: unpipelined ops regression PENDING (tooling)
  Degenerate A/B: unpipelined p99.9 regression PENDING (tooling)
  Degenerate A/B: ttl-heavy ops regression PENDING (tooling)
  Degenerate A/B: ttl-heavy p99.9 regression PENDING (tooling)
  Degenerate A/B: peak-RSS regression (worst row) PENDING (tooling)
  Memory-mode node constructs zero tiered tables PENDING (tooling)
  Tiering code-path counters identically zero PENDING (tooling)
  Write amplification, worst tiered namespace PASS
  Memory-only rows append zero log records (M2 posture carried) PENDING (tooling)
  Mixed-node attribution divergence (M4-S20) PENDING (tooling)
  Cache-namespace p99 isolation under the mixed node (M4-S20) PENDING (tooling)
  Hot set at memory speed: memory-hit p50 delta PENDING (tooling)
  Hot set at memory speed: memory-hit p99 delta PENDING (tooling)
  Hot set at memory speed: memory-hit p99.9 delta PENDING (tooling)
  Cold reads: p99 < 1.5 ms on NVMe under loaded zipfian rows FAIL (DEV-TIER, non-binding)
  Memory honesty: RSS slope over the 24 h endurance run PENDING (tooling)
  Endurance: zero crashes over the full 24 h run PENDING (tooling)
  M3 regression: worst M3 gate delta on memory-mode namespaces PENDING (tooling)
  Recovery with tiering on: replay throughput per cell PENDING (tooling)
  Recovery with tiering on: 10 GB boot   PENDING (tooling)
  Never-none invariant: zero violations in the 10k-seed DST sweep PENDING (tooling)
  Crash + ENOSPC matrices: all fault points green PENDING (tooling)
  Foreground protection: p99.9 during demotion + compaction storms PENDING (tooling)

gate-run: report written to .artifacts/v0.4.0/soak-unified-20260814-0351/legs/1786697423-gate-run/report.md
gate-run: sidecar written to .artifacts/v0.4.0/soak-unified-20260814-0351/legs/1786697423-gate-run/mem-hit.tsv
== soak tier leg 2: seed 5795412872 (master 486541350 + 2 x 2654435761) ==
inf-bench env-check
  PROBE                RESULT
  git-dirty-tree       FAIL  dirty git tree: 2 uncommitted entries
  cpufreq-governor     PASS
  cpufreq-epp          PASS
  thermal-throttle     PASS
  power-source         SKIP  macos-only probe (this host: linux)
  low-power-mode       SKIP  macos-only probe (this host: linux)

  *** DIRTY TREE — dev run only, output is not citation-grade ***

env-check: OK
== ycsb row: ycsb-a-zipfian ==
== ycsb: saturation probe (ycsb-a-zipfian, +50% conns) ==
== ycsb row: ycsb-b-zipfian ==

== gate verdicts ==
  Degenerate A/B: pipelined ops regression PENDING (tooling)
  Degenerate A/B: pipelined p99.9 regression PENDING (tooling)
  Degenerate A/B: unpipelined ops regression PENDING (tooling)
  Degenerate A/B: unpipelined p99.9 regression PENDING (tooling)
  Degenerate A/B: ttl-heavy ops regression PENDING (tooling)
  Degenerate A/B: ttl-heavy p99.9 regression PENDING (tooling)
  Degenerate A/B: peak-RSS regression (worst row) PENDING (tooling)
  Memory-mode node constructs zero tiered tables PENDING (tooling)
  Tiering code-path counters identically zero PENDING (tooling)
  Write amplification, worst tiered namespace PASS
  Memory-only rows append zero log records (M2 posture carried) PENDING (tooling)
  Mixed-node attribution divergence (M4-S20) PENDING (tooling)
  Cache-namespace p99 isolation under the mixed node (M4-S20) PENDING (tooling)
  Hot set at memory speed: memory-hit p50 delta PENDING (tooling)
  Hot set at memory speed: memory-hit p99 delta PENDING (tooling)
  Hot set at memory speed: memory-hit p99.9 delta PENDING (tooling)
  Cold reads: p99 < 1.5 ms on NVMe under loaded zipfian rows FAIL (DEV-TIER, non-binding)
  Memory honesty: RSS slope over the 24 h endurance run PENDING (tooling)
  Endurance: zero crashes over the full 24 h run PENDING (tooling)
  M3 regression: worst M3 gate delta on memory-mode namespaces PENDING (tooling)
  Recovery with tiering on: replay throughput per cell PENDING (tooling)
  Recovery with tiering on: 10 GB boot   PENDING (tooling)
  Never-none invariant: zero violations in the 10k-seed DST sweep PENDING (tooling)
  Crash + ENOSPC matrices: all fault points green PENDING (tooling)
  Foreground protection: p99.9 during demotion + compaction storms PENDING (tooling)

gate-run: report written to .artifacts/v0.4.0/soak-unified-20260814-0351/legs/1786698926-gate-run/report.md
gate-run: sidecar written to .artifacts/v0.4.0/soak-unified-20260814-0351/legs/1786698926-gate-run/mem-hit.tsv
== soak tier leg 3: seed 8449848633 (master 486541350 + 3 x 2654435761) ==
inf-bench env-check
  PROBE                RESULT
  git-dirty-tree       FAIL  dirty git tree: 2 uncommitted entries
  cpufreq-governor     PASS
  cpufreq-epp          PASS
  thermal-throttle     PASS
  power-source         SKIP  macos-only probe (this host: linux)
  low-power-mode       SKIP  macos-only probe (this host: linux)

  *** DIRTY TREE — dev run only, output is not citation-grade ***

env-check: OK
== ycsb row: ycsb-a-zipfian ==
== ycsb: saturation probe (ycsb-a-zipfian, +50% conns) ==
== ycsb row: ycsb-b-zipfian ==

== gate verdicts ==
  Degenerate A/B: pipelined ops regression PENDING (tooling)
  Degenerate A/B: pipelined p99.9 regression PENDING (tooling)
  Degenerate A/B: unpipelined ops regression PENDING (tooling)
  Degenerate A/B: unpipelined p99.9 regression PENDING (tooling)
  Degenerate A/B: ttl-heavy ops regression PENDING (tooling)
  Degenerate A/B: ttl-heavy p99.9 regression PENDING (tooling)
  Degenerate A/B: peak-RSS regression (worst row) PENDING (tooling)
  Memory-mode node constructs zero tiered tables PENDING (tooling)
  Tiering code-path counters identically zero PENDING (tooling)
  Write amplification, worst tiered namespace PASS
  Memory-only rows append zero log records (M2 posture carried) PENDING (tooling)
  Mixed-node attribution divergence (M4-S20) PENDING (tooling)
  Cache-namespace p99 isolation under the mixed node (M4-S20) PENDING (tooling)
  Hot set at memory speed: memory-hit p50 delta PENDING (tooling)
  Hot set at memory speed: memory-hit p99 delta PENDING (tooling)
  Hot set at memory speed: memory-hit p99.9 delta PENDING (tooling)
  Cold reads: p99 < 1.5 ms on NVMe under loaded zipfian rows FAIL (DEV-TIER, non-binding)
  Memory honesty: RSS slope over the 24 h endurance run PENDING (tooling)
  Endurance: zero crashes over the full 24 h run PENDING (tooling)
  M3 regression: worst M3 gate delta on memory-mode namespaces PENDING (tooling)
  Recovery with tiering on: replay throughput per cell PENDING (tooling)
  Recovery with tiering on: 10 GB boot   PENDING (tooling)
  Never-none invariant: zero violations in the 10k-seed DST sweep PENDING (tooling)
  Crash + ENOSPC matrices: all fault points green PENDING (tooling)
  Foreground protection: p99.9 during demotion + compaction storms PENDING (tooling)

gate-run: report written to .artifacts/v0.4.0/soak-unified-20260814-0351/legs/1786700431-gate-run/report.md
gate-run: sidecar written to .artifacts/v0.4.0/soak-unified-20260814-0351/legs/1786700431-gate-run/mem-hit.tsv
== soak tier leg 4: seed 11104284394 (master 486541350 + 4 x 2654435761) ==
inf-bench env-check
  PROBE                RESULT
  git-dirty-tree       FAIL  dirty git tree: 2 uncommitted entries
  cpufreq-governor     PASS
  cpufreq-epp          PASS
  thermal-throttle     PASS
  power-source         SKIP  macos-only probe (this host: linux)
  low-power-mode       SKIP  macos-only probe (this host: linux)

  *** DIRTY TREE — dev run only, output is not citation-grade ***

env-check: OK
== ycsb row: ycsb-a-zipfian ==
== ycsb: saturation probe (ycsb-a-zipfian, +50% conns) ==
== ycsb row: ycsb-b-zipfian ==

== gate verdicts ==
  Degenerate A/B: pipelined ops regression PENDING (tooling)
  Degenerate A/B: pipelined p99.9 regression PENDING (tooling)
  Degenerate A/B: unpipelined ops regression PENDING (tooling)
  Degenerate A/B: unpipelined p99.9 regression PENDING (tooling)
  Degenerate A/B: ttl-heavy ops regression PENDING (tooling)
  Degenerate A/B: ttl-heavy p99.9 regression PENDING (tooling)
  Degenerate A/B: peak-RSS regression (worst row) PENDING (tooling)
  Memory-mode node constructs zero tiered tables PENDING (tooling)
  Tiering code-path counters identically zero PENDING (tooling)
  Write amplification, worst tiered namespace PASS
  Memory-only rows append zero log records (M2 posture carried) PENDING (tooling)
  Mixed-node attribution divergence (M4-S20) PENDING (tooling)
  Cache-namespace p99 isolation under the mixed node (M4-S20) PENDING (tooling)
  Hot set at memory speed: memory-hit p50 delta PENDING (tooling)
  Hot set at memory speed: memory-hit p99 delta PENDING (tooling)
  Hot set at memory speed: memory-hit p99.9 delta PENDING (tooling)
  Cold reads: p99 < 1.5 ms on NVMe under loaded zipfian rows FAIL (DEV-TIER, non-binding)
  Memory honesty: RSS slope over the 24 h endurance run PENDING (tooling)
  Endurance: zero crashes over the full 24 h run PENDING (tooling)
  M3 regression: worst M3 gate delta on memory-mode namespaces PENDING (tooling)
  Recovery with tiering on: replay throughput per cell PENDING (tooling)
  Recovery with tiering on: 10 GB boot   PENDING (tooling)
  Never-none invariant: zero violations in the 10k-seed DST sweep PENDING (tooling)
  Crash + ENOSPC matrices: all fault points green PENDING (tooling)
  Foreground protection: p99.9 during demotion + compaction storms PENDING (tooling)

gate-run: report written to .artifacts/v0.4.0/soak-unified-20260814-0351/legs/1786701936-gate-run/report.md
gate-run: sidecar written to .artifacts/v0.4.0/soak-unified-20260814-0351/legs/1786701936-gate-run/mem-hit.tsv
== soak tier leg 5: seed 13758720155 (master 486541350 + 5 x 2654435761) ==
inf-bench env-check
  PROBE                RESULT
  git-dirty-tree       FAIL  dirty git tree: 2 uncommitted entries
  cpufreq-governor     PASS
  cpufreq-epp          PASS
  thermal-throttle     PASS
  power-source         SKIP  macos-only probe (this host: linux)
  low-power-mode       SKIP  macos-only probe (this host: linux)

  *** DIRTY TREE — dev run only, output is not citation-grade ***

env-check: OK
== ycsb row: ycsb-a-zipfian ==
== ycsb: saturation probe (ycsb-a-zipfian, +50% conns) ==
== ycsb row: ycsb-b-zipfian ==

== gate verdicts ==
  Degenerate A/B: pipelined ops regression PENDING (tooling)
  Degenerate A/B: pipelined p99.9 regression PENDING (tooling)
  Degenerate A/B: unpipelined ops regression PENDING (tooling)
  Degenerate A/B: unpipelined p99.9 regression PENDING (tooling)
  Degenerate A/B: ttl-heavy ops regression PENDING (tooling)
  Degenerate A/B: ttl-heavy p99.9 regression PENDING (tooling)
  Degenerate A/B: peak-RSS regression (worst row) PENDING (tooling)
  Memory-mode node constructs zero tiered tables PENDING (tooling)
  Tiering code-path counters identically zero PENDING (tooling)
  Write amplification, worst tiered namespace PASS
  Memory-only rows append zero log records (M2 posture carried) PENDING (tooling)
  Mixed-node attribution divergence (M4-S20) PENDING (tooling)
  Cache-namespace p99 isolation under the mixed node (M4-S20) PENDING (tooling)
  Hot set at memory speed: memory-hit p50 delta PENDING (tooling)
  Hot set at memory speed: memory-hit p99 delta PENDING (tooling)
  Hot set at memory speed: memory-hit p99.9 delta PENDING (tooling)
  Cold reads: p99 < 1.5 ms on NVMe under loaded zipfian rows FAIL (DEV-TIER, non-binding)
  Memory honesty: RSS slope over the 24 h endurance run PENDING (tooling)
  Endurance: zero crashes over the full 24 h run PENDING (tooling)
  M3 regression: worst M3 gate delta on memory-mode namespaces PENDING (tooling)
  Recovery with tiering on: replay throughput per cell PENDING (tooling)
  Recovery with tiering on: 10 GB boot   PENDING (tooling)
  Never-none invariant: zero violations in the 10k-seed DST sweep PENDING (tooling)
  Crash + ENOSPC matrices: all fault points green PENDING (tooling)
  Foreground protection: p99.9 during demotion + compaction storms PENDING (tooling)

gate-run: report written to .artifacts/v0.4.0/soak-unified-20260814-0351/legs/1786703440-gate-run/report.md
gate-run: sidecar written to .artifacts/v0.4.0/soak-unified-20260814-0351/legs/1786703440-gate-run/mem-hit.tsv
== soak tier leg 6: seed 16413155916 (master 486541350 + 6 x 2654435761) ==
inf-bench env-check
  PROBE                RESULT
  git-dirty-tree       FAIL  dirty git tree: 2 uncommitted entries
  cpufreq-governor     PASS
  cpufreq-epp          PASS
  thermal-throttle     PASS
  power-source         SKIP  macos-only probe (this host: linux)
  low-power-mode       SKIP  macos-only probe (this host: linux)

  *** DIRTY TREE — dev run only, output is not citation-grade ***

env-check: OK
== ycsb row: ycsb-a-zipfian ==
== ycsb: saturation probe (ycsb-a-zipfian, +50% conns) ==
== ycsb row: ycsb-b-zipfian ==

== gate verdicts ==
  Degenerate A/B: pipelined ops regression PENDING (tooling)
  Degenerate A/B: pipelined p99.9 regression PENDING (tooling)
  Degenerate A/B: unpipelined ops regression PENDING (tooling)
  Degenerate A/B: unpipelined p99.9 regression PENDING (tooling)
  Degenerate A/B: ttl-heavy ops regression PENDING (tooling)
  Degenerate A/B: ttl-heavy p99.9 regression PENDING (tooling)
  Degenerate A/B: peak-RSS regression (worst row) PENDING (tooling)
  Memory-mode node constructs zero tiered tables PENDING (tooling)
  Tiering code-path counters identically zero PENDING (tooling)
  Write amplification, worst tiered namespace PASS
  Memory-only rows append zero log records (M2 posture carried) PENDING (tooling)
  Mixed-node attribution divergence (M4-S20) PENDING (tooling)
  Cache-namespace p99 isolation under the mixed node (M4-S20) PENDING (tooling)
  Hot set at memory speed: memory-hit p50 delta PENDING (tooling)
  Hot set at memory speed: memory-hit p99 delta PENDING (tooling)
  Hot set at memory speed: memory-hit p99.9 delta PENDING (tooling)
  Cold reads: p99 < 1.5 ms on NVMe under loaded zipfian rows FAIL (DEV-TIER, non-binding)
  Memory honesty: RSS slope over the 24 h endurance run PENDING (tooling)
  Endurance: zero crashes over the full 24 h run PENDING (tooling)
  M3 regression: worst M3 gate delta on memory-mode namespaces PENDING (tooling)
  Recovery with tiering on: replay throughput per cell PENDING (tooling)
  Recovery with tiering on: 10 GB boot   PENDING (tooling)
  Never-none invariant: zero violations in the 10k-seed DST sweep PENDING (tooling)
  Crash + ENOSPC matrices: all fault points green PENDING (tooling)
  Foreground protection: p99.9 during demotion + compaction storms PENDING (tooling)

gate-run: report written to .artifacts/v0.4.0/soak-unified-20260814-0351/legs/1786704944-gate-run/report.md
gate-run: sidecar written to .artifacts/v0.4.0/soak-unified-20260814-0351/legs/1786704944-gate-run/mem-hit.tsv
== soak tier leg 7: seed 19067591677 (master 486541350 + 7 x 2654435761) ==
inf-bench env-check
  PROBE                RESULT
  git-dirty-tree       FAIL  dirty git tree: 2 uncommitted entries
  cpufreq-governor     PASS
  cpufreq-epp          PASS
  thermal-throttle     PASS
  power-source         SKIP  macos-only probe (this host: linux)
  low-power-mode       SKIP  macos-only probe (this host: linux)

  *** DIRTY TREE — dev run only, output is not citation-grade ***

env-check: OK
== ycsb row: ycsb-a-zipfian ==
== ycsb: saturation probe (ycsb-a-zipfian, +50% conns) ==
== ycsb row: ycsb-b-zipfian ==

== gate verdicts ==
  Degenerate A/B: pipelined ops regression PENDING (tooling)
  Degenerate A/B: pipelined p99.9 regression PENDING (tooling)
  Degenerate A/B: unpipelined ops regression PENDING (tooling)
  Degenerate A/B: unpipelined p99.9 regression PENDING (tooling)
  Degenerate A/B: ttl-heavy ops regression PENDING (tooling)
  Degenerate A/B: ttl-heavy p99.9 regression PENDING (tooling)
  Degenerate A/B: peak-RSS regression (worst row) PENDING (tooling)
  Memory-mode node constructs zero tiered tables PENDING (tooling)
  Tiering code-path counters identically zero PENDING (tooling)
  Write amplification, worst tiered namespace PASS
  Memory-only rows append zero log records (M2 posture carried) PENDING (tooling)
  Mixed-node attribution divergence (M4-S20) PENDING (tooling)
  Cache-namespace p99 isolation under the mixed node (M4-S20) PENDING (tooling)
  Hot set at memory speed: memory-hit p50 delta PENDING (tooling)
  Hot set at memory speed: memory-hit p99 delta PENDING (tooling)
  Hot set at memory speed: memory-hit p99.9 delta PENDING (tooling)
  Cold reads: p99 < 1.5 ms on NVMe under loaded zipfian rows FAIL (DEV-TIER, non-binding)
  Memory honesty: RSS slope over the 24 h endurance run PENDING (tooling)
  Endurance: zero crashes over the full 24 h run PENDING (tooling)
  M3 regression: worst M3 gate delta on memory-mode namespaces PENDING (tooling)
  Recovery with tiering on: replay throughput per cell PENDING (tooling)
  Recovery with tiering on: 10 GB boot   PENDING (tooling)
  Never-none invariant: zero violations in the 10k-seed DST sweep PENDING (tooling)
  Crash + ENOSPC matrices: all fault points green PENDING (tooling)
  Foreground protection: p99.9 during demotion + compaction storms PENDING (tooling)

gate-run: report written to .artifacts/v0.4.0/soak-unified-20260814-0351/legs/1786706448-gate-run/report.md
gate-run: sidecar written to .artifacts/v0.4.0/soak-unified-20260814-0351/legs/1786706448-gate-run/mem-hit.tsv
== soak tier leg 8: seed 21722027438 (master 486541350 + 8 x 2654435761) ==
inf-bench env-check
  PROBE                RESULT
  git-dirty-tree       FAIL  dirty git tree: 2 uncommitted entries
  cpufreq-governor     PASS
  cpufreq-epp          PASS
  thermal-throttle     PASS
  power-source         SKIP  macos-only probe (this host: linux)
  low-power-mode       SKIP  macos-only probe (this host: linux)

  *** DIRTY TREE — dev run only, output is not citation-grade ***

env-check: OK
== ycsb row: ycsb-a-zipfian ==
== ycsb: saturation probe (ycsb-a-zipfian, +50% conns) ==
== ycsb row: ycsb-b-zipfian ==

== gate verdicts ==
  Degenerate A/B: pipelined ops regression PENDING (tooling)
  Degenerate A/B: pipelined p99.9 regression PENDING (tooling)
  Degenerate A/B: unpipelined ops regression PENDING (tooling)
  Degenerate A/B: unpipelined p99.9 regression PENDING (tooling)
  Degenerate A/B: ttl-heavy ops regression PENDING (tooling)
  Degenerate A/B: ttl-heavy p99.9 regression PENDING (tooling)
  Degenerate A/B: peak-RSS regression (worst row) PENDING (tooling)
  Memory-mode node constructs zero tiered tables PENDING (tooling)
  Tiering code-path counters identically zero PENDING (tooling)
  Write amplification, worst tiered namespace PASS
  Memory-only rows append zero log records (M2 posture carried) PENDING (tooling)
  Mixed-node attribution divergence (M4-S20) PENDING (tooling)
  Cache-namespace p99 isolation under the mixed node (M4-S20) PENDING (tooling)
  Hot set at memory speed: memory-hit p50 delta PENDING (tooling)
  Hot set at memory speed: memory-hit p99 delta PENDING (tooling)
  Hot set at memory speed: memory-hit p99.9 delta PENDING (tooling)
  Cold reads: p99 < 1.5 ms on NVMe under loaded zipfian rows FAIL (DEV-TIER, non-binding)
  Memory honesty: RSS slope over the 24 h endurance run PENDING (tooling)
  Endurance: zero crashes over the full 24 h run PENDING (tooling)
  M3 regression: worst M3 gate delta on memory-mode namespaces PENDING (tooling)
  Recovery with tiering on: replay throughput per cell PENDING (tooling)
  Recovery with tiering on: 10 GB boot   PENDING (tooling)
  Never-none invariant: zero violations in the 10k-seed DST sweep PENDING (tooling)
  Crash + ENOSPC matrices: all fault points green PENDING (tooling)
  Foreground protection: p99.9 during demotion + compaction storms PENDING (tooling)

gate-run: report written to .artifacts/v0.4.0/soak-unified-20260814-0351/legs/1786707952-gate-run/report.md
gate-run: sidecar written to .artifacts/v0.4.0/soak-unified-20260814-0351/legs/1786707952-gate-run/mem-hit.tsv
== soak tier leg 9: seed 24376463199 (master 486541350 + 9 x 2654435761) ==
inf-bench env-check
  PROBE                RESULT
  git-dirty-tree       FAIL  dirty git tree: 2 uncommitted entries
  cpufreq-governor     PASS
  cpufreq-epp          PASS
  thermal-throttle     PASS
  power-source         SKIP  macos-only probe (this host: linux)
  low-power-mode       SKIP  macos-only probe (this host: linux)

  *** DIRTY TREE — dev run only, output is not citation-grade ***

env-check: OK
== ycsb row: ycsb-a-zipfian ==
== ycsb: saturation probe (ycsb-a-zipfian, +50% conns) ==
== ycsb row: ycsb-b-zipfian ==

== gate verdicts ==
  Degenerate A/B: pipelined ops regression PENDING (tooling)
  Degenerate A/B: pipelined p99.9 regression PENDING (tooling)
  Degenerate A/B: unpipelined ops regression PENDING (tooling)
  Degenerate A/B: unpipelined p99.9 regression PENDING (tooling)
  Degenerate A/B: ttl-heavy ops regression PENDING (tooling)
  Degenerate A/B: ttl-heavy p99.9 regression PENDING (tooling)
  Degenerate A/B: peak-RSS regression (worst row) PENDING (tooling)
  Memory-mode node constructs zero tiered tables PENDING (tooling)
  Tiering code-path counters identically zero PENDING (tooling)
  Write amplification, worst tiered namespace PASS
  Memory-only rows append zero log records (M2 posture carried) PENDING (tooling)
  Mixed-node attribution divergence (M4-S20) PENDING (tooling)
  Cache-namespace p99 isolation under the mixed node (M4-S20) PENDING (tooling)
  Hot set at memory speed: memory-hit p50 delta PENDING (tooling)
  Hot set at memory speed: memory-hit p99 delta PENDING (tooling)
  Hot set at memory speed: memory-hit p99.9 delta PENDING (tooling)
  Cold reads: p99 < 1.5 ms on NVMe under loaded zipfian rows FAIL (DEV-TIER, non-binding)
  Memory honesty: RSS slope over the 24 h endurance run PENDING (tooling)
  Endurance: zero crashes over the full 24 h run PENDING (tooling)
  M3 regression: worst M3 gate delta on memory-mode namespaces PENDING (tooling)
  Recovery with tiering on: replay throughput per cell PENDING (tooling)
  Recovery with tiering on: 10 GB boot   PENDING (tooling)
  Never-none invariant: zero violations in the 10k-seed DST sweep PENDING (tooling)
  Crash + ENOSPC matrices: all fault points green PENDING (tooling)
  Foreground protection: p99.9 during demotion + compaction storms PENDING (tooling)

gate-run: report written to .artifacts/v0.4.0/soak-unified-20260814-0351/legs/1786709457-gate-run/report.md
gate-run: sidecar written to .artifacts/v0.4.0/soak-unified-20260814-0351/legs/1786709457-gate-run/mem-hit.tsv
== soak tier leg 10: seed 27030898960 (master 486541350 + 10 x 2654435761) ==
inf-bench env-check
  PROBE                RESULT
  git-dirty-tree       FAIL  dirty git tree: 2 uncommitted entries
  cpufreq-governor     PASS
  cpufreq-epp          PASS
  thermal-throttle     PASS
  power-source         SKIP  macos-only probe (this host: linux)
  low-power-mode       SKIP  macos-only probe (this host: linux)

  *** DIRTY TREE — dev run only, output is not citation-grade ***

env-check: OK
== ycsb row: ycsb-a-zipfian ==
== ycsb: saturation probe (ycsb-a-zipfian, +50% conns) ==
== ycsb row: ycsb-b-zipfian ==

== gate verdicts ==
  Degenerate A/B: pipelined ops regression PENDING (tooling)
  Degenerate A/B: pipelined p99.9 regression PENDING (tooling)
  Degenerate A/B: unpipelined ops regression PENDING (tooling)
  Degenerate A/B: unpipelined p99.9 regression PENDING (tooling)
  Degenerate A/B: ttl-heavy ops regression PENDING (tooling)
  Degenerate A/B: ttl-heavy p99.9 regression PENDING (tooling)
  Degenerate A/B: peak-RSS regression (worst row) PENDING (tooling)
  Memory-mode node constructs zero tiered tables PENDING (tooling)
  Tiering code-path counters identically zero PENDING (tooling)
  Write amplification, worst tiered namespace PASS
  Memory-only rows append zero log records (M2 posture carried) PENDING (tooling)
  Mixed-node attribution divergence (M4-S20) PENDING (tooling)
  Cache-namespace p99 isolation under the mixed node (M4-S20) PENDING (tooling)
  Hot set at memory speed: memory-hit p50 delta PENDING (tooling)
  Hot set at memory speed: memory-hit p99 delta PENDING (tooling)
  Hot set at memory speed: memory-hit p99.9 delta PENDING (tooling)
  Cold reads: p99 < 1.5 ms on NVMe under loaded zipfian rows FAIL (DEV-TIER, non-binding)
  Memory honesty: RSS slope over the 24 h endurance run PENDING (tooling)
  Endurance: zero crashes over the full 24 h run PENDING (tooling)
  M3 regression: worst M3 gate delta on memory-mode namespaces PENDING (tooling)
  Recovery with tiering on: replay throughput per cell PENDING (tooling)
  Recovery with tiering on: 10 GB boot   PENDING (tooling)
  Never-none invariant: zero violations in the 10k-seed DST sweep PENDING (tooling)
  Crash + ENOSPC matrices: all fault points green PENDING (tooling)
  Foreground protection: p99.9 during demotion + compaction storms PENDING (tooling)

gate-run: report written to .artifacts/v0.4.0/soak-unified-20260814-0351/legs/1786710963-gate-run/report.md
gate-run: sidecar written to .artifacts/v0.4.0/soak-unified-20260814-0351/legs/1786710963-gate-run/mem-hit.tsv
== soak tier leg 11: seed 29685334721 (master 486541350 + 11 x 2654435761) ==
inf-bench env-check
  PROBE                RESULT
  git-dirty-tree       FAIL  dirty git tree: 2 uncommitted entries
  cpufreq-governor     PASS
  cpufreq-epp          PASS
  thermal-throttle     PASS
  power-source         SKIP  macos-only probe (this host: linux)
  low-power-mode       SKIP  macos-only probe (this host: linux)

  *** DIRTY TREE — dev run only, output is not citation-grade ***

env-check: OK
== ycsb row: ycsb-a-zipfian ==
== ycsb: saturation probe (ycsb-a-zipfian, +50% conns) ==
== ycsb row: ycsb-b-zipfian ==

== gate verdicts ==
  Degenerate A/B: pipelined ops regression PENDING (tooling)
  Degenerate A/B: pipelined p99.9 regression PENDING (tooling)
  Degenerate A/B: unpipelined ops regression PENDING (tooling)
  Degenerate A/B: unpipelined p99.9 regression PENDING (tooling)
  Degenerate A/B: ttl-heavy ops regression PENDING (tooling)
  Degenerate A/B: ttl-heavy p99.9 regression PENDING (tooling)
  Degenerate A/B: peak-RSS regression (worst row) PENDING (tooling)
  Memory-mode node constructs zero tiered tables PENDING (tooling)
  Tiering code-path counters identically zero PENDING (tooling)
  Write amplification, worst tiered namespace PASS
  Memory-only rows append zero log records (M2 posture carried) PENDING (tooling)
  Mixed-node attribution divergence (M4-S20) PENDING (tooling)
  Cache-namespace p99 isolation under the mixed node (M4-S20) PENDING (tooling)
  Hot set at memory speed: memory-hit p50 delta PENDING (tooling)
  Hot set at memory speed: memory-hit p99 delta PENDING (tooling)
  Hot set at memory speed: memory-hit p99.9 delta PENDING (tooling)
  Cold reads: p99 < 1.5 ms on NVMe under loaded zipfian rows FAIL (DEV-TIER, non-binding)
  Memory honesty: RSS slope over the 24 h endurance run PENDING (tooling)
  Endurance: zero crashes over the full 24 h run PENDING (tooling)
  M3 regression: worst M3 gate delta on memory-mode namespaces PENDING (tooling)
  Recovery with tiering on: replay throughput per cell PENDING (tooling)
  Recovery with tiering on: 10 GB boot   PENDING (tooling)
  Never-none invariant: zero violations in the 10k-seed DST sweep PENDING (tooling)
  Crash + ENOSPC matrices: all fault points green PENDING (tooling)
  Foreground protection: p99.9 during demotion + compaction storms PENDING (tooling)

gate-run: report written to .artifacts/v0.4.0/soak-unified-20260814-0351/legs/1786712467-gate-run/report.md
gate-run: sidecar written to .artifacts/v0.4.0/soak-unified-20260814-0351/legs/1786712467-gate-run/mem-hit.tsv
== soak tier leg 12: seed 32339770482 (master 486541350 + 12 x 2654435761) ==
inf-bench env-check
  PROBE                RESULT
  git-dirty-tree       FAIL  dirty git tree: 2 uncommitted entries
  cpufreq-governor     PASS
  cpufreq-epp          PASS
  thermal-throttle     PASS
  power-source         SKIP  macos-only probe (this host: linux)
  low-power-mode       SKIP  macos-only probe (this host: linux)

  *** DIRTY TREE — dev run only, output is not citation-grade ***

env-check: OK
== ycsb row: ycsb-a-zipfian ==
== ycsb: saturation probe (ycsb-a-zipfian, +50% conns) ==
== ycsb row: ycsb-b-zipfian ==

== gate verdicts ==
  Degenerate A/B: pipelined ops regression PENDING (tooling)
  Degenerate A/B: pipelined p99.9 regression PENDING (tooling)
  Degenerate A/B: unpipelined ops regression PENDING (tooling)
  Degenerate A/B: unpipelined p99.9 regression PENDING (tooling)
  Degenerate A/B: ttl-heavy ops regression PENDING (tooling)
  Degenerate A/B: ttl-heavy p99.9 regression PENDING (tooling)
  Degenerate A/B: peak-RSS regression (worst row) PENDING (tooling)
  Memory-mode node constructs zero tiered tables PENDING (tooling)
  Tiering code-path counters identically zero PENDING (tooling)
  Write amplification, worst tiered namespace PASS
  Memory-only rows append zero log records (M2 posture carried) PENDING (tooling)
  Mixed-node attribution divergence (M4-S20) PENDING (tooling)
  Cache-namespace p99 isolation under the mixed node (M4-S20) PENDING (tooling)
  Hot set at memory speed: memory-hit p50 delta PENDING (tooling)
  Hot set at memory speed: memory-hit p99 delta PENDING (tooling)
  Hot set at memory speed: memory-hit p99.9 delta PENDING (tooling)
  Cold reads: p99 < 1.5 ms on NVMe under loaded zipfian rows FAIL (DEV-TIER, non-binding)
  Memory honesty: RSS slope over the 24 h endurance run PENDING (tooling)
  Endurance: zero crashes over the full 24 h run PENDING (tooling)
  M3 regression: worst M3 gate delta on memory-mode namespaces PENDING (tooling)
  Recovery with tiering on: replay throughput per cell PENDING (tooling)
  Recovery with tiering on: 10 GB boot   PENDING (tooling)
  Never-none invariant: zero violations in the 10k-seed DST sweep PENDING (tooling)
  Crash + ENOSPC matrices: all fault points green PENDING (tooling)
  Foreground protection: p99.9 during demotion + compaction storms PENDING (tooling)

gate-run: report written to .artifacts/v0.4.0/soak-unified-20260814-0351/legs/1786713971-gate-run/report.md
gate-run: sidecar written to .artifacts/v0.4.0/soak-unified-20260814-0351/legs/1786713971-gate-run/mem-hit.tsv
== soak tier leg 13: seed 34994206243 (master 486541350 + 13 x 2654435761) ==
inf-bench env-check
  PROBE                RESULT
  git-dirty-tree       FAIL  dirty git tree: 2 uncommitted entries
  cpufreq-governor     PASS
  cpufreq-epp          PASS
  thermal-throttle     PASS
  power-source         SKIP  macos-only probe (this host: linux)
  low-power-mode       SKIP  macos-only probe (this host: linux)

  *** DIRTY TREE — dev run only, output is not citation-grade ***

env-check: OK
== ycsb row: ycsb-a-zipfian ==
== ycsb: saturation probe (ycsb-a-zipfian, +50% conns) ==
== ycsb row: ycsb-b-zipfian ==

== gate verdicts ==
  Degenerate A/B: pipelined ops regression PENDING (tooling)
  Degenerate A/B: pipelined p99.9 regression PENDING (tooling)
  Degenerate A/B: unpipelined ops regression PENDING (tooling)
  Degenerate A/B: unpipelined p99.9 regression PENDING (tooling)
  Degenerate A/B: ttl-heavy ops regression PENDING (tooling)
  Degenerate A/B: ttl-heavy p99.9 regression PENDING (tooling)
  Degenerate A/B: peak-RSS regression (worst row) PENDING (tooling)
  Memory-mode node constructs zero tiered tables PENDING (tooling)
  Tiering code-path counters identically zero PENDING (tooling)
  Write amplification, worst tiered namespace PASS
  Memory-only rows append zero log records (M2 posture carried) PENDING (tooling)
  Mixed-node attribution divergence (M4-S20) PENDING (tooling)
  Cache-namespace p99 isolation under the mixed node (M4-S20) PENDING (tooling)
  Hot set at memory speed: memory-hit p50 delta PENDING (tooling)
  Hot set at memory speed: memory-hit p99 delta PENDING (tooling)
  Hot set at memory speed: memory-hit p99.9 delta PENDING (tooling)
  Cold reads: p99 < 1.5 ms on NVMe under loaded zipfian rows FAIL (DEV-TIER, non-binding)
  Memory honesty: RSS slope over the 24 h endurance run PENDING (tooling)
  Endurance: zero crashes over the full 24 h run PENDING (tooling)
  M3 regression: worst M3 gate delta on memory-mode namespaces PENDING (tooling)
  Recovery with tiering on: replay throughput per cell PENDING (tooling)
  Recovery with tiering on: 10 GB boot   PENDING (tooling)
  Never-none invariant: zero violations in the 10k-seed DST sweep PENDING (tooling)
  Crash + ENOSPC matrices: all fault points green PENDING (tooling)
  Foreground protection: p99.9 during demotion + compaction storms PENDING (tooling)

gate-run: report written to .artifacts/v0.4.0/soak-unified-20260814-0351/legs/1786715475-gate-run/report.md
gate-run: sidecar written to .artifacts/v0.4.0/soak-unified-20260814-0351/legs/1786715475-gate-run/mem-hit.tsv
== soak tier leg 14: seed 37648642004 (master 486541350 + 14 x 2654435761) ==
inf-bench env-check
  PROBE                RESULT
  git-dirty-tree       FAIL  dirty git tree: 2 uncommitted entries
  cpufreq-governor     PASS
  cpufreq-epp          PASS
  thermal-throttle     PASS
  power-source         SKIP  macos-only probe (this host: linux)
  low-power-mode       SKIP  macos-only probe (this host: linux)

  *** DIRTY TREE — dev run only, output is not citation-grade ***

env-check: OK
== ycsb row: ycsb-a-zipfian ==
== ycsb: saturation probe (ycsb-a-zipfian, +50% conns) ==
== ycsb row: ycsb-b-zipfian ==

== gate verdicts ==
  Degenerate A/B: pipelined ops regression PENDING (tooling)
  Degenerate A/B: pipelined p99.9 regression PENDING (tooling)
  Degenerate A/B: unpipelined ops regression PENDING (tooling)
  Degenerate A/B: unpipelined p99.9 regression PENDING (tooling)
  Degenerate A/B: ttl-heavy ops regression PENDING (tooling)
  Degenerate A/B: ttl-heavy p99.9 regression PENDING (tooling)
  Degenerate A/B: peak-RSS regression (worst row) PENDING (tooling)
  Memory-mode node constructs zero tiered tables PENDING (tooling)
  Tiering code-path counters identically zero PENDING (tooling)
  Write amplification, worst tiered namespace PASS
  Memory-only rows append zero log records (M2 posture carried) PENDING (tooling)
  Mixed-node attribution divergence (M4-S20) PENDING (tooling)
  Cache-namespace p99 isolation under the mixed node (M4-S20) PENDING (tooling)
  Hot set at memory speed: memory-hit p50 delta PENDING (tooling)
  Hot set at memory speed: memory-hit p99 delta PENDING (tooling)
  Hot set at memory speed: memory-hit p99.9 delta PENDING (tooling)
  Cold reads: p99 < 1.5 ms on NVMe under loaded zipfian rows FAIL (DEV-TIER, non-binding)
  Memory honesty: RSS slope over the 24 h endurance run PENDING (tooling)
  Endurance: zero crashes over the full 24 h run PENDING (tooling)
  M3 regression: worst M3 gate delta on memory-mode namespaces PENDING (tooling)
  Recovery with tiering on: replay throughput per cell PENDING (tooling)
  Recovery with tiering on: 10 GB boot   PENDING (tooling)
  Never-none invariant: zero violations in the 10k-seed DST sweep PENDING (tooling)
  Crash + ENOSPC matrices: all fault points green PENDING (tooling)
  Foreground protection: p99.9 during demotion + compaction storms PENDING (tooling)

gate-run: report written to .artifacts/v0.4.0/soak-unified-20260814-0351/legs/1786716979-gate-run/report.md
gate-run: sidecar written to .artifacts/v0.4.0/soak-unified-20260814-0351/legs/1786716979-gate-run/mem-hit.tsv
== soak tier leg 15: seed 40303077765 (master 486541350 + 15 x 2654435761) ==
inf-bench env-check
  PROBE                RESULT
  git-dirty-tree       FAIL  dirty git tree: 2 uncommitted entries
  cpufreq-governor     PASS
  cpufreq-epp          PASS
  thermal-throttle     PASS
  power-source         SKIP  macos-only probe (this host: linux)
  low-power-mode       SKIP  macos-only probe (this host: linux)

  *** DIRTY TREE — dev run only, output is not citation-grade ***

env-check: OK
== ycsb row: ycsb-a-zipfian ==
== ycsb: saturation probe (ycsb-a-zipfian, +50% conns) ==
== ycsb row: ycsb-b-zipfian ==

== gate verdicts ==
  Degenerate A/B: pipelined ops regression PENDING (tooling)
  Degenerate A/B: pipelined p99.9 regression PENDING (tooling)
  Degenerate A/B: unpipelined ops regression PENDING (tooling)
  Degenerate A/B: unpipelined p99.9 regression PENDING (tooling)
  Degenerate A/B: ttl-heavy ops regression PENDING (tooling)
  Degenerate A/B: ttl-heavy p99.9 regression PENDING (tooling)
  Degenerate A/B: peak-RSS regression (worst row) PENDING (tooling)
  Memory-mode node constructs zero tiered tables PENDING (tooling)
  Tiering code-path counters identically zero PENDING (tooling)
  Write amplification, worst tiered namespace PASS
  Memory-only rows append zero log records (M2 posture carried) PENDING (tooling)
  Mixed-node attribution divergence (M4-S20) PENDING (tooling)
  Cache-namespace p99 isolation under the mixed node (M4-S20) PENDING (tooling)
  Hot set at memory speed: memory-hit p50 delta PENDING (tooling)
  Hot set at memory speed: memory-hit p99 delta PENDING (tooling)
  Hot set at memory speed: memory-hit p99.9 delta PENDING (tooling)
  Cold reads: p99 < 1.5 ms on NVMe under loaded zipfian rows FAIL (DEV-TIER, non-binding)
  Memory honesty: RSS slope over the 24 h endurance run PENDING (tooling)
  Endurance: zero crashes over the full 24 h run PENDING (tooling)
  M3 regression: worst M3 gate delta on memory-mode namespaces PENDING (tooling)
  Recovery with tiering on: replay throughput per cell PENDING (tooling)
  Recovery with tiering on: 10 GB boot   PENDING (tooling)
  Never-none invariant: zero violations in the 10k-seed DST sweep PENDING (tooling)
  Crash + ENOSPC matrices: all fault points green PENDING (tooling)
  Foreground protection: p99.9 during demotion + compaction storms PENDING (tooling)

gate-run: report written to .artifacts/v0.4.0/soak-unified-20260814-0351/legs/1786718484-gate-run/report.md
gate-run: sidecar written to .artifacts/v0.4.0/soak-unified-20260814-0351/legs/1786718484-gate-run/mem-hit.tsv
== soak tier leg 16: seed 42957513526 (master 486541350 + 16 x 2654435761) ==
inf-bench env-check
  PROBE                RESULT
  git-dirty-tree       FAIL  dirty git tree: 2 uncommitted entries
  cpufreq-governor     PASS
  cpufreq-epp          PASS
  thermal-throttle     PASS
  power-source         SKIP  macos-only probe (this host: linux)
  low-power-mode       SKIP  macos-only probe (this host: linux)

  *** DIRTY TREE — dev run only, output is not citation-grade ***

env-check: OK
== ycsb row: ycsb-a-zipfian ==
== ycsb: saturation probe (ycsb-a-zipfian, +50% conns) ==
== ycsb row: ycsb-b-zipfian ==

== gate verdicts ==
  Degenerate A/B: pipelined ops regression PENDING (tooling)
  Degenerate A/B: pipelined p99.9 regression PENDING (tooling)
  Degenerate A/B: unpipelined ops regression PENDING (tooling)
  Degenerate A/B: unpipelined p99.9 regression PENDING (tooling)
  Degenerate A/B: ttl-heavy ops regression PENDING (tooling)
  Degenerate A/B: ttl-heavy p99.9 regression PENDING (tooling)
  Degenerate A/B: peak-RSS regression (worst row) PENDING (tooling)
  Memory-mode node constructs zero tiered tables PENDING (tooling)
  Tiering code-path counters identically zero PENDING (tooling)
  Write amplification, worst tiered namespace PASS
  Memory-only rows append zero log records (M2 posture carried) PENDING (tooling)
  Mixed-node attribution divergence (M4-S20) PENDING (tooling)
  Cache-namespace p99 isolation under the mixed node (M4-S20) PENDING (tooling)
  Hot set at memory speed: memory-hit p50 delta PENDING (tooling)
  Hot set at memory speed: memory-hit p99 delta PENDING (tooling)
  Hot set at memory speed: memory-hit p99.9 delta PENDING (tooling)
  Cold reads: p99 < 1.5 ms on NVMe under loaded zipfian rows FAIL (DEV-TIER, non-binding)
  Memory honesty: RSS slope over the 24 h endurance run PENDING (tooling)
  Endurance: zero crashes over the full 24 h run PENDING (tooling)
  M3 regression: worst M3 gate delta on memory-mode namespaces PENDING (tooling)
  Recovery with tiering on: replay throughput per cell PENDING (tooling)
  Recovery with tiering on: 10 GB boot   PENDING (tooling)
  Never-none invariant: zero violations in the 10k-seed DST sweep PENDING (tooling)
  Crash + ENOSPC matrices: all fault points green PENDING (tooling)
  Foreground protection: p99.9 during demotion + compaction storms PENDING (tooling)

gate-run: report written to .artifacts/v0.4.0/soak-unified-20260814-0351/legs/1786719988-gate-run/report.md
gate-run: sidecar written to .artifacts/v0.4.0/soak-unified-20260814-0351/legs/1786719988-gate-run/mem-hit.tsv
== soak tier leg 17: seed 45611949287 (master 486541350 + 17 x 2654435761) ==
inf-bench env-check
  PROBE                RESULT
  git-dirty-tree       FAIL  dirty git tree: 2 uncommitted entries
  cpufreq-governor     PASS
  cpufreq-epp          PASS
  thermal-throttle     PASS
  power-source         SKIP  macos-only probe (this host: linux)
  low-power-mode       SKIP  macos-only probe (this host: linux)

  *** DIRTY TREE — dev run only, output is not citation-grade ***

env-check: OK
== ycsb row: ycsb-a-zipfian ==
== ycsb: saturation probe (ycsb-a-zipfian, +50% conns) ==
== ycsb row: ycsb-b-zipfian ==

== gate verdicts ==
  Degenerate A/B: pipelined ops regression PENDING (tooling)
  Degenerate A/B: pipelined p99.9 regression PENDING (tooling)
  Degenerate A/B: unpipelined ops regression PENDING (tooling)
  Degenerate A/B: unpipelined p99.9 regression PENDING (tooling)
  Degenerate A/B: ttl-heavy ops regression PENDING (tooling)
  Degenerate A/B: ttl-heavy p99.9 regression PENDING (tooling)
  Degenerate A/B: peak-RSS regression (worst row) PENDING (tooling)
  Memory-mode node constructs zero tiered tables PENDING (tooling)
  Tiering code-path counters identically zero PENDING (tooling)
  Write amplification, worst tiered namespace PASS
  Memory-only rows append zero log records (M2 posture carried) PENDING (tooling)
  Mixed-node attribution divergence (M4-S20) PENDING (tooling)
  Cache-namespace p99 isolation under the mixed node (M4-S20) PENDING (tooling)
  Hot set at memory speed: memory-hit p50 delta PENDING (tooling)
  Hot set at memory speed: memory-hit p99 delta PENDING (tooling)
  Hot set at memory speed: memory-hit p99.9 delta PENDING (tooling)
  Cold reads: p99 < 1.5 ms on NVMe under loaded zipfian rows FAIL (DEV-TIER, non-binding)
  Memory honesty: RSS slope over the 24 h endurance run PENDING (tooling)
  Endurance: zero crashes over the full 24 h run PENDING (tooling)
  M3 regression: worst M3 gate delta on memory-mode namespaces PENDING (tooling)
  Recovery with tiering on: replay throughput per cell PENDING (tooling)
  Recovery with tiering on: 10 GB boot   PENDING (tooling)
  Never-none invariant: zero violations in the 10k-seed DST sweep PENDING (tooling)
  Crash + ENOSPC matrices: all fault points green PENDING (tooling)
  Foreground protection: p99.9 during demotion + compaction storms PENDING (tooling)

gate-run: report written to .artifacts/v0.4.0/soak-unified-20260814-0351/legs/1786721492-gate-run/report.md
gate-run: sidecar written to .artifacts/v0.4.0/soak-unified-20260814-0351/legs/1786721492-gate-run/mem-hit.tsv
== soak tier leg 18: seed 48266385048 (master 486541350 + 18 x 2654435761) ==
inf-bench env-check
  PROBE                RESULT
  git-dirty-tree       FAIL  dirty git tree: 2 uncommitted entries
  cpufreq-governor     PASS
  cpufreq-epp          PASS
  thermal-throttle     PASS
  power-source         SKIP  macos-only probe (this host: linux)
  low-power-mode       SKIP  macos-only probe (this host: linux)

  *** DIRTY TREE — dev run only, output is not citation-grade ***

env-check: OK
== ycsb row: ycsb-a-zipfian ==
== ycsb: saturation probe (ycsb-a-zipfian, +50% conns) ==
== ycsb row: ycsb-b-zipfian ==

== gate verdicts ==
  Degenerate A/B: pipelined ops regression PENDING (tooling)
  Degenerate A/B: pipelined p99.9 regression PENDING (tooling)
  Degenerate A/B: unpipelined ops regression PENDING (tooling)
  Degenerate A/B: unpipelined p99.9 regression PENDING (tooling)
  Degenerate A/B: ttl-heavy ops regression PENDING (tooling)
  Degenerate A/B: ttl-heavy p99.9 regression PENDING (tooling)
  Degenerate A/B: peak-RSS regression (worst row) PENDING (tooling)
  Memory-mode node constructs zero tiered tables PENDING (tooling)
  Tiering code-path counters identically zero PENDING (tooling)
  Write amplification, worst tiered namespace PASS
  Memory-only rows append zero log records (M2 posture carried) PENDING (tooling)
  Mixed-node attribution divergence (M4-S20) PENDING (tooling)
  Cache-namespace p99 isolation under the mixed node (M4-S20) PENDING (tooling)
  Hot set at memory speed: memory-hit p50 delta PENDING (tooling)
  Hot set at memory speed: memory-hit p99 delta PENDING (tooling)
  Hot set at memory speed: memory-hit p99.9 delta PENDING (tooling)
  Cold reads: p99 < 1.5 ms on NVMe under loaded zipfian rows FAIL (DEV-TIER, non-binding)
  Memory honesty: RSS slope over the 24 h endurance run PENDING (tooling)
  Endurance: zero crashes over the full 24 h run PENDING (tooling)
  M3 regression: worst M3 gate delta on memory-mode namespaces PENDING (tooling)
  Recovery with tiering on: replay throughput per cell PENDING (tooling)
  Recovery with tiering on: 10 GB boot   PENDING (tooling)
  Never-none invariant: zero violations in the 10k-seed DST sweep PENDING (tooling)
  Crash + ENOSPC matrices: all fault points green PENDING (tooling)
  Foreground protection: p99.9 during demotion + compaction storms PENDING (tooling)

gate-run: report written to .artifacts/v0.4.0/soak-unified-20260814-0351/legs/1786722997-gate-run/report.md
gate-run: sidecar written to .artifacts/v0.4.0/soak-unified-20260814-0351/legs/1786722997-gate-run/mem-hit.tsv
== soak tier leg 19: seed 50920820809 (master 486541350 + 19 x 2654435761) ==
inf-bench env-check
  PROBE                RESULT
  git-dirty-tree       FAIL  dirty git tree: 2 uncommitted entries
  cpufreq-governor     PASS
  cpufreq-epp          PASS
  thermal-throttle     PASS
  power-source         SKIP  macos-only probe (this host: linux)
  low-power-mode       SKIP  macos-only probe (this host: linux)

  *** DIRTY TREE — dev run only, output is not citation-grade ***

env-check: OK
== ycsb row: ycsb-a-zipfian ==
== ycsb: saturation probe (ycsb-a-zipfian, +50% conns) ==
== ycsb row: ycsb-b-zipfian ==

== gate verdicts ==
  Degenerate A/B: pipelined ops regression PENDING (tooling)
  Degenerate A/B: pipelined p99.9 regression PENDING (tooling)
  Degenerate A/B: unpipelined ops regression PENDING (tooling)
  Degenerate A/B: unpipelined p99.9 regression PENDING (tooling)
  Degenerate A/B: ttl-heavy ops regression PENDING (tooling)
  Degenerate A/B: ttl-heavy p99.9 regression PENDING (tooling)
  Degenerate A/B: peak-RSS regression (worst row) PENDING (tooling)
  Memory-mode node constructs zero tiered tables PENDING (tooling)
  Tiering code-path counters identically zero PENDING (tooling)
  Write amplification, worst tiered namespace PASS
  Memory-only rows append zero log records (M2 posture carried) PENDING (tooling)
  Mixed-node attribution divergence (M4-S20) PENDING (tooling)
  Cache-namespace p99 isolation under the mixed node (M4-S20) PENDING (tooling)
  Hot set at memory speed: memory-hit p50 delta PENDING (tooling)
  Hot set at memory speed: memory-hit p99 delta PENDING (tooling)
  Hot set at memory speed: memory-hit p99.9 delta PENDING (tooling)
  Cold reads: p99 < 1.5 ms on NVMe under loaded zipfian rows FAIL (DEV-TIER, non-binding)
  Memory honesty: RSS slope over the 24 h endurance run PENDING (tooling)
  Endurance: zero crashes over the full 24 h run PENDING (tooling)
  M3 regression: worst M3 gate delta on memory-mode namespaces PENDING (tooling)
  Recovery with tiering on: replay throughput per cell PENDING (tooling)
  Recovery with tiering on: 10 GB boot   PENDING (tooling)
  Never-none invariant: zero violations in the 10k-seed DST sweep PENDING (tooling)
  Crash + ENOSPC matrices: all fault points green PENDING (tooling)
  Foreground protection: p99.9 during demotion + compaction storms PENDING (tooling)

gate-run: report written to .artifacts/v0.4.0/soak-unified-20260814-0351/legs/1786724500-gate-run/report.md
gate-run: sidecar written to .artifacts/v0.4.0/soak-unified-20260814-0351/legs/1786724500-gate-run/mem-hit.tsv
== soak tier leg 20: seed 53575256570 (master 486541350 + 20 x 2654435761) ==
inf-bench env-check
  PROBE                RESULT
  git-dirty-tree       FAIL  dirty git tree: 2 uncommitted entries
  cpufreq-governor     PASS
  cpufreq-epp          PASS
  thermal-throttle     PASS
  power-source         SKIP  macos-only probe (this host: linux)
  low-power-mode       SKIP  macos-only probe (this host: linux)

  *** DIRTY TREE — dev run only, output is not citation-grade ***

env-check: OK
== ycsb row: ycsb-a-zipfian ==
== ycsb: saturation probe (ycsb-a-zipfian, +50% conns) ==
== ycsb row: ycsb-b-zipfian ==

== gate verdicts ==
  Degenerate A/B: pipelined ops regression PENDING (tooling)
  Degenerate A/B: pipelined p99.9 regression PENDING (tooling)
  Degenerate A/B: unpipelined ops regression PENDING (tooling)
  Degenerate A/B: unpipelined p99.9 regression PENDING (tooling)
  Degenerate A/B: ttl-heavy ops regression PENDING (tooling)
  Degenerate A/B: ttl-heavy p99.9 regression PENDING (tooling)
  Degenerate A/B: peak-RSS regression (worst row) PENDING (tooling)
  Memory-mode node constructs zero tiered tables PENDING (tooling)
  Tiering code-path counters identically zero PENDING (tooling)
  Write amplification, worst tiered namespace PASS
  Memory-only rows append zero log records (M2 posture carried) PENDING (tooling)
  Mixed-node attribution divergence (M4-S20) PENDING (tooling)
  Cache-namespace p99 isolation under the mixed node (M4-S20) PENDING (tooling)
  Hot set at memory speed: memory-hit p50 delta PENDING (tooling)
  Hot set at memory speed: memory-hit p99 delta PENDING (tooling)
  Hot set at memory speed: memory-hit p99.9 delta PENDING (tooling)
  Cold reads: p99 < 1.5 ms on NVMe under loaded zipfian rows FAIL (DEV-TIER, non-binding)
  Memory honesty: RSS slope over the 24 h endurance run PENDING (tooling)
  Endurance: zero crashes over the full 24 h run PENDING (tooling)
  M3 regression: worst M3 gate delta on memory-mode namespaces PENDING (tooling)
  Recovery with tiering on: replay throughput per cell PENDING (tooling)
  Recovery with tiering on: 10 GB boot   PENDING (tooling)
  Never-none invariant: zero violations in the 10k-seed DST sweep PENDING (tooling)
  Crash + ENOSPC matrices: all fault points green PENDING (tooling)
  Foreground protection: p99.9 during demotion + compaction storms PENDING (tooling)

gate-run: report written to .artifacts/v0.4.0/soak-unified-20260814-0351/legs/1786726004-gate-run/report.md
gate-run: sidecar written to .artifacts/v0.4.0/soak-unified-20260814-0351/legs/1786726004-gate-run/mem-hit.tsv
== soak tier leg 21: seed 56229692331 (master 486541350 + 21 x 2654435761) ==
inf-bench env-check
  PROBE                RESULT
  git-dirty-tree       FAIL  dirty git tree: 2 uncommitted entries
  cpufreq-governor     PASS
  cpufreq-epp          PASS
  thermal-throttle     PASS
  power-source         SKIP  macos-only probe (this host: linux)
  low-power-mode       SKIP  macos-only probe (this host: linux)

  *** DIRTY TREE — dev run only, output is not citation-grade ***

env-check: OK
== ycsb row: ycsb-a-zipfian ==
== ycsb: saturation probe (ycsb-a-zipfian, +50% conns) ==
== ycsb row: ycsb-b-zipfian ==

== gate verdicts ==
  Degenerate A/B: pipelined ops regression PENDING (tooling)
  Degenerate A/B: pipelined p99.9 regression PENDING (tooling)
  Degenerate A/B: unpipelined ops regression PENDING (tooling)
  Degenerate A/B: unpipelined p99.9 regression PENDING (tooling)
  Degenerate A/B: ttl-heavy ops regression PENDING (tooling)
  Degenerate A/B: ttl-heavy p99.9 regression PENDING (tooling)
  Degenerate A/B: peak-RSS regression (worst row) PENDING (tooling)
  Memory-mode node constructs zero tiered tables PENDING (tooling)
  Tiering code-path counters identically zero PENDING (tooling)
  Write amplification, worst tiered namespace PASS
  Memory-only rows append zero log records (M2 posture carried) PENDING (tooling)
  Mixed-node attribution divergence (M4-S20) PENDING (tooling)
  Cache-namespace p99 isolation under the mixed node (M4-S20) PENDING (tooling)
  Hot set at memory speed: memory-hit p50 delta PENDING (tooling)
  Hot set at memory speed: memory-hit p99 delta PENDING (tooling)
  Hot set at memory speed: memory-hit p99.9 delta PENDING (tooling)
  Cold reads: p99 < 1.5 ms on NVMe under loaded zipfian rows FAIL (DEV-TIER, non-binding)
  Memory honesty: RSS slope over the 24 h endurance run PENDING (tooling)
  Endurance: zero crashes over the full 24 h run PENDING (tooling)
  M3 regression: worst M3 gate delta on memory-mode namespaces PENDING (tooling)
  Recovery with tiering on: replay throughput per cell PENDING (tooling)
  Recovery with tiering on: 10 GB boot   PENDING (tooling)
  Never-none invariant: zero violations in the 10k-seed DST sweep PENDING (tooling)
  Crash + ENOSPC matrices: all fault points green PENDING (tooling)
  Foreground protection: p99.9 during demotion + compaction storms PENDING (tooling)

gate-run: report written to .artifacts/v0.4.0/soak-unified-20260814-0351/legs/1786727509-gate-run/report.md
gate-run: sidecar written to .artifacts/v0.4.0/soak-unified-20260814-0351/legs/1786727509-gate-run/mem-hit.tsv
== soak tier leg 22: seed 58884128092 (master 486541350 + 22 x 2654435761) ==
inf-bench env-check
  PROBE                RESULT
  git-dirty-tree       FAIL  dirty git tree: 2 uncommitted entries
  cpufreq-governor     PASS
  cpufreq-epp          PASS
  thermal-throttle     PASS
  power-source         SKIP  macos-only probe (this host: linux)
  low-power-mode       SKIP  macos-only probe (this host: linux)

  *** DIRTY TREE — dev run only, output is not citation-grade ***

env-check: OK
== ycsb row: ycsb-a-zipfian ==
== ycsb: saturation probe (ycsb-a-zipfian, +50% conns) ==
== ycsb row: ycsb-b-zipfian ==

== gate verdicts ==
  Degenerate A/B: pipelined ops regression PENDING (tooling)
  Degenerate A/B: pipelined p99.9 regression PENDING (tooling)
  Degenerate A/B: unpipelined ops regression PENDING (tooling)
  Degenerate A/B: unpipelined p99.9 regression PENDING (tooling)
  Degenerate A/B: ttl-heavy ops regression PENDING (tooling)
  Degenerate A/B: ttl-heavy p99.9 regression PENDING (tooling)
  Degenerate A/B: peak-RSS regression (worst row) PENDING (tooling)
  Memory-mode node constructs zero tiered tables PENDING (tooling)
  Tiering code-path counters identically zero PENDING (tooling)
  Write amplification, worst tiered namespace PASS
  Memory-only rows append zero log records (M2 posture carried) PENDING (tooling)
  Mixed-node attribution divergence (M4-S20) PENDING (tooling)
  Cache-namespace p99 isolation under the mixed node (M4-S20) PENDING (tooling)
  Hot set at memory speed: memory-hit p50 delta PENDING (tooling)
  Hot set at memory speed: memory-hit p99 delta PENDING (tooling)
  Hot set at memory speed: memory-hit p99.9 delta PENDING (tooling)
  Cold reads: p99 < 1.5 ms on NVMe under loaded zipfian rows FAIL (DEV-TIER, non-binding)
  Memory honesty: RSS slope over the 24 h endurance run PENDING (tooling)
  Endurance: zero crashes over the full 24 h run PENDING (tooling)
  M3 regression: worst M3 gate delta on memory-mode namespaces PENDING (tooling)
  Recovery with tiering on: replay throughput per cell PENDING (tooling)
  Recovery with tiering on: 10 GB boot   PENDING (tooling)
  Never-none invariant: zero violations in the 10k-seed DST sweep PENDING (tooling)
  Crash + ENOSPC matrices: all fault points green PENDING (tooling)
  Foreground protection: p99.9 during demotion + compaction storms PENDING (tooling)

gate-run: report written to .artifacts/v0.4.0/soak-unified-20260814-0351/legs/1786729015-gate-run/report.md
gate-run: sidecar written to .artifacts/v0.4.0/soak-unified-20260814-0351/legs/1786729015-gate-run/mem-hit.tsv
== soak tier leg 23: seed 61538563853 (master 486541350 + 23 x 2654435761) ==
inf-bench env-check
  PROBE                RESULT
  git-dirty-tree       FAIL  dirty git tree: 2 uncommitted entries
  cpufreq-governor     PASS
  cpufreq-epp          PASS
  thermal-throttle     PASS
  power-source         SKIP  macos-only probe (this host: linux)
  low-power-mode       SKIP  macos-only probe (this host: linux)

  *** DIRTY TREE — dev run only, output is not citation-grade ***

env-check: OK
== ycsb row: ycsb-a-zipfian ==
== ycsb: saturation probe (ycsb-a-zipfian, +50% conns) ==
== ycsb row: ycsb-b-zipfian ==

== gate verdicts ==
  Degenerate A/B: pipelined ops regression PENDING (tooling)
  Degenerate A/B: pipelined p99.9 regression PENDING (tooling)
  Degenerate A/B: unpipelined ops regression PENDING (tooling)
  Degenerate A/B: unpipelined p99.9 regression PENDING (tooling)
  Degenerate A/B: ttl-heavy ops regression PENDING (tooling)
  Degenerate A/B: ttl-heavy p99.9 regression PENDING (tooling)
  Degenerate A/B: peak-RSS regression (worst row) PENDING (tooling)
  Memory-mode node constructs zero tiered tables PENDING (tooling)
  Tiering code-path counters identically zero PENDING (tooling)
  Write amplification, worst tiered namespace PASS
  Memory-only rows append zero log records (M2 posture carried) PENDING (tooling)
  Mixed-node attribution divergence (M4-S20) PENDING (tooling)
  Cache-namespace p99 isolation under the mixed node (M4-S20) PENDING (tooling)
  Hot set at memory speed: memory-hit p50 delta PENDING (tooling)
  Hot set at memory speed: memory-hit p99 delta PENDING (tooling)
  Hot set at memory speed: memory-hit p99.9 delta PENDING (tooling)
  Cold reads: p99 < 1.5 ms on NVMe under loaded zipfian rows FAIL (DEV-TIER, non-binding)
  Memory honesty: RSS slope over the 24 h endurance run PENDING (tooling)
  Endurance: zero crashes over the full 24 h run PENDING (tooling)
  M3 regression: worst M3 gate delta on memory-mode namespaces PENDING (tooling)
  Recovery with tiering on: replay throughput per cell PENDING (tooling)
  Recovery with tiering on: 10 GB boot   PENDING (tooling)
  Never-none invariant: zero violations in the 10k-seed DST sweep PENDING (tooling)
  Crash + ENOSPC matrices: all fault points green PENDING (tooling)
  Foreground protection: p99.9 during demotion + compaction storms PENDING (tooling)

gate-run: report written to .artifacts/v0.4.0/soak-unified-20260814-0351/legs/1786730519-gate-run/report.md
gate-run: sidecar written to .artifacts/v0.4.0/soak-unified-20260814-0351/legs/1786730519-gate-run/mem-hit.tsv
== soak tier leg 24: seed 64192999614 (master 486541350 + 24 x 2654435761) ==
inf-bench env-check
  PROBE                RESULT
  git-dirty-tree       FAIL  dirty git tree: 2 uncommitted entries
  cpufreq-governor     PASS
  cpufreq-epp          PASS
  thermal-throttle     PASS
  power-source         SKIP  macos-only probe (this host: linux)
  low-power-mode       SKIP  macos-only probe (this host: linux)

  *** DIRTY TREE — dev run only, output is not citation-grade ***

env-check: OK
== ycsb row: ycsb-a-zipfian ==
== ycsb: saturation probe (ycsb-a-zipfian, +50% conns) ==
== ycsb row: ycsb-b-zipfian ==

== gate verdicts ==
  Degenerate A/B: pipelined ops regression PENDING (tooling)
  Degenerate A/B: pipelined p99.9 regression PENDING (tooling)
  Degenerate A/B: unpipelined ops regression PENDING (tooling)
  Degenerate A/B: unpipelined p99.9 regression PENDING (tooling)
  Degenerate A/B: ttl-heavy ops regression PENDING (tooling)
  Degenerate A/B: ttl-heavy p99.9 regression PENDING (tooling)
  Degenerate A/B: peak-RSS regression (worst row) PENDING (tooling)
  Memory-mode node constructs zero tiered tables PENDING (tooling)
  Tiering code-path counters identically zero PENDING (tooling)
  Write amplification, worst tiered namespace PASS
  Memory-only rows append zero log records (M2 posture carried) PENDING (tooling)
  Mixed-node attribution divergence (M4-S20) PENDING (tooling)
  Cache-namespace p99 isolation under the mixed node (M4-S20) PENDING (tooling)
  Hot set at memory speed: memory-hit p50 delta PENDING (tooling)
  Hot set at memory speed: memory-hit p99 delta PENDING (tooling)
  Hot set at memory speed: memory-hit p99.9 delta PENDING (tooling)
  Cold reads: p99 < 1.5 ms on NVMe under loaded zipfian rows FAIL (DEV-TIER, non-binding)
  Memory honesty: RSS slope over the 24 h endurance run PENDING (tooling)
  Endurance: zero crashes over the full 24 h run PENDING (tooling)
  M3 regression: worst M3 gate delta on memory-mode namespaces PENDING (tooling)
  Recovery with tiering on: replay throughput per cell PENDING (tooling)
  Recovery with tiering on: 10 GB boot   PENDING (tooling)
  Never-none invariant: zero violations in the 10k-seed DST sweep PENDING (tooling)
  Crash + ENOSPC matrices: all fault points green PENDING (tooling)
  Foreground protection: p99.9 during demotion + compaction storms PENDING (tooling)

gate-run: report written to .artifacts/v0.4.0/soak-unified-20260814-0351/legs/1786732027-gate-run/report.md
gate-run: sidecar written to .artifacts/v0.4.0/soak-unified-20260814-0351/legs/1786732027-gate-run/mem-hit.tsv
== soak tier leg 25: seed 66847435375 (master 486541350 + 25 x 2654435761) ==
inf-bench env-check
  PROBE                RESULT
  git-dirty-tree       FAIL  dirty git tree: 2 uncommitted entries
  cpufreq-governor     PASS
  cpufreq-epp          PASS
  thermal-throttle     PASS
  power-source         SKIP  macos-only probe (this host: linux)
  low-power-mode       SKIP  macos-only probe (this host: linux)

  *** DIRTY TREE — dev run only, output is not citation-grade ***

env-check: OK
== ycsb row: ycsb-a-zipfian ==
== ycsb: saturation probe (ycsb-a-zipfian, +50% conns) ==
== ycsb row: ycsb-b-zipfian ==

== gate verdicts ==
  Degenerate A/B: pipelined ops regression PENDING (tooling)
  Degenerate A/B: pipelined p99.9 regression PENDING (tooling)
  Degenerate A/B: unpipelined ops regression PENDING (tooling)
  Degenerate A/B: unpipelined p99.9 regression PENDING (tooling)
  Degenerate A/B: ttl-heavy ops regression PENDING (tooling)
  Degenerate A/B: ttl-heavy p99.9 regression PENDING (tooling)
  Degenerate A/B: peak-RSS regression (worst row) PENDING (tooling)
  Memory-mode node constructs zero tiered tables PENDING (tooling)
  Tiering code-path counters identically zero PENDING (tooling)
  Write amplification, worst tiered namespace PASS
  Memory-only rows append zero log records (M2 posture carried) PENDING (tooling)
  Mixed-node attribution divergence (M4-S20) PENDING (tooling)
  Cache-namespace p99 isolation under the mixed node (M4-S20) PENDING (tooling)
  Hot set at memory speed: memory-hit p50 delta PENDING (tooling)
  Hot set at memory speed: memory-hit p99 delta PENDING (tooling)
  Hot set at memory speed: memory-hit p99.9 delta PENDING (tooling)
  Cold reads: p99 < 1.5 ms on NVMe under loaded zipfian rows FAIL (DEV-TIER, non-binding)
  Memory honesty: RSS slope over the 24 h endurance run PENDING (tooling)
  Endurance: zero crashes over the full 24 h run PENDING (tooling)
  M3 regression: worst M3 gate delta on memory-mode namespaces PENDING (tooling)
  Recovery with tiering on: replay throughput per cell PENDING (tooling)
  Recovery with tiering on: 10 GB boot   PENDING (tooling)
  Never-none invariant: zero violations in the 10k-seed DST sweep PENDING (tooling)
  Crash + ENOSPC matrices: all fault points green PENDING (tooling)
  Foreground protection: p99.9 during demotion + compaction storms PENDING (tooling)

gate-run: report written to .artifacts/v0.4.0/soak-unified-20260814-0351/legs/1786733531-gate-run/report.md
gate-run: sidecar written to .artifacts/v0.4.0/soak-unified-20260814-0351/legs/1786733531-gate-run/mem-hit.tsv
== soak tier leg 26: seed 69501871136 (master 486541350 + 26 x 2654435761) ==
inf-bench env-check
  PROBE                RESULT
  git-dirty-tree       FAIL  dirty git tree: 2 uncommitted entries
  cpufreq-governor     PASS
  cpufreq-epp          PASS
  thermal-throttle     PASS
  power-source         SKIP  macos-only probe (this host: linux)
  low-power-mode       SKIP  macos-only probe (this host: linux)

  *** DIRTY TREE — dev run only, output is not citation-grade ***

env-check: OK
== ycsb row: ycsb-a-zipfian ==
== ycsb: saturation probe (ycsb-a-zipfian, +50% conns) ==
== ycsb row: ycsb-b-zipfian ==

== gate verdicts ==
  Degenerate A/B: pipelined ops regression PENDING (tooling)
  Degenerate A/B: pipelined p99.9 regression PENDING (tooling)
  Degenerate A/B: unpipelined ops regression PENDING (tooling)
  Degenerate A/B: unpipelined p99.9 regression PENDING (tooling)
  Degenerate A/B: ttl-heavy ops regression PENDING (tooling)
  Degenerate A/B: ttl-heavy p99.9 regression PENDING (tooling)
  Degenerate A/B: peak-RSS regression (worst row) PENDING (tooling)
  Memory-mode node constructs zero tiered tables PENDING (tooling)
  Tiering code-path counters identically zero PENDING (tooling)
  Write amplification, worst tiered namespace PASS
  Memory-only rows append zero log records (M2 posture carried) PENDING (tooling)
  Mixed-node attribution divergence (M4-S20) PENDING (tooling)
  Cache-namespace p99 isolation under the mixed node (M4-S20) PENDING (tooling)
  Hot set at memory speed: memory-hit p50 delta PENDING (tooling)
  Hot set at memory speed: memory-hit p99 delta PENDING (tooling)
  Hot set at memory speed: memory-hit p99.9 delta PENDING (tooling)
  Cold reads: p99 < 1.5 ms on NVMe under loaded zipfian rows FAIL (DEV-TIER, non-binding)
  Memory honesty: RSS slope over the 24 h endurance run PENDING (tooling)
  Endurance: zero crashes over the full 24 h run PENDING (tooling)
  M3 regression: worst M3 gate delta on memory-mode namespaces PENDING (tooling)
  Recovery with tiering on: replay throughput per cell PENDING (tooling)
  Recovery with tiering on: 10 GB boot   PENDING (tooling)
  Never-none invariant: zero violations in the 10k-seed DST sweep PENDING (tooling)
  Crash + ENOSPC matrices: all fault points green PENDING (tooling)
  Foreground protection: p99.9 during demotion + compaction storms PENDING (tooling)

gate-run: report written to .artifacts/v0.4.0/soak-unified-20260814-0351/legs/1786735035-gate-run/report.md
gate-run: sidecar written to .artifacts/v0.4.0/soak-unified-20260814-0351/legs/1786735035-gate-run/mem-hit.tsv
== soak tier leg 27: seed 72156306897 (master 486541350 + 27 x 2654435761) ==
inf-bench env-check
  PROBE                RESULT
  git-dirty-tree       FAIL  dirty git tree: 2 uncommitted entries
  cpufreq-governor     PASS
  cpufreq-epp          PASS
  thermal-throttle     PASS
  power-source         SKIP  macos-only probe (this host: linux)
  low-power-mode       SKIP  macos-only probe (this host: linux)

  *** DIRTY TREE — dev run only, output is not citation-grade ***

env-check: OK
== ycsb row: ycsb-a-zipfian ==
== ycsb: saturation probe (ycsb-a-zipfian, +50% conns) ==
== ycsb row: ycsb-b-zipfian ==

== gate verdicts ==
  Degenerate A/B: pipelined ops regression PENDING (tooling)
  Degenerate A/B: pipelined p99.9 regression PENDING (tooling)
  Degenerate A/B: unpipelined ops regression PENDING (tooling)
  Degenerate A/B: unpipelined p99.9 regression PENDING (tooling)
  Degenerate A/B: ttl-heavy ops regression PENDING (tooling)
  Degenerate A/B: ttl-heavy p99.9 regression PENDING (tooling)
  Degenerate A/B: peak-RSS regression (worst row) PENDING (tooling)
  Memory-mode node constructs zero tiered tables PENDING (tooling)
  Tiering code-path counters identically zero PENDING (tooling)
  Write amplification, worst tiered namespace PASS
  Memory-only rows append zero log records (M2 posture carried) PENDING (tooling)
  Mixed-node attribution divergence (M4-S20) PENDING (tooling)
  Cache-namespace p99 isolation under the mixed node (M4-S20) PENDING (tooling)
  Hot set at memory speed: memory-hit p50 delta PENDING (tooling)
  Hot set at memory speed: memory-hit p99 delta PENDING (tooling)
  Hot set at memory speed: memory-hit p99.9 delta PENDING (tooling)
  Cold reads: p99 < 1.5 ms on NVMe under loaded zipfian rows FAIL (DEV-TIER, non-binding)
  Memory honesty: RSS slope over the 24 h endurance run PENDING (tooling)
  Endurance: zero crashes over the full 24 h run PENDING (tooling)
  M3 regression: worst M3 gate delta on memory-mode namespaces PENDING (tooling)
  Recovery with tiering on: replay throughput per cell PENDING (tooling)
  Recovery with tiering on: 10 GB boot   PENDING (tooling)
  Never-none invariant: zero violations in the 10k-seed DST sweep PENDING (tooling)
  Crash + ENOSPC matrices: all fault points green PENDING (tooling)
  Foreground protection: p99.9 during demotion + compaction storms PENDING (tooling)

gate-run: report written to .artifacts/v0.4.0/soak-unified-20260814-0351/legs/1786736543-gate-run/report.md
gate-run: sidecar written to .artifacts/v0.4.0/soak-unified-20260814-0351/legs/1786736543-gate-run/mem-hit.tsv
== soak tier leg 28: seed 74810742658 (master 486541350 + 28 x 2654435761) ==
inf-bench env-check
  PROBE                RESULT
  git-dirty-tree       FAIL  dirty git tree: 2 uncommitted entries
  cpufreq-governor     PASS
  cpufreq-epp          PASS
  thermal-throttle     PASS
  power-source         SKIP  macos-only probe (this host: linux)
  low-power-mode       SKIP  macos-only probe (this host: linux)

  *** DIRTY TREE — dev run only, output is not citation-grade ***

env-check: OK
== ycsb row: ycsb-a-zipfian ==
== ycsb: saturation probe (ycsb-a-zipfian, +50% conns) ==
== ycsb row: ycsb-b-zipfian ==

== gate verdicts ==
  Degenerate A/B: pipelined ops regression PENDING (tooling)
  Degenerate A/B: pipelined p99.9 regression PENDING (tooling)
  Degenerate A/B: unpipelined ops regression PENDING (tooling)
  Degenerate A/B: unpipelined p99.9 regression PENDING (tooling)
  Degenerate A/B: ttl-heavy ops regression PENDING (tooling)
  Degenerate A/B: ttl-heavy p99.9 regression PENDING (tooling)
  Degenerate A/B: peak-RSS regression (worst row) PENDING (tooling)
  Memory-mode node constructs zero tiered tables PENDING (tooling)
  Tiering code-path counters identically zero PENDING (tooling)
  Write amplification, worst tiered namespace PASS
  Memory-only rows append zero log records (M2 posture carried) PENDING (tooling)
  Mixed-node attribution divergence (M4-S20) PENDING (tooling)
  Cache-namespace p99 isolation under the mixed node (M4-S20) PENDING (tooling)
  Hot set at memory speed: memory-hit p50 delta PENDING (tooling)
  Hot set at memory speed: memory-hit p99 delta PENDING (tooling)
  Hot set at memory speed: memory-hit p99.9 delta PENDING (tooling)
  Cold reads: p99 < 1.5 ms on NVMe under loaded zipfian rows FAIL (DEV-TIER, non-binding)
  Memory honesty: RSS slope over the 24 h endurance run PENDING (tooling)
  Endurance: zero crashes over the full 24 h run PENDING (tooling)
  M3 regression: worst M3 gate delta on memory-mode namespaces PENDING (tooling)
  Recovery with tiering on: replay throughput per cell PENDING (tooling)
  Recovery with tiering on: 10 GB boot   PENDING (tooling)
  Never-none invariant: zero violations in the 10k-seed DST sweep PENDING (tooling)
  Crash + ENOSPC matrices: all fault points green PENDING (tooling)
  Foreground protection: p99.9 during demotion + compaction storms PENDING (tooling)

gate-run: report written to .artifacts/v0.4.0/soak-unified-20260814-0351/legs/1786738046-gate-run/report.md
gate-run: sidecar written to .artifacts/v0.4.0/soak-unified-20260814-0351/legs/1786738046-gate-run/mem-hit.tsv
== soak tier leg 29: seed 77465178419 (master 486541350 + 29 x 2654435761) ==
inf-bench env-check
  PROBE                RESULT
  git-dirty-tree       FAIL  dirty git tree: 2 uncommitted entries
  cpufreq-governor     PASS
  cpufreq-epp          PASS
  thermal-throttle     PASS
  power-source         SKIP  macos-only probe (this host: linux)
  low-power-mode       SKIP  macos-only probe (this host: linux)

  *** DIRTY TREE — dev run only, output is not citation-grade ***

env-check: OK
== ycsb row: ycsb-a-zipfian ==
== ycsb: saturation probe (ycsb-a-zipfian, +50% conns) ==
== ycsb row: ycsb-b-zipfian ==

== gate verdicts ==
  Degenerate A/B: pipelined ops regression PENDING (tooling)
  Degenerate A/B: pipelined p99.9 regression PENDING (tooling)
  Degenerate A/B: unpipelined ops regression PENDING (tooling)
  Degenerate A/B: unpipelined p99.9 regression PENDING (tooling)
  Degenerate A/B: ttl-heavy ops regression PENDING (tooling)
  Degenerate A/B: ttl-heavy p99.9 regression PENDING (tooling)
  Degenerate A/B: peak-RSS regression (worst row) PENDING (tooling)
  Memory-mode node constructs zero tiered tables PENDING (tooling)
  Tiering code-path counters identically zero PENDING (tooling)
  Write amplification, worst tiered namespace PASS
  Memory-only rows append zero log records (M2 posture carried) PENDING (tooling)
  Mixed-node attribution divergence (M4-S20) PENDING (tooling)
  Cache-namespace p99 isolation under the mixed node (M4-S20) PENDING (tooling)
  Hot set at memory speed: memory-hit p50 delta PENDING (tooling)
  Hot set at memory speed: memory-hit p99 delta PENDING (tooling)
  Hot set at memory speed: memory-hit p99.9 delta PENDING (tooling)
  Cold reads: p99 < 1.5 ms on NVMe under loaded zipfian rows FAIL (DEV-TIER, non-binding)
  Memory honesty: RSS slope over the 24 h endurance run PENDING (tooling)
  Endurance: zero crashes over the full 24 h run PENDING (tooling)
  M3 regression: worst M3 gate delta on memory-mode namespaces PENDING (tooling)
  Recovery with tiering on: replay throughput per cell PENDING (tooling)
  Recovery with tiering on: 10 GB boot   PENDING (tooling)
  Never-none invariant: zero violations in the 10k-seed DST sweep PENDING (tooling)
  Crash + ENOSPC matrices: all fault points green PENDING (tooling)
  Foreground protection: p99.9 during demotion + compaction storms PENDING (tooling)

gate-run: report written to .artifacts/v0.4.0/soak-unified-20260814-0351/legs/1786739550-gate-run/report.md
gate-run: sidecar written to .artifacts/v0.4.0/soak-unified-20260814-0351/legs/1786739550-gate-run/mem-hit.tsv
== soak tier leg 30: seed 80119614180 (master 486541350 + 30 x 2654435761) ==
inf-bench env-check
  PROBE                RESULT
  git-dirty-tree       FAIL  dirty git tree: 2 uncommitted entries
  cpufreq-governor     PASS
  cpufreq-epp          PASS
  thermal-throttle     PASS
  power-source         SKIP  macos-only probe (this host: linux)
  low-power-mode       SKIP  macos-only probe (this host: linux)

  *** DIRTY TREE — dev run only, output is not citation-grade ***

env-check: OK
== ycsb row: ycsb-a-zipfian ==
== ycsb: saturation probe (ycsb-a-zipfian, +50% conns) ==
== ycsb row: ycsb-b-zipfian ==

== gate verdicts ==
  Degenerate A/B: pipelined ops regression PENDING (tooling)
  Degenerate A/B: pipelined p99.9 regression PENDING (tooling)
  Degenerate A/B: unpipelined ops regression PENDING (tooling)
  Degenerate A/B: unpipelined p99.9 regression PENDING (tooling)
  Degenerate A/B: ttl-heavy ops regression PENDING (tooling)
  Degenerate A/B: ttl-heavy p99.9 regression PENDING (tooling)
  Degenerate A/B: peak-RSS regression (worst row) PENDING (tooling)
  Memory-mode node constructs zero tiered tables PENDING (tooling)
  Tiering code-path counters identically zero PENDING (tooling)
  Write amplification, worst tiered namespace PASS
  Memory-only rows append zero log records (M2 posture carried) PENDING (tooling)
  Mixed-node attribution divergence (M4-S20) PENDING (tooling)
  Cache-namespace p99 isolation under the mixed node (M4-S20) PENDING (tooling)
  Hot set at memory speed: memory-hit p50 delta PENDING (tooling)
  Hot set at memory speed: memory-hit p99 delta PENDING (tooling)
  Hot set at memory speed: memory-hit p99.9 delta PENDING (tooling)
  Cold reads: p99 < 1.5 ms on NVMe under loaded zipfian rows FAIL (DEV-TIER, non-binding)
  Memory honesty: RSS slope over the 24 h endurance run PENDING (tooling)
  Endurance: zero crashes over the full 24 h run PENDING (tooling)
  M3 regression: worst M3 gate delta on memory-mode namespaces PENDING (tooling)
  Recovery with tiering on: replay throughput per cell PENDING (tooling)
  Recovery with tiering on: 10 GB boot   PENDING (tooling)
  Never-none invariant: zero violations in the 10k-seed DST sweep PENDING (tooling)
  Crash + ENOSPC matrices: all fault points green PENDING (tooling)
  Foreground protection: p99.9 during demotion + compaction storms PENDING (tooling)

gate-run: report written to .artifacts/v0.4.0/soak-unified-20260814-0351/legs/1786741057-gate-run/report.md
gate-run: sidecar written to .artifacts/v0.4.0/soak-unified-20260814-0351/legs/1786741057-gate-run/mem-hit.tsv
== soak tier leg 31: seed 82774049941 (master 486541350 + 31 x 2654435761) ==
inf-bench env-check
  PROBE                RESULT
  git-dirty-tree       FAIL  dirty git tree: 2 uncommitted entries
  cpufreq-governor     PASS
  cpufreq-epp          PASS
  thermal-throttle     PASS
  power-source         SKIP  macos-only probe (this host: linux)
  low-power-mode       SKIP  macos-only probe (this host: linux)

  *** DIRTY TREE — dev run only, output is not citation-grade ***

env-check: OK
== ycsb row: ycsb-a-zipfian ==
== ycsb: saturation probe (ycsb-a-zipfian, +50% conns) ==
== ycsb row: ycsb-b-zipfian ==

== gate verdicts ==
  Degenerate A/B: pipelined ops regression PENDING (tooling)
  Degenerate A/B: pipelined p99.9 regression PENDING (tooling)
  Degenerate A/B: unpipelined ops regression PENDING (tooling)
  Degenerate A/B: unpipelined p99.9 regression PENDING (tooling)
  Degenerate A/B: ttl-heavy ops regression PENDING (tooling)
  Degenerate A/B: ttl-heavy p99.9 regression PENDING (tooling)
  Degenerate A/B: peak-RSS regression (worst row) PENDING (tooling)
  Memory-mode node constructs zero tiered tables PENDING (tooling)
  Tiering code-path counters identically zero PENDING (tooling)
  Write amplification, worst tiered namespace PASS
  Memory-only rows append zero log records (M2 posture carried) PENDING (tooling)
  Mixed-node attribution divergence (M4-S20) PENDING (tooling)
  Cache-namespace p99 isolation under the mixed node (M4-S20) PENDING (tooling)
  Hot set at memory speed: memory-hit p50 delta PENDING (tooling)
  Hot set at memory speed: memory-hit p99 delta PENDING (tooling)
  Hot set at memory speed: memory-hit p99.9 delta PENDING (tooling)
  Cold reads: p99 < 1.5 ms on NVMe under loaded zipfian rows FAIL (DEV-TIER, non-binding)
  Memory honesty: RSS slope over the 24 h endurance run PENDING (tooling)
  Endurance: zero crashes over the full 24 h run PENDING (tooling)
  M3 regression: worst M3 gate delta on memory-mode namespaces PENDING (tooling)
  Recovery with tiering on: replay throughput per cell PENDING (tooling)
  Recovery with tiering on: 10 GB boot   PENDING (tooling)
  Never-none invariant: zero violations in the 10k-seed DST sweep PENDING (tooling)
  Crash + ENOSPC matrices: all fault points green PENDING (tooling)
  Foreground protection: p99.9 during demotion + compaction storms PENDING (tooling)

gate-run: report written to .artifacts/v0.4.0/soak-unified-20260814-0351/legs/1786742562-gate-run/report.md
gate-run: sidecar written to .artifacts/v0.4.0/soak-unified-20260814-0351/legs/1786742562-gate-run/mem-hit.tsv
== soak tier leg 32: seed 85428485702 (master 486541350 + 32 x 2654435761) ==
inf-bench env-check
  PROBE                RESULT
  git-dirty-tree       FAIL  dirty git tree: 2 uncommitted entries
  cpufreq-governor     PASS
  cpufreq-epp          PASS
  thermal-throttle     PASS
  power-source         SKIP  macos-only probe (this host: linux)
  low-power-mode       SKIP  macos-only probe (this host: linux)

  *** DIRTY TREE — dev run only, output is not citation-grade ***

env-check: OK
== ycsb row: ycsb-a-zipfian ==
== ycsb: saturation probe (ycsb-a-zipfian, +50% conns) ==
== ycsb row: ycsb-b-zipfian ==

== gate verdicts ==
  Degenerate A/B: pipelined ops regression PENDING (tooling)
  Degenerate A/B: pipelined p99.9 regression PENDING (tooling)
  Degenerate A/B: unpipelined ops regression PENDING (tooling)
  Degenerate A/B: unpipelined p99.9 regression PENDING (tooling)
  Degenerate A/B: ttl-heavy ops regression PENDING (tooling)
  Degenerate A/B: ttl-heavy p99.9 regression PENDING (tooling)
  Degenerate A/B: peak-RSS regression (worst row) PENDING (tooling)
  Memory-mode node constructs zero tiered tables PENDING (tooling)
  Tiering code-path counters identically zero PENDING (tooling)
  Write amplification, worst tiered namespace PASS
  Memory-only rows append zero log records (M2 posture carried) PENDING (tooling)
  Mixed-node attribution divergence (M4-S20) PENDING (tooling)
  Cache-namespace p99 isolation under the mixed node (M4-S20) PENDING (tooling)
  Hot set at memory speed: memory-hit p50 delta PENDING (tooling)
  Hot set at memory speed: memory-hit p99 delta PENDING (tooling)
  Hot set at memory speed: memory-hit p99.9 delta PENDING (tooling)
  Cold reads: p99 < 1.5 ms on NVMe under loaded zipfian rows FAIL (DEV-TIER, non-binding)
  Memory honesty: RSS slope over the 24 h endurance run PENDING (tooling)
  Endurance: zero crashes over the full 24 h run PENDING (tooling)
  M3 regression: worst M3 gate delta on memory-mode namespaces PENDING (tooling)
  Recovery with tiering on: replay throughput per cell PENDING (tooling)
  Recovery with tiering on: 10 GB boot   PENDING (tooling)
  Never-none invariant: zero violations in the 10k-seed DST sweep PENDING (tooling)
  Crash + ENOSPC matrices: all fault points green PENDING (tooling)
  Foreground protection: p99.9 during demotion + compaction storms PENDING (tooling)

gate-run: report written to .artifacts/v0.4.0/soak-unified-20260814-0351/legs/1786744066-gate-run/report.md
gate-run: sidecar written to .artifacts/v0.4.0/soak-unified-20260814-0351/legs/1786744066-gate-run/mem-hit.tsv
== soak tier leg 33: seed 88082921463 (master 486541350 + 33 x 2654435761) ==
inf-bench env-check
  PROBE                RESULT
  git-dirty-tree       FAIL  dirty git tree: 2 uncommitted entries
  cpufreq-governor     PASS
  cpufreq-epp          PASS
  thermal-throttle     PASS
  power-source         SKIP  macos-only probe (this host: linux)
  low-power-mode       SKIP  macos-only probe (this host: linux)

  *** DIRTY TREE — dev run only, output is not citation-grade ***

env-check: OK
== ycsb row: ycsb-a-zipfian ==
== ycsb: saturation probe (ycsb-a-zipfian, +50% conns) ==
== ycsb row: ycsb-b-zipfian ==

== gate verdicts ==
  Degenerate A/B: pipelined ops regression PENDING (tooling)
  Degenerate A/B: pipelined p99.9 regression PENDING (tooling)
  Degenerate A/B: unpipelined ops regression PENDING (tooling)
  Degenerate A/B: unpipelined p99.9 regression PENDING (tooling)
  Degenerate A/B: ttl-heavy ops regression PENDING (tooling)
  Degenerate A/B: ttl-heavy p99.9 regression PENDING (tooling)
  Degenerate A/B: peak-RSS regression (worst row) PENDING (tooling)
  Memory-mode node constructs zero tiered tables PENDING (tooling)
  Tiering code-path counters identically zero PENDING (tooling)
  Write amplification, worst tiered namespace PASS
  Memory-only rows append zero log records (M2 posture carried) PENDING (tooling)
  Mixed-node attribution divergence (M4-S20) PENDING (tooling)
  Cache-namespace p99 isolation under the mixed node (M4-S20) PENDING (tooling)
  Hot set at memory speed: memory-hit p50 delta PENDING (tooling)
  Hot set at memory speed: memory-hit p99 delta PENDING (tooling)
  Hot set at memory speed: memory-hit p99.9 delta PENDING (tooling)
  Cold reads: p99 < 1.5 ms on NVMe under loaded zipfian rows FAIL (DEV-TIER, non-binding)
  Memory honesty: RSS slope over the 24 h endurance run PENDING (tooling)
  Endurance: zero crashes over the full 24 h run PENDING (tooling)
  M3 regression: worst M3 gate delta on memory-mode namespaces PENDING (tooling)
  Recovery with tiering on: replay throughput per cell PENDING (tooling)
  Recovery with tiering on: 10 GB boot   PENDING (tooling)
  Never-none invariant: zero violations in the 10k-seed DST sweep PENDING (tooling)
  Crash + ENOSPC matrices: all fault points green PENDING (tooling)
  Foreground protection: p99.9 during demotion + compaction storms PENDING (tooling)

gate-run: report written to .artifacts/v0.4.0/soak-unified-20260814-0351/legs/1786745570-gate-run/report.md
gate-run: sidecar written to .artifacts/v0.4.0/soak-unified-20260814-0351/legs/1786745570-gate-run/mem-hit.tsv
== soak tier leg 34: seed 90737357224 (master 486541350 + 34 x 2654435761) ==
inf-bench env-check
  PROBE                RESULT
  git-dirty-tree       FAIL  dirty git tree: 2 uncommitted entries
  cpufreq-governor     PASS
  cpufreq-epp          PASS
  thermal-throttle     PASS
  power-source         SKIP  macos-only probe (this host: linux)
  low-power-mode       SKIP  macos-only probe (this host: linux)

  *** DIRTY TREE — dev run only, output is not citation-grade ***

env-check: OK
== ycsb row: ycsb-a-zipfian ==
== ycsb: saturation probe (ycsb-a-zipfian, +50% conns) ==
== ycsb row: ycsb-b-zipfian ==

== gate verdicts ==
  Degenerate A/B: pipelined ops regression PENDING (tooling)
  Degenerate A/B: pipelined p99.9 regression PENDING (tooling)
  Degenerate A/B: unpipelined ops regression PENDING (tooling)
  Degenerate A/B: unpipelined p99.9 regression PENDING (tooling)
  Degenerate A/B: ttl-heavy ops regression PENDING (tooling)
  Degenerate A/B: ttl-heavy p99.9 regression PENDING (tooling)
  Degenerate A/B: peak-RSS regression (worst row) PENDING (tooling)
  Memory-mode node constructs zero tiered tables PENDING (tooling)
  Tiering code-path counters identically zero PENDING (tooling)
  Write amplification, worst tiered namespace PASS
  Memory-only rows append zero log records (M2 posture carried) PENDING (tooling)
  Mixed-node attribution divergence (M4-S20) PENDING (tooling)
  Cache-namespace p99 isolation under the mixed node (M4-S20) PENDING (tooling)
  Hot set at memory speed: memory-hit p50 delta PENDING (tooling)
  Hot set at memory speed: memory-hit p99 delta PENDING (tooling)
  Hot set at memory speed: memory-hit p99.9 delta PENDING (tooling)
  Cold reads: p99 < 1.5 ms on NVMe under loaded zipfian rows FAIL (DEV-TIER, non-binding)
  Memory honesty: RSS slope over the 24 h endurance run PENDING (tooling)
  Endurance: zero crashes over the full 24 h run PENDING (tooling)
  M3 regression: worst M3 gate delta on memory-mode namespaces PENDING (tooling)
  Recovery with tiering on: replay throughput per cell PENDING (tooling)
  Recovery with tiering on: 10 GB boot   PENDING (tooling)
  Never-none invariant: zero violations in the 10k-seed DST sweep PENDING (tooling)
  Crash + ENOSPC matrices: all fault points green PENDING (tooling)
  Foreground protection: p99.9 during demotion + compaction storms PENDING (tooling)

gate-run: report written to .artifacts/v0.4.0/soak-unified-20260814-0351/legs/1786747074-gate-run/report.md
gate-run: sidecar written to .artifacts/v0.4.0/soak-unified-20260814-0351/legs/1786747074-gate-run/mem-hit.tsv
== soak tier leg 35: seed 93391792985 (master 486541350 + 35 x 2654435761) ==
inf-bench env-check
  PROBE                RESULT
  git-dirty-tree       FAIL  dirty git tree: 2 uncommitted entries
  cpufreq-governor     PASS
  cpufreq-epp          PASS
  thermal-throttle     PASS
  power-source         SKIP  macos-only probe (this host: linux)
  low-power-mode       SKIP  macos-only probe (this host: linux)

  *** DIRTY TREE — dev run only, output is not citation-grade ***

env-check: OK
== ycsb row: ycsb-a-zipfian ==
== ycsb: saturation probe (ycsb-a-zipfian, +50% conns) ==
== ycsb row: ycsb-b-zipfian ==

== gate verdicts ==
  Degenerate A/B: pipelined ops regression PENDING (tooling)
  Degenerate A/B: pipelined p99.9 regression PENDING (tooling)
  Degenerate A/B: unpipelined ops regression PENDING (tooling)
  Degenerate A/B: unpipelined p99.9 regression PENDING (tooling)
  Degenerate A/B: ttl-heavy ops regression PENDING (tooling)
  Degenerate A/B: ttl-heavy p99.9 regression PENDING (tooling)
  Degenerate A/B: peak-RSS regression (worst row) PENDING (tooling)
  Memory-mode node constructs zero tiered tables PENDING (tooling)
  Tiering code-path counters identically zero PENDING (tooling)
  Write amplification, worst tiered namespace PASS
  Memory-only rows append zero log records (M2 posture carried) PENDING (tooling)
  Mixed-node attribution divergence (M4-S20) PENDING (tooling)
  Cache-namespace p99 isolation under the mixed node (M4-S20) PENDING (tooling)
  Hot set at memory speed: memory-hit p50 delta PENDING (tooling)
  Hot set at memory speed: memory-hit p99 delta PENDING (tooling)
  Hot set at memory speed: memory-hit p99.9 delta PENDING (tooling)
  Cold reads: p99 < 1.5 ms on NVMe under loaded zipfian rows FAIL (DEV-TIER, non-binding)
  Memory honesty: RSS slope over the 24 h endurance run PENDING (tooling)
  Endurance: zero crashes over the full 24 h run PENDING (tooling)
  M3 regression: worst M3 gate delta on memory-mode namespaces PENDING (tooling)
  Recovery with tiering on: replay throughput per cell PENDING (tooling)
  Recovery with tiering on: 10 GB boot   PENDING (tooling)
  Never-none invariant: zero violations in the 10k-seed DST sweep PENDING (tooling)
  Crash + ENOSPC matrices: all fault points green PENDING (tooling)
  Foreground protection: p99.9 during demotion + compaction storms PENDING (tooling)

gate-run: report written to .artifacts/v0.4.0/soak-unified-20260814-0351/legs/1786748578-gate-run/report.md
gate-run: sidecar written to .artifacts/v0.4.0/soak-unified-20260814-0351/legs/1786748578-gate-run/mem-hit.tsv
== soak tier leg 36: seed 96046228746 (master 486541350 + 36 x 2654435761) ==
inf-bench env-check
  PROBE                RESULT
  git-dirty-tree       FAIL  dirty git tree: 2 uncommitted entries
  cpufreq-governor     PASS
  cpufreq-epp          PASS
  thermal-throttle     PASS
  power-source         SKIP  macos-only probe (this host: linux)
  low-power-mode       SKIP  macos-only probe (this host: linux)

  *** DIRTY TREE — dev run only, output is not citation-grade ***

env-check: OK
== ycsb row: ycsb-a-zipfian ==
== ycsb: saturation probe (ycsb-a-zipfian, +50% conns) ==
== ycsb row: ycsb-b-zipfian ==

== gate verdicts ==
  Degenerate A/B: pipelined ops regression PENDING (tooling)
  Degenerate A/B: pipelined p99.9 regression PENDING (tooling)
  Degenerate A/B: unpipelined ops regression PENDING (tooling)
  Degenerate A/B: unpipelined p99.9 regression PENDING (tooling)
  Degenerate A/B: ttl-heavy ops regression PENDING (tooling)
  Degenerate A/B: ttl-heavy p99.9 regression PENDING (tooling)
  Degenerate A/B: peak-RSS regression (worst row) PENDING (tooling)
  Memory-mode node constructs zero tiered tables PENDING (tooling)
  Tiering code-path counters identically zero PENDING (tooling)
  Write amplification, worst tiered namespace PASS
  Memory-only rows append zero log records (M2 posture carried) PENDING (tooling)
  Mixed-node attribution divergence (M4-S20) PENDING (tooling)
  Cache-namespace p99 isolation under the mixed node (M4-S20) PENDING (tooling)
  Hot set at memory speed: memory-hit p50 delta PENDING (tooling)
  Hot set at memory speed: memory-hit p99 delta PENDING (tooling)
  Hot set at memory speed: memory-hit p99.9 delta PENDING (tooling)
  Cold reads: p99 < 1.5 ms on NVMe under loaded zipfian rows FAIL (DEV-TIER, non-binding)
  Memory honesty: RSS slope over the 24 h endurance run PENDING (tooling)
  Endurance: zero crashes over the full 24 h run PENDING (tooling)
  M3 regression: worst M3 gate delta on memory-mode namespaces PENDING (tooling)
  Recovery with tiering on: replay throughput per cell PENDING (tooling)
  Recovery with tiering on: 10 GB boot   PENDING (tooling)
  Never-none invariant: zero violations in the 10k-seed DST sweep PENDING (tooling)
  Crash + ENOSPC matrices: all fault points green PENDING (tooling)
  Foreground protection: p99.9 during demotion + compaction storms PENDING (tooling)

gate-run: report written to .artifacts/v0.4.0/soak-unified-20260814-0351/legs/1786750082-gate-run/report.md
gate-run: sidecar written to .artifacts/v0.4.0/soak-unified-20260814-0351/legs/1786750082-gate-run/mem-hit.tsv
== soak tier leg 37: seed 98700664507 (master 486541350 + 37 x 2654435761) ==
inf-bench env-check
  PROBE                RESULT
  git-dirty-tree       FAIL  dirty git tree: 2 uncommitted entries
  cpufreq-governor     PASS
  cpufreq-epp          PASS
  thermal-throttle     PASS
  power-source         SKIP  macos-only probe (this host: linux)
  low-power-mode       SKIP  macos-only probe (this host: linux)

  *** DIRTY TREE — dev run only, output is not citation-grade ***

env-check: OK
== ycsb row: ycsb-a-zipfian ==
== ycsb: saturation probe (ycsb-a-zipfian, +50% conns) ==
== ycsb row: ycsb-b-zipfian ==

== gate verdicts ==
  Degenerate A/B: pipelined ops regression PENDING (tooling)
  Degenerate A/B: pipelined p99.9 regression PENDING (tooling)
  Degenerate A/B: unpipelined ops regression PENDING (tooling)
  Degenerate A/B: unpipelined p99.9 regression PENDING (tooling)
  Degenerate A/B: ttl-heavy ops regression PENDING (tooling)
  Degenerate A/B: ttl-heavy p99.9 regression PENDING (tooling)
  Degenerate A/B: peak-RSS regression (worst row) PENDING (tooling)
  Memory-mode node constructs zero tiered tables PENDING (tooling)
  Tiering code-path counters identically zero PENDING (tooling)
  Write amplification, worst tiered namespace PASS
  Memory-only rows append zero log records (M2 posture carried) PENDING (tooling)
  Mixed-node attribution divergence (M4-S20) PENDING (tooling)
  Cache-namespace p99 isolation under the mixed node (M4-S20) PENDING (tooling)
  Hot set at memory speed: memory-hit p50 delta PENDING (tooling)
  Hot set at memory speed: memory-hit p99 delta PENDING (tooling)
  Hot set at memory speed: memory-hit p99.9 delta PENDING (tooling)
  Cold reads: p99 < 1.5 ms on NVMe under loaded zipfian rows FAIL (DEV-TIER, non-binding)
  Memory honesty: RSS slope over the 24 h endurance run PENDING (tooling)
  Endurance: zero crashes over the full 24 h run PENDING (tooling)
  M3 regression: worst M3 gate delta on memory-mode namespaces PENDING (tooling)
  Recovery with tiering on: replay throughput per cell PENDING (tooling)
  Recovery with tiering on: 10 GB boot   PENDING (tooling)
  Never-none invariant: zero violations in the 10k-seed DST sweep PENDING (tooling)
  Crash + ENOSPC matrices: all fault points green PENDING (tooling)
  Foreground protection: p99.9 during demotion + compaction storms PENDING (tooling)

gate-run: report written to .artifacts/v0.4.0/soak-unified-20260814-0351/legs/1786751586-gate-run/report.md
gate-run: sidecar written to .artifacts/v0.4.0/soak-unified-20260814-0351/legs/1786751586-gate-run/mem-hit.tsv
== soak tier leg 38: seed 101355100268 (master 486541350 + 38 x 2654435761) ==
inf-bench env-check
  PROBE                RESULT
  git-dirty-tree       FAIL  dirty git tree: 2 uncommitted entries
  cpufreq-governor     PASS
  cpufreq-epp          PASS
  thermal-throttle     PASS
  power-source         SKIP  macos-only probe (this host: linux)
  low-power-mode       SKIP  macos-only probe (this host: linux)

  *** DIRTY TREE — dev run only, output is not citation-grade ***

env-check: OK
== ycsb row: ycsb-a-zipfian ==
== ycsb: saturation probe (ycsb-a-zipfian, +50% conns) ==
== ycsb row: ycsb-b-zipfian ==

== gate verdicts ==
  Degenerate A/B: pipelined ops regression PENDING (tooling)
  Degenerate A/B: pipelined p99.9 regression PENDING (tooling)
  Degenerate A/B: unpipelined ops regression PENDING (tooling)
  Degenerate A/B: unpipelined p99.9 regression PENDING (tooling)
  Degenerate A/B: ttl-heavy ops regression PENDING (tooling)
  Degenerate A/B: ttl-heavy p99.9 regression PENDING (tooling)
  Degenerate A/B: peak-RSS regression (worst row) PENDING (tooling)
  Memory-mode node constructs zero tiered tables PENDING (tooling)
  Tiering code-path counters identically zero PENDING (tooling)
  Write amplification, worst tiered namespace PASS
  Memory-only rows append zero log records (M2 posture carried) PENDING (tooling)
  Mixed-node attribution divergence (M4-S20) PENDING (tooling)
  Cache-namespace p99 isolation under the mixed node (M4-S20) PENDING (tooling)
  Hot set at memory speed: memory-hit p50 delta PENDING (tooling)
  Hot set at memory speed: memory-hit p99 delta PENDING (tooling)
  Hot set at memory speed: memory-hit p99.9 delta PENDING (tooling)
  Cold reads: p99 < 1.5 ms on NVMe under loaded zipfian rows FAIL (DEV-TIER, non-binding)
  Memory honesty: RSS slope over the 24 h endurance run PENDING (tooling)
  Endurance: zero crashes over the full 24 h run PENDING (tooling)
  M3 regression: worst M3 gate delta on memory-mode namespaces PENDING (tooling)
  Recovery with tiering on: replay throughput per cell PENDING (tooling)
  Recovery with tiering on: 10 GB boot   PENDING (tooling)
  Never-none invariant: zero violations in the 10k-seed DST sweep PENDING (tooling)
  Crash + ENOSPC matrices: all fault points green PENDING (tooling)
  Foreground protection: p99.9 during demotion + compaction storms PENDING (tooling)

gate-run: report written to .artifacts/v0.4.0/soak-unified-20260814-0351/legs/1786753090-gate-run/report.md
gate-run: sidecar written to .artifacts/v0.4.0/soak-unified-20260814-0351/legs/1786753090-gate-run/mem-hit.tsv
== soak tier leg 39: seed 104009536029 (master 486541350 + 39 x 2654435761) ==
inf-bench env-check
  PROBE                RESULT
  git-dirty-tree       FAIL  dirty git tree: 2 uncommitted entries
  cpufreq-governor     PASS
  cpufreq-epp          PASS
  thermal-throttle     PASS
  power-source         SKIP  macos-only probe (this host: linux)
  low-power-mode       SKIP  macos-only probe (this host: linux)

  *** DIRTY TREE — dev run only, output is not citation-grade ***

env-check: OK
== ycsb row: ycsb-a-zipfian ==
== ycsb: saturation probe (ycsb-a-zipfian, +50% conns) ==
== ycsb row: ycsb-b-zipfian ==

== gate verdicts ==
  Degenerate A/B: pipelined ops regression PENDING (tooling)
  Degenerate A/B: pipelined p99.9 regression PENDING (tooling)
  Degenerate A/B: unpipelined ops regression PENDING (tooling)
  Degenerate A/B: unpipelined p99.9 regression PENDING (tooling)
  Degenerate A/B: ttl-heavy ops regression PENDING (tooling)
  Degenerate A/B: ttl-heavy p99.9 regression PENDING (tooling)
  Degenerate A/B: peak-RSS regression (worst row) PENDING (tooling)
  Memory-mode node constructs zero tiered tables PENDING (tooling)
  Tiering code-path counters identically zero PENDING (tooling)
  Write amplification, worst tiered namespace PASS
  Memory-only rows append zero log records (M2 posture carried) PENDING (tooling)
  Mixed-node attribution divergence (M4-S20) PENDING (tooling)
  Cache-namespace p99 isolation under the mixed node (M4-S20) PENDING (tooling)
  Hot set at memory speed: memory-hit p50 delta PENDING (tooling)
  Hot set at memory speed: memory-hit p99 delta PENDING (tooling)
  Hot set at memory speed: memory-hit p99.9 delta PENDING (tooling)
  Cold reads: p99 < 1.5 ms on NVMe under loaded zipfian rows FAIL (DEV-TIER, non-binding)
  Memory honesty: RSS slope over the 24 h endurance run PENDING (tooling)
  Endurance: zero crashes over the full 24 h run PENDING (tooling)
  M3 regression: worst M3 gate delta on memory-mode namespaces PENDING (tooling)
  Recovery with tiering on: replay throughput per cell PENDING (tooling)
  Recovery with tiering on: 10 GB boot   PENDING (tooling)
  Never-none invariant: zero violations in the 10k-seed DST sweep PENDING (tooling)
  Crash + ENOSPC matrices: all fault points green PENDING (tooling)
  Foreground protection: p99.9 during demotion + compaction storms PENDING (tooling)

gate-run: report written to .artifacts/v0.4.0/soak-unified-20260814-0351/legs/1786754596-gate-run/report.md
gate-run: sidecar written to .artifacts/v0.4.0/soak-unified-20260814-0351/legs/1786754596-gate-run/mem-hit.tsv
== soak tier leg 40: seed 106663971790 (master 486541350 + 40 x 2654435761) ==
inf-bench env-check
  PROBE                RESULT
  git-dirty-tree       FAIL  dirty git tree: 2 uncommitted entries
  cpufreq-governor     PASS
  cpufreq-epp          PASS
  thermal-throttle     PASS
  power-source         SKIP  macos-only probe (this host: linux)
  low-power-mode       SKIP  macos-only probe (this host: linux)

  *** DIRTY TREE — dev run only, output is not citation-grade ***

env-check: OK
== ycsb row: ycsb-a-zipfian ==
== ycsb: saturation probe (ycsb-a-zipfian, +50% conns) ==
== ycsb row: ycsb-b-zipfian ==

== gate verdicts ==
  Degenerate A/B: pipelined ops regression PENDING (tooling)
  Degenerate A/B: pipelined p99.9 regression PENDING (tooling)
  Degenerate A/B: unpipelined ops regression PENDING (tooling)
  Degenerate A/B: unpipelined p99.9 regression PENDING (tooling)
  Degenerate A/B: ttl-heavy ops regression PENDING (tooling)
  Degenerate A/B: ttl-heavy p99.9 regression PENDING (tooling)
  Degenerate A/B: peak-RSS regression (worst row) PENDING (tooling)
  Memory-mode node constructs zero tiered tables PENDING (tooling)
  Tiering code-path counters identically zero PENDING (tooling)
  Write amplification, worst tiered namespace PASS
  Memory-only rows append zero log records (M2 posture carried) PENDING (tooling)
  Mixed-node attribution divergence (M4-S20) PENDING (tooling)
  Cache-namespace p99 isolation under the mixed node (M4-S20) PENDING (tooling)
  Hot set at memory speed: memory-hit p50 delta PENDING (tooling)
  Hot set at memory speed: memory-hit p99 delta PENDING (tooling)
  Hot set at memory speed: memory-hit p99.9 delta PENDING (tooling)
  Cold reads: p99 < 1.5 ms on NVMe under loaded zipfian rows FAIL (DEV-TIER, non-binding)
  Memory honesty: RSS slope over the 24 h endurance run PENDING (tooling)
  Endurance: zero crashes over the full 24 h run PENDING (tooling)
  M3 regression: worst M3 gate delta on memory-mode namespaces PENDING (tooling)
  Recovery with tiering on: replay throughput per cell PENDING (tooling)
  Recovery with tiering on: 10 GB boot   PENDING (tooling)
  Never-none invariant: zero violations in the 10k-seed DST sweep PENDING (tooling)
  Crash + ENOSPC matrices: all fault points green PENDING (tooling)
  Foreground protection: p99.9 during demotion + compaction storms PENDING (tooling)

gate-run: report written to .artifacts/v0.4.0/soak-unified-20260814-0351/legs/1786756100-gate-run/report.md
gate-run: sidecar written to .artifacts/v0.4.0/soak-unified-20260814-0351/legs/1786756100-gate-run/mem-hit.tsv
== soak tier leg 41: seed 109318407551 (master 486541350 + 41 x 2654435761) ==
inf-bench env-check
  PROBE                RESULT
  git-dirty-tree       FAIL  dirty git tree: 2 uncommitted entries
  cpufreq-governor     PASS
  cpufreq-epp          PASS
  thermal-throttle     PASS
  power-source         SKIP  macos-only probe (this host: linux)
  low-power-mode       SKIP  macos-only probe (this host: linux)

  *** DIRTY TREE — dev run only, output is not citation-grade ***

env-check: OK
== ycsb row: ycsb-a-zipfian ==
== ycsb: saturation probe (ycsb-a-zipfian, +50% conns) ==
== ycsb row: ycsb-b-zipfian ==

== gate verdicts ==
  Degenerate A/B: pipelined ops regression PENDING (tooling)
  Degenerate A/B: pipelined p99.9 regression PENDING (tooling)
  Degenerate A/B: unpipelined ops regression PENDING (tooling)
  Degenerate A/B: unpipelined p99.9 regression PENDING (tooling)
  Degenerate A/B: ttl-heavy ops regression PENDING (tooling)
  Degenerate A/B: ttl-heavy p99.9 regression PENDING (tooling)
  Degenerate A/B: peak-RSS regression (worst row) PENDING (tooling)
  Memory-mode node constructs zero tiered tables PENDING (tooling)
  Tiering code-path counters identically zero PENDING (tooling)
  Write amplification, worst tiered namespace PASS
  Memory-only rows append zero log records (M2 posture carried) PENDING (tooling)
  Mixed-node attribution divergence (M4-S20) PENDING (tooling)
  Cache-namespace p99 isolation under the mixed node (M4-S20) PENDING (tooling)
  Hot set at memory speed: memory-hit p50 delta PENDING (tooling)
  Hot set at memory speed: memory-hit p99 delta PENDING (tooling)
  Hot set at memory speed: memory-hit p99.9 delta PENDING (tooling)
  Cold reads: p99 < 1.5 ms on NVMe under loaded zipfian rows FAIL (DEV-TIER, non-binding)
  Memory honesty: RSS slope over the 24 h endurance run PENDING (tooling)
  Endurance: zero crashes over the full 24 h run PENDING (tooling)
  M3 regression: worst M3 gate delta on memory-mode namespaces PENDING (tooling)
  Recovery with tiering on: replay throughput per cell PENDING (tooling)
  Recovery with tiering on: 10 GB boot   PENDING (tooling)
  Never-none invariant: zero violations in the 10k-seed DST sweep PENDING (tooling)
  Crash + ENOSPC matrices: all fault points green PENDING (tooling)
  Foreground protection: p99.9 during demotion + compaction storms PENDING (tooling)

gate-run: report written to .artifacts/v0.4.0/soak-unified-20260814-0351/legs/1786757605-gate-run/report.md
gate-run: sidecar written to .artifacts/v0.4.0/soak-unified-20260814-0351/legs/1786757605-gate-run/mem-hit.tsv
== soak tier leg 42: seed 111972843312 (master 486541350 + 42 x 2654435761) ==
inf-bench env-check
  PROBE                RESULT
  git-dirty-tree       FAIL  dirty git tree: 2 uncommitted entries
  cpufreq-governor     PASS
  cpufreq-epp          PASS
  thermal-throttle     PASS
  power-source         SKIP  macos-only probe (this host: linux)
  low-power-mode       SKIP  macos-only probe (this host: linux)

  *** DIRTY TREE — dev run only, output is not citation-grade ***

env-check: OK
== ycsb row: ycsb-a-zipfian ==
== ycsb: saturation probe (ycsb-a-zipfian, +50% conns) ==
== ycsb row: ycsb-b-zipfian ==

== gate verdicts ==
  Degenerate A/B: pipelined ops regression PENDING (tooling)
  Degenerate A/B: pipelined p99.9 regression PENDING (tooling)
  Degenerate A/B: unpipelined ops regression PENDING (tooling)
  Degenerate A/B: unpipelined p99.9 regression PENDING (tooling)
  Degenerate A/B: ttl-heavy ops regression PENDING (tooling)
  Degenerate A/B: ttl-heavy p99.9 regression PENDING (tooling)
  Degenerate A/B: peak-RSS regression (worst row) PENDING (tooling)
  Memory-mode node constructs zero tiered tables PENDING (tooling)
  Tiering code-path counters identically zero PENDING (tooling)
  Write amplification, worst tiered namespace PASS
  Memory-only rows append zero log records (M2 posture carried) PENDING (tooling)
  Mixed-node attribution divergence (M4-S20) PENDING (tooling)
  Cache-namespace p99 isolation under the mixed node (M4-S20) PENDING (tooling)
  Hot set at memory speed: memory-hit p50 delta PENDING (tooling)
  Hot set at memory speed: memory-hit p99 delta PENDING (tooling)
  Hot set at memory speed: memory-hit p99.9 delta PENDING (tooling)
  Cold reads: p99 < 1.5 ms on NVMe under loaded zipfian rows FAIL (DEV-TIER, non-binding)
  Memory honesty: RSS slope over the 24 h endurance run PENDING (tooling)
  Endurance: zero crashes over the full 24 h run PENDING (tooling)
  M3 regression: worst M3 gate delta on memory-mode namespaces PENDING (tooling)
  Recovery with tiering on: replay throughput per cell PENDING (tooling)
  Recovery with tiering on: 10 GB boot   PENDING (tooling)
  Never-none invariant: zero violations in the 10k-seed DST sweep PENDING (tooling)
  Crash + ENOSPC matrices: all fault points green PENDING (tooling)
  Foreground protection: p99.9 during demotion + compaction storms PENDING (tooling)

gate-run: report written to .artifacts/v0.4.0/soak-unified-20260814-0351/legs/1786759109-gate-run/report.md
gate-run: sidecar written to .artifacts/v0.4.0/soak-unified-20260814-0351/legs/1786759109-gate-run/mem-hit.tsv
== soak tier leg 43: seed 114627279073 (master 486541350 + 43 x 2654435761) ==
inf-bench env-check
  PROBE                RESULT
  git-dirty-tree       FAIL  dirty git tree: 2 uncommitted entries
  cpufreq-governor     PASS
  cpufreq-epp          PASS
  thermal-throttle     PASS
  power-source         SKIP  macos-only probe (this host: linux)
  low-power-mode       SKIP  macos-only probe (this host: linux)

  *** DIRTY TREE — dev run only, output is not citation-grade ***

env-check: OK
== ycsb row: ycsb-a-zipfian ==
== ycsb: saturation probe (ycsb-a-zipfian, +50% conns) ==
== ycsb row: ycsb-b-zipfian ==

== gate verdicts ==
  Degenerate A/B: pipelined ops regression PENDING (tooling)
  Degenerate A/B: pipelined p99.9 regression PENDING (tooling)
  Degenerate A/B: unpipelined ops regression PENDING (tooling)
  Degenerate A/B: unpipelined p99.9 regression PENDING (tooling)
  Degenerate A/B: ttl-heavy ops regression PENDING (tooling)
  Degenerate A/B: ttl-heavy p99.9 regression PENDING (tooling)
  Degenerate A/B: peak-RSS regression (worst row) PENDING (tooling)
  Memory-mode node constructs zero tiered tables PENDING (tooling)
  Tiering code-path counters identically zero PENDING (tooling)
  Write amplification, worst tiered namespace PASS
  Memory-only rows append zero log records (M2 posture carried) PENDING (tooling)
  Mixed-node attribution divergence (M4-S20) PENDING (tooling)
  Cache-namespace p99 isolation under the mixed node (M4-S20) PENDING (tooling)
  Hot set at memory speed: memory-hit p50 delta PENDING (tooling)
  Hot set at memory speed: memory-hit p99 delta PENDING (tooling)
  Hot set at memory speed: memory-hit p99.9 delta PENDING (tooling)
  Cold reads: p99 < 1.5 ms on NVMe under loaded zipfian rows FAIL (DEV-TIER, non-binding)
  Memory honesty: RSS slope over the 24 h endurance run PENDING (tooling)
  Endurance: zero crashes over the full 24 h run PENDING (tooling)
  M3 regression: worst M3 gate delta on memory-mode namespaces PENDING (tooling)
  Recovery with tiering on: replay throughput per cell PENDING (tooling)
  Recovery with tiering on: 10 GB boot   PENDING (tooling)
  Never-none invariant: zero violations in the 10k-seed DST sweep PENDING (tooling)
  Crash + ENOSPC matrices: all fault points green PENDING (tooling)
  Foreground protection: p99.9 during demotion + compaction storms PENDING (tooling)

gate-run: report written to .artifacts/v0.4.0/soak-unified-20260814-0351/legs/1786760613-gate-run/report.md
gate-run: sidecar written to .artifacts/v0.4.0/soak-unified-20260814-0351/legs/1786760613-gate-run/mem-hit.tsv
== soak tier leg 44: seed 117281714834 (master 486541350 + 44 x 2654435761) ==
inf-bench env-check
  PROBE                RESULT
  git-dirty-tree       FAIL  dirty git tree: 2 uncommitted entries
  cpufreq-governor     PASS
  cpufreq-epp          PASS
  thermal-throttle     PASS
  power-source         SKIP  macos-only probe (this host: linux)
  low-power-mode       SKIP  macos-only probe (this host: linux)

  *** DIRTY TREE — dev run only, output is not citation-grade ***

env-check: OK
== ycsb row: ycsb-a-zipfian ==
== ycsb: saturation probe (ycsb-a-zipfian, +50% conns) ==
== ycsb row: ycsb-b-zipfian ==

== gate verdicts ==
  Degenerate A/B: pipelined ops regression PENDING (tooling)
  Degenerate A/B: pipelined p99.9 regression PENDING (tooling)
  Degenerate A/B: unpipelined ops regression PENDING (tooling)
  Degenerate A/B: unpipelined p99.9 regression PENDING (tooling)
  Degenerate A/B: ttl-heavy ops regression PENDING (tooling)
  Degenerate A/B: ttl-heavy p99.9 regression PENDING (tooling)
  Degenerate A/B: peak-RSS regression (worst row) PENDING (tooling)
  Memory-mode node constructs zero tiered tables PENDING (tooling)
  Tiering code-path counters identically zero PENDING (tooling)
  Write amplification, worst tiered namespace PASS
  Memory-only rows append zero log records (M2 posture carried) PENDING (tooling)
  Mixed-node attribution divergence (M4-S20) PENDING (tooling)
  Cache-namespace p99 isolation under the mixed node (M4-S20) PENDING (tooling)
  Hot set at memory speed: memory-hit p50 delta PENDING (tooling)
  Hot set at memory speed: memory-hit p99 delta PENDING (tooling)
  Hot set at memory speed: memory-hit p99.9 delta PENDING (tooling)
  Cold reads: p99 < 1.5 ms on NVMe under loaded zipfian rows FAIL (DEV-TIER, non-binding)
  Memory honesty: RSS slope over the 24 h endurance run PENDING (tooling)
  Endurance: zero crashes over the full 24 h run PENDING (tooling)
  M3 regression: worst M3 gate delta on memory-mode namespaces PENDING (tooling)
  Recovery with tiering on: replay throughput per cell PENDING (tooling)
  Recovery with tiering on: 10 GB boot   PENDING (tooling)
  Never-none invariant: zero violations in the 10k-seed DST sweep PENDING (tooling)
  Crash + ENOSPC matrices: all fault points green PENDING (tooling)
  Foreground protection: p99.9 during demotion + compaction storms PENDING (tooling)

gate-run: report written to .artifacts/v0.4.0/soak-unified-20260814-0351/legs/1786762118-gate-run/report.md
gate-run: sidecar written to .artifacts/v0.4.0/soak-unified-20260814-0351/legs/1786762118-gate-run/mem-hit.tsv
== soak tier leg 45: seed 119936150595 (master 486541350 + 45 x 2654435761) ==
inf-bench env-check
  PROBE                RESULT
  git-dirty-tree       FAIL  dirty git tree: 2 uncommitted entries
  cpufreq-governor     PASS
  cpufreq-epp          PASS
  thermal-throttle     PASS
  power-source         SKIP  macos-only probe (this host: linux)
  low-power-mode       SKIP  macos-only probe (this host: linux)

  *** DIRTY TREE — dev run only, output is not citation-grade ***

env-check: OK
== ycsb row: ycsb-a-zipfian ==
== ycsb: saturation probe (ycsb-a-zipfian, +50% conns) ==
== ycsb row: ycsb-b-zipfian ==

== gate verdicts ==
  Degenerate A/B: pipelined ops regression PENDING (tooling)
  Degenerate A/B: pipelined p99.9 regression PENDING (tooling)
  Degenerate A/B: unpipelined ops regression PENDING (tooling)
  Degenerate A/B: unpipelined p99.9 regression PENDING (tooling)
  Degenerate A/B: ttl-heavy ops regression PENDING (tooling)
  Degenerate A/B: ttl-heavy p99.9 regression PENDING (tooling)
  Degenerate A/B: peak-RSS regression (worst row) PENDING (tooling)
  Memory-mode node constructs zero tiered tables PENDING (tooling)
  Tiering code-path counters identically zero PENDING (tooling)
  Write amplification, worst tiered namespace PASS
  Memory-only rows append zero log records (M2 posture carried) PENDING (tooling)
  Mixed-node attribution divergence (M4-S20) PENDING (tooling)
  Cache-namespace p99 isolation under the mixed node (M4-S20) PENDING (tooling)
  Hot set at memory speed: memory-hit p50 delta PENDING (tooling)
  Hot set at memory speed: memory-hit p99 delta PENDING (tooling)
  Hot set at memory speed: memory-hit p99.9 delta PENDING (tooling)
  Cold reads: p99 < 1.5 ms on NVMe under loaded zipfian rows FAIL (DEV-TIER, non-binding)
  Memory honesty: RSS slope over the 24 h endurance run PENDING (tooling)
  Endurance: zero crashes over the full 24 h run PENDING (tooling)
  M3 regression: worst M3 gate delta on memory-mode namespaces PENDING (tooling)
  Recovery with tiering on: replay throughput per cell PENDING (tooling)
  Recovery with tiering on: 10 GB boot   PENDING (tooling)
  Never-none invariant: zero violations in the 10k-seed DST sweep PENDING (tooling)
  Crash + ENOSPC matrices: all fault points green PENDING (tooling)
  Foreground protection: p99.9 during demotion + compaction storms PENDING (tooling)

gate-run: report written to .artifacts/v0.4.0/soak-unified-20260814-0351/legs/1786763622-gate-run/report.md
gate-run: sidecar written to .artifacts/v0.4.0/soak-unified-20260814-0351/legs/1786763622-gate-run/mem-hit.tsv
== soak tier leg 46: seed 122590586356 (master 486541350 + 46 x 2654435761) ==
inf-bench env-check
  PROBE                RESULT
  git-dirty-tree       FAIL  dirty git tree: 2 uncommitted entries
  cpufreq-governor     PASS
  cpufreq-epp          PASS
  thermal-throttle     PASS
  power-source         SKIP  macos-only probe (this host: linux)
  low-power-mode       SKIP  macos-only probe (this host: linux)

  *** DIRTY TREE — dev run only, output is not citation-grade ***

env-check: OK
== ycsb row: ycsb-a-zipfian ==
== ycsb: saturation probe (ycsb-a-zipfian, +50% conns) ==
== ycsb row: ycsb-b-zipfian ==

== gate verdicts ==
  Degenerate A/B: pipelined ops regression PENDING (tooling)
  Degenerate A/B: pipelined p99.9 regression PENDING (tooling)
  Degenerate A/B: unpipelined ops regression PENDING (tooling)
  Degenerate A/B: unpipelined p99.9 regression PENDING (tooling)
  Degenerate A/B: ttl-heavy ops regression PENDING (tooling)
  Degenerate A/B: ttl-heavy p99.9 regression PENDING (tooling)
  Degenerate A/B: peak-RSS regression (worst row) PENDING (tooling)
  Memory-mode node constructs zero tiered tables PENDING (tooling)
  Tiering code-path counters identically zero PENDING (tooling)
  Write amplification, worst tiered namespace PASS
  Memory-only rows append zero log records (M2 posture carried) PENDING (tooling)
  Mixed-node attribution divergence (M4-S20) PENDING (tooling)
  Cache-namespace p99 isolation under the mixed node (M4-S20) PENDING (tooling)
  Hot set at memory speed: memory-hit p50 delta PENDING (tooling)
  Hot set at memory speed: memory-hit p99 delta PENDING (tooling)
  Hot set at memory speed: memory-hit p99.9 delta PENDING (tooling)
  Cold reads: p99 < 1.5 ms on NVMe under loaded zipfian rows FAIL (DEV-TIER, non-binding)
  Memory honesty: RSS slope over the 24 h endurance run PENDING (tooling)
  Endurance: zero crashes over the full 24 h run PENDING (tooling)
  M3 regression: worst M3 gate delta on memory-mode namespaces PENDING (tooling)
  Recovery with tiering on: replay throughput per cell PENDING (tooling)
  Recovery with tiering on: 10 GB boot   PENDING (tooling)
  Never-none invariant: zero violations in the 10k-seed DST sweep PENDING (tooling)
  Crash + ENOSPC matrices: all fault points green PENDING (tooling)
  Foreground protection: p99.9 during demotion + compaction storms PENDING (tooling)

gate-run: report written to .artifacts/v0.4.0/soak-unified-20260814-0351/legs/1786765126-gate-run/report.md
gate-run: sidecar written to .artifacts/v0.4.0/soak-unified-20260814-0351/legs/1786765126-gate-run/mem-hit.tsv
== soak tier leg 47: seed 125245022117 (master 486541350 + 47 x 2654435761) ==
inf-bench env-check
  PROBE                RESULT
  git-dirty-tree       FAIL  dirty git tree: 2 uncommitted entries
  cpufreq-governor     PASS
  cpufreq-epp          PASS
  thermal-throttle     PASS
  power-source         SKIP  macos-only probe (this host: linux)
  low-power-mode       SKIP  macos-only probe (this host: linux)

  *** DIRTY TREE — dev run only, output is not citation-grade ***

env-check: OK
== ycsb row: ycsb-a-zipfian ==
== ycsb: saturation probe (ycsb-a-zipfian, +50% conns) ==
== ycsb row: ycsb-b-zipfian ==

== gate verdicts ==
  Degenerate A/B: pipelined ops regression PENDING (tooling)
  Degenerate A/B: pipelined p99.9 regression PENDING (tooling)
  Degenerate A/B: unpipelined ops regression PENDING (tooling)
  Degenerate A/B: unpipelined p99.9 regression PENDING (tooling)
  Degenerate A/B: ttl-heavy ops regression PENDING (tooling)
  Degenerate A/B: ttl-heavy p99.9 regression PENDING (tooling)
  Degenerate A/B: peak-RSS regression (worst row) PENDING (tooling)
  Memory-mode node constructs zero tiered tables PENDING (tooling)
  Tiering code-path counters identically zero PENDING (tooling)
  Write amplification, worst tiered namespace PASS
  Memory-only rows append zero log records (M2 posture carried) PENDING (tooling)
  Mixed-node attribution divergence (M4-S20) PENDING (tooling)
  Cache-namespace p99 isolation under the mixed node (M4-S20) PENDING (tooling)
  Hot set at memory speed: memory-hit p50 delta PENDING (tooling)
  Hot set at memory speed: memory-hit p99 delta PENDING (tooling)
  Hot set at memory speed: memory-hit p99.9 delta PENDING (tooling)
  Cold reads: p99 < 1.5 ms on NVMe under loaded zipfian rows FAIL (DEV-TIER, non-binding)
  Memory honesty: RSS slope over the 24 h endurance run PENDING (tooling)
  Endurance: zero crashes over the full 24 h run PENDING (tooling)
  M3 regression: worst M3 gate delta on memory-mode namespaces PENDING (tooling)
  Recovery with tiering on: replay throughput per cell PENDING (tooling)
  Recovery with tiering on: 10 GB boot   PENDING (tooling)
  Never-none invariant: zero violations in the 10k-seed DST sweep PENDING (tooling)
  Crash + ENOSPC matrices: all fault points green PENDING (tooling)
  Foreground protection: p99.9 during demotion + compaction storms PENDING (tooling)

gate-run: report written to .artifacts/v0.4.0/soak-unified-20260814-0351/legs/1786766630-gate-run/report.md
gate-run: sidecar written to .artifacts/v0.4.0/soak-unified-20260814-0351/legs/1786766630-gate-run/mem-hit.tsv
== soak tier leg 48: seed 127899457878 (master 486541350 + 48 x 2654435761) ==
inf-bench env-check
  PROBE                RESULT
  git-dirty-tree       FAIL  dirty git tree: 2 uncommitted entries
  cpufreq-governor     PASS
  cpufreq-epp          PASS
  thermal-throttle     PASS
  power-source         SKIP  macos-only probe (this host: linux)
  low-power-mode       SKIP  macos-only probe (this host: linux)

  *** DIRTY TREE — dev run only, output is not citation-grade ***

env-check: OK
== ycsb row: ycsb-a-zipfian ==
== ycsb: saturation probe (ycsb-a-zipfian, +50% conns) ==
== ycsb row: ycsb-b-zipfian ==

== gate verdicts ==
  Degenerate A/B: pipelined ops regression PENDING (tooling)
  Degenerate A/B: pipelined p99.9 regression PENDING (tooling)
  Degenerate A/B: unpipelined ops regression PENDING (tooling)
  Degenerate A/B: unpipelined p99.9 regression PENDING (tooling)
  Degenerate A/B: ttl-heavy ops regression PENDING (tooling)
  Degenerate A/B: ttl-heavy p99.9 regression PENDING (tooling)
  Degenerate A/B: peak-RSS regression (worst row) PENDING (tooling)
  Memory-mode node constructs zero tiered tables PENDING (tooling)
  Tiering code-path counters identically zero PENDING (tooling)
  Write amplification, worst tiered namespace PASS
  Memory-only rows append zero log records (M2 posture carried) PENDING (tooling)
  Mixed-node attribution divergence (M4-S20) PENDING (tooling)
  Cache-namespace p99 isolation under the mixed node (M4-S20) PENDING (tooling)
  Hot set at memory speed: memory-hit p50 delta PENDING (tooling)
  Hot set at memory speed: memory-hit p99 delta PENDING (tooling)
  Hot set at memory speed: memory-hit p99.9 delta PENDING (tooling)
  Cold reads: p99 < 1.5 ms on NVMe under loaded zipfian rows FAIL (DEV-TIER, non-binding)
  Memory honesty: RSS slope over the 24 h endurance run PENDING (tooling)
  Endurance: zero crashes over the full 24 h run PENDING (tooling)
  M3 regression: worst M3 gate delta on memory-mode namespaces PENDING (tooling)
  Recovery with tiering on: replay throughput per cell PENDING (tooling)
  Recovery with tiering on: 10 GB boot   PENDING (tooling)
  Never-none invariant: zero violations in the 10k-seed DST sweep PENDING (tooling)
  Crash + ENOSPC matrices: all fault points green PENDING (tooling)
  Foreground protection: p99.9 during demotion + compaction storms PENDING (tooling)

gate-run: report written to .artifacts/v0.4.0/soak-unified-20260814-0351/legs/1786768136-gate-run/report.md
gate-run: sidecar written to .artifacts/v0.4.0/soak-unified-20260814-0351/legs/1786768136-gate-run/mem-hit.tsv
== soak tier leg 49: seed 130553893639 (master 486541350 + 49 x 2654435761) ==
inf-bench env-check
  PROBE                RESULT
  git-dirty-tree       FAIL  dirty git tree: 2 uncommitted entries
  cpufreq-governor     PASS
  cpufreq-epp          PASS
  thermal-throttle     PASS
  power-source         SKIP  macos-only probe (this host: linux)
  low-power-mode       SKIP  macos-only probe (this host: linux)

  *** DIRTY TREE — dev run only, output is not citation-grade ***

env-check: OK
== ycsb row: ycsb-a-zipfian ==
== ycsb: saturation probe (ycsb-a-zipfian, +50% conns) ==
== ycsb row: ycsb-b-zipfian ==

== gate verdicts ==
  Degenerate A/B: pipelined ops regression PENDING (tooling)
  Degenerate A/B: pipelined p99.9 regression PENDING (tooling)
  Degenerate A/B: unpipelined ops regression PENDING (tooling)
  Degenerate A/B: unpipelined p99.9 regression PENDING (tooling)
  Degenerate A/B: ttl-heavy ops regression PENDING (tooling)
  Degenerate A/B: ttl-heavy p99.9 regression PENDING (tooling)
  Degenerate A/B: peak-RSS regression (worst row) PENDING (tooling)
  Memory-mode node constructs zero tiered tables PENDING (tooling)
  Tiering code-path counters identically zero PENDING (tooling)
  Write amplification, worst tiered namespace PASS
  Memory-only rows append zero log records (M2 posture carried) PENDING (tooling)
  Mixed-node attribution divergence (M4-S20) PENDING (tooling)
  Cache-namespace p99 isolation under the mixed node (M4-S20) PENDING (tooling)
  Hot set at memory speed: memory-hit p50 delta PENDING (tooling)
  Hot set at memory speed: memory-hit p99 delta PENDING (tooling)
  Hot set at memory speed: memory-hit p99.9 delta PENDING (tooling)
  Cold reads: p99 < 1.5 ms on NVMe under loaded zipfian rows FAIL (DEV-TIER, non-binding)
  Memory honesty: RSS slope over the 24 h endurance run PENDING (tooling)
  Endurance: zero crashes over the full 24 h run PENDING (tooling)
  M3 regression: worst M3 gate delta on memory-mode namespaces PENDING (tooling)
  Recovery with tiering on: replay throughput per cell PENDING (tooling)
  Recovery with tiering on: 10 GB boot   PENDING (tooling)
  Never-none invariant: zero violations in the 10k-seed DST sweep PENDING (tooling)
  Crash + ENOSPC matrices: all fault points green PENDING (tooling)
  Foreground protection: p99.9 during demotion + compaction storms PENDING (tooling)

gate-run: report written to .artifacts/v0.4.0/soak-unified-20260814-0351/legs/1786769640-gate-run/report.md
gate-run: sidecar written to .artifacts/v0.4.0/soak-unified-20260814-0351/legs/1786769640-gate-run/mem-hit.tsv
== soak tier leg 50: seed 133208329400 (master 486541350 + 50 x 2654435761) ==
inf-bench env-check
  PROBE                RESULT
  git-dirty-tree       FAIL  dirty git tree: 2 uncommitted entries
  cpufreq-governor     PASS
  cpufreq-epp          PASS
  thermal-throttle     PASS
  power-source         SKIP  macos-only probe (this host: linux)
  low-power-mode       SKIP  macos-only probe (this host: linux)

  *** DIRTY TREE — dev run only, output is not citation-grade ***

env-check: OK
== ycsb row: ycsb-a-zipfian ==
== ycsb: saturation probe (ycsb-a-zipfian, +50% conns) ==
== ycsb row: ycsb-b-zipfian ==

== gate verdicts ==
  Degenerate A/B: pipelined ops regression PENDING (tooling)
  Degenerate A/B: pipelined p99.9 regression PENDING (tooling)
  Degenerate A/B: unpipelined ops regression PENDING (tooling)
  Degenerate A/B: unpipelined p99.9 regression PENDING (tooling)
  Degenerate A/B: ttl-heavy ops regression PENDING (tooling)
  Degenerate A/B: ttl-heavy p99.9 regression PENDING (tooling)
  Degenerate A/B: peak-RSS regression (worst row) PENDING (tooling)
  Memory-mode node constructs zero tiered tables PENDING (tooling)
  Tiering code-path counters identically zero PENDING (tooling)
  Write amplification, worst tiered namespace PASS
  Memory-only rows append zero log records (M2 posture carried) PENDING (tooling)
  Mixed-node attribution divergence (M4-S20) PENDING (tooling)
  Cache-namespace p99 isolation under the mixed node (M4-S20) PENDING (tooling)
  Hot set at memory speed: memory-hit p50 delta PENDING (tooling)
  Hot set at memory speed: memory-hit p99 delta PENDING (tooling)
  Hot set at memory speed: memory-hit p99.9 delta PENDING (tooling)
  Cold reads: p99 < 1.5 ms on NVMe under loaded zipfian rows FAIL (DEV-TIER, non-binding)
  Memory honesty: RSS slope over the 24 h endurance run PENDING (tooling)
  Endurance: zero crashes over the full 24 h run PENDING (tooling)
  M3 regression: worst M3 gate delta on memory-mode namespaces PENDING (tooling)
  Recovery with tiering on: replay throughput per cell PENDING (tooling)
  Recovery with tiering on: 10 GB boot   PENDING (tooling)
  Never-none invariant: zero violations in the 10k-seed DST sweep PENDING (tooling)
  Crash + ENOSPC matrices: all fault points green PENDING (tooling)
  Foreground protection: p99.9 during demotion + compaction storms PENDING (tooling)

gate-run: report written to .artifacts/v0.4.0/soak-unified-20260814-0351/legs/1786771146-gate-run/report.md
gate-run: sidecar written to .artifacts/v0.4.0/soak-unified-20260814-0351/legs/1786771146-gate-run/mem-hit.tsv
== soak tier leg 51: seed 135862765161 (master 486541350 + 51 x 2654435761) ==
inf-bench env-check
  PROBE                RESULT
  git-dirty-tree       FAIL  dirty git tree: 2 uncommitted entries
  cpufreq-governor     PASS
  cpufreq-epp          PASS
  thermal-throttle     PASS
  power-source         SKIP  macos-only probe (this host: linux)
  low-power-mode       SKIP  macos-only probe (this host: linux)

  *** DIRTY TREE — dev run only, output is not citation-grade ***

env-check: OK
== ycsb row: ycsb-a-zipfian ==
== ycsb: saturation probe (ycsb-a-zipfian, +50% conns) ==
== ycsb row: ycsb-b-zipfian ==

== gate verdicts ==
  Degenerate A/B: pipelined ops regression PENDING (tooling)
  Degenerate A/B: pipelined p99.9 regression PENDING (tooling)
  Degenerate A/B: unpipelined ops regression PENDING (tooling)
  Degenerate A/B: unpipelined p99.9 regression PENDING (tooling)
  Degenerate A/B: ttl-heavy ops regression PENDING (tooling)
  Degenerate A/B: ttl-heavy p99.9 regression PENDING (tooling)
  Degenerate A/B: peak-RSS regression (worst row) PENDING (tooling)
  Memory-mode node constructs zero tiered tables PENDING (tooling)
  Tiering code-path counters identically zero PENDING (tooling)
  Write amplification, worst tiered namespace PASS
  Memory-only rows append zero log records (M2 posture carried) PENDING (tooling)
  Mixed-node attribution divergence (M4-S20) PENDING (tooling)
  Cache-namespace p99 isolation under the mixed node (M4-S20) PENDING (tooling)
  Hot set at memory speed: memory-hit p50 delta PENDING (tooling)
  Hot set at memory speed: memory-hit p99 delta PENDING (tooling)
  Hot set at memory speed: memory-hit p99.9 delta PENDING (tooling)
  Cold reads: p99 < 1.5 ms on NVMe under loaded zipfian rows FAIL (DEV-TIER, non-binding)
  Memory honesty: RSS slope over the 24 h endurance run PENDING (tooling)
  Endurance: zero crashes over the full 24 h run PENDING (tooling)
  M3 regression: worst M3 gate delta on memory-mode namespaces PENDING (tooling)
  Recovery with tiering on: replay throughput per cell PENDING (tooling)
  Recovery with tiering on: 10 GB boot   PENDING (tooling)
  Never-none invariant: zero violations in the 10k-seed DST sweep PENDING (tooling)
  Crash + ENOSPC matrices: all fault points green PENDING (tooling)
  Foreground protection: p99.9 during demotion + compaction storms PENDING (tooling)

gate-run: report written to .artifacts/v0.4.0/soak-unified-20260814-0351/legs/1786772653-gate-run/report.md
gate-run: sidecar written to .artifacts/v0.4.0/soak-unified-20260814-0351/legs/1786772653-gate-run/mem-hit.tsv
== soak tier leg 52: seed 138517200922 (master 486541350 + 52 x 2654435761) ==
inf-bench env-check
  PROBE                RESULT
  git-dirty-tree       FAIL  dirty git tree: 2 uncommitted entries
  cpufreq-governor     PASS
  cpufreq-epp          PASS
  thermal-throttle     PASS
  power-source         SKIP  macos-only probe (this host: linux)
  low-power-mode       SKIP  macos-only probe (this host: linux)

  *** DIRTY TREE — dev run only, output is not citation-grade ***

env-check: OK
== ycsb row: ycsb-a-zipfian ==
== ycsb: saturation probe (ycsb-a-zipfian, +50% conns) ==
== ycsb row: ycsb-b-zipfian ==

== gate verdicts ==
  Degenerate A/B: pipelined ops regression PENDING (tooling)
  Degenerate A/B: pipelined p99.9 regression PENDING (tooling)
  Degenerate A/B: unpipelined ops regression PENDING (tooling)
  Degenerate A/B: unpipelined p99.9 regression PENDING (tooling)
  Degenerate A/B: ttl-heavy ops regression PENDING (tooling)
  Degenerate A/B: ttl-heavy p99.9 regression PENDING (tooling)
  Degenerate A/B: peak-RSS regression (worst row) PENDING (tooling)
  Memory-mode node constructs zero tiered tables PENDING (tooling)
  Tiering code-path counters identically zero PENDING (tooling)
  Write amplification, worst tiered namespace PASS
  Memory-only rows append zero log records (M2 posture carried) PENDING (tooling)
  Mixed-node attribution divergence (M4-S20) PENDING (tooling)
  Cache-namespace p99 isolation under the mixed node (M4-S20) PENDING (tooling)
  Hot set at memory speed: memory-hit p50 delta PENDING (tooling)
  Hot set at memory speed: memory-hit p99 delta PENDING (tooling)
  Hot set at memory speed: memory-hit p99.9 delta PENDING (tooling)
  Cold reads: p99 < 1.5 ms on NVMe under loaded zipfian rows FAIL (DEV-TIER, non-binding)
  Memory honesty: RSS slope over the 24 h endurance run PENDING (tooling)
  Endurance: zero crashes over the full 24 h run PENDING (tooling)
  M3 regression: worst M3 gate delta on memory-mode namespaces PENDING (tooling)
  Recovery with tiering on: replay throughput per cell PENDING (tooling)
  Recovery with tiering on: 10 GB boot   PENDING (tooling)
  Never-none invariant: zero violations in the 10k-seed DST sweep PENDING (tooling)
  Crash + ENOSPC matrices: all fault points green PENDING (tooling)
  Foreground protection: p99.9 during demotion + compaction storms PENDING (tooling)

gate-run: report written to .artifacts/v0.4.0/soak-unified-20260814-0351/legs/1786774158-gate-run/report.md
gate-run: sidecar written to .artifacts/v0.4.0/soak-unified-20260814-0351/legs/1786774158-gate-run/mem-hit.tsv
== soak tier leg 53: seed 141171636683 (master 486541350 + 53 x 2654435761) ==
inf-bench env-check
  PROBE                RESULT
  git-dirty-tree       FAIL  dirty git tree: 2 uncommitted entries
  cpufreq-governor     PASS
  cpufreq-epp          PASS
  thermal-throttle     PASS
  power-source         SKIP  macos-only probe (this host: linux)
  low-power-mode       SKIP  macos-only probe (this host: linux)

  *** DIRTY TREE — dev run only, output is not citation-grade ***

env-check: OK
== ycsb row: ycsb-a-zipfian ==
== ycsb: saturation probe (ycsb-a-zipfian, +50% conns) ==
== ycsb row: ycsb-b-zipfian ==

== gate verdicts ==
  Degenerate A/B: pipelined ops regression PENDING (tooling)
  Degenerate A/B: pipelined p99.9 regression PENDING (tooling)
  Degenerate A/B: unpipelined ops regression PENDING (tooling)
  Degenerate A/B: unpipelined p99.9 regression PENDING (tooling)
  Degenerate A/B: ttl-heavy ops regression PENDING (tooling)
  Degenerate A/B: ttl-heavy p99.9 regression PENDING (tooling)
  Degenerate A/B: peak-RSS regression (worst row) PENDING (tooling)
  Memory-mode node constructs zero tiered tables PENDING (tooling)
  Tiering code-path counters identically zero PENDING (tooling)
  Write amplification, worst tiered namespace PASS
  Memory-only rows append zero log records (M2 posture carried) PENDING (tooling)
  Mixed-node attribution divergence (M4-S20) PENDING (tooling)
  Cache-namespace p99 isolation under the mixed node (M4-S20) PENDING (tooling)
  Hot set at memory speed: memory-hit p50 delta PENDING (tooling)
  Hot set at memory speed: memory-hit p99 delta PENDING (tooling)
  Hot set at memory speed: memory-hit p99.9 delta PENDING (tooling)
  Cold reads: p99 < 1.5 ms on NVMe under loaded zipfian rows FAIL (DEV-TIER, non-binding)
  Memory honesty: RSS slope over the 24 h endurance run PENDING (tooling)
  Endurance: zero crashes over the full 24 h run PENDING (tooling)
  M3 regression: worst M3 gate delta on memory-mode namespaces PENDING (tooling)
  Recovery with tiering on: replay throughput per cell PENDING (tooling)
  Recovery with tiering on: 10 GB boot   PENDING (tooling)
  Never-none invariant: zero violations in the 10k-seed DST sweep PENDING (tooling)
  Crash + ENOSPC matrices: all fault points green PENDING (tooling)
  Foreground protection: p99.9 during demotion + compaction storms PENDING (tooling)

gate-run: report written to .artifacts/v0.4.0/soak-unified-20260814-0351/legs/1786775663-gate-run/report.md
gate-run: sidecar written to .artifacts/v0.4.0/soak-unified-20260814-0351/legs/1786775663-gate-run/mem-hit.tsv
== soak tier leg 54: seed 143826072444 (master 486541350 + 54 x 2654435761) ==
inf-bench env-check
  PROBE                RESULT
  git-dirty-tree       FAIL  dirty git tree: 2 uncommitted entries
  cpufreq-governor     PASS
  cpufreq-epp          PASS
  thermal-throttle     PASS
  power-source         SKIP  macos-only probe (this host: linux)
  low-power-mode       SKIP  macos-only probe (this host: linux)

  *** DIRTY TREE — dev run only, output is not citation-grade ***

env-check: OK
== ycsb row: ycsb-a-zipfian ==
== ycsb: saturation probe (ycsb-a-zipfian, +50% conns) ==
== ycsb row: ycsb-b-zipfian ==

== gate verdicts ==
  Degenerate A/B: pipelined ops regression PENDING (tooling)
  Degenerate A/B: pipelined p99.9 regression PENDING (tooling)
  Degenerate A/B: unpipelined ops regression PENDING (tooling)
  Degenerate A/B: unpipelined p99.9 regression PENDING (tooling)
  Degenerate A/B: ttl-heavy ops regression PENDING (tooling)
  Degenerate A/B: ttl-heavy p99.9 regression PENDING (tooling)
  Degenerate A/B: peak-RSS regression (worst row) PENDING (tooling)
  Memory-mode node constructs zero tiered tables PENDING (tooling)
  Tiering code-path counters identically zero PENDING (tooling)
  Write amplification, worst tiered namespace PASS
  Memory-only rows append zero log records (M2 posture carried) PENDING (tooling)
  Mixed-node attribution divergence (M4-S20) PENDING (tooling)
  Cache-namespace p99 isolation under the mixed node (M4-S20) PENDING (tooling)
  Hot set at memory speed: memory-hit p50 delta PENDING (tooling)
  Hot set at memory speed: memory-hit p99 delta PENDING (tooling)
  Hot set at memory speed: memory-hit p99.9 delta PENDING (tooling)
  Cold reads: p99 < 1.5 ms on NVMe under loaded zipfian rows FAIL (DEV-TIER, non-binding)
  Memory honesty: RSS slope over the 24 h endurance run PENDING (tooling)
  Endurance: zero crashes over the full 24 h run PENDING (tooling)
  M3 regression: worst M3 gate delta on memory-mode namespaces PENDING (tooling)
  Recovery with tiering on: replay throughput per cell PENDING (tooling)
  Recovery with tiering on: 10 GB boot   PENDING (tooling)
  Never-none invariant: zero violations in the 10k-seed DST sweep PENDING (tooling)
  Crash + ENOSPC matrices: all fault points green PENDING (tooling)
  Foreground protection: p99.9 during demotion + compaction storms PENDING (tooling)

gate-run: report written to .artifacts/v0.4.0/soak-unified-20260814-0351/legs/1786777166-gate-run/report.md
gate-run: sidecar written to .artifacts/v0.4.0/soak-unified-20260814-0351/legs/1786777166-gate-run/mem-hit.tsv
== soak tier leg 55: seed 146480508205 (master 486541350 + 55 x 2654435761) ==
inf-bench env-check
  PROBE                RESULT
  git-dirty-tree       FAIL  dirty git tree: 2 uncommitted entries
  cpufreq-governor     PASS
  cpufreq-epp          PASS
  thermal-throttle     PASS
  power-source         SKIP  macos-only probe (this host: linux)
  low-power-mode       SKIP  macos-only probe (this host: linux)

  *** DIRTY TREE — dev run only, output is not citation-grade ***

env-check: OK
== ycsb row: ycsb-a-zipfian ==
== ycsb: saturation probe (ycsb-a-zipfian, +50% conns) ==
== ycsb row: ycsb-b-zipfian ==

== gate verdicts ==
  Degenerate A/B: pipelined ops regression PENDING (tooling)
  Degenerate A/B: pipelined p99.9 regression PENDING (tooling)
  Degenerate A/B: unpipelined ops regression PENDING (tooling)
  Degenerate A/B: unpipelined p99.9 regression PENDING (tooling)
  Degenerate A/B: ttl-heavy ops regression PENDING (tooling)
  Degenerate A/B: ttl-heavy p99.9 regression PENDING (tooling)
  Degenerate A/B: peak-RSS regression (worst row) PENDING (tooling)
  Memory-mode node constructs zero tiered tables PENDING (tooling)
  Tiering code-path counters identically zero PENDING (tooling)
  Write amplification, worst tiered namespace PASS
  Memory-only rows append zero log records (M2 posture carried) PENDING (tooling)
  Mixed-node attribution divergence (M4-S20) PENDING (tooling)
  Cache-namespace p99 isolation under the mixed node (M4-S20) PENDING (tooling)
  Hot set at memory speed: memory-hit p50 delta PENDING (tooling)
  Hot set at memory speed: memory-hit p99 delta PENDING (tooling)
  Hot set at memory speed: memory-hit p99.9 delta PENDING (tooling)
  Cold reads: p99 < 1.5 ms on NVMe under loaded zipfian rows FAIL (DEV-TIER, non-binding)
  Memory honesty: RSS slope over the 24 h endurance run PENDING (tooling)
  Endurance: zero crashes over the full 24 h run PENDING (tooling)
  M3 regression: worst M3 gate delta on memory-mode namespaces PENDING (tooling)
  Recovery with tiering on: replay throughput per cell PENDING (tooling)
  Recovery with tiering on: 10 GB boot   PENDING (tooling)
  Never-none invariant: zero violations in the 10k-seed DST sweep PENDING (tooling)
  Crash + ENOSPC matrices: all fault points green PENDING (tooling)
  Foreground protection: p99.9 during demotion + compaction storms PENDING (tooling)

gate-run: report written to .artifacts/v0.4.0/soak-unified-20260814-0351/legs/1786778670-gate-run/report.md
gate-run: sidecar written to .artifacts/v0.4.0/soak-unified-20260814-0351/legs/1786778670-gate-run/mem-hit.tsv
== soak tier leg 56: seed 149134943966 (master 486541350 + 56 x 2654435761) ==
inf-bench env-check
  PROBE                RESULT
  git-dirty-tree       FAIL  dirty git tree: 2 uncommitted entries
  cpufreq-governor     PASS
  cpufreq-epp          PASS
  thermal-throttle     PASS
  power-source         SKIP  macos-only probe (this host: linux)
  low-power-mode       SKIP  macos-only probe (this host: linux)

  *** DIRTY TREE — dev run only, output is not citation-grade ***

env-check: OK
== ycsb row: ycsb-a-zipfian ==
== ycsb: saturation probe (ycsb-a-zipfian, +50% conns) ==
== ycsb row: ycsb-b-zipfian ==

== gate verdicts ==
  Degenerate A/B: pipelined ops regression PENDING (tooling)
  Degenerate A/B: pipelined p99.9 regression PENDING (tooling)
  Degenerate A/B: unpipelined ops regression PENDING (tooling)
  Degenerate A/B: unpipelined p99.9 regression PENDING (tooling)
  Degenerate A/B: ttl-heavy ops regression PENDING (tooling)
  Degenerate A/B: ttl-heavy p99.9 regression PENDING (tooling)
  Degenerate A/B: peak-RSS regression (worst row) PENDING (tooling)
  Memory-mode node constructs zero tiered tables PENDING (tooling)
  Tiering code-path counters identically zero PENDING (tooling)
  Write amplification, worst tiered namespace PASS
  Memory-only rows append zero log records (M2 posture carried) PENDING (tooling)
  Mixed-node attribution divergence (M4-S20) PENDING (tooling)
  Cache-namespace p99 isolation under the mixed node (M4-S20) PENDING (tooling)
  Hot set at memory speed: memory-hit p50 delta PENDING (tooling)
  Hot set at memory speed: memory-hit p99 delta PENDING (tooling)
  Hot set at memory speed: memory-hit p99.9 delta PENDING (tooling)
  Cold reads: p99 < 1.5 ms on NVMe under loaded zipfian rows FAIL (DEV-TIER, non-binding)
  Memory honesty: RSS slope over the 24 h endurance run PENDING (tooling)
  Endurance: zero crashes over the full 24 h run PENDING (tooling)
  M3 regression: worst M3 gate delta on memory-mode namespaces PENDING (tooling)
  Recovery with tiering on: replay throughput per cell PENDING (tooling)
  Recovery with tiering on: 10 GB boot   PENDING (tooling)
  Never-none invariant: zero violations in the 10k-seed DST sweep PENDING (tooling)
  Crash + ENOSPC matrices: all fault points green PENDING (tooling)
  Foreground protection: p99.9 during demotion + compaction storms PENDING (tooling)

gate-run: report written to .artifacts/v0.4.0/soak-unified-20260814-0351/legs/1786780179-gate-run/report.md
gate-run: sidecar written to .artifacts/v0.4.0/soak-unified-20260814-0351/legs/1786780179-gate-run/mem-hit.tsv
== soak tier leg 57: seed 151789379727 (master 486541350 + 57 x 2654435761) ==
inf-bench env-check
  PROBE                RESULT
  git-dirty-tree       FAIL  dirty git tree: 2 uncommitted entries
  cpufreq-governor     PASS
  cpufreq-epp          PASS
  thermal-throttle     PASS
  power-source         SKIP  macos-only probe (this host: linux)
  low-power-mode       SKIP  macos-only probe (this host: linux)

  *** DIRTY TREE — dev run only, output is not citation-grade ***

env-check: OK
== ycsb row: ycsb-a-zipfian ==
== ycsb: saturation probe (ycsb-a-zipfian, +50% conns) ==
== ycsb row: ycsb-b-zipfian ==

== gate verdicts ==
  Degenerate A/B: pipelined ops regression PENDING (tooling)
  Degenerate A/B: pipelined p99.9 regression PENDING (tooling)
  Degenerate A/B: unpipelined ops regression PENDING (tooling)
  Degenerate A/B: unpipelined p99.9 regression PENDING (tooling)
  Degenerate A/B: ttl-heavy ops regression PENDING (tooling)
  Degenerate A/B: ttl-heavy p99.9 regression PENDING (tooling)
  Degenerate A/B: peak-RSS regression (worst row) PENDING (tooling)
  Memory-mode node constructs zero tiered tables PENDING (tooling)
  Tiering code-path counters identically zero PENDING (tooling)
  Write amplification, worst tiered namespace PASS
  Memory-only rows append zero log records (M2 posture carried) PENDING (tooling)
  Mixed-node attribution divergence (M4-S20) PENDING (tooling)
  Cache-namespace p99 isolation under the mixed node (M4-S20) PENDING (tooling)
  Hot set at memory speed: memory-hit p50 delta PENDING (tooling)
  Hot set at memory speed: memory-hit p99 delta PENDING (tooling)
  Hot set at memory speed: memory-hit p99.9 delta PENDING (tooling)
  Cold reads: p99 < 1.5 ms on NVMe under loaded zipfian rows FAIL (DEV-TIER, non-binding)
  Memory honesty: RSS slope over the 24 h endurance run PENDING (tooling)
  Endurance: zero crashes over the full 24 h run PENDING (tooling)
  M3 regression: worst M3 gate delta on memory-mode namespaces PENDING (tooling)
  Recovery with tiering on: replay throughput per cell PENDING (tooling)
  Recovery with tiering on: 10 GB boot   PENDING (tooling)
  Never-none invariant: zero violations in the 10k-seed DST sweep PENDING (tooling)
  Crash + ENOSPC matrices: all fault points green PENDING (tooling)
  Foreground protection: p99.9 during demotion + compaction storms PENDING (tooling)

gate-run: report written to .artifacts/v0.4.0/soak-unified-20260814-0351/legs/1786781684-gate-run/report.md
gate-run: sidecar written to .artifacts/v0.4.0/soak-unified-20260814-0351/legs/1786781684-gate-run/mem-hit.tsv
== soak tier leg 58: seed 154443815488 (master 486541350 + 58 x 2654435761) ==
inf-bench env-check
  PROBE                RESULT
  git-dirty-tree       FAIL  dirty git tree: 2 uncommitted entries
  cpufreq-governor     PASS
  cpufreq-epp          PASS
  thermal-throttle     PASS
  power-source         SKIP  macos-only probe (this host: linux)
  low-power-mode       SKIP  macos-only probe (this host: linux)

  *** DIRTY TREE — dev run only, output is not citation-grade ***

env-check: OK
== ycsb row: ycsb-a-zipfian ==
== ycsb: saturation probe (ycsb-a-zipfian, +50% conns) ==
== ycsb row: ycsb-b-zipfian ==

== gate verdicts ==
  Degenerate A/B: pipelined ops regression PENDING (tooling)
  Degenerate A/B: pipelined p99.9 regression PENDING (tooling)
  Degenerate A/B: unpipelined ops regression PENDING (tooling)
  Degenerate A/B: unpipelined p99.9 regression PENDING (tooling)
  Degenerate A/B: ttl-heavy ops regression PENDING (tooling)
  Degenerate A/B: ttl-heavy p99.9 regression PENDING (tooling)
  Degenerate A/B: peak-RSS regression (worst row) PENDING (tooling)
  Memory-mode node constructs zero tiered tables PENDING (tooling)
  Tiering code-path counters identically zero PENDING (tooling)
  Write amplification, worst tiered namespace PASS
  Memory-only rows append zero log records (M2 posture carried) PENDING (tooling)
  Mixed-node attribution divergence (M4-S20) PENDING (tooling)
  Cache-namespace p99 isolation under the mixed node (M4-S20) PENDING (tooling)
  Hot set at memory speed: memory-hit p50 delta PENDING (tooling)
  Hot set at memory speed: memory-hit p99 delta PENDING (tooling)
  Hot set at memory speed: memory-hit p99.9 delta PENDING (tooling)
  Cold reads: p99 < 1.5 ms on NVMe under loaded zipfian rows FAIL (DEV-TIER, non-binding)
  Memory honesty: RSS slope over the 24 h endurance run PENDING (tooling)
  Endurance: zero crashes over the full 24 h run PENDING (tooling)
  M3 regression: worst M3 gate delta on memory-mode namespaces PENDING (tooling)
  Recovery with tiering on: replay throughput per cell PENDING (tooling)
  Recovery with tiering on: 10 GB boot   PENDING (tooling)
  Never-none invariant: zero violations in the 10k-seed DST sweep PENDING (tooling)
  Crash + ENOSPC matrices: all fault points green PENDING (tooling)
  Foreground protection: p99.9 during demotion + compaction storms PENDING (tooling)

gate-run: report written to .artifacts/v0.4.0/soak-unified-20260814-0351/legs/1786783188-gate-run/report.md
gate-run: sidecar written to .artifacts/v0.4.0/soak-unified-20260814-0351/legs/1786783188-gate-run/mem-hit.tsv
== soak tier leg 59: seed 157098251249 (master 486541350 + 59 x 2654435761) ==
inf-bench env-check
  PROBE                RESULT
  git-dirty-tree       FAIL  dirty git tree: 2 uncommitted entries
  cpufreq-governor     PASS
  cpufreq-epp          PASS
  thermal-throttle     PASS
  power-source         SKIP  macos-only probe (this host: linux)
  low-power-mode       SKIP  macos-only probe (this host: linux)

  *** DIRTY TREE — dev run only, output is not citation-grade ***

env-check: OK
== ycsb row: ycsb-a-zipfian ==
== ycsb: saturation probe (ycsb-a-zipfian, +50% conns) ==
== ycsb row: ycsb-b-zipfian ==

== gate verdicts ==
  Degenerate A/B: pipelined ops regression PENDING (tooling)
  Degenerate A/B: pipelined p99.9 regression PENDING (tooling)
  Degenerate A/B: unpipelined ops regression PENDING (tooling)
  Degenerate A/B: unpipelined p99.9 regression PENDING (tooling)
  Degenerate A/B: ttl-heavy ops regression PENDING (tooling)
  Degenerate A/B: ttl-heavy p99.9 regression PENDING (tooling)
  Degenerate A/B: peak-RSS regression (worst row) PENDING (tooling)
  Memory-mode node constructs zero tiered tables PENDING (tooling)
  Tiering code-path counters identically zero PENDING (tooling)
  Write amplification, worst tiered namespace PASS
  Memory-only rows append zero log records (M2 posture carried) PENDING (tooling)
  Mixed-node attribution divergence (M4-S20) PENDING (tooling)
  Cache-namespace p99 isolation under the mixed node (M4-S20) PENDING (tooling)
  Hot set at memory speed: memory-hit p50 delta PENDING (tooling)
  Hot set at memory speed: memory-hit p99 delta PENDING (tooling)
  Hot set at memory speed: memory-hit p99.9 delta PENDING (tooling)
  Cold reads: p99 < 1.5 ms on NVMe under loaded zipfian rows FAIL (DEV-TIER, non-binding)
  Memory honesty: RSS slope over the 24 h endurance run PENDING (tooling)
  Endurance: zero crashes over the full 24 h run PENDING (tooling)
  M3 regression: worst M3 gate delta on memory-mode namespaces PENDING (tooling)
  Recovery with tiering on: replay throughput per cell PENDING (tooling)
  Recovery with tiering on: 10 GB boot   PENDING (tooling)
  Never-none invariant: zero violations in the 10k-seed DST sweep PENDING (tooling)
  Crash + ENOSPC matrices: all fault points green PENDING (tooling)
  Foreground protection: p99.9 during demotion + compaction storms PENDING (tooling)

gate-run: report written to .artifacts/v0.4.0/soak-unified-20260814-0351/legs/1786784692-gate-run/report.md
gate-run: sidecar written to .artifacts/v0.4.0/soak-unified-20260814-0351/legs/1786784692-gate-run/mem-hit.tsv
== soak tier leg 60: seed 159752687010 (master 486541350 + 60 x 2654435761) ==
inf-bench env-check
  PROBE                RESULT
  git-dirty-tree       FAIL  dirty git tree: 2 uncommitted entries
  cpufreq-governor     PASS
  cpufreq-epp          PASS
  thermal-throttle     PASS
  power-source         SKIP  macos-only probe (this host: linux)
  low-power-mode       SKIP  macos-only probe (this host: linux)

  *** DIRTY TREE — dev run only, output is not citation-grade ***

env-check: OK
== ycsb row: ycsb-a-zipfian ==
== ycsb: saturation probe (ycsb-a-zipfian, +50% conns) ==
== ycsb row: ycsb-b-zipfian ==

== gate verdicts ==
  Degenerate A/B: pipelined ops regression PENDING (tooling)
  Degenerate A/B: pipelined p99.9 regression PENDING (tooling)
  Degenerate A/B: unpipelined ops regression PENDING (tooling)
  Degenerate A/B: unpipelined p99.9 regression PENDING (tooling)
  Degenerate A/B: ttl-heavy ops regression PENDING (tooling)
  Degenerate A/B: ttl-heavy p99.9 regression PENDING (tooling)
  Degenerate A/B: peak-RSS regression (worst row) PENDING (tooling)
  Memory-mode node constructs zero tiered tables PENDING (tooling)
  Tiering code-path counters identically zero PENDING (tooling)
  Write amplification, worst tiered namespace PASS
  Memory-only rows append zero log records (M2 posture carried) PENDING (tooling)
  Mixed-node attribution divergence (M4-S20) PENDING (tooling)
  Cache-namespace p99 isolation under the mixed node (M4-S20) PENDING (tooling)
  Hot set at memory speed: memory-hit p50 delta PENDING (tooling)
  Hot set at memory speed: memory-hit p99 delta PENDING (tooling)
  Hot set at memory speed: memory-hit p99.9 delta PENDING (tooling)
  Cold reads: p99 < 1.5 ms on NVMe under loaded zipfian rows FAIL (DEV-TIER, non-binding)
  Memory honesty: RSS slope over the 24 h endurance run PENDING (tooling)
  Endurance: zero crashes over the full 24 h run PENDING (tooling)
  M3 regression: worst M3 gate delta on memory-mode namespaces PENDING (tooling)
  Recovery with tiering on: replay throughput per cell PENDING (tooling)
  Recovery with tiering on: 10 GB boot   PENDING (tooling)
  Never-none invariant: zero violations in the 10k-seed DST sweep PENDING (tooling)
  Crash + ENOSPC matrices: all fault points green PENDING (tooling)
  Foreground protection: p99.9 during demotion + compaction storms PENDING (tooling)

gate-run: report written to .artifacts/v0.4.0/soak-unified-20260814-0351/legs/1786786196-gate-run/report.md
gate-run: sidecar written to .artifacts/v0.4.0/soak-unified-20260814-0351/legs/1786786196-gate-run/mem-hit.tsv
== soak tier leg 61: seed 162407122771 (master 486541350 + 61 x 2654435761) ==
inf-bench env-check
  PROBE                RESULT
  git-dirty-tree       FAIL  dirty git tree: 2 uncommitted entries
  cpufreq-governor     PASS
  cpufreq-epp          PASS
  thermal-throttle     PASS
  power-source         SKIP  macos-only probe (this host: linux)
  low-power-mode       SKIP  macos-only probe (this host: linux)

  *** DIRTY TREE — dev run only, output is not citation-grade ***

env-check: OK
== ycsb row: ycsb-a-zipfian ==
== ycsb: saturation probe (ycsb-a-zipfian, +50% conns) ==
== ycsb row: ycsb-b-zipfian ==

== gate verdicts ==
  Degenerate A/B: pipelined ops regression PENDING (tooling)
  Degenerate A/B: pipelined p99.9 regression PENDING (tooling)
  Degenerate A/B: unpipelined ops regression PENDING (tooling)
  Degenerate A/B: unpipelined p99.9 regression PENDING (tooling)
  Degenerate A/B: ttl-heavy ops regression PENDING (tooling)
  Degenerate A/B: ttl-heavy p99.9 regression PENDING (tooling)
  Degenerate A/B: peak-RSS regression (worst row) PENDING (tooling)
  Memory-mode node constructs zero tiered tables PENDING (tooling)
  Tiering code-path counters identically zero PENDING (tooling)
  Write amplification, worst tiered namespace PASS
  Memory-only rows append zero log records (M2 posture carried) PENDING (tooling)
  Mixed-node attribution divergence (M4-S20) PENDING (tooling)
  Cache-namespace p99 isolation under the mixed node (M4-S20) PENDING (tooling)
  Hot set at memory speed: memory-hit p50 delta PENDING (tooling)
  Hot set at memory speed: memory-hit p99 delta PENDING (tooling)
  Hot set at memory speed: memory-hit p99.9 delta PENDING (tooling)
  Cold reads: p99 < 1.5 ms on NVMe under loaded zipfian rows FAIL (DEV-TIER, non-binding)
  Memory honesty: RSS slope over the 24 h endurance run PENDING (tooling)
  Endurance: zero crashes over the full 24 h run PENDING (tooling)
  M3 regression: worst M3 gate delta on memory-mode namespaces PENDING (tooling)
  Recovery with tiering on: replay throughput per cell PENDING (tooling)
  Recovery with tiering on: 10 GB boot   PENDING (tooling)
  Never-none invariant: zero violations in the 10k-seed DST sweep PENDING (tooling)
  Crash + ENOSPC matrices: all fault points green PENDING (tooling)
  Foreground protection: p99.9 during demotion + compaction storms PENDING (tooling)

gate-run: report written to .artifacts/v0.4.0/soak-unified-20260814-0351/legs/1786787700-gate-run/report.md
gate-run: sidecar written to .artifacts/v0.4.0/soak-unified-20260814-0351/legs/1786787700-gate-run/mem-hit.tsv
== soak tier leg 62: seed 165061558532 (master 486541350 + 62 x 2654435761) ==
inf-bench env-check
  PROBE                RESULT
  git-dirty-tree       FAIL  dirty git tree: 2 uncommitted entries
  cpufreq-governor     PASS
  cpufreq-epp          PASS
  thermal-throttle     PASS
  power-source         SKIP  macos-only probe (this host: linux)
  low-power-mode       SKIP  macos-only probe (this host: linux)

  *** DIRTY TREE — dev run only, output is not citation-grade ***

env-check: OK
== ycsb row: ycsb-a-zipfian ==
== ycsb: saturation probe (ycsb-a-zipfian, +50% conns) ==
== ycsb row: ycsb-b-zipfian ==

== gate verdicts ==
  Degenerate A/B: pipelined ops regression PENDING (tooling)
  Degenerate A/B: pipelined p99.9 regression PENDING (tooling)
  Degenerate A/B: unpipelined ops regression PENDING (tooling)
  Degenerate A/B: unpipelined p99.9 regression PENDING (tooling)
  Degenerate A/B: ttl-heavy ops regression PENDING (tooling)
  Degenerate A/B: ttl-heavy p99.9 regression PENDING (tooling)
  Degenerate A/B: peak-RSS regression (worst row) PENDING (tooling)
  Memory-mode node constructs zero tiered tables PENDING (tooling)
  Tiering code-path counters identically zero PENDING (tooling)
  Write amplification, worst tiered namespace PASS
  Memory-only rows append zero log records (M2 posture carried) PENDING (tooling)
  Mixed-node attribution divergence (M4-S20) PENDING (tooling)
  Cache-namespace p99 isolation under the mixed node (M4-S20) PENDING (tooling)
  Hot set at memory speed: memory-hit p50 delta PENDING (tooling)
  Hot set at memory speed: memory-hit p99 delta PENDING (tooling)
  Hot set at memory speed: memory-hit p99.9 delta PENDING (tooling)
  Cold reads: p99 < 1.5 ms on NVMe under loaded zipfian rows FAIL (DEV-TIER, non-binding)
  Memory honesty: RSS slope over the 24 h endurance run PENDING (tooling)
  Endurance: zero crashes over the full 24 h run PENDING (tooling)
  M3 regression: worst M3 gate delta on memory-mode namespaces PENDING (tooling)
  Recovery with tiering on: replay throughput per cell PENDING (tooling)
  Recovery with tiering on: 10 GB boot   PENDING (tooling)
  Never-none invariant: zero violations in the 10k-seed DST sweep PENDING (tooling)
  Crash + ENOSPC matrices: all fault points green PENDING (tooling)
  Foreground protection: p99.9 during demotion + compaction storms PENDING (tooling)

gate-run: report written to .artifacts/v0.4.0/soak-unified-20260814-0351/legs/1786789205-gate-run/report.md
gate-run: sidecar written to .artifacts/v0.4.0/soak-unified-20260814-0351/legs/1786789205-gate-run/mem-hit.tsv
== soak tier leg 63: seed 167715994293 (master 486541350 + 63 x 2654435761) ==
inf-bench env-check
  PROBE                RESULT
  git-dirty-tree       FAIL  dirty git tree: 2 uncommitted entries
  cpufreq-governor     PASS
  cpufreq-epp          PASS
  thermal-throttle     PASS
  power-source         SKIP  macos-only probe (this host: linux)
  low-power-mode       SKIP  macos-only probe (this host: linux)

  *** DIRTY TREE — dev run only, output is not citation-grade ***

env-check: OK
== ycsb row: ycsb-a-zipfian ==
== ycsb: saturation probe (ycsb-a-zipfian, +50% conns) ==
== ycsb row: ycsb-b-zipfian ==

== gate verdicts ==
  Degenerate A/B: pipelined ops regression PENDING (tooling)
  Degenerate A/B: pipelined p99.9 regression PENDING (tooling)
  Degenerate A/B: unpipelined ops regression PENDING (tooling)
  Degenerate A/B: unpipelined p99.9 regression PENDING (tooling)
  Degenerate A/B: ttl-heavy ops regression PENDING (tooling)
  Degenerate A/B: ttl-heavy p99.9 regression PENDING (tooling)
  Degenerate A/B: peak-RSS regression (worst row) PENDING (tooling)
  Memory-mode node constructs zero tiered tables PENDING (tooling)
  Tiering code-path counters identically zero PENDING (tooling)
  Write amplification, worst tiered namespace PASS
  Memory-only rows append zero log records (M2 posture carried) PENDING (tooling)
  Mixed-node attribution divergence (M4-S20) PENDING (tooling)
  Cache-namespace p99 isolation under the mixed node (M4-S20) PENDING (tooling)
  Hot set at memory speed: memory-hit p50 delta PENDING (tooling)
  Hot set at memory speed: memory-hit p99 delta PENDING (tooling)
  Hot set at memory speed: memory-hit p99.9 delta PENDING (tooling)
  Cold reads: p99 < 1.5 ms on NVMe under loaded zipfian rows FAIL (DEV-TIER, non-binding)
  Memory honesty: RSS slope over the 24 h endurance run PENDING (tooling)
  Endurance: zero crashes over the full 24 h run PENDING (tooling)
  M3 regression: worst M3 gate delta on memory-mode namespaces PENDING (tooling)
  Recovery with tiering on: replay throughput per cell PENDING (tooling)
  Recovery with tiering on: 10 GB boot   PENDING (tooling)
  Never-none invariant: zero violations in the 10k-seed DST sweep PENDING (tooling)
  Crash + ENOSPC matrices: all fault points green PENDING (tooling)
  Foreground protection: p99.9 during demotion + compaction storms PENDING (tooling)

gate-run: report written to .artifacts/v0.4.0/soak-unified-20260814-0351/legs/1786790710-gate-run/report.md
gate-run: sidecar written to .artifacts/v0.4.0/soak-unified-20260814-0351/legs/1786790710-gate-run/mem-hit.tsv
== soak tier leg 64: seed 170370430054 (master 486541350 + 64 x 2654435761) ==
inf-bench env-check
  PROBE                RESULT
  git-dirty-tree       FAIL  dirty git tree: 2 uncommitted entries
  cpufreq-governor     PASS
  cpufreq-epp          PASS
  thermal-throttle     PASS
  power-source         SKIP  macos-only probe (this host: linux)
  low-power-mode       SKIP  macos-only probe (this host: linux)

  *** DIRTY TREE — dev run only, output is not citation-grade ***

env-check: OK
== ycsb row: ycsb-a-zipfian ==
== ycsb: saturation probe (ycsb-a-zipfian, +50% conns) ==
== ycsb row: ycsb-b-zipfian ==

== gate verdicts ==
  Degenerate A/B: pipelined ops regression PENDING (tooling)
  Degenerate A/B: pipelined p99.9 regression PENDING (tooling)
  Degenerate A/B: unpipelined ops regression PENDING (tooling)
  Degenerate A/B: unpipelined p99.9 regression PENDING (tooling)
  Degenerate A/B: ttl-heavy ops regression PENDING (tooling)
  Degenerate A/B: ttl-heavy p99.9 regression PENDING (tooling)
  Degenerate A/B: peak-RSS regression (worst row) PENDING (tooling)
  Memory-mode node constructs zero tiered tables PENDING (tooling)
  Tiering code-path counters identically zero PENDING (tooling)
  Write amplification, worst tiered namespace PASS
  Memory-only rows append zero log records (M2 posture carried) PENDING (tooling)
  Mixed-node attribution divergence (M4-S20) PENDING (tooling)
  Cache-namespace p99 isolation under the mixed node (M4-S20) PENDING (tooling)
  Hot set at memory speed: memory-hit p50 delta PENDING (tooling)
  Hot set at memory speed: memory-hit p99 delta PENDING (tooling)
  Hot set at memory speed: memory-hit p99.9 delta PENDING (tooling)
  Cold reads: p99 < 1.5 ms on NVMe under loaded zipfian rows FAIL (DEV-TIER, non-binding)
  Memory honesty: RSS slope over the 24 h endurance run PENDING (tooling)
  Endurance: zero crashes over the full 24 h run PENDING (tooling)
  M3 regression: worst M3 gate delta on memory-mode namespaces PENDING (tooling)
  Recovery with tiering on: replay throughput per cell PENDING (tooling)
  Recovery with tiering on: 10 GB boot   PENDING (tooling)
  Never-none invariant: zero violations in the 10k-seed DST sweep PENDING (tooling)
  Crash + ENOSPC matrices: all fault points green PENDING (tooling)
  Foreground protection: p99.9 during demotion + compaction storms PENDING (tooling)

gate-run: report written to .artifacts/v0.4.0/soak-unified-20260814-0351/legs/1786792215-gate-run/report.md
gate-run: sidecar written to .artifacts/v0.4.0/soak-unified-20260814-0351/legs/1786792215-gate-run/mem-hit.tsv
== soak tier leg 65: seed 173024865815 (master 486541350 + 65 x 2654435761) ==
inf-bench env-check
  PROBE                RESULT
  git-dirty-tree       FAIL  dirty git tree: 2 uncommitted entries
  cpufreq-governor     PASS
  cpufreq-epp          PASS
  thermal-throttle     PASS
  power-source         SKIP  macos-only probe (this host: linux)
  low-power-mode       SKIP  macos-only probe (this host: linux)

  *** DIRTY TREE — dev run only, output is not citation-grade ***

env-check: OK
== ycsb row: ycsb-a-zipfian ==
== ycsb: saturation probe (ycsb-a-zipfian, +50% conns) ==
== ycsb row: ycsb-b-zipfian ==

== gate verdicts ==
  Degenerate A/B: pipelined ops regression PENDING (tooling)
  Degenerate A/B: pipelined p99.9 regression PENDING (tooling)
  Degenerate A/B: unpipelined ops regression PENDING (tooling)
  Degenerate A/B: unpipelined p99.9 regression PENDING (tooling)
  Degenerate A/B: ttl-heavy ops regression PENDING (tooling)
  Degenerate A/B: ttl-heavy p99.9 regression PENDING (tooling)
  Degenerate A/B: peak-RSS regression (worst row) PENDING (tooling)
  Memory-mode node constructs zero tiered tables PENDING (tooling)
  Tiering code-path counters identically zero PENDING (tooling)
  Write amplification, worst tiered namespace PASS
  Memory-only rows append zero log records (M2 posture carried) PENDING (tooling)
  Mixed-node attribution divergence (M4-S20) PENDING (tooling)
  Cache-namespace p99 isolation under the mixed node (M4-S20) PENDING (tooling)
  Hot set at memory speed: memory-hit p50 delta PENDING (tooling)
  Hot set at memory speed: memory-hit p99 delta PENDING (tooling)
  Hot set at memory speed: memory-hit p99.9 delta PENDING (tooling)
  Cold reads: p99 < 1.5 ms on NVMe under loaded zipfian rows FAIL (DEV-TIER, non-binding)
  Memory honesty: RSS slope over the 24 h endurance run PENDING (tooling)
  Endurance: zero crashes over the full 24 h run PENDING (tooling)
  M3 regression: worst M3 gate delta on memory-mode namespaces PENDING (tooling)
  Recovery with tiering on: replay throughput per cell PENDING (tooling)
  Recovery with tiering on: 10 GB boot   PENDING (tooling)
  Never-none invariant: zero violations in the 10k-seed DST sweep PENDING (tooling)
  Crash + ENOSPC matrices: all fault points green PENDING (tooling)
  Foreground protection: p99.9 during demotion + compaction storms PENDING (tooling)

gate-run: report written to .artifacts/v0.4.0/soak-unified-20260814-0351/legs/1786793719-gate-run/report.md
gate-run: sidecar written to .artifacts/v0.4.0/soak-unified-20260814-0351/legs/1786793719-gate-run/mem-hit.tsv
== soak tier leg 66: seed 175679301576 (master 486541350 + 66 x 2654435761) ==
inf-bench env-check
  PROBE                RESULT
  git-dirty-tree       FAIL  dirty git tree: 2 uncommitted entries
  cpufreq-governor     PASS
  cpufreq-epp          PASS
  thermal-throttle     PASS
  power-source         SKIP  macos-only probe (this host: linux)
  low-power-mode       SKIP  macos-only probe (this host: linux)

  *** DIRTY TREE — dev run only, output is not citation-grade ***

env-check: OK
== ycsb row: ycsb-a-zipfian ==
== ycsb: saturation probe (ycsb-a-zipfian, +50% conns) ==
== ycsb row: ycsb-b-zipfian ==

== gate verdicts ==
  Degenerate A/B: pipelined ops regression PENDING (tooling)
  Degenerate A/B: pipelined p99.9 regression PENDING (tooling)
  Degenerate A/B: unpipelined ops regression PENDING (tooling)
  Degenerate A/B: unpipelined p99.9 regression PENDING (tooling)
  Degenerate A/B: ttl-heavy ops regression PENDING (tooling)
  Degenerate A/B: ttl-heavy p99.9 regression PENDING (tooling)
  Degenerate A/B: peak-RSS regression (worst row) PENDING (tooling)
  Memory-mode node constructs zero tiered tables PENDING (tooling)
  Tiering code-path counters identically zero PENDING (tooling)
  Write amplification, worst tiered namespace PASS
  Memory-only rows append zero log records (M2 posture carried) PENDING (tooling)
  Mixed-node attribution divergence (M4-S20) PENDING (tooling)
  Cache-namespace p99 isolation under the mixed node (M4-S20) PENDING (tooling)
  Hot set at memory speed: memory-hit p50 delta PENDING (tooling)
  Hot set at memory speed: memory-hit p99 delta PENDING (tooling)
  Hot set at memory speed: memory-hit p99.9 delta PENDING (tooling)
  Cold reads: p99 < 1.5 ms on NVMe under loaded zipfian rows FAIL (DEV-TIER, non-binding)
  Memory honesty: RSS slope over the 24 h endurance run PENDING (tooling)
  Endurance: zero crashes over the full 24 h run PENDING (tooling)
  M3 regression: worst M3 gate delta on memory-mode namespaces PENDING (tooling)
  Recovery with tiering on: replay throughput per cell PENDING (tooling)
  Recovery with tiering on: 10 GB boot   PENDING (tooling)
  Never-none invariant: zero violations in the 10k-seed DST sweep PENDING (tooling)
  Crash + ENOSPC matrices: all fault points green PENDING (tooling)
  Foreground protection: p99.9 during demotion + compaction storms PENDING (tooling)

gate-run: report written to .artifacts/v0.4.0/soak-unified-20260814-0351/legs/1786795223-gate-run/report.md
gate-run: sidecar written to .artifacts/v0.4.0/soak-unified-20260814-0351/legs/1786795223-gate-run/mem-hit.tsv
== soak tier leg 67: seed 178333737337 (master 486541350 + 67 x 2654435761) ==
inf-bench env-check
  PROBE                RESULT
  git-dirty-tree       FAIL  dirty git tree: 2 uncommitted entries
  cpufreq-governor     PASS
  cpufreq-epp          PASS
  thermal-throttle     PASS
  power-source         SKIP  macos-only probe (this host: linux)
  low-power-mode       SKIP  macos-only probe (this host: linux)

  *** DIRTY TREE — dev run only, output is not citation-grade ***

env-check: OK
== ycsb row: ycsb-a-zipfian ==
== ycsb: saturation probe (ycsb-a-zipfian, +50% conns) ==
== ycsb row: ycsb-b-zipfian ==

== gate verdicts ==
  Degenerate A/B: pipelined ops regression PENDING (tooling)
  Degenerate A/B: pipelined p99.9 regression PENDING (tooling)
  Degenerate A/B: unpipelined ops regression PENDING (tooling)
  Degenerate A/B: unpipelined p99.9 regression PENDING (tooling)
  Degenerate A/B: ttl-heavy ops regression PENDING (tooling)
  Degenerate A/B: ttl-heavy p99.9 regression PENDING (tooling)
  Degenerate A/B: peak-RSS regression (worst row) PENDING (tooling)
  Memory-mode node constructs zero tiered tables PENDING (tooling)
  Tiering code-path counters identically zero PENDING (tooling)
  Write amplification, worst tiered namespace PASS
  Memory-only rows append zero log records (M2 posture carried) PENDING (tooling)
  Mixed-node attribution divergence (M4-S20) PENDING (tooling)
  Cache-namespace p99 isolation under the mixed node (M4-S20) PENDING (tooling)
  Hot set at memory speed: memory-hit p50 delta PENDING (tooling)
  Hot set at memory speed: memory-hit p99 delta PENDING (tooling)
  Hot set at memory speed: memory-hit p99.9 delta PENDING (tooling)
  Cold reads: p99 < 1.5 ms on NVMe under loaded zipfian rows FAIL (DEV-TIER, non-binding)
  Memory honesty: RSS slope over the 24 h endurance run PENDING (tooling)
  Endurance: zero crashes over the full 24 h run PENDING (tooling)
  M3 regression: worst M3 gate delta on memory-mode namespaces PENDING (tooling)
  Recovery with tiering on: replay throughput per cell PENDING (tooling)
  Recovery with tiering on: 10 GB boot   PENDING (tooling)
  Never-none invariant: zero violations in the 10k-seed DST sweep PENDING (tooling)
  Crash + ENOSPC matrices: all fault points green PENDING (tooling)
  Foreground protection: p99.9 during demotion + compaction storms PENDING (tooling)

gate-run: report written to .artifacts/v0.4.0/soak-unified-20260814-0351/legs/1786796730-gate-run/report.md
gate-run: sidecar written to .artifacts/v0.4.0/soak-unified-20260814-0351/legs/1786796730-gate-run/mem-hit.tsv
== soak tier leg 68: seed 180988173098 (master 486541350 + 68 x 2654435761) ==
inf-bench env-check
  PROBE                RESULT
  git-dirty-tree       FAIL  dirty git tree: 2 uncommitted entries
  cpufreq-governor     PASS
  cpufreq-epp          PASS
  thermal-throttle     PASS
  power-source         SKIP  macos-only probe (this host: linux)
  low-power-mode       SKIP  macos-only probe (this host: linux)

  *** DIRTY TREE — dev run only, output is not citation-grade ***

env-check: OK
== ycsb row: ycsb-a-zipfian ==
== ycsb: saturation probe (ycsb-a-zipfian, +50% conns) ==
== ycsb row: ycsb-b-zipfian ==

== gate verdicts ==
  Degenerate A/B: pipelined ops regression PENDING (tooling)
  Degenerate A/B: pipelined p99.9 regression PENDING (tooling)
  Degenerate A/B: unpipelined ops regression PENDING (tooling)
  Degenerate A/B: unpipelined p99.9 regression PENDING (tooling)
  Degenerate A/B: ttl-heavy ops regression PENDING (tooling)
  Degenerate A/B: ttl-heavy p99.9 regression PENDING (tooling)
  Degenerate A/B: peak-RSS regression (worst row) PENDING (tooling)
  Memory-mode node constructs zero tiered tables PENDING (tooling)
  Tiering code-path counters identically zero PENDING (tooling)
  Write amplification, worst tiered namespace PASS
  Memory-only rows append zero log records (M2 posture carried) PENDING (tooling)
  Mixed-node attribution divergence (M4-S20) PENDING (tooling)
  Cache-namespace p99 isolation under the mixed node (M4-S20) PENDING (tooling)
  Hot set at memory speed: memory-hit p50 delta PENDING (tooling)
  Hot set at memory speed: memory-hit p99 delta PENDING (tooling)
  Hot set at memory speed: memory-hit p99.9 delta PENDING (tooling)
  Cold reads: p99 < 1.5 ms on NVMe under loaded zipfian rows FAIL (DEV-TIER, non-binding)
  Memory honesty: RSS slope over the 24 h endurance run PENDING (tooling)
  Endurance: zero crashes over the full 24 h run PENDING (tooling)
  M3 regression: worst M3 gate delta on memory-mode namespaces PENDING (tooling)
  Recovery with tiering on: replay throughput per cell PENDING (tooling)
  Recovery with tiering on: 10 GB boot   PENDING (tooling)
  Never-none invariant: zero violations in the 10k-seed DST sweep PENDING (tooling)
  Crash + ENOSPC matrices: all fault points green PENDING (tooling)
  Foreground protection: p99.9 during demotion + compaction storms PENDING (tooling)

gate-run: report written to .artifacts/v0.4.0/soak-unified-20260814-0351/legs/1786798234-gate-run/report.md
gate-run: sidecar written to .artifacts/v0.4.0/soak-unified-20260814-0351/legs/1786798234-gate-run/mem-hit.tsv
== soak tier leg 69: seed 183642608859 (master 486541350 + 69 x 2654435761) ==
inf-bench env-check
  PROBE                RESULT
  git-dirty-tree       FAIL  dirty git tree: 2 uncommitted entries
  cpufreq-governor     PASS
  cpufreq-epp          PASS
  thermal-throttle     PASS
  power-source         SKIP  macos-only probe (this host: linux)
  low-power-mode       SKIP  macos-only probe (this host: linux)

  *** DIRTY TREE — dev run only, output is not citation-grade ***

env-check: OK
== ycsb row: ycsb-a-zipfian ==
== ycsb: saturation probe (ycsb-a-zipfian, +50% conns) ==
== ycsb row: ycsb-b-zipfian ==

== gate verdicts ==
  Degenerate A/B: pipelined ops regression PENDING (tooling)
  Degenerate A/B: pipelined p99.9 regression PENDING (tooling)
  Degenerate A/B: unpipelined ops regression PENDING (tooling)
  Degenerate A/B: unpipelined p99.9 regression PENDING (tooling)
  Degenerate A/B: ttl-heavy ops regression PENDING (tooling)
  Degenerate A/B: ttl-heavy p99.9 regression PENDING (tooling)
  Degenerate A/B: peak-RSS regression (worst row) PENDING (tooling)
  Memory-mode node constructs zero tiered tables PENDING (tooling)
  Tiering code-path counters identically zero PENDING (tooling)
  Write amplification, worst tiered namespace PASS
  Memory-only rows append zero log records (M2 posture carried) PENDING (tooling)
  Mixed-node attribution divergence (M4-S20) PENDING (tooling)
  Cache-namespace p99 isolation under the mixed node (M4-S20) PENDING (tooling)
  Hot set at memory speed: memory-hit p50 delta PENDING (tooling)
  Hot set at memory speed: memory-hit p99 delta PENDING (tooling)
  Hot set at memory speed: memory-hit p99.9 delta PENDING (tooling)
  Cold reads: p99 < 1.5 ms on NVMe under loaded zipfian rows FAIL (DEV-TIER, non-binding)
  Memory honesty: RSS slope over the 24 h endurance run PENDING (tooling)
  Endurance: zero crashes over the full 24 h run PENDING (tooling)
  M3 regression: worst M3 gate delta on memory-mode namespaces PENDING (tooling)
  Recovery with tiering on: replay throughput per cell PENDING (tooling)
  Recovery with tiering on: 10 GB boot   PENDING (tooling)
  Never-none invariant: zero violations in the 10k-seed DST sweep PENDING (tooling)
  Crash + ENOSPC matrices: all fault points green PENDING (tooling)
  Foreground protection: p99.9 during demotion + compaction storms PENDING (tooling)

gate-run: report written to .artifacts/v0.4.0/soak-unified-20260814-0351/legs/1786799738-gate-run/report.md
gate-run: sidecar written to .artifacts/v0.4.0/soak-unified-20260814-0351/legs/1786799738-gate-run/mem-hit.tsv
== soak tier leg 70: seed 186297044620 (master 486541350 + 70 x 2654435761) ==
inf-bench env-check
  PROBE                RESULT
  git-dirty-tree       FAIL  dirty git tree: 2 uncommitted entries
  cpufreq-governor     PASS
  cpufreq-epp          PASS
  thermal-throttle     PASS
  power-source         SKIP  macos-only probe (this host: linux)
  low-power-mode       SKIP  macos-only probe (this host: linux)

  *** DIRTY TREE — dev run only, output is not citation-grade ***

env-check: OK
== ycsb row: ycsb-a-zipfian ==
== ycsb: saturation probe (ycsb-a-zipfian, +50% conns) ==
== ycsb row: ycsb-b-zipfian ==

== gate verdicts ==
  Degenerate A/B: pipelined ops regression PENDING (tooling)
  Degenerate A/B: pipelined p99.9 regression PENDING (tooling)
  Degenerate A/B: unpipelined ops regression PENDING (tooling)
  Degenerate A/B: unpipelined p99.9 regression PENDING (tooling)
  Degenerate A/B: ttl-heavy ops regression PENDING (tooling)
  Degenerate A/B: ttl-heavy p99.9 regression PENDING (tooling)
  Degenerate A/B: peak-RSS regression (worst row) PENDING (tooling)
  Memory-mode node constructs zero tiered tables PENDING (tooling)
  Tiering code-path counters identically zero PENDING (tooling)
  Write amplification, worst tiered namespace PASS
  Memory-only rows append zero log records (M2 posture carried) PENDING (tooling)
  Mixed-node attribution divergence (M4-S20) PENDING (tooling)
  Cache-namespace p99 isolation under the mixed node (M4-S20) PENDING (tooling)
  Hot set at memory speed: memory-hit p50 delta PENDING (tooling)
  Hot set at memory speed: memory-hit p99 delta PENDING (tooling)
  Hot set at memory speed: memory-hit p99.9 delta PENDING (tooling)
  Cold reads: p99 < 1.5 ms on NVMe under loaded zipfian rows FAIL (DEV-TIER, non-binding)
  Memory honesty: RSS slope over the 24 h endurance run PENDING (tooling)
  Endurance: zero crashes over the full 24 h run PENDING (tooling)
  M3 regression: worst M3 gate delta on memory-mode namespaces PENDING (tooling)
  Recovery with tiering on: replay throughput per cell PENDING (tooling)
  Recovery with tiering on: 10 GB boot   PENDING (tooling)
  Never-none invariant: zero violations in the 10k-seed DST sweep PENDING (tooling)
  Crash + ENOSPC matrices: all fault points green PENDING (tooling)
  Foreground protection: p99.9 during demotion + compaction storms PENDING (tooling)

gate-run: report written to .artifacts/v0.4.0/soak-unified-20260814-0351/legs/1786801244-gate-run/report.md
gate-run: sidecar written to .artifacts/v0.4.0/soak-unified-20260814-0351/legs/1786801244-gate-run/mem-hit.tsv
== soak tier leg 71: seed 188951480381 (master 486541350 + 71 x 2654435761) ==
inf-bench env-check
  PROBE                RESULT
  git-dirty-tree       FAIL  dirty git tree: 2 uncommitted entries
  cpufreq-governor     PASS
  cpufreq-epp          PASS
  thermal-throttle     PASS
  power-source         SKIP  macos-only probe (this host: linux)
  low-power-mode       SKIP  macos-only probe (this host: linux)

  *** DIRTY TREE — dev run only, output is not citation-grade ***

env-check: OK
== ycsb row: ycsb-a-zipfian ==
== ycsb: saturation probe (ycsb-a-zipfian, +50% conns) ==
== ycsb row: ycsb-b-zipfian ==

== gate verdicts ==
  Degenerate A/B: pipelined ops regression PENDING (tooling)
  Degenerate A/B: pipelined p99.9 regression PENDING (tooling)
  Degenerate A/B: unpipelined ops regression PENDING (tooling)
  Degenerate A/B: unpipelined p99.9 regression PENDING (tooling)
  Degenerate A/B: ttl-heavy ops regression PENDING (tooling)
  Degenerate A/B: ttl-heavy p99.9 regression PENDING (tooling)
  Degenerate A/B: peak-RSS regression (worst row) PENDING (tooling)
  Memory-mode node constructs zero tiered tables PENDING (tooling)
  Tiering code-path counters identically zero PENDING (tooling)
  Write amplification, worst tiered namespace PASS
  Memory-only rows append zero log records (M2 posture carried) PENDING (tooling)
  Mixed-node attribution divergence (M4-S20) PENDING (tooling)
  Cache-namespace p99 isolation under the mixed node (M4-S20) PENDING (tooling)
  Hot set at memory speed: memory-hit p50 delta PENDING (tooling)
  Hot set at memory speed: memory-hit p99 delta PENDING (tooling)
  Hot set at memory speed: memory-hit p99.9 delta PENDING (tooling)
  Cold reads: p99 < 1.5 ms on NVMe under loaded zipfian rows FAIL (DEV-TIER, non-binding)
  Memory honesty: RSS slope over the 24 h endurance run PENDING (tooling)
  Endurance: zero crashes over the full 24 h run PENDING (tooling)
  M3 regression: worst M3 gate delta on memory-mode namespaces PENDING (tooling)
  Recovery with tiering on: replay throughput per cell PENDING (tooling)
  Recovery with tiering on: 10 GB boot   PENDING (tooling)
  Never-none invariant: zero violations in the 10k-seed DST sweep PENDING (tooling)
  Crash + ENOSPC matrices: all fault points green PENDING (tooling)
  Foreground protection: p99.9 during demotion + compaction storms PENDING (tooling)

gate-run: report written to .artifacts/v0.4.0/soak-unified-20260814-0351/legs/1786802749-gate-run/report.md
gate-run: sidecar written to .artifacts/v0.4.0/soak-unified-20260814-0351/legs/1786802749-gate-run/mem-hit.tsv
== soak tier leg 72: seed 191605916142 (master 486541350 + 72 x 2654435761) ==
inf-bench env-check
  PROBE                RESULT
  git-dirty-tree       FAIL  dirty git tree: 2 uncommitted entries
  cpufreq-governor     PASS
  cpufreq-epp          PASS
  thermal-throttle     PASS
  power-source         SKIP  macos-only probe (this host: linux)
  low-power-mode       SKIP  macos-only probe (this host: linux)

  *** DIRTY TREE — dev run only, output is not citation-grade ***

env-check: OK
== ycsb row: ycsb-a-zipfian ==
== ycsb: saturation probe (ycsb-a-zipfian, +50% conns) ==
== ycsb row: ycsb-b-zipfian ==

== gate verdicts ==
  Degenerate A/B: pipelined ops regression PENDING (tooling)
  Degenerate A/B: pipelined p99.9 regression PENDING (tooling)
  Degenerate A/B: unpipelined ops regression PENDING (tooling)
  Degenerate A/B: unpipelined p99.9 regression PENDING (tooling)
  Degenerate A/B: ttl-heavy ops regression PENDING (tooling)
  Degenerate A/B: ttl-heavy p99.9 regression PENDING (tooling)
  Degenerate A/B: peak-RSS regression (worst row) PENDING (tooling)
  Memory-mode node constructs zero tiered tables PENDING (tooling)
  Tiering code-path counters identically zero PENDING (tooling)
  Write amplification, worst tiered namespace PASS
  Memory-only rows append zero log records (M2 posture carried) PENDING (tooling)
  Mixed-node attribution divergence (M4-S20) PENDING (tooling)
  Cache-namespace p99 isolation under the mixed node (M4-S20) PENDING (tooling)
  Hot set at memory speed: memory-hit p50 delta PENDING (tooling)
  Hot set at memory speed: memory-hit p99 delta PENDING (tooling)
  Hot set at memory speed: memory-hit p99.9 delta PENDING (tooling)
  Cold reads: p99 < 1.5 ms on NVMe under loaded zipfian rows FAIL (DEV-TIER, non-binding)
  Memory honesty: RSS slope over the 24 h endurance run PENDING (tooling)
  Endurance: zero crashes over the full 24 h run PENDING (tooling)
  M3 regression: worst M3 gate delta on memory-mode namespaces PENDING (tooling)
  Recovery with tiering on: replay throughput per cell PENDING (tooling)
  Recovery with tiering on: 10 GB boot   PENDING (tooling)
  Never-none invariant: zero violations in the 10k-seed DST sweep PENDING (tooling)
  Crash + ENOSPC matrices: all fault points green PENDING (tooling)
  Foreground protection: p99.9 during demotion + compaction storms PENDING (tooling)

gate-run: report written to .artifacts/v0.4.0/soak-unified-20260814-0351/legs/1786804253-gate-run/report.md
gate-run: sidecar written to .artifacts/v0.4.0/soak-unified-20260814-0351/legs/1786804253-gate-run/mem-hit.tsv
== soak tier leg 73: seed 194260351903 (master 486541350 + 73 x 2654435761) ==
inf-bench env-check
  PROBE                RESULT
  git-dirty-tree       FAIL  dirty git tree: 2 uncommitted entries
  cpufreq-governor     PASS
  cpufreq-epp          PASS
  thermal-throttle     PASS
  power-source         SKIP  macos-only probe (this host: linux)
  low-power-mode       SKIP  macos-only probe (this host: linux)

  *** DIRTY TREE — dev run only, output is not citation-grade ***

env-check: OK
== ycsb row: ycsb-a-zipfian ==
== ycsb: saturation probe (ycsb-a-zipfian, +50% conns) ==
== ycsb row: ycsb-b-zipfian ==

== gate verdicts ==
  Degenerate A/B: pipelined ops regression PENDING (tooling)
  Degenerate A/B: pipelined p99.9 regression PENDING (tooling)
  Degenerate A/B: unpipelined ops regression PENDING (tooling)
  Degenerate A/B: unpipelined p99.9 regression PENDING (tooling)
  Degenerate A/B: ttl-heavy ops regression PENDING (tooling)
  Degenerate A/B: ttl-heavy p99.9 regression PENDING (tooling)
  Degenerate A/B: peak-RSS regression (worst row) PENDING (tooling)
  Memory-mode node constructs zero tiered tables PENDING (tooling)
  Tiering code-path counters identically zero PENDING (tooling)
  Write amplification, worst tiered namespace PASS
  Memory-only rows append zero log records (M2 posture carried) PENDING (tooling)
  Mixed-node attribution divergence (M4-S20) PENDING (tooling)
  Cache-namespace p99 isolation under the mixed node (M4-S20) PENDING (tooling)
  Hot set at memory speed: memory-hit p50 delta PENDING (tooling)
  Hot set at memory speed: memory-hit p99 delta PENDING (tooling)
  Hot set at memory speed: memory-hit p99.9 delta PENDING (tooling)
  Cold reads: p99 < 1.5 ms on NVMe under loaded zipfian rows FAIL (DEV-TIER, non-binding)
  Memory honesty: RSS slope over the 24 h endurance run PENDING (tooling)
  Endurance: zero crashes over the full 24 h run PENDING (tooling)
  M3 regression: worst M3 gate delta on memory-mode namespaces PENDING (tooling)
  Recovery with tiering on: replay throughput per cell PENDING (tooling)
  Recovery with tiering on: 10 GB boot   PENDING (tooling)
  Never-none invariant: zero violations in the 10k-seed DST sweep PENDING (tooling)
  Crash + ENOSPC matrices: all fault points green PENDING (tooling)
  Foreground protection: p99.9 during demotion + compaction storms PENDING (tooling)

gate-run: report written to .artifacts/v0.4.0/soak-unified-20260814-0351/legs/1786805757-gate-run/report.md
gate-run: sidecar written to .artifacts/v0.4.0/soak-unified-20260814-0351/legs/1786805757-gate-run/mem-hit.tsv
== soak tier leg 74: seed 196914787664 (master 486541350 + 74 x 2654435761) ==
inf-bench env-check
  PROBE                RESULT
  git-dirty-tree       FAIL  dirty git tree: 2 uncommitted entries
  cpufreq-governor     PASS
  cpufreq-epp          PASS
  thermal-throttle     PASS
  power-source         SKIP  macos-only probe (this host: linux)
  low-power-mode       SKIP  macos-only probe (this host: linux)

  *** DIRTY TREE — dev run only, output is not citation-grade ***

env-check: OK
== ycsb row: ycsb-a-zipfian ==
== ycsb: saturation probe (ycsb-a-zipfian, +50% conns) ==
== ycsb row: ycsb-b-zipfian ==

== gate verdicts ==
  Degenerate A/B: pipelined ops regression PENDING (tooling)
  Degenerate A/B: pipelined p99.9 regression PENDING (tooling)
  Degenerate A/B: unpipelined ops regression PENDING (tooling)
  Degenerate A/B: unpipelined p99.9 regression PENDING (tooling)
  Degenerate A/B: ttl-heavy ops regression PENDING (tooling)
  Degenerate A/B: ttl-heavy p99.9 regression PENDING (tooling)
  Degenerate A/B: peak-RSS regression (worst row) PENDING (tooling)
  Memory-mode node constructs zero tiered tables PENDING (tooling)
  Tiering code-path counters identically zero PENDING (tooling)
  Write amplification, worst tiered namespace PASS
  Memory-only rows append zero log records (M2 posture carried) PENDING (tooling)
  Mixed-node attribution divergence (M4-S20) PENDING (tooling)
  Cache-namespace p99 isolation under the mixed node (M4-S20) PENDING (tooling)
  Hot set at memory speed: memory-hit p50 delta PENDING (tooling)
  Hot set at memory speed: memory-hit p99 delta PENDING (tooling)
  Hot set at memory speed: memory-hit p99.9 delta PENDING (tooling)
  Cold reads: p99 < 1.5 ms on NVMe under loaded zipfian rows FAIL (DEV-TIER, non-binding)
  Memory honesty: RSS slope over the 24 h endurance run PENDING (tooling)
  Endurance: zero crashes over the full 24 h run PENDING (tooling)
  M3 regression: worst M3 gate delta on memory-mode namespaces PENDING (tooling)
  Recovery with tiering on: replay throughput per cell PENDING (tooling)
  Recovery with tiering on: 10 GB boot   PENDING (tooling)
  Never-none invariant: zero violations in the 10k-seed DST sweep PENDING (tooling)
  Crash + ENOSPC matrices: all fault points green PENDING (tooling)
  Foreground protection: p99.9 during demotion + compaction storms PENDING (tooling)

gate-run: report written to .artifacts/v0.4.0/soak-unified-20260814-0351/legs/1786807262-gate-run/report.md
gate-run: sidecar written to .artifacts/v0.4.0/soak-unified-20260814-0351/legs/1786807262-gate-run/mem-hit.tsv
== soak tier leg 75: seed 199569223425 (master 486541350 + 75 x 2654435761) ==
inf-bench env-check
  PROBE                RESULT
  git-dirty-tree       FAIL  dirty git tree: 2 uncommitted entries
  cpufreq-governor     PASS
  cpufreq-epp          PASS
  thermal-throttle     PASS
  power-source         SKIP  macos-only probe (this host: linux)
  low-power-mode       SKIP  macos-only probe (this host: linux)

  *** DIRTY TREE — dev run only, output is not citation-grade ***

env-check: OK
== ycsb row: ycsb-a-zipfian ==
== ycsb: saturation probe (ycsb-a-zipfian, +50% conns) ==
== ycsb row: ycsb-b-zipfian ==

== gate verdicts ==
  Degenerate A/B: pipelined ops regression PENDING (tooling)
  Degenerate A/B: pipelined p99.9 regression PENDING (tooling)
  Degenerate A/B: unpipelined ops regression PENDING (tooling)
  Degenerate A/B: unpipelined p99.9 regression PENDING (tooling)
  Degenerate A/B: ttl-heavy ops regression PENDING (tooling)
  Degenerate A/B: ttl-heavy p99.9 regression PENDING (tooling)
  Degenerate A/B: peak-RSS regression (worst row) PENDING (tooling)
  Memory-mode node constructs zero tiered tables PENDING (tooling)
  Tiering code-path counters identically zero PENDING (tooling)
  Write amplification, worst tiered namespace PASS
  Memory-only rows append zero log records (M2 posture carried) PENDING (tooling)
  Mixed-node attribution divergence (M4-S20) PENDING (tooling)
  Cache-namespace p99 isolation under the mixed node (M4-S20) PENDING (tooling)
  Hot set at memory speed: memory-hit p50 delta PENDING (tooling)
  Hot set at memory speed: memory-hit p99 delta PENDING (tooling)
  Hot set at memory speed: memory-hit p99.9 delta PENDING (tooling)
  Cold reads: p99 < 1.5 ms on NVMe under loaded zipfian rows FAIL (DEV-TIER, non-binding)
  Memory honesty: RSS slope over the 24 h endurance run PENDING (tooling)
  Endurance: zero crashes over the full 24 h run PENDING (tooling)
  M3 regression: worst M3 gate delta on memory-mode namespaces PENDING (tooling)
  Recovery with tiering on: replay throughput per cell PENDING (tooling)
  Recovery with tiering on: 10 GB boot   PENDING (tooling)
  Never-none invariant: zero violations in the 10k-seed DST sweep PENDING (tooling)
  Crash + ENOSPC matrices: all fault points green PENDING (tooling)
  Foreground protection: p99.9 during demotion + compaction storms PENDING (tooling)

gate-run: report written to .artifacts/v0.4.0/soak-unified-20260814-0351/legs/1786808768-gate-run/report.md
gate-run: sidecar written to .artifacts/v0.4.0/soak-unified-20260814-0351/legs/1786808768-gate-run/mem-hit.tsv
== soak tier leg 76: seed 202223659186 (master 486541350 + 76 x 2654435761) ==
inf-bench env-check
  PROBE                RESULT
  git-dirty-tree       FAIL  dirty git tree: 2 uncommitted entries
  cpufreq-governor     PASS
  cpufreq-epp          PASS
  thermal-throttle     PASS
  power-source         SKIP  macos-only probe (this host: linux)
  low-power-mode       SKIP  macos-only probe (this host: linux)

  *** DIRTY TREE — dev run only, output is not citation-grade ***

env-check: OK
== ycsb row: ycsb-a-zipfian ==
== ycsb: saturation probe (ycsb-a-zipfian, +50% conns) ==
== ycsb row: ycsb-b-zipfian ==

== gate verdicts ==
  Degenerate A/B: pipelined ops regression PENDING (tooling)
  Degenerate A/B: pipelined p99.9 regression PENDING (tooling)
  Degenerate A/B: unpipelined ops regression PENDING (tooling)
  Degenerate A/B: unpipelined p99.9 regression PENDING (tooling)
  Degenerate A/B: ttl-heavy ops regression PENDING (tooling)
  Degenerate A/B: ttl-heavy p99.9 regression PENDING (tooling)
  Degenerate A/B: peak-RSS regression (worst row) PENDING (tooling)
  Memory-mode node constructs zero tiered tables PENDING (tooling)
  Tiering code-path counters identically zero PENDING (tooling)
  Write amplification, worst tiered namespace PASS
  Memory-only rows append zero log records (M2 posture carried) PENDING (tooling)
  Mixed-node attribution divergence (M4-S20) PENDING (tooling)
  Cache-namespace p99 isolation under the mixed node (M4-S20) PENDING (tooling)
  Hot set at memory speed: memory-hit p50 delta PENDING (tooling)
  Hot set at memory speed: memory-hit p99 delta PENDING (tooling)
  Hot set at memory speed: memory-hit p99.9 delta PENDING (tooling)
  Cold reads: p99 < 1.5 ms on NVMe under loaded zipfian rows FAIL (DEV-TIER, non-binding)
  Memory honesty: RSS slope over the 24 h endurance run PENDING (tooling)
  Endurance: zero crashes over the full 24 h run PENDING (tooling)
  M3 regression: worst M3 gate delta on memory-mode namespaces PENDING (tooling)
  Recovery with tiering on: replay throughput per cell PENDING (tooling)
  Recovery with tiering on: 10 GB boot   PENDING (tooling)
  Never-none invariant: zero violations in the 10k-seed DST sweep PENDING (tooling)
  Crash + ENOSPC matrices: all fault points green PENDING (tooling)
  Foreground protection: p99.9 during demotion + compaction storms PENDING (tooling)

gate-run: report written to .artifacts/v0.4.0/soak-unified-20260814-0351/legs/1786809476-gate-run/report.md
gate-run: sidecar written to .artifacts/v0.4.0/soak-unified-20260814-0351/legs/1786809476-gate-run/mem-hit.tsv
== soak tier leg 77: seed 204878094947 (master 486541350 + 77 x 2654435761) ==
inf-bench env-check
  PROBE                RESULT
  git-dirty-tree       FAIL  dirty git tree: 2 uncommitted entries
  cpufreq-governor     PASS
  cpufreq-epp          PASS
  thermal-throttle     PASS
  power-source         SKIP  macos-only probe (this host: linux)
  low-power-mode       SKIP  macos-only probe (this host: linux)

  *** DIRTY TREE — dev run only, output is not citation-grade ***

env-check: OK
== ycsb row: ycsb-a-zipfian ==
== ycsb: saturation probe (ycsb-a-zipfian, +50% conns) ==
== ycsb row: ycsb-b-zipfian ==

== gate verdicts ==
  Degenerate A/B: pipelined ops regression PENDING (tooling)
  Degenerate A/B: pipelined p99.9 regression PENDING (tooling)
  Degenerate A/B: unpipelined ops regression PENDING (tooling)
  Degenerate A/B: unpipelined p99.9 regression PENDING (tooling)
  Degenerate A/B: ttl-heavy ops regression PENDING (tooling)
  Degenerate A/B: ttl-heavy p99.9 regression PENDING (tooling)
  Degenerate A/B: peak-RSS regression (worst row) PENDING (tooling)
  Memory-mode node constructs zero tiered tables PENDING (tooling)
  Tiering code-path counters identically zero PENDING (tooling)
  Write amplification, worst tiered namespace PASS
  Memory-only rows append zero log records (M2 posture carried) PENDING (tooling)
  Mixed-node attribution divergence (M4-S20) PENDING (tooling)
  Cache-namespace p99 isolation under the mixed node (M4-S20) PENDING (tooling)
  Hot set at memory speed: memory-hit p50 delta PENDING (tooling)
  Hot set at memory speed: memory-hit p99 delta PENDING (tooling)
  Hot set at memory speed: memory-hit p99.9 delta PENDING (tooling)
  Cold reads: p99 < 1.5 ms on NVMe under loaded zipfian rows FAIL (DEV-TIER, non-binding)
  Memory honesty: RSS slope over the 24 h endurance run PENDING (tooling)
  Endurance: zero crashes over the full 24 h run PENDING (tooling)
  M3 regression: worst M3 gate delta on memory-mode namespaces PENDING (tooling)
  Recovery with tiering on: replay throughput per cell PENDING (tooling)
  Recovery with tiering on: 10 GB boot   PENDING (tooling)
  Never-none invariant: zero violations in the 10k-seed DST sweep PENDING (tooling)
  Crash + ENOSPC matrices: all fault points green PENDING (tooling)
  Foreground protection: p99.9 during demotion + compaction storms PENDING (tooling)

gate-run: report written to .artifacts/v0.4.0/soak-unified-20260814-0351/legs/1786809598-gate-run/report.md
gate-run: sidecar written to .artifacts/v0.4.0/soak-unified-20260814-0351/legs/1786809598-gate-run/mem-hit.tsv
