ops = 18935133
errors = 0
busy_retryable = 0
elapsed_s = 300.069
ops_per_sec = 63103
p50_us = 319
p99_us = 30719
p999_us = 385023
p9999_us = 1245183
max_us = 3559018
ops = 50654302
errors = 168664
busy_retryable = 168664
elapsed_s = 300.000
ops_per_sec = 168847
p50_us = 195
p99_us = 3967
p999_us = 100351
p9999_us = 704511
max_us = 3087544
error_sample = -BUSY durable log staging is full, retry
inf-bench: 168664 error replies under load (168664 BUSY-retryable; first sample: -BUSY durable log staging is full, retry)
ops = 106583741
errors = 544260
busy_retryable = 544260
elapsed_s = 300.000
ops_per_sec = 355279
p50_us = 175
p99_us = 799
p999_us = 8191
p9999_us = 344063
max_us = 2947342
error_sample = -BUSY durable log staging is full, retry
inf-bench: 544260 error replies under load (544260 BUSY-retryable; first sample: -BUSY durable log staging is full, retry)
ops = 97211924
errors = 613983
busy_retryable = 613983
elapsed_s = 300.000
ops_per_sec = 324039
p50_us = 199
p99_us = 863
p999_us = 8703
p9999_us = 360447
max_us = 2581131
error_sample = -BUSY durable log staging is full, retry
inf-bench: 613983 error replies under load (613983 BUSY-retryable; first sample: -BUSY durable log staging is full, retry)
ops = 116560671
errors = 494872
busy_retryable = 494872
elapsed_s = 300.001
ops_per_sec = 388535
p50_us = 191
p99_us = 863
p999_us = 7935
p9999_us = 225279
max_us = 2179713
error_sample = -BUSY durable log staging is full, retry
inf-bench: 494872 error replies under load (494872 BUSY-retryable; first sample: -BUSY durable log staging is full, retry)
ops = 123202080
errors = 512077
busy_retryable = 512077
elapsed_s = 300.154
ops_per_sec = 410463
p50_us = 183
p99_us = 815
p999_us = 7167
p9999_us = 253951
max_us = 2679887
error_sample = -BUSY durable log staging is full, retry
inf-bench: 512077 error replies under load (512077 BUSY-retryable; first sample: -BUSY durable log staging is full, retry)
ops = 114215550
errors = 546502
busy_retryable = 546502
elapsed_s = 300.075
ops_per_sec = 380624
p50_us = 179
p99_us = 831
p999_us = 7423
p9999_us = 303103
max_us = 4037776
error_sample = -BUSY durable log staging is full, retry
inf-bench: 546502 error replies under load (546502 BUSY-retryable; first sample: -BUSY durable log staging is full, retry)
ops = 112587289
errors = 571987
busy_retryable = 571987
elapsed_s = 300.000
ops_per_sec = 375290
p50_us = 179
p99_us = 831
p999_us = 7679
p9999_us = 278527
max_us = 3631758
error_sample = -BUSY durable log staging is full, retry
inf-bench: 571987 error replies under load (571987 BUSY-retryable; first sample: -BUSY durable log staging is full, retry)
ops = 115643935
errors = 460863
busy_retryable = 460863
elapsed_s = 300.000
ops_per_sec = 385479
p50_us = 183
p99_us = 847
p999_us = 7935
p9999_us = 278527
max_us = 4239551
error_sample = -BUSY durable log staging is full, retry
inf-bench: 460863 error replies under load (460863 BUSY-retryable; first sample: -BUSY durable log staging is full, retry)
ops = 111086288
errors = 432965
busy_retryable = 432965
elapsed_s = 300.023
ops_per_sec = 370260
p50_us = 195
p99_us = 879
p999_us = 8063
p9999_us = 294911
max_us = 2005481
error_sample = -BUSY durable log staging is full, retry
inf-bench: 432965 error replies under load (432965 BUSY-retryable; first sample: -BUSY durable log staging is full, retry)
ops = 120239725
errors = 505660
busy_retryable = 505660
elapsed_s = 300.000
ops_per_sec = 400799
p50_us = 183
p99_us = 831
p999_us = 7295
p9999_us = 270335
max_us = 2233644
error_sample = -BUSY durable log staging is full, retry
inf-bench: 505660 error replies under load (505660 BUSY-retryable; first sample: -BUSY durable log staging is full, retry)
ops = 120627606
errors = 505175
busy_retryable = 505175
elapsed_s = 300.167
ops_per_sec = 401868
p50_us = 183
p99_us = 847
p999_us = 7807
p9999_us = 217087
max_us = 2486509
error_sample = -BUSY durable log staging is full, retry
inf-bench: 505175 error replies under load (505175 BUSY-retryable; first sample: -BUSY durable log staging is full, retry)
ops = 110676837
errors = 425270
busy_retryable = 425270
elapsed_s = 300.073
ops_per_sec = 368834
p50_us = 199
p99_us = 927
p999_us = 7807
p9999_us = 241663
max_us = 3113804
error_sample = -BUSY durable log staging is full, retry
inf-bench: 425270 error replies under load (425270 BUSY-retryable; first sample: -BUSY durable log staging is full, retry)
ops = 115570049
errors = 456014
busy_retryable = 456014
elapsed_s = 300.000
ops_per_sec = 385233
p50_us = 187
p99_us = 879
p999_us = 7935
p9999_us = 253951
max_us = 2643543
error_sample = -BUSY durable log staging is full, retry
inf-bench: 456014 error replies under load (456014 BUSY-retryable; first sample: -BUSY durable log staging is full, retry)
ops = 108752258
errors = 417080
busy_retryable = 417080
elapsed_s = 300.027
ops_per_sec = 362475
p50_us = 207
p99_us = 943
p999_us = 7679
p9999_us = 253951
max_us = 3407585
error_sample = -BUSY durable log staging is full, retry
inf-bench: 417080 error replies under load (417080 BUSY-retryable; first sample: -BUSY durable log staging is full, retry)
ops = 122710583
errors = 570232
busy_retryable = 570232
elapsed_s = 300.000
ops_per_sec = 409035
p50_us = 183
p99_us = 847
p999_us = 7551
p9999_us = 221183
max_us = 2239023
error_sample = -BUSY durable log staging is full, retry
inf-bench: 570232 error replies under load (570232 BUSY-retryable; first sample: -BUSY durable log staging is full, retry)
ops = 112303711
errors = 511570
busy_retryable = 511570
elapsed_s = 300.000
ops_per_sec = 374345
p50_us = 183
p99_us = 863
p999_us = 7679
p9999_us = 303103
max_us = 2323343
error_sample = -BUSY durable log staging is full, retry
inf-bench: 511570 error replies under load (511570 BUSY-retryable; first sample: -BUSY durable log staging is full, retry)
ops = 107693477
errors = 569374
busy_retryable = 569374
elapsed_s = 300.000
ops_per_sec = 358978
p50_us = 187
p99_us = 895
p999_us = 8063
p9999_us = 344063
max_us = 2442628
error_sample = -BUSY durable log staging is full, retry
inf-bench: 569374 error replies under load (569374 BUSY-retryable; first sample: -BUSY durable log staging is full, retry)
ops = 107596256
errors = 591008
busy_retryable = 591008
elapsed_s = 300.217
ops_per_sec = 358395
p50_us = 195
p99_us = 911
p999_us = 8703
p9999_us = 286719
max_us = 1837430
error_sample = -BUSY durable log staging is full, retry
inf-bench: 591008 error replies under load (591008 BUSY-retryable; first sample: -BUSY durable log staging is full, retry)
ops = 109336291
errors = 629380
busy_retryable = 629380
elapsed_s = 300.312
ops_per_sec = 364076
p50_us = 179
p99_us = 863
p999_us = 8703
p9999_us = 294911
max_us = 2410254
error_sample = -BUSY durable log staging is full, retry
inf-bench: 629380 error replies under load (629380 BUSY-retryable; first sample: -BUSY durable log staging is full, retry)
ops = 107006904
errors = 635419
busy_retryable = 635419
elapsed_s = 300.000
ops_per_sec = 356689
p50_us = 183
p99_us = 831
p999_us = 7679
p9999_us = 368639
max_us = 2283626
error_sample = -BUSY durable log staging is full, retry
inf-bench: 635419 error replies under load (635419 BUSY-retryable; first sample: -BUSY durable log staging is full, retry)
ops = 105193875
errors = 525763
busy_retryable = 525763
elapsed_s = 300.110
ops_per_sec = 350517
p50_us = 183
p99_us = 863
p999_us = 7935
p9999_us = 360447
max_us = 2048755
error_sample = -BUSY durable log staging is full, retry
inf-bench: 525763 error replies under load (525763 BUSY-retryable; first sample: -BUSY durable log staging is full, retry)
ops = 104237126
errors = 784391
busy_retryable = 784391
elapsed_s = 300.007
ops_per_sec = 347449
p50_us = 179
p99_us = 847
p999_us = 8703
p9999_us = 368639
max_us = 3212295
error_sample = -BUSY durable log staging is full, retry
inf-bench: 784391 error replies under load (784391 BUSY-retryable; first sample: -BUSY durable log staging is full, retry)
ops = 107453565
errors = 673838
busy_retryable = 673838
elapsed_s = 301.446
ops_per_sec = 356460
p50_us = 187
p99_us = 879
p999_us = 8703
p9999_us = 311295
max_us = 3928531
error_sample = -BUSY durable log staging is full, retry
inf-bench: 673838 error replies under load (673838 BUSY-retryable; first sample: -BUSY durable log staging is full, retry)
ops = 105876351
errors = 629240
busy_retryable = 629240
elapsed_s = 300.000
ops_per_sec = 352921
p50_us = 183
p99_us = 911
p999_us = 8703
p9999_us = 327679
max_us = 2066397
error_sample = -BUSY durable log staging is full, retry
inf-bench: 629240 error replies under load (629240 BUSY-retryable; first sample: -BUSY durable log staging is full, retry)
ops = 105398182
errors = 595020
busy_retryable = 595020
elapsed_s = 300.161
ops_per_sec = 351139
p50_us = 191
p99_us = 879
p999_us = 8063
p9999_us = 319487
max_us = 1851783
error_sample = -BUSY durable log staging is full, retry
inf-bench: 595020 error replies under load (595020 BUSY-retryable; first sample: -BUSY durable log staging is full, retry)
ops = 109003179
errors = 493512
busy_retryable = 493512
elapsed_s = 300.071
ops_per_sec = 363257
p50_us = 191
p99_us = 879
p999_us = 8447
p9999_us = 311295
max_us = 2045051
error_sample = -BUSY durable log staging is full, retry
inf-bench: 493512 error replies under load (493512 BUSY-retryable; first sample: -BUSY durable log staging is full, retry)
ops = 103383549
errors = 441185
busy_retryable = 441185
elapsed_s = 300.001
ops_per_sec = 344611
p50_us = 207
p99_us = 991
p999_us = 8959
p9999_us = 278527
max_us = 3862313
error_sample = -BUSY durable log staging is full, retry
inf-bench: 441185 error replies under load (441185 BUSY-retryable; first sample: -BUSY durable log staging is full, retry)
ops = 101683647
errors = 610811
busy_retryable = 610811
elapsed_s = 300.001
ops_per_sec = 338945
p50_us = 191
p99_us = 927
p999_us = 8959
p9999_us = 335871
max_us = 4454038
error_sample = -BUSY durable log staging is full, retry
inf-bench: 610811 error replies under load (610811 BUSY-retryable; first sample: -BUSY durable log staging is full, retry)
ops = 107735116
errors = 444224
busy_retryable = 444224
elapsed_s = 300.000
ops_per_sec = 359117
p50_us = 211
p99_us = 1023
p999_us = 8447
p9999_us = 229375
max_us = 3651040
error_sample = -BUSY durable log staging is full, retry
inf-bench: 444224 error replies under load (444224 BUSY-retryable; first sample: -BUSY durable log staging is full, retry)
ops = 102990003
errors = 726364
busy_retryable = 726364
elapsed_s = 300.087
ops_per_sec = 343200
p50_us = 191
p99_us = 863
p999_us = 7935
p9999_us = 360447
max_us = 1939769
error_sample = -BUSY durable log staging is full, retry
inf-bench: 726364 error replies under load (726364 BUSY-retryable; first sample: -BUSY durable log staging is full, retry)
ops = 105836293
errors = 517729
busy_retryable = 517729
elapsed_s = 300.001
ops_per_sec = 352787
p50_us = 195
p99_us = 911
p999_us = 8447
p9999_us = 319487
max_us = 2402719
error_sample = -BUSY durable log staging is full, retry
inf-bench: 517729 error replies under load (517729 BUSY-retryable; first sample: -BUSY durable log staging is full, retry)
ops = 100272621
errors = 737351
busy_retryable = 737351
elapsed_s = 300.000
ops_per_sec = 334242
p50_us = 183
p99_us = 879
p999_us = 8959
p9999_us = 368639
max_us = 1969101
error_sample = -BUSY durable log staging is full, retry
inf-bench: 737351 error replies under load (737351 BUSY-retryable; first sample: -BUSY durable log staging is full, retry)
ops = 105691553
errors = 483286
busy_retryable = 483286
elapsed_s = 300.000
ops_per_sec = 352305
p50_us = 183
p99_us = 943
p999_us = 8959
p9999_us = 286719
max_us = 2050787
error_sample = -BUSY durable log staging is full, retry
inf-bench: 483286 error replies under load (483286 BUSY-retryable; first sample: -BUSY durable log staging is full, retry)
ops = 104852875
errors = 597409
busy_retryable = 597409
elapsed_s = 300.004
ops_per_sec = 349505
p50_us = 187
p99_us = 895
p999_us = 8703
p9999_us = 319487
max_us = 5146571
error_sample = -BUSY durable log staging is full, retry
inf-bench: 597409 error replies under load (597409 BUSY-retryable; first sample: -BUSY durable log staging is full, retry)
ops = 104697843
errors = 606450
busy_retryable = 606450
elapsed_s = 300.000
ops_per_sec = 348992
p50_us = 195
p99_us = 911
p999_us = 8703
p9999_us = 319487
max_us = 2399092
error_sample = -BUSY durable log staging is full, retry
inf-bench: 606450 error replies under load (606450 BUSY-retryable; first sample: -BUSY durable log staging is full, retry)
ops = 110674334
errors = 479140
busy_retryable = 479140
elapsed_s = 300.000
ops_per_sec = 368914
p50_us = 179
p99_us = 895
p999_us = 8063
p9999_us = 303103
max_us = 2118813
error_sample = -BUSY durable log staging is full, retry
inf-bench: 479140 error replies under load (479140 BUSY-retryable; first sample: -BUSY durable log staging is full, retry)
ops = 103468832
errors = 652919
busy_retryable = 652919
elapsed_s = 300.001
ops_per_sec = 344895
p50_us = 187
p99_us = 895
p999_us = 8703
p9999_us = 344063
max_us = 5117569
error_sample = -BUSY durable log staging is full, retry
inf-bench: 652919 error replies under load (652919 BUSY-retryable; first sample: -BUSY durable log staging is full, retry)
ops = 99103282
errors = 513853
busy_retryable = 513853
elapsed_s = 300.078
ops_per_sec = 330259
p50_us = 203
p99_us = 943
p999_us = 8959
p9999_us = 319487
max_us = 3751051
error_sample = -BUSY durable log staging is full, retry
inf-bench: 513853 error replies under load (513853 BUSY-retryable; first sample: -BUSY durable log staging is full, retry)
ops = 106894568
errors = 427545
busy_retryable = 427545
elapsed_s = 300.000
ops_per_sec = 356315
p50_us = 211
p99_us = 975
p999_us = 8959
p9999_us = 221183
max_us = 2575674
error_sample = -BUSY durable log staging is full, retry
inf-bench: 427545 error replies under load (427545 BUSY-retryable; first sample: -BUSY durable log staging is full, retry)
ops = 104275981
errors = 586854
busy_retryable = 586854
elapsed_s = 300.155
ops_per_sec = 347408
p50_us = 183
p99_us = 863
p999_us = 7679
p9999_us = 360447
max_us = 2403105
error_sample = -BUSY durable log staging is full, retry
inf-bench: 586854 error replies under load (586854 BUSY-retryable; first sample: -BUSY durable log staging is full, retry)
ops = 101063591
errors = 675713
busy_retryable = 675713
elapsed_s = 300.000
ops_per_sec = 336878
p50_us = 179
p99_us = 847
p999_us = 8703
p9999_us = 376831
max_us = 2646769
error_sample = -BUSY durable log staging is full, retry
inf-bench: 675713 error replies under load (675713 BUSY-retryable; first sample: -BUSY durable log staging is full, retry)
ops = 101462398
errors = 596800
busy_retryable = 596800
elapsed_s = 300.000
ops_per_sec = 338208
p50_us = 187
p99_us = 927
p999_us = 8063
p9999_us = 344063
max_us = 4191136
error_sample = -BUSY durable log staging is full, retry
inf-bench: 596800 error replies under load (596800 BUSY-retryable; first sample: -BUSY durable log staging is full, retry)
ops = 104934094
errors = 670558
busy_retryable = 670558
elapsed_s = 300.000
ops_per_sec = 349780
p50_us = 195
p99_us = 959
p999_us = 8959
p9999_us = 311295
max_us = 2129074
error_sample = -BUSY durable log staging is full, retry
inf-bench: 670558 error replies under load (670558 BUSY-retryable; first sample: -BUSY durable log staging is full, retry)
ops = 101998576
errors = 512883
busy_retryable = 512883
elapsed_s = 300.000
ops_per_sec = 339995
p50_us = 199
p99_us = 943
p999_us = 8063
p9999_us = 335871
max_us = 3252646
error_sample = -BUSY durable log staging is full, retry
inf-bench: 512883 error replies under load (512883 BUSY-retryable; first sample: -BUSY durable log staging is full, retry)
ops = 107872639
errors = 586285
busy_retryable = 586285
elapsed_s = 300.293
ops_per_sec = 359224
p50_us = 187
p99_us = 895
p999_us = 8703
p9999_us = 286719
max_us = 2431849
error_sample = -BUSY durable log staging is full, retry
inf-bench: 586285 error replies under load (586285 BUSY-retryable; first sample: -BUSY durable log staging is full, retry)
ops = 103473443
errors = 553140
busy_retryable = 553140
elapsed_s = 300.000
ops_per_sec = 344911
p50_us = 187
p99_us = 927
p999_us = 8447
p9999_us = 344063
max_us = 2185519
error_sample = -BUSY durable log staging is full, retry
inf-bench: 553140 error replies under load (553140 BUSY-retryable; first sample: -BUSY durable log staging is full, retry)
ops = 103290944
errors = 485198
busy_retryable = 485198
elapsed_s = 300.000
ops_per_sec = 344303
p50_us = 195
p99_us = 959
p999_us = 8703
p9999_us = 303103
max_us = 3069416
error_sample = -BUSY durable log staging is full, retry
inf-bench: 485198 error replies under load (485198 BUSY-retryable; first sample: -BUSY durable log staging is full, retry)
ops = 109750865
errors = 603653
busy_retryable = 603653
elapsed_s = 300.000
ops_per_sec = 365836
p50_us = 183
p99_us = 911
p999_us = 8703
p9999_us = 303103
max_us = 1927729
error_sample = -BUSY durable log staging is full, retry
inf-bench: 603653 error replies under load (603653 BUSY-retryable; first sample: -BUSY durable log staging is full, retry)
ops = 98881942
errors = 501980
busy_retryable = 501980
elapsed_s = 300.280
ops_per_sec = 329299
p50_us = 203
p99_us = 975
p999_us = 8959
p9999_us = 344063
max_us = 3099212
error_sample = -BUSY durable log staging is full, retry
inf-bench: 501980 error replies under load (501980 BUSY-retryable; first sample: -BUSY durable log staging is full, retry)
ops = 101587834
errors = 513203
busy_retryable = 513203
elapsed_s = 300.132
ops_per_sec = 338477
p50_us = 207
p99_us = 927
p999_us = 8959
p9999_us = 327679
max_us = 2708896
error_sample = -BUSY durable log staging is full, retry
inf-bench: 513203 error replies under load (513203 BUSY-retryable; first sample: -BUSY durable log staging is full, retry)
ops = 97538472
errors = 578300
busy_retryable = 578300
elapsed_s = 300.000
ops_per_sec = 325128
p50_us = 187
p99_us = 879
p999_us = 8703
p9999_us = 385023
max_us = 2628460
error_sample = -BUSY durable log staging is full, retry
inf-bench: 578300 error replies under load (578300 BUSY-retryable; first sample: -BUSY durable log staging is full, retry)
ops = 102709326
errors = 515785
busy_retryable = 515785
elapsed_s = 300.018
ops_per_sec = 342344
p50_us = 187
p99_us = 911
p999_us = 8703
p9999_us = 360447
max_us = 4087742
error_sample = -BUSY durable log staging is full, retry
inf-bench: 515785 error replies under load (515785 BUSY-retryable; first sample: -BUSY durable log staging is full, retry)
ops = 101543232
errors = 444993
busy_retryable = 444993
elapsed_s = 300.000
ops_per_sec = 338477
p50_us = 199
p99_us = 1023
p999_us = 9215
p9999_us = 319487
max_us = 2934576
error_sample = -BUSY durable log staging is full, retry
inf-bench: 444993 error replies under load (444993 BUSY-retryable; first sample: -BUSY durable log staging is full, retry)
ops = 102713832
errors = 495887
busy_retryable = 495887
elapsed_s = 300.000
ops_per_sec = 342379
p50_us = 191
p99_us = 943
p999_us = 8703
p9999_us = 376831
max_us = 2308344
error_sample = -BUSY durable log staging is full, retry
inf-bench: 495887 error replies under load (495887 BUSY-retryable; first sample: -BUSY durable log staging is full, retry)
ops = 112113495
errors = 615253
busy_retryable = 615253
elapsed_s = 300.014
ops_per_sec = 373695
p50_us = 191
p99_us = 927
p999_us = 8447
p9999_us = 262143
max_us = 1945958
error_sample = -BUSY durable log staging is full, retry
inf-bench: 615253 error replies under load (615253 BUSY-retryable; first sample: -BUSY durable log staging is full, retry)
ops = 99674062
errors = 706020
busy_retryable = 706020
elapsed_s = 300.001
ops_per_sec = 332246
p50_us = 191
p99_us = 943
p999_us = 8959
p9999_us = 368639
max_us = 3686891
error_sample = -BUSY durable log staging is full, retry
inf-bench: 706020 error replies under load (706020 BUSY-retryable; first sample: -BUSY durable log staging is full, retry)
ops = 106192671
errors = 581742
busy_retryable = 581742
elapsed_s = 300.001
ops_per_sec = 353975
p50_us = 191
p99_us = 943
p999_us = 8447
p9999_us = 327679
max_us = 2141908
error_sample = -BUSY durable log staging is full, retry
inf-bench: 581742 error replies under load (581742 BUSY-retryable; first sample: -BUSY durable log staging is full, retry)
ops = 111785962
errors = 632672
busy_retryable = 632672
elapsed_s = 300.323
ops_per_sec = 372220
p50_us = 179
p99_us = 927
p999_us = 8959
p9999_us = 249855
max_us = 5076601
error_sample = -BUSY durable log staging is full, retry
inf-bench: 632672 error replies under load (632672 BUSY-retryable; first sample: -BUSY durable log staging is full, retry)
ops = 105288596
errors = 697834
busy_retryable = 697834
elapsed_s = 300.000
ops_per_sec = 350961
p50_us = 179
p99_us = 831
p999_us = 8063
p9999_us = 352255
max_us = 2222487
error_sample = -BUSY durable log staging is full, retry
inf-bench: 697834 error replies under load (697834 BUSY-retryable; first sample: -BUSY durable log staging is full, retry)
ops = 111245288
errors = 551550
busy_retryable = 551550
elapsed_s = 300.253
ops_per_sec = 370505
p50_us = 183
p99_us = 831
p999_us = 7807
p9999_us = 303103
max_us = 2018830
error_sample = -BUSY durable log staging is full, retry
inf-bench: 551550 error replies under load (551550 BUSY-retryable; first sample: -BUSY durable log staging is full, retry)
ops = 99620606
errors = 582514
busy_retryable = 582514
elapsed_s = 300.068
ops_per_sec = 331993
p50_us = 191
p99_us = 815
p999_us = 7679
p9999_us = 385023
max_us = 2678554
error_sample = -BUSY durable log staging is full, retry
inf-bench: 582514 error replies under load (582514 BUSY-retryable; first sample: -BUSY durable log staging is full, retry)
ops = 104025397
errors = 729516
busy_retryable = 729516
elapsed_s = 300.000
ops_per_sec = 346751
p50_us = 175
p99_us = 831
p999_us = 8447
p9999_us = 360447
max_us = 3937620
error_sample = -BUSY durable log staging is full, retry
inf-bench: 729516 error replies under load (729516 BUSY-retryable; first sample: -BUSY durable log staging is full, retry)
ops = 95409174
errors = 561206
busy_retryable = 561206
elapsed_s = 300.000
ops_per_sec = 318030
p50_us = 179
p99_us = 815
p999_us = 8447
p9999_us = 425983
max_us = 3004826
error_sample = -BUSY durable log staging is full, retry
inf-bench: 561206 error replies under load (561206 BUSY-retryable; first sample: -BUSY durable log staging is full, retry)
ops = 101321708
errors = 568651
busy_retryable = 568651
elapsed_s = 300.000
ops_per_sec = 337739
p50_us = 199
p99_us = 895
p999_us = 8447
p9999_us = 360447
max_us = 2775048
error_sample = -BUSY durable log staging is full, retry
inf-bench: 568651 error replies under load (568651 BUSY-retryable; first sample: -BUSY durable log staging is full, retry)
ops = 102532227
errors = 467913
busy_retryable = 467913
elapsed_s = 301.409
ops_per_sec = 340177
p50_us = 183
p99_us = 831
p999_us = 8191
p9999_us = 360447
max_us = 5188188
error_sample = -BUSY durable log staging is full, retry
inf-bench: 467913 error replies under load (467913 BUSY-retryable; first sample: -BUSY durable log staging is full, retry)
ops = 98883207
errors = 580551
busy_retryable = 580551
elapsed_s = 300.000
ops_per_sec = 329610
p50_us = 187
p99_us = 895
p999_us = 8959
p9999_us = 360447
max_us = 3015108
error_sample = -BUSY durable log staging is full, retry
inf-bench: 580551 error replies under load (580551 BUSY-retryable; first sample: -BUSY durable log staging is full, retry)
ops = 98544466
errors = 536471
busy_retryable = 536471
elapsed_s = 300.000
ops_per_sec = 328481
p50_us = 203
p99_us = 991
p999_us = 9215
p9999_us = 311295
max_us = 6635778
error_sample = -BUSY durable log staging is full, retry
inf-bench: 536471 error replies under load (536471 BUSY-retryable; first sample: -BUSY durable log staging is full, retry)
ops = 107016436
errors = 504896
busy_retryable = 504896
elapsed_s = 300.000
ops_per_sec = 356721
p50_us = 179
p99_us = 911
p999_us = 8959
p9999_us = 286719
max_us = 6756264
error_sample = -BUSY durable log staging is full, retry
inf-bench: 504896 error replies under load (504896 BUSY-retryable; first sample: -BUSY durable log staging is full, retry)
ops = 102787226
errors = 434888
busy_retryable = 434888
elapsed_s = 300.000
ops_per_sec = 342624
p50_us = 183
p99_us = 943
p999_us = 9215
p9999_us = 311295
max_us = 6478719
error_sample = -BUSY durable log staging is full, retry
inf-bench: 434888 error replies under load (434888 BUSY-retryable; first sample: -BUSY durable log staging is full, retry)
ops = 103610085
errors = 436211
busy_retryable = 436211
elapsed_s = 300.000
ops_per_sec = 345367
p50_us = 195
p99_us = 943
p999_us = 8959
p9999_us = 245759
max_us = 5503258
error_sample = -BUSY durable log staging is full, retry
inf-bench: 436211 error replies under load (436211 BUSY-retryable; first sample: -BUSY durable log staging is full, retry)
ops = 98848980
errors = 372378
busy_retryable = 372378
elapsed_s = 300.258
ops_per_sec = 329213
p50_us = 195
p99_us = 959
p999_us = 8959
p9999_us = 319487
max_us = 6171843
error_sample = -BUSY durable log staging is full, retry
inf-bench: 372378 error replies under load (372378 BUSY-retryable; first sample: -BUSY durable log staging is full, retry)
ops = 101662846
errors = 459054
busy_retryable = 459054
elapsed_s = 301.004
ops_per_sec = 337746
p50_us = 203
p99_us = 1023
p999_us = 9471
p9999_us = 286719
max_us = 4746463
error_sample = -BUSY durable log staging is full, retry
inf-bench: 459054 error replies under load (459054 BUSY-retryable; first sample: -BUSY durable log staging is full, retry)
ops = 96394360
errors = 376773
busy_retryable = 376773
elapsed_s = 300.000
ops_per_sec = 321314
p50_us = 183
p99_us = 975
p999_us = 9471
p9999_us = 376831
max_us = 5929306
error_sample = -BUSY durable log staging is full, retry
inf-bench: 376773 error replies under load (376773 BUSY-retryable; first sample: -BUSY durable log staging is full, retry)
ops = 107024282
errors = 638314
busy_retryable = 638314
elapsed_s = 300.001
ops_per_sec = 356747
p50_us = 175
p99_us = 927
p999_us = 8959
p9999_us = 344063
max_us = 4061172
error_sample = -BUSY durable log staging is full, retry
inf-bench: 638314 error replies under load (638314 BUSY-retryable; first sample: -BUSY durable log staging is full, retry)
ops = 104377604
errors = 717861
busy_retryable = 717861
elapsed_s = 301.288
ops_per_sec = 346437
p50_us = 203
p99_us = 927
p999_us = 8447
p9999_us = 303103
max_us = 2757748
error_sample = -BUSY durable log staging is full, retry
inf-bench: 717861 error replies under load (717861 BUSY-retryable; first sample: -BUSY durable log staging is full, retry)
ops = 104451343
errors = 572744
busy_retryable = 572744
elapsed_s = 300.000
ops_per_sec = 348171
p50_us = 183
p99_us = 863
p999_us = 8447
p9999_us = 344063
max_us = 2249635
error_sample = -BUSY durable log staging is full, retry
inf-bench: 572744 error replies under load (572744 BUSY-retryable; first sample: -BUSY durable log staging is full, retry)
ops = 105417364
errors = 571724
busy_retryable = 571724
elapsed_s = 300.000
ops_per_sec = 351391
p50_us = 175
p99_us = 863
p999_us = 8703
p9999_us = 376831
max_us = 3203620
error_sample = -BUSY durable log staging is full, retry
inf-bench: 571724 error replies under load (571724 BUSY-retryable; first sample: -BUSY durable log staging is full, retry)
ops = 104501307
errors = 588601
busy_retryable = 588601
elapsed_s = 300.176
ops_per_sec = 348133
p50_us = 215
p99_us = 975
p999_us = 9215
p9999_us = 262143
max_us = 3729726
error_sample = -BUSY durable log staging is full, retry
inf-bench: 588601 error replies under load (588601 BUSY-retryable; first sample: -BUSY durable log staging is full, retry)
ops = 103974908
errors = 644992
busy_retryable = 644992
elapsed_s = 300.013
ops_per_sec = 346568
p50_us = 203
p99_us = 959
p999_us = 8703
p9999_us = 286719
max_us = 2973674
error_sample = -BUSY durable log staging is full, retry
inf-bench: 644992 error replies under load (644992 BUSY-retryable; first sample: -BUSY durable log staging is full, retry)
ops = 107611983
errors = 695273
busy_retryable = 695273
elapsed_s = 300.002
ops_per_sec = 358704
p50_us = 179
p99_us = 863
p999_us = 8447
p9999_us = 352255
max_us = 2433280
error_sample = -BUSY durable log staging is full, retry
inf-bench: 695273 error replies under load (695273 BUSY-retryable; first sample: -BUSY durable log staging is full, retry)
ops = 102654327
errors = 612376
busy_retryable = 612376
elapsed_s = 300.000
ops_per_sec = 342181
p50_us = 179
p99_us = 863
p999_us = 8703
p9999_us = 352255
max_us = 1927581
error_sample = -BUSY durable log staging is full, retry
inf-bench: 612376 error replies under load (612376 BUSY-retryable; first sample: -BUSY durable log staging is full, retry)
ops = 103956363
errors = 659055
busy_retryable = 659055
elapsed_s = 300.001
ops_per_sec = 346521
p50_us = 183
p99_us = 911
p999_us = 8703
p9999_us = 344063
max_us = 2392241
error_sample = -BUSY durable log staging is full, retry
inf-bench: 659055 error replies under load (659055 BUSY-retryable; first sample: -BUSY durable log staging is full, retry)
ops = 98866723
errors = 568548
busy_retryable = 568548
elapsed_s = 300.000
ops_per_sec = 329555
p50_us = 183
p99_us = 895
p999_us = 8959
p9999_us = 360447
max_us = 3758829
error_sample = -BUSY durable log staging is full, retry
inf-bench: 568548 error replies under load (568548 BUSY-retryable; first sample: -BUSY durable log staging is full, retry)
ops = 109971527
errors = 582389
busy_retryable = 582389
elapsed_s = 300.020
ops_per_sec = 366548
p50_us = 175
p99_us = 879
p999_us = 8447
p9999_us = 327679
max_us = 2781441
error_sample = -BUSY durable log staging is full, retry
inf-bench: 582389 error replies under load (582389 BUSY-retryable; first sample: -BUSY durable log staging is full, retry)
ops = 103070612
errors = 545181
busy_retryable = 545181
elapsed_s = 300.000
ops_per_sec = 343568
p50_us = 199
p99_us = 943
p999_us = 8703
p9999_us = 360447
max_us = 1689787
error_sample = -BUSY durable log staging is full, retry
inf-bench: 545181 error replies under load (545181 BUSY-retryable; first sample: -BUSY durable log staging is full, retry)
ops = 105220115
errors = 649426
busy_retryable = 649426
elapsed_s = 300.115
ops_per_sec = 350600
p50_us = 191
p99_us = 943
p999_us = 8703
p9999_us = 327679
max_us = 3110190
error_sample = -BUSY durable log staging is full, retry
inf-bench: 649426 error replies under load (649426 BUSY-retryable; first sample: -BUSY durable log staging is full, retry)
ops = 107653090
errors = 573955
busy_retryable = 573955
elapsed_s = 300.000
ops_per_sec = 358843
p50_us = 179
p99_us = 895
p999_us = 8703
p9999_us = 360447
max_us = 1806205
error_sample = -BUSY durable log staging is full, retry
inf-bench: 573955 error replies under load (573955 BUSY-retryable; first sample: -BUSY durable log staging is full, retry)
ops = 102754798
errors = 685675
busy_retryable = 685675
elapsed_s = 300.000
ops_per_sec = 342516
p50_us = 179
p99_us = 879
p999_us = 8959
p9999_us = 376831
max_us = 3916431
error_sample = -BUSY durable log staging is full, retry
inf-bench: 685675 error replies under load (685675 BUSY-retryable; first sample: -BUSY durable log staging is full, retry)
ops = 110167195
errors = 737058
busy_retryable = 737058
elapsed_s = 301.306
ops_per_sec = 365633
p50_us = 175
p99_us = 927
p999_us = 8703
p9999_us = 294911
max_us = 2959362
error_sample = -BUSY durable log staging is full, retry
inf-bench: 737058 error replies under load (737058 BUSY-retryable; first sample: -BUSY durable log staging is full, retry)
ops = 103673802
errors = 618212
busy_retryable = 618212
elapsed_s = 300.001
ops_per_sec = 345578
p50_us = 203
p99_us = 943
p999_us = 8959
p9999_us = 311295
max_us = 1968061
error_sample = -BUSY durable log staging is full, retry
inf-bench: 618212 error replies under load (618212 BUSY-retryable; first sample: -BUSY durable log staging is full, retry)
ops = 109798446
errors = 557626
busy_retryable = 557626
elapsed_s = 300.001
ops_per_sec = 365994
p50_us = 199
p99_us = 943
p999_us = 8959
p9999_us = 258047
max_us = 2755268
error_sample = -BUSY durable log staging is full, retry
inf-bench: 557626 error replies under load (557626 BUSY-retryable; first sample: -BUSY durable log staging is full, retry)
ops = 105346571
errors = 614085
busy_retryable = 614085
elapsed_s = 300.009
ops_per_sec = 351144
p50_us = 183
p99_us = 911
p999_us = 8959
p9999_us = 335871
max_us = 2061380
error_sample = -BUSY durable log staging is full, retry
inf-bench: 614085 error replies under load (614085 BUSY-retryable; first sample: -BUSY durable log staging is full, retry)
ops = 109632854
errors = 649071
busy_retryable = 649071
elapsed_s = 300.000
ops_per_sec = 365442
p50_us = 175
p99_us = 943
p999_us = 8959
p9999_us = 311295
max_us = 3924105
error_sample = -BUSY durable log staging is full, retry
inf-bench: 649071 error replies under load (649071 BUSY-retryable; first sample: -BUSY durable log staging is full, retry)
ops = 99922575
errors = 603911
busy_retryable = 603911
elapsed_s = 300.005
ops_per_sec = 333070
p50_us = 207
p99_us = 975
p999_us = 9215
p9999_us = 327679
max_us = 2231994
error_sample = -BUSY durable log staging is full, retry
inf-bench: 603911 error replies under load (603911 BUSY-retryable; first sample: -BUSY durable log staging is full, retry)
ops = 108421518
errors = 680355
busy_retryable = 680355
elapsed_s = 300.001
ops_per_sec = 361404
p50_us = 187
p99_us = 895
p999_us = 7935
p9999_us = 311295
max_us = 3416226
error_sample = -BUSY durable log staging is full, retry
inf-bench: 680355 error replies under load (680355 BUSY-retryable; first sample: -BUSY durable log staging is full, retry)
ops = 106187524
errors = 587432
busy_retryable = 587432
elapsed_s = 300.000
ops_per_sec = 353958
p50_us = 195
p99_us = 943
p999_us = 8191
p9999_us = 303103
max_us = 7443394
error_sample = -BUSY durable log staging is full, retry
inf-bench: 587432 error replies under load (587432 BUSY-retryable; first sample: -BUSY durable log staging is full, retry)
ops = 95938908
errors = 427386
busy_retryable = 427386
elapsed_s = 300.001
ops_per_sec = 319796
p50_us = 187
p99_us = 991
p999_us = 9215
p9999_us = 376831
max_us = 7079200
error_sample = -BUSY durable log staging is full, retry
inf-bench: 427386 error replies under load (427386 BUSY-retryable; first sample: -BUSY durable log staging is full, retry)
ops = 97757551
errors = 354815
busy_retryable = 354815
elapsed_s = 300.001
ops_per_sec = 325857
p50_us = 195
p99_us = 1055
p999_us = 9727
p9999_us = 327679
max_us = 4934205
error_sample = -BUSY durable log staging is full, retry
inf-bench: 354815 error replies under load (354815 BUSY-retryable; first sample: -BUSY durable log staging is full, retry)
ops = 100738690
errors = 363194
busy_retryable = 363194
elapsed_s = 300.001
ops_per_sec = 335795
p50_us = 191
p99_us = 1007
p999_us = 8959
p9999_us = 303103
max_us = 5936562
error_sample = -BUSY durable log staging is full, retry
inf-bench: 363194 error replies under load (363194 BUSY-retryable; first sample: -BUSY durable log staging is full, retry)
ops = 93801979
errors = 367290
busy_retryable = 367290
elapsed_s = 300.001
ops_per_sec = 312673
p50_us = 195
p99_us = 1007
p999_us = 8959
p9999_us = 368639
max_us = 5814445
error_sample = -BUSY durable log staging is full, retry
inf-bench: 367290 error replies under load (367290 BUSY-retryable; first sample: -BUSY durable log staging is full, retry)
ops = 102588094
errors = 409539
busy_retryable = 409539
elapsed_s = 301.817
ops_per_sec = 339902
p50_us = 191
p99_us = 1007
p999_us = 9471
p9999_us = 262143
max_us = 4973839
error_sample = -BUSY durable log staging is full, retry
inf-bench: 409539 error replies under load (409539 BUSY-retryable; first sample: -BUSY durable log staging is full, retry)
ops = 89598695
errors = 437615
busy_retryable = 437615
elapsed_s = 300.000
ops_per_sec = 298662
p50_us = 211
p99_us = 1119
p999_us = 9727
p9999_us = 376831
max_us = 6349323
error_sample = -BUSY durable log staging is full, retry
inf-bench: 437615 error replies under load (437615 BUSY-retryable; first sample: -BUSY durable log staging is full, retry)
ops = 95545149
errors = 373252
busy_retryable = 373252
elapsed_s = 300.000
ops_per_sec = 318483
p50_us = 195
p99_us = 1087
p999_us = 9215
p9999_us = 393215
max_us = 4721984
error_sample = -BUSY durable log staging is full, retry
inf-bench: 373252 error replies under load (373252 BUSY-retryable; first sample: -BUSY durable log staging is full, retry)
ops = 95335270
errors = 403549
busy_retryable = 403549
elapsed_s = 300.000
ops_per_sec = 317784
p50_us = 203
p99_us = 1055
p999_us = 9471
p9999_us = 360447
max_us = 4667876
error_sample = -BUSY durable log staging is full, retry
inf-bench: 403549 error replies under load (403549 BUSY-retryable; first sample: -BUSY durable log staging is full, retry)
ops = 104762608
errors = 564863
busy_retryable = 564863
elapsed_s = 300.000
ops_per_sec = 349208
p50_us = 179
p99_us = 847
p999_us = 8447
p9999_us = 360447
max_us = 2260286
error_sample = -BUSY durable log staging is full, retry
inf-bench: 564863 error replies under load (564863 BUSY-retryable; first sample: -BUSY durable log staging is full, retry)
ops = 110474750
errors = 568503
busy_retryable = 568503
elapsed_s = 301.756
ops_per_sec = 366106
p50_us = 187
p99_us = 959
p999_us = 8703
p9999_us = 294911
max_us = 2178955
error_sample = -BUSY durable log staging is full, retry
inf-bench: 568503 error replies under load (568503 BUSY-retryable; first sample: -BUSY durable log staging is full, retry)
ops = 105654856
errors = 731339
busy_retryable = 731339
elapsed_s = 300.000
ops_per_sec = 352182
p50_us = 183
p99_us = 927
p999_us = 8959
p9999_us = 327679
max_us = 2091985
error_sample = -BUSY durable log staging is full, retry
inf-bench: 731339 error replies under load (731339 BUSY-retryable; first sample: -BUSY durable log staging is full, retry)
ops = 103997263
errors = 655742
busy_retryable = 655742
elapsed_s = 300.013
ops_per_sec = 346643
p50_us = 195
p99_us = 1007
p999_us = 8959
p9999_us = 303103
max_us = 1977050
error_sample = -BUSY durable log staging is full, retry
inf-bench: 655742 error replies under load (655742 BUSY-retryable; first sample: -BUSY durable log staging is full, retry)
ops = 103301570
errors = 578498
busy_retryable = 578498
elapsed_s = 300.000
ops_per_sec = 344338
p50_us = 191
p99_us = 927
p999_us = 8959
p9999_us = 352255
max_us = 2382422
error_sample = -BUSY durable log staging is full, retry
inf-bench: 578498 error replies under load (578498 BUSY-retryable; first sample: -BUSY durable log staging is full, retry)
ops = 106910933
errors = 676002
busy_retryable = 676002
elapsed_s = 300.000
ops_per_sec = 356369
p50_us = 187
p99_us = 911
p999_us = 8959
p9999_us = 327679
max_us = 1752392
error_sample = -BUSY durable log staging is full, retry
inf-bench: 676002 error replies under load (676002 BUSY-retryable; first sample: -BUSY durable log staging is full, retry)
ops = 102554472
errors = 730543
busy_retryable = 730543
elapsed_s = 300.001
ops_per_sec = 341847
p50_us = 179
p99_us = 879
p999_us = 8447
p9999_us = 376831
max_us = 5113212
error_sample = -BUSY durable log staging is full, retry
inf-bench: 730543 error replies under load (730543 BUSY-retryable; first sample: -BUSY durable log staging is full, retry)
ops = 106257892
errors = 666443
busy_retryable = 666443
elapsed_s = 300.053
ops_per_sec = 354130
p50_us = 191
p99_us = 991
p999_us = 9215
p9999_us = 270335
max_us = 2170387
error_sample = -BUSY durable log staging is full, retry
inf-bench: 666443 error replies under load (666443 BUSY-retryable; first sample: -BUSY durable log staging is full, retry)
ops = 108987393
errors = 627644
busy_retryable = 627644
elapsed_s = 300.000
ops_per_sec = 363291
p50_us = 191
p99_us = 1007
p999_us = 8959
p9999_us = 249855
max_us = 2319616
error_sample = -BUSY durable log staging is full, retry
inf-bench: 627644 error replies under load (627644 BUSY-retryable; first sample: -BUSY durable log staging is full, retry)
ops = 108147602
errors = 546551
busy_retryable = 546551
elapsed_s = 300.000
ops_per_sec = 360491
p50_us = 187
p99_us = 975
p999_us = 8703
p9999_us = 286719
max_us = 3214323
error_sample = -BUSY durable log staging is full, retry
inf-bench: 546551 error replies under load (546551 BUSY-retryable; first sample: -BUSY durable log staging is full, retry)
ops = 112930313
errors = 586342
busy_retryable = 586342
elapsed_s = 300.000
ops_per_sec = 376434
p50_us = 183
p99_us = 927
p999_us = 8191
p9999_us = 258047
max_us = 2126515
error_sample = -BUSY durable log staging is full, retry
inf-bench: 586342 error replies under load (586342 BUSY-retryable; first sample: -BUSY durable log staging is full, retry)
ops = 109682514
errors = 642568
busy_retryable = 642568
elapsed_s = 300.000
ops_per_sec = 365608
p50_us = 187
p99_us = 927
p999_us = 8447
p9999_us = 303103
max_us = 1766090
error_sample = -BUSY durable log staging is full, retry
inf-bench: 642568 error replies under load (642568 BUSY-retryable; first sample: -BUSY durable log staging is full, retry)
ops = 108158171
errors = 604272
busy_retryable = 604272
elapsed_s = 300.000
ops_per_sec = 360527
p50_us = 175
p99_us = 927
p999_us = 8959
p9999_us = 352255
max_us = 2117151
error_sample = -BUSY durable log staging is full, retry
inf-bench: 604272 error replies under load (604272 BUSY-retryable; first sample: -BUSY durable log staging is full, retry)
ops = 101182954
errors = 693056
busy_retryable = 693056
elapsed_s = 300.000
ops_per_sec = 337276
p50_us = 179
p99_us = 927
p999_us = 9215
p9999_us = 385023
max_us = 3562916
error_sample = -BUSY durable log staging is full, retry
inf-bench: 693056 error replies under load (693056 BUSY-retryable; first sample: -BUSY durable log staging is full, retry)
ops = 102974713
errors = 550970
busy_retryable = 550970
elapsed_s = 300.000
ops_per_sec = 343249
p50_us = 199
p99_us = 975
p999_us = 8959
p9999_us = 303103
max_us = 2195497
error_sample = -BUSY durable log staging is full, retry
inf-bench: 550970 error replies under load (550970 BUSY-retryable; first sample: -BUSY durable log staging is full, retry)
ops = 112582233
errors = 683204
busy_retryable = 683204
elapsed_s = 300.054
ops_per_sec = 375207
p50_us = 187
p99_us = 927
p999_us = 8959
p9999_us = 286719
max_us = 1936744
error_sample = -BUSY durable log staging is full, retry
inf-bench: 683204 error replies under load (683204 BUSY-retryable; first sample: -BUSY durable log staging is full, retry)
ops = 101778260
errors = 567504
busy_retryable = 567504
elapsed_s = 300.001
ops_per_sec = 339260
p50_us = 195
p99_us = 927
p999_us = 8959
p9999_us = 360447
max_us = 2005867
error_sample = -BUSY durable log staging is full, retry
inf-bench: 567504 error replies under load (567504 BUSY-retryable; first sample: -BUSY durable log staging is full, retry)
ops = 99458820
errors = 766310
busy_retryable = 766310
elapsed_s = 300.000
ops_per_sec = 331529
p50_us = 175
p99_us = 911
p999_us = 8959
p9999_us = 393215
max_us = 2400093
error_sample = -BUSY durable log staging is full, retry
inf-bench: 766310 error replies under load (766310 BUSY-retryable; first sample: -BUSY durable log staging is full, retry)
ops = 106454742
errors = 712984
busy_retryable = 712984
elapsed_s = 300.000
ops_per_sec = 354849
p50_us = 175
p99_us = 911
p999_us = 8959
p9999_us = 344063
max_us = 2142347
error_sample = -BUSY durable log staging is full, retry
inf-bench: 712984 error replies under load (712984 BUSY-retryable; first sample: -BUSY durable log staging is full, retry)
ops = 102666258
errors = 872456
busy_retryable = 872456
elapsed_s = 300.646
ops_per_sec = 341486
p50_us = 179
p99_us = 895
p999_us = 8959
p9999_us = 376831
max_us = 2870284
error_sample = -BUSY durable log staging is full, retry
inf-bench: 872456 error replies under load (872456 BUSY-retryable; first sample: -BUSY durable log staging is full, retry)
ops = 104487657
errors = 615843
busy_retryable = 615843
elapsed_s = 300.067
ops_per_sec = 348215
p50_us = 187
p99_us = 927
p999_us = 8703
p9999_us = 360447
max_us = 2176133
error_sample = -BUSY durable log staging is full, retry
inf-bench: 615843 error replies under load (615843 BUSY-retryable; first sample: -BUSY durable log staging is full, retry)
ops = 109809793
errors = 557437
busy_retryable = 557437
elapsed_s = 301.285
ops_per_sec = 364471
p50_us = 199
p99_us = 975
p999_us = 9215
p9999_us = 258047
max_us = 1975185
error_sample = -BUSY durable log staging is full, retry
inf-bench: 557437 error replies under load (557437 BUSY-retryable; first sample: -BUSY durable log staging is full, retry)
ops = 106006497
errors = 582183
busy_retryable = 582183
elapsed_s = 300.001
ops_per_sec = 353354
p50_us = 187
p99_us = 863
p999_us = 8063
p9999_us = 335871
max_us = 1858154
error_sample = -BUSY durable log staging is full, retry
inf-bench: 582183 error replies under load (582183 BUSY-retryable; first sample: -BUSY durable log staging is full, retry)
ops = 104205267
errors = 618396
busy_retryable = 618396
elapsed_s = 300.000
ops_per_sec = 347350
p50_us = 179
p99_us = 847
p999_us = 8063
p9999_us = 368639
max_us = 4763787
error_sample = -BUSY durable log staging is full, retry
inf-bench: 618396 error replies under load (618396 BUSY-retryable; first sample: -BUSY durable log staging is full, retry)
ops = 109699513
errors = 630151
busy_retryable = 630151
elapsed_s = 300.000
ops_per_sec = 365665
p50_us = 183
p99_us = 847
p999_us = 7807
p9999_us = 327679
max_us = 2435472
error_sample = -BUSY durable log staging is full, retry
inf-bench: 630151 error replies under load (630151 BUSY-retryable; first sample: -BUSY durable log staging is full, retry)
ops = 104742191
errors = 575479
busy_retryable = 575479
elapsed_s = 300.000
ops_per_sec = 349140
p50_us = 183
p99_us = 815
p999_us = 7807
p9999_us = 360447
max_us = 2647562
error_sample = -BUSY durable log staging is full, retry
inf-bench: 575479 error replies under load (575479 BUSY-retryable; first sample: -BUSY durable log staging is full, retry)
ops = 107128126
errors = 584964
busy_retryable = 584964
elapsed_s = 300.198
ops_per_sec = 356858
p50_us = 191
p99_us = 863
p999_us = 8447
p9999_us = 294911
max_us = 1949392
error_sample = -BUSY durable log staging is full, retry
inf-bench: 584964 error replies under load (584964 BUSY-retryable; first sample: -BUSY durable log staging is full, retry)
ops = 106175960
errors = 589933
busy_retryable = 589933
elapsed_s = 300.316
ops_per_sec = 353547
p50_us = 195
p99_us = 895
p999_us = 7935
p9999_us = 319487
max_us = 5273012
error_sample = -BUSY durable log staging is full, retry
inf-bench: 589933 error replies under load (589933 BUSY-retryable; first sample: -BUSY durable log staging is full, retry)
ops = 108801493
errors = 734527
busy_retryable = 734527
elapsed_s = 300.000
ops_per_sec = 362671
p50_us = 183
p99_us = 879
p999_us = 8703
p9999_us = 303103
max_us = 3336261
error_sample = -BUSY durable log staging is full, retry
inf-bench: 734527 error replies under load (734527 BUSY-retryable; first sample: -BUSY durable log staging is full, retry)
ops = 88829138
errors = 388136
busy_retryable = 388136
elapsed_s = 300.000
ops_per_sec = 296097
p50_us = 211
p99_us = 975
p999_us = 9215
p9999_us = 425983
max_us = 5491185
error_sample = -BUSY durable log staging is full, retry
inf-bench: 388136 error replies under load (388136 BUSY-retryable; first sample: -BUSY durable log staging is full, retry)
ops = 96424861
errors = 437066
busy_retryable = 437066
elapsed_s = 300.000
ops_per_sec = 321416
p50_us = 199
p99_us = 911
p999_us = 8959
p9999_us = 368639
max_us = 6912864
error_sample = -BUSY durable log staging is full, retry
inf-bench: 437066 error replies under load (437066 BUSY-retryable; first sample: -BUSY durable log staging is full, retry)
ops = 91155657
errors = 414435
busy_retryable = 414435
elapsed_s = 300.910
ops_per_sec = 302933
p50_us = 191
p99_us = 911
p999_us = 8959
p9999_us = 409599
max_us = 6045126
error_sample = -BUSY durable log staging is full, retry
inf-bench: 414435 error replies under load (414435 BUSY-retryable; first sample: -BUSY durable log staging is full, retry)
ops = 107594509
errors = 498099
busy_retryable = 498099
elapsed_s = 300.067
ops_per_sec = 358568
p50_us = 183
p99_us = 927
p999_us = 9727
p9999_us = 241663
max_us = 5205334
error_sample = -BUSY durable log staging is full, retry
inf-bench: 498099 error replies under load (498099 BUSY-retryable; first sample: -BUSY durable log staging is full, retry)
ops = 97061742
errors = 434071
busy_retryable = 434071
elapsed_s = 300.001
ops_per_sec = 323539
p50_us = 195
p99_us = 943
p999_us = 8959
p9999_us = 352255
max_us = 5225710
error_sample = -BUSY durable log staging is full, retry
inf-bench: 434071 error replies under load (434071 BUSY-retryable; first sample: -BUSY durable log staging is full, retry)
ops = 95687184
errors = 395142
busy_retryable = 395142
elapsed_s = 300.141
ops_per_sec = 318808
p50_us = 203
p99_us = 943
p999_us = 8959
p9999_us = 344063
max_us = 5537211
error_sample = -BUSY durable log staging is full, retry
inf-bench: 395142 error replies under load (395142 BUSY-retryable; first sample: -BUSY durable log staging is full, retry)
ops = 104049733
errors = 505450
busy_retryable = 505450
elapsed_s = 300.207
ops_per_sec = 346593
p50_us = 191
p99_us = 879
p999_us = 8959
p9999_us = 319487
max_us = 4992170
error_sample = -BUSY durable log staging is full, retry
inf-bench: 505450 error replies under load (505450 BUSY-retryable; first sample: -BUSY durable log staging is full, retry)
ops = 109827140
errors = 452611
busy_retryable = 452611
elapsed_s = 300.005
ops_per_sec = 366085
p50_us = 183
p99_us = 895
p999_us = 8703
p9999_us = 270335
max_us = 4490331
error_sample = -BUSY durable log staging is full, retry
inf-bench: 452611 error replies under load (452611 BUSY-retryable; first sample: -BUSY durable log staging is full, retry)
ops = 95678630
errors = 487095
busy_retryable = 487095
elapsed_s = 301.136
ops_per_sec = 317726
p50_us = 211
p99_us = 879
p999_us = 8703
p9999_us = 368639
max_us = 2160007
error_sample = -BUSY durable log staging is full, retry
inf-bench: 487095 error replies under load (487095 BUSY-retryable; first sample: -BUSY durable log staging is full, retry)
ops = 105169005
errors = 561839
busy_retryable = 561839
elapsed_s = 300.000
ops_per_sec = 350563
p50_us = 195
p99_us = 879
p999_us = 8063
p9999_us = 360447
max_us = 1996351
error_sample = -BUSY durable log staging is full, retry
inf-bench: 561839 error replies under load (561839 BUSY-retryable; first sample: -BUSY durable log staging is full, retry)
ops = 106743626
errors = 635264
busy_retryable = 635264
elapsed_s = 300.000
ops_per_sec = 355812
p50_us = 179
p99_us = 847
p999_us = 8447
p9999_us = 327679
max_us = 2394748
error_sample = -BUSY durable log staging is full, retry
inf-bench: 635264 error replies under load (635264 BUSY-retryable; first sample: -BUSY durable log staging is full, retry)
ops = 109036916
errors = 692733
busy_retryable = 692733
elapsed_s = 300.022
ops_per_sec = 363429
p50_us = 183
p99_us = 831
p999_us = 7551
p9999_us = 335871
max_us = 2218204
error_sample = -BUSY durable log staging is full, retry
inf-bench: 692733 error replies under load (692733 BUSY-retryable; first sample: -BUSY durable log staging is full, retry)
ops = 110065987
errors = 622635
busy_retryable = 622635
elapsed_s = 300.059
ops_per_sec = 366814
p50_us = 179
p99_us = 847
p999_us = 7935
p9999_us = 327679
max_us = 2038506
error_sample = -BUSY durable log staging is full, retry
inf-bench: 622635 error replies under load (622635 BUSY-retryable; first sample: -BUSY durable log staging is full, retry)
ops = 99083558
errors = 515219
busy_retryable = 515219
elapsed_s = 300.563
ops_per_sec = 329660
p50_us = 191
p99_us = 847
p999_us = 8703
p9999_us = 401407
max_us = 2883007
error_sample = -BUSY durable log staging is full, retry
inf-bench: 515219 error replies under load (515219 BUSY-retryable; first sample: -BUSY durable log staging is full, retry)
ops = 101273294
errors = 688016
busy_retryable = 688016
elapsed_s = 300.000
ops_per_sec = 337577
p50_us = 195
p99_us = 895
p999_us = 8703
p9999_us = 327679
max_us = 3273500
error_sample = -BUSY durable log staging is full, retry
inf-bench: 688016 error replies under load (688016 BUSY-retryable; first sample: -BUSY durable log staging is full, retry)
ops = 107629897
errors = 698073
busy_retryable = 698073
elapsed_s = 301.835
ops_per_sec = 356585
p50_us = 179
p99_us = 847
p999_us = 7935
p9999_us = 335871
max_us = 2485689
error_sample = -BUSY durable log staging is full, retry
inf-bench: 698073 error replies under load (698073 BUSY-retryable; first sample: -BUSY durable log staging is full, retry)
ops = 110699904
errors = 587834
busy_retryable = 587834
elapsed_s = 300.224
ops_per_sec = 368724
p50_us = 199
p99_us = 879
p999_us = 7551
p9999_us = 286719
max_us = 2059759
error_sample = -BUSY durable log staging is full, retry
inf-bench: 587834 error replies under load (587834 BUSY-retryable; first sample: -BUSY durable log staging is full, retry)
ops = 104116243
errors = 746656
busy_retryable = 746656
elapsed_s = 300.000
ops_per_sec = 347054
p50_us = 179
p99_us = 815
p999_us = 7807
p9999_us = 376831
max_us = 2639051
error_sample = -BUSY durable log staging is full, retry
inf-bench: 746656 error replies under load (746656 BUSY-retryable; first sample: -BUSY durable log staging is full, retry)
ops = 96990148
errors = 441630
busy_retryable = 441630
elapsed_s = 300.000
ops_per_sec = 323300
p50_us = 199
p99_us = 943
p999_us = 8703
p9999_us = 344063
max_us = 5525383
error_sample = -BUSY durable log staging is full, retry
inf-bench: 441630 error replies under load (441630 BUSY-retryable; first sample: -BUSY durable log staging is full, retry)
ops = 94724580
errors = 438633
busy_retryable = 438633
elapsed_s = 301.533
ops_per_sec = 314143
p50_us = 195
p99_us = 943
p999_us = 8703
p9999_us = 385023
max_us = 5248112
error_sample = -BUSY durable log staging is full, retry
inf-bench: 438633 error replies under load (438633 BUSY-retryable; first sample: -BUSY durable log staging is full, retry)
ops = 100590371
errors = 422058
busy_retryable = 422058
elapsed_s = 300.000
ops_per_sec = 335301
p50_us = 183
p99_us = 895
p999_us = 8703
p9999_us = 368639
max_us = 4744539
error_sample = -BUSY durable log staging is full, retry
inf-bench: 422058 error replies under load (422058 BUSY-retryable; first sample: -BUSY durable log staging is full, retry)
ops = 96301037
errors = 463937
busy_retryable = 463937
elapsed_s = 300.138
ops_per_sec = 320855
p50_us = 187
p99_us = 895
p999_us = 8703
p9999_us = 376831
max_us = 7239519
error_sample = -BUSY durable log staging is full, retry
inf-bench: 463937 error replies under load (463937 BUSY-retryable; first sample: -BUSY durable log staging is full, retry)
ops = 100053900
errors = 384966
busy_retryable = 384966
elapsed_s = 300.000
ops_per_sec = 333513
p50_us = 195
p99_us = 927
p999_us = 8447
p9999_us = 319487
max_us = 7055563
error_sample = -BUSY durable log staging is full, retry
inf-bench: 384966 error replies under load (384966 BUSY-retryable; first sample: -BUSY durable log staging is full, retry)
ops = 89004696
errors = 378657
busy_retryable = 378657
elapsed_s = 300.000
ops_per_sec = 296682
p50_us = 183
p99_us = 895
p999_us = 9215
p9999_us = 499711
max_us = 6714269
error_sample = -BUSY durable log staging is full, retry
inf-bench: 378657 error replies under load (378657 BUSY-retryable; first sample: -BUSY durable log staging is full, retry)
ops = 94601235
errors = 389716
busy_retryable = 389716
elapsed_s = 302.556
ops_per_sec = 312674
p50_us = 199
p99_us = 959
p999_us = 8959
p9999_us = 425983
max_us = 5859522
error_sample = -BUSY durable log staging is full, retry
inf-bench: 389716 error replies under load (389716 BUSY-retryable; first sample: -BUSY durable log staging is full, retry)
ops = 96465878
errors = 367521
busy_retryable = 367521
elapsed_s = 300.400
ops_per_sec = 321125
p50_us = 191
p99_us = 943
p999_us = 9215
p9999_us = 335871
max_us = 5673987
error_sample = -BUSY durable log staging is full, retry
inf-bench: 367521 error replies under load (367521 BUSY-retryable; first sample: -BUSY durable log staging is full, retry)
ops = 101418689
errors = 620877
busy_retryable = 620877
elapsed_s = 300.000
ops_per_sec = 338062
p50_us = 191
p99_us = 863
p999_us = 8063
p9999_us = 352255
max_us = 2598360
error_sample = -BUSY durable log staging is full, retry
inf-bench: 620877 error replies under load (620877 BUSY-retryable; first sample: -BUSY durable log staging is full, retry)
ops = 109025638
errors = 557772
busy_retryable = 557772
elapsed_s = 300.000
ops_per_sec = 363418
p50_us = 195
p99_us = 911
p999_us = 8703
p9999_us = 258047
max_us = 1950775
error_sample = -BUSY durable log staging is full, retry
inf-bench: 557772 error replies under load (557772 BUSY-retryable; first sample: -BUSY durable log staging is full, retry)
ops = 104507911
errors = 612878
busy_retryable = 612878
elapsed_s = 300.000
ops_per_sec = 348359
p50_us = 187
p99_us = 879
p999_us = 7807
p9999_us = 360447
max_us = 2356336
error_sample = -BUSY durable log staging is full, retry
inf-bench: 612878 error replies under load (612878 BUSY-retryable; first sample: -BUSY durable log staging is full, retry)
ops = 111629408
errors = 613067
busy_retryable = 613067
elapsed_s = 300.166
ops_per_sec = 371893
p50_us = 179
p99_us = 879
p999_us = 8703
p9999_us = 311295
max_us = 1763436
error_sample = -BUSY durable log staging is full, retry
inf-bench: 613067 error replies under load (613067 BUSY-retryable; first sample: -BUSY durable log staging is full, retry)
ops = 105176202
errors = 631321
busy_retryable = 631321
elapsed_s = 300.008
ops_per_sec = 350578
p50_us = 179
p99_us = 863
p999_us = 8191
p9999_us = 376831
max_us = 2167027
error_sample = -BUSY durable log staging is full, retry
inf-bench: 631321 error replies under load (631321 BUSY-retryable; first sample: -BUSY durable log staging is full, retry)
ops = 106370940
errors = 765214
busy_retryable = 765214
elapsed_s = 300.019
ops_per_sec = 354547
p50_us = 179
p99_us = 815
p999_us = 8191
p9999_us = 360447
max_us = 1862785
error_sample = -BUSY durable log staging is full, retry
inf-bench: 765214 error replies under load (765214 BUSY-retryable; first sample: -BUSY durable log staging is full, retry)
ops = 106688133
errors = 462320
busy_retryable = 462320
elapsed_s = 300.000
ops_per_sec = 355627
p50_us = 195
p99_us = 911
p999_us = 8703
p9999_us = 294911
max_us = 2016827
error_sample = -BUSY durable log staging is full, retry
inf-bench: 462320 error replies under load (462320 BUSY-retryable; first sample: -BUSY durable log staging is full, retry)
ops = 109719499
errors = 605152
busy_retryable = 605152
elapsed_s = 300.000
ops_per_sec = 365731
p50_us = 203
p99_us = 1007
p999_us = 8959
p9999_us = 253951
max_us = 2577295
error_sample = -BUSY durable log staging is full, retry
inf-bench: 605152 error replies under load (605152 BUSY-retryable; first sample: -BUSY durable log staging is full, retry)
ops = 100975874
errors = 555403
busy_retryable = 555403
elapsed_s = 302.486
ops_per_sec = 333820
p50_us = 199
p99_us = 975
p999_us = 8959
p9999_us = 335871
max_us = 3589022
error_sample = -BUSY durable log staging is full, retry
inf-bench: 555403 error replies under load (555403 BUSY-retryable; first sample: -BUSY durable log staging is full, retry)
ops = 105770681
errors = 522208
busy_retryable = 522208
elapsed_s = 300.002
ops_per_sec = 352566
p50_us = 179
p99_us = 975
p999_us = 9215
p9999_us = 270335
max_us = 5912775
error_sample = -BUSY durable log staging is full, retry
inf-bench: 522208 error replies under load (522208 BUSY-retryable; first sample: -BUSY durable log staging is full, retry)
ops = 103270226
errors = 502034
busy_retryable = 502034
elapsed_s = 300.000
ops_per_sec = 344234
p50_us = 187
p99_us = 927
p999_us = 9215
p9999_us = 278527
max_us = 6443159
error_sample = -BUSY durable log staging is full, retry
inf-bench: 502034 error replies under load (502034 BUSY-retryable; first sample: -BUSY durable log staging is full, retry)
ops = 104105711
errors = 423547
busy_retryable = 423547
elapsed_s = 300.000
ops_per_sec = 347019
p50_us = 183
p99_us = 959
p999_us = 9215
p9999_us = 286719
max_us = 6021827
error_sample = -BUSY durable log staging is full, retry
inf-bench: 423547 error replies under load (423547 BUSY-retryable; first sample: -BUSY durable log staging is full, retry)
ops = 96789766
errors = 348317
busy_retryable = 348317
elapsed_s = 300.002
ops_per_sec = 322631
p50_us = 187
p99_us = 975
p999_us = 9215
p9999_us = 393215
max_us = 5558903
error_sample = -BUSY durable log staging is full, retry
inf-bench: 348317 error replies under load (348317 BUSY-retryable; first sample: -BUSY durable log staging is full, retry)
ops = 97416792
errors = 363143
busy_retryable = 363143
elapsed_s = 300.006
ops_per_sec = 324716
p50_us = 187
p99_us = 991
p999_us = 9471
p9999_us = 376831
max_us = 5791390
error_sample = -BUSY durable log staging is full, retry
inf-bench: 363143 error replies under load (363143 BUSY-retryable; first sample: -BUSY durable log staging is full, retry)
ops = 88210041
errors = 438906
busy_retryable = 438906
elapsed_s = 300.000
ops_per_sec = 294033
p50_us = 199
p99_us = 991
p999_us = 9471
p9999_us = 450559
max_us = 5675010
error_sample = -BUSY durable log staging is full, retry
inf-bench: 438906 error replies under load (438906 BUSY-retryable; first sample: -BUSY durable log staging is full, retry)
ops = 94263421
errors = 404944
busy_retryable = 404944
elapsed_s = 300.312
ops_per_sec = 313885
p50_us = 199
p99_us = 975
p999_us = 9215
p9999_us = 393215
max_us = 5120678
error_sample = -BUSY durable log staging is full, retry
inf-bench: 404944 error replies under load (404944 BUSY-retryable; first sample: -BUSY durable log staging is full, retry)
ops = 85988364
errors = 277531
busy_retryable = 277531
elapsed_s = 300.001
ops_per_sec = 286627
p50_us = 235
p99_us = 1279
p999_us = 9471
p9999_us = 409599
max_us = 6043436
error_sample = -BUSY durable log staging is full, retry
inf-bench: 277531 error replies under load (277531 BUSY-retryable; first sample: -BUSY durable log staging is full, retry)
ops = 104124563
errors = 605853
busy_retryable = 605853
elapsed_s = 301.778
ops_per_sec = 345037
p50_us = 187
p99_us = 863
p999_us = 8703
p9999_us = 368639
max_us = 2285750
error_sample = -BUSY durable log staging is full, retry
inf-bench: 605853 error replies under load (605853 BUSY-retryable; first sample: -BUSY durable log staging is full, retry)
ops = 107237545
errors = 659823
busy_retryable = 659823
elapsed_s = 300.000
ops_per_sec = 357458
p50_us = 179
p99_us = 911
p999_us = 8703
p9999_us = 319487
max_us = 1796052
error_sample = -BUSY durable log staging is full, retry
inf-bench: 659823 error replies under load (659823 BUSY-retryable; first sample: -BUSY durable log staging is full, retry)
ops = 104130549
errors = 644308
busy_retryable = 644308
elapsed_s = 300.091
ops_per_sec = 346997
p50_us = 187
p99_us = 895
p999_us = 8959
p9999_us = 344063
max_us = 2867072
error_sample = -BUSY durable log staging is full, retry
inf-bench: 644308 error replies under load (644308 BUSY-retryable; first sample: -BUSY durable log staging is full, retry)
ops = 102559748
errors = 639458
busy_retryable = 639458
elapsed_s = 300.000
ops_per_sec = 341865
p50_us = 187
p99_us = 879
p999_us = 8703
p9999_us = 368639
max_us = 2213911
error_sample = -BUSY durable log staging is full, retry
inf-bench: 639458 error replies under load (639458 BUSY-retryable; first sample: -BUSY durable log staging is full, retry)
ops = 108652861
errors = 614671
busy_retryable = 614671
elapsed_s = 300.006
ops_per_sec = 362169
p50_us = 203
p99_us = 959
p999_us = 8703
p9999_us = 253951
max_us = 3369248
error_sample = -BUSY durable log staging is full, retry
inf-bench: 614671 error replies under load (614671 BUSY-retryable; first sample: -BUSY durable log staging is full, retry)
ops = 110437019
errors = 630570
busy_retryable = 630570
elapsed_s = 300.293
ops_per_sec = 367764
p50_us = 187
p99_us = 943
p999_us = 8703
p9999_us = 270335
max_us = 2613522
error_sample = -BUSY durable log staging is full, retry
inf-bench: 630570 error replies under load (630570 BUSY-retryable; first sample: -BUSY durable log staging is full, retry)
ops = 106779813
errors = 660748
busy_retryable = 660748
elapsed_s = 300.001
ops_per_sec = 355932
p50_us = 191
p99_us = 959
p999_us = 8959
p9999_us = 303103
max_us = 1600763
error_sample = -BUSY durable log staging is full, retry
inf-bench: 660748 error replies under load (660748 BUSY-retryable; first sample: -BUSY durable log staging is full, retry)
ops = 103516571
errors = 563810
busy_retryable = 563810
elapsed_s = 300.211
ops_per_sec = 344813
p50_us = 211
p99_us = 959
p999_us = 9215
p9999_us = 319487
max_us = 1557333
error_sample = -BUSY durable log staging is full, retry
inf-bench: 563810 error replies under load (563810 BUSY-retryable; first sample: -BUSY durable log staging is full, retry)
ops = 109449253
errors = 592271
busy_retryable = 592271
elapsed_s = 300.134
ops_per_sec = 364668
p50_us = 195
p99_us = 943
p999_us = 8063
p9999_us = 278527
max_us = 2713964
error_sample = -BUSY durable log staging is full, retry
inf-bench: 592271 error replies under load (592271 BUSY-retryable; first sample: -BUSY durable log staging is full, retry)
ops = 109387793
errors = 696045
busy_retryable = 696045
elapsed_s = 300.230
ops_per_sec = 364346
p50_us = 175
p99_us = 895
p999_us = 8703
p9999_us = 327679
max_us = 1994186
error_sample = -BUSY durable log staging is full, retry
inf-bench: 696045 error replies under load (696045 BUSY-retryable; first sample: -BUSY durable log staging is full, retry)
ops = 100432196
errors = 587861
busy_retryable = 587861
elapsed_s = 300.000
ops_per_sec = 334773
p50_us = 187
p99_us = 927
p999_us = 8959
p9999_us = 360447
max_us = 1981970
error_sample = -BUSY durable log staging is full, retry
inf-bench: 587861 error replies under load (587861 BUSY-retryable; first sample: -BUSY durable log staging is full, retry)
ops = 105555566
errors = 621522
busy_retryable = 621522
elapsed_s = 300.047
ops_per_sec = 351797
p50_us = 195
p99_us = 959
p999_us = 8959
p9999_us = 294911
max_us = 3977666
error_sample = -BUSY durable log staging is full, retry
inf-bench: 621522 error replies under load (621522 BUSY-retryable; first sample: -BUSY durable log staging is full, retry)
ops = 107596071
errors = 528064
busy_retryable = 528064
elapsed_s = 300.048
ops_per_sec = 358597
p50_us = 187
p99_us = 959
p999_us = 8703
p9999_us = 311295
max_us = 3481583
error_sample = -BUSY durable log staging is full, retry
inf-bench: 528064 error replies under load (528064 BUSY-retryable; first sample: -BUSY durable log staging is full, retry)
ops = 100213299
errors = 611445
busy_retryable = 611445
elapsed_s = 300.310
ops_per_sec = 333700
p50_us = 195
p99_us = 943
p999_us = 8703
p9999_us = 352255
max_us = 2233011
error_sample = -BUSY durable log staging is full, retry
inf-bench: 611445 error replies under load (611445 BUSY-retryable; first sample: -BUSY durable log staging is full, retry)
ops = 100680440
errors = 636309
busy_retryable = 636309
elapsed_s = 300.000
ops_per_sec = 335601
p50_us = 187
p99_us = 879
p999_us = 8959
p9999_us = 376831
max_us = 2568862
error_sample = -BUSY durable log staging is full, retry
inf-bench: 636309 error replies under load (636309 BUSY-retryable; first sample: -BUSY durable log staging is full, retry)
ops = 103427895
errors = 619216
busy_retryable = 619216
elapsed_s = 300.074
ops_per_sec = 344675
p50_us = 187
p99_us = 943
p999_us = 8959
p9999_us = 319487
max_us = 5465225
error_sample = -BUSY durable log staging is full, retry
inf-bench: 619216 error replies under load (619216 BUSY-retryable; first sample: -BUSY durable log staging is full, retry)
ops = 104999612
errors = 595736
busy_retryable = 595736
elapsed_s = 300.006
ops_per_sec = 349991
p50_us = 195
p99_us = 1007
p999_us = 8959
p9999_us = 294911
max_us = 3820374
error_sample = -BUSY durable log staging is full, retry
inf-bench: 595736 error replies under load (595736 BUSY-retryable; first sample: -BUSY durable log staging is full, retry)
ops = 97996986
errors = 669326
busy_retryable = 669326
elapsed_s = 300.000
ops_per_sec = 326656
p50_us = 187
p99_us = 943
p999_us = 8703
p9999_us = 368639
max_us = 3554529
error_sample = -BUSY durable log staging is full, retry
inf-bench: 669326 error replies under load (669326 BUSY-retryable; first sample: -BUSY durable log staging is full, retry)
ops = 114441757
errors = 680335
busy_retryable = 680335
elapsed_s = 300.000
ops_per_sec = 381472
p50_us = 175
p99_us = 895
p999_us = 8447
p9999_us = 270335
max_us = 2381190
error_sample = -BUSY durable log staging is full, retry
inf-bench: 680335 error replies under load (680335 BUSY-retryable; first sample: -BUSY durable log staging is full, retry)
ops = 109017430
errors = 459437
busy_retryable = 459437
elapsed_s = 300.000
ops_per_sec = 363391
p50_us = 175
p99_us = 975
p999_us = 8959
p9999_us = 303103
max_us = 2353194
error_sample = -BUSY durable log staging is full, retry
inf-bench: 459437 error replies under load (459437 BUSY-retryable; first sample: -BUSY durable log staging is full, retry)
ops = 100983066
errors = 552124
busy_retryable = 552124
elapsed_s = 300.000
ops_per_sec = 336610
p50_us = 191
p99_us = 911
p999_us = 8959
p9999_us = 360447
max_us = 1801758
error_sample = -BUSY durable log staging is full, retry
inf-bench: 552124 error replies under load (552124 BUSY-retryable; first sample: -BUSY durable log staging is full, retry)
ops = 94380569
errors = 650496
busy_retryable = 650496
elapsed_s = 300.000
ops_per_sec = 314601
p50_us = 187
p99_us = 959
p999_us = 9471
p9999_us = 385023
max_us = 3163643
error_sample = -BUSY durable log staging is full, retry
inf-bench: 650496 error replies under load (650496 BUSY-retryable; first sample: -BUSY durable log staging is full, retry)
ops = 103655152
errors = 636511
busy_retryable = 636511
elapsed_s = 300.030
ops_per_sec = 345482
p50_us = 183
p99_us = 895
p999_us = 8447
p9999_us = 376831
max_us = 2016363
error_sample = -BUSY durable log staging is full, retry
inf-bench: 636511 error replies under load (636511 BUSY-retryable; first sample: -BUSY durable log staging is full, retry)
ops = 104134917
errors = 722640
busy_retryable = 722640
elapsed_s = 300.001
ops_per_sec = 347116
p50_us = 183
p99_us = 895
p999_us = 8959
p9999_us = 344063
max_us = 1952797
error_sample = -BUSY durable log staging is full, retry
inf-bench: 722640 error replies under load (722640 BUSY-retryable; first sample: -BUSY durable log staging is full, retry)
ops = 106525531
errors = 745288
busy_retryable = 745288
elapsed_s = 300.291
ops_per_sec = 354741
p50_us = 191
p99_us = 1007
p999_us = 8959
p9999_us = 270335
max_us = 4627542
error_sample = -BUSY durable log staging is full, retry
inf-bench: 745288 error replies under load (745288 BUSY-retryable; first sample: -BUSY durable log staging is full, retry)
ops = 105797835
errors = 799774
busy_retryable = 799774
elapsed_s = 300.185
ops_per_sec = 352442
p50_us = 183
p99_us = 927
p999_us = 8959
p9999_us = 335871
max_us = 1946521
error_sample = -BUSY durable log staging is full, retry
inf-bench: 799774 error replies under load (799774 BUSY-retryable; first sample: -BUSY durable log staging is full, retry)
ops = 99267012
errors = 653734
busy_retryable = 653734
elapsed_s = 300.000
ops_per_sec = 330890
p50_us = 183
p99_us = 911
p999_us = 9215
p9999_us = 368639
max_us = 2454658
error_sample = -BUSY durable log staging is full, retry
inf-bench: 653734 error replies under load (653734 BUSY-retryable; first sample: -BUSY durable log staging is full, retry)
ops = 102860459
errors = 488210
busy_retryable = 488210
elapsed_s = 300.000
ops_per_sec = 342868
p50_us = 187
p99_us = 1087
p999_us = 9983
p9999_us = 253951
max_us = 5813124
error_sample = -BUSY durable log staging is full, retry
inf-bench: 488210 error replies under load (488210 BUSY-retryable; first sample: -BUSY durable log staging is full, retry)
ops = 101007118
errors = 430411
busy_retryable = 430411
elapsed_s = 301.611
ops_per_sec = 334892
p50_us = 191
p99_us = 991
p999_us = 9727
p9999_us = 270335
max_us = 5298876
error_sample = -BUSY durable log staging is full, retry
inf-bench: 430411 error replies under load (430411 BUSY-retryable; first sample: -BUSY durable log staging is full, retry)
ops = 97542190
errors = 418344
busy_retryable = 418344
elapsed_s = 300.000
ops_per_sec = 325140
p50_us = 195
p99_us = 1055
p999_us = 9727
p9999_us = 319487
max_us = 7003152
error_sample = -BUSY durable log staging is full, retry
inf-bench: 418344 error replies under load (418344 BUSY-retryable; first sample: -BUSY durable log staging is full, retry)
ops = 95645935
errors = 342238
busy_retryable = 342238
elapsed_s = 300.000
ops_per_sec = 318819
p50_us = 211
p99_us = 1183
p999_us = 10239
p9999_us = 286719
max_us = 7545318
error_sample = -BUSY durable log staging is full, retry
inf-bench: 342238 error replies under load (342238 BUSY-retryable; first sample: -BUSY durable log staging is full, retry)
ops = 95026091
errors = 395284
busy_retryable = 395284
elapsed_s = 302.398
ops_per_sec = 314242
p50_us = 199
p99_us = 991
p999_us = 9727
p9999_us = 352255
max_us = 5045098
error_sample = -BUSY durable log staging is full, retry
inf-bench: 395284 error replies under load (395284 BUSY-retryable; first sample: -BUSY durable log staging is full, retry)
ops = 96896203
errors = 477817
busy_retryable = 477817
elapsed_s = 300.000
ops_per_sec = 322987
p50_us = 179
p99_us = 879
p999_us = 8703
p9999_us = 385023
max_us = 6504142
error_sample = -BUSY durable log staging is full, retry
inf-bench: 477817 error replies under load (477817 BUSY-retryable; first sample: -BUSY durable log staging is full, retry)
ops = 101130695
errors = 445001
busy_retryable = 445001
elapsed_s = 301.788
ops_per_sec = 335105
p50_us = 187
p99_us = 863
p999_us = 8447
p9999_us = 352255
max_us = 4789609
error_sample = -BUSY durable log staging is full, retry
inf-bench: 445001 error replies under load (445001 BUSY-retryable; first sample: -BUSY durable log staging is full, retry)
ops = 106820487
errors = 499768
busy_retryable = 499768
elapsed_s = 301.004
ops_per_sec = 354880
p50_us = 183
p99_us = 895
p999_us = 8959
p9999_us = 253951
max_us = 5158941
error_sample = -BUSY durable log staging is full, retry
inf-bench: 499768 error replies under load (499768 BUSY-retryable; first sample: -BUSY durable log staging is full, retry)
ops = 110828482
errors = 651007
busy_retryable = 651007
elapsed_s = 300.116
ops_per_sec = 369285
p50_us = 183
p99_us = 895
p999_us = 8063
p9999_us = 311295
max_us = 1859914
error_sample = -BUSY durable log staging is full, retry
inf-bench: 651007 error replies under load (651007 BUSY-retryable; first sample: -BUSY durable log staging is full, retry)
ops = 101886081
errors = 557524
busy_retryable = 557524
elapsed_s = 300.009
ops_per_sec = 339610
p50_us = 187
p99_us = 895
p999_us = 8447
p9999_us = 327679
max_us = 2779437
error_sample = -BUSY durable log staging is full, retry
inf-bench: 557524 error replies under load (557524 BUSY-retryable; first sample: -BUSY durable log staging is full, retry)
ops = 109727378
errors = 834403
busy_retryable = 834403
elapsed_s = 300.108
ops_per_sec = 365626
p50_us = 183
p99_us = 847
p999_us = 8191
p9999_us = 319487
max_us = 2231387
error_sample = -BUSY durable log staging is full, retry
inf-bench: 834403 error replies under load (834403 BUSY-retryable; first sample: -BUSY durable log staging is full, retry)
ops = 113342662
errors = 679635
busy_retryable = 679635
elapsed_s = 300.000
ops_per_sec = 377808
p50_us = 171
p99_us = 831
p999_us = 7935
p9999_us = 303103
max_us = 1791067
error_sample = -BUSY durable log staging is full, retry
inf-bench: 679635 error replies under load (679635 BUSY-retryable; first sample: -BUSY durable log staging is full, retry)
ops = 105892537
errors = 666229
busy_retryable = 666229
elapsed_s = 300.052
ops_per_sec = 352914
p50_us = 195
p99_us = 911
p999_us = 8447
p9999_us = 319487
max_us = 2103593
error_sample = -BUSY durable log staging is full, retry
inf-bench: 666229 error replies under load (666229 BUSY-retryable; first sample: -BUSY durable log staging is full, retry)
ops = 98367738
errors = 492360
busy_retryable = 492360
elapsed_s = 300.000
ops_per_sec = 327892
p50_us = 199
p99_us = 1023
p999_us = 9471
p9999_us = 319487
max_us = 6622552
error_sample = -BUSY durable log staging is full, retry
inf-bench: 492360 error replies under load (492360 BUSY-retryable; first sample: -BUSY durable log staging is full, retry)
ops = 94907845
errors = 416597
busy_retryable = 416597
elapsed_s = 300.000
ops_per_sec = 316359
p50_us = 187
p99_us = 975
p999_us = 9727
p9999_us = 376831
max_us = 5743536
error_sample = -BUSY durable log staging is full, retry
inf-bench: 416597 error replies under load (416597 BUSY-retryable; first sample: -BUSY durable log staging is full, retry)
ops = 98940062
errors = 436765
busy_retryable = 436765
elapsed_s = 301.150
ops_per_sec = 328541
p50_us = 183
p99_us = 991
p999_us = 9215
p9999_us = 319487
max_us = 6005914
error_sample = -BUSY durable log staging is full, retry
inf-bench: 436765 error replies under load (436765 BUSY-retryable; first sample: -BUSY durable log staging is full, retry)
ops = 99406221
errors = 406806
busy_retryable = 406806
elapsed_s = 300.000
ops_per_sec = 331354
p50_us = 191
p99_us = 927
p999_us = 8959
p9999_us = 352255
max_us = 6046187
error_sample = -BUSY durable log staging is full, retry
inf-bench: 406806 error replies under load (406806 BUSY-retryable; first sample: -BUSY durable log staging is full, retry)
ops = 103313324
errors = 488741
busy_retryable = 488741
elapsed_s = 300.054
ops_per_sec = 344315
p50_us = 187
p99_us = 975
p999_us = 9471
p9999_us = 237567
max_us = 5476957
error_sample = -BUSY durable log staging is full, retry
inf-bench: 488741 error replies under load (488741 BUSY-retryable; first sample: -BUSY durable log staging is full, retry)
ops = 91031757
errors = 381658
busy_retryable = 381658
elapsed_s = 302.385
ops_per_sec = 301046
p50_us = 187
p99_us = 959
p999_us = 9471
p9999_us = 450559
max_us = 4175048
error_sample = -BUSY durable log staging is full, retry
inf-bench: 381658 error replies under load (381658 BUSY-retryable; first sample: -BUSY durable log staging is full, retry)
ops = 94512285
errors = 371891
busy_retryable = 371891
elapsed_s = 300.004
ops_per_sec = 315037
p50_us = 203
p99_us = 1023
p999_us = 9471
p9999_us = 376831
max_us = 4229666
error_sample = -BUSY durable log staging is full, retry
inf-bench: 371891 error replies under load (371891 BUSY-retryable; first sample: -BUSY durable log staging is full, retry)
ops = 100663818
errors = 489643
busy_retryable = 489643
elapsed_s = 300.267
ops_per_sec = 335247
p50_us = 199
p99_us = 1023
p999_us = 9471
p9999_us = 278527
max_us = 5323371
error_sample = -BUSY durable log staging is full, retry
inf-bench: 489643 error replies under load (489643 BUSY-retryable; first sample: -BUSY durable log staging is full, retry)
ops = 109471244
errors = 611260
busy_retryable = 611260
elapsed_s = 300.000
ops_per_sec = 364904
p50_us = 191
p99_us = 847
p999_us = 8063
p9999_us = 319487
max_us = 4175044
error_sample = -BUSY durable log staging is full, retry
inf-bench: 611260 error replies under load (611260 BUSY-retryable; first sample: -BUSY durable log staging is full, retry)
ops = 107281018
errors = 506341
busy_retryable = 506341
elapsed_s = 300.001
ops_per_sec = 357602
p50_us = 179
p99_us = 831
p999_us = 7807
p9999_us = 352255
max_us = 3486056
error_sample = -BUSY durable log staging is full, retry
inf-bench: 506341 error replies under load (506341 BUSY-retryable; first sample: -BUSY durable log staging is full, retry)
ops = 109502119
errors = 662821
busy_retryable = 662821
elapsed_s = 300.065
ops_per_sec = 364928
p50_us = 179
p99_us = 863
p999_us = 8703
p9999_us = 303103
max_us = 2517562
error_sample = -BUSY durable log staging is full, retry
inf-bench: 662821 error replies under load (662821 BUSY-retryable; first sample: -BUSY durable log staging is full, retry)
ops = 104302190
errors = 579067
busy_retryable = 579067
elapsed_s = 300.000
ops_per_sec = 347674
p50_us = 195
p99_us = 911
p999_us = 8703
p9999_us = 319487
max_us = 2473437
error_sample = -BUSY durable log staging is full, retry
inf-bench: 579067 error replies under load (579067 BUSY-retryable; first sample: -BUSY durable log staging is full, retry)
ops = 101745089
errors = 594768
busy_retryable = 594768
elapsed_s = 300.001
ops_per_sec = 339149
p50_us = 199
p99_us = 911
p999_us = 8191
p9999_us = 344063
max_us = 1736681
error_sample = -BUSY durable log staging is full, retry
inf-bench: 594768 error replies under load (594768 BUSY-retryable; first sample: -BUSY durable log staging is full, retry)
ops = 103213438
errors = 522767
busy_retryable = 522767
elapsed_s = 300.000
ops_per_sec = 344044
p50_us = 195
p99_us = 879
p999_us = 8447
p9999_us = 335871
max_us = 2144522
error_sample = -BUSY durable log staging is full, retry
inf-bench: 522767 error replies under load (522767 BUSY-retryable; first sample: -BUSY durable log staging is full, retry)
ops = 112632938
errors = 675496
busy_retryable = 675496
elapsed_s = 300.793
ops_per_sec = 374454
p50_us = 175
p99_us = 863
p999_us = 8191
p9999_us = 319487
max_us = 2360808
error_sample = -BUSY durable log staging is full, retry
inf-bench: 675496 error replies under load (675496 BUSY-retryable; first sample: -BUSY durable log staging is full, retry)
ops = 111399778
errors = 697556
busy_retryable = 697556
elapsed_s = 300.000
ops_per_sec = 371332
p50_us = 179
p99_us = 895
p999_us = 8447
p9999_us = 286719
max_us = 2467182
error_sample = -BUSY durable log staging is full, retry
inf-bench: 697556 error replies under load (697556 BUSY-retryable; first sample: -BUSY durable log staging is full, retry)
ops = 104127433
errors = 648202
busy_retryable = 648202
elapsed_s = 300.000
ops_per_sec = 347091
p50_us = 183
p99_us = 879
p999_us = 8703
p9999_us = 344063
max_us = 1902651
error_sample = -BUSY durable log staging is full, retry
inf-bench: 648202 error replies under load (648202 BUSY-retryable; first sample: -BUSY durable log staging is full, retry)
ops = 96903583
errors = 469619
busy_retryable = 469619
elapsed_s = 300.000
ops_per_sec = 323012
p50_us = 187
p99_us = 943
p999_us = 8959
p9999_us = 376831
max_us = 6930341
error_sample = -BUSY durable log staging is full, retry
inf-bench: 469619 error replies under load (469619 BUSY-retryable; first sample: -BUSY durable log staging is full, retry)
ops = 108636560
errors = 453774
busy_retryable = 453774
elapsed_s = 301.422
ops_per_sec = 360413
p50_us = 195
p99_us = 943
p999_us = 9215
p9999_us = 221183
max_us = 6586017
error_sample = -BUSY durable log staging is full, retry
inf-bench: 453774 error replies under load (453774 BUSY-retryable; first sample: -BUSY durable log staging is full, retry)
ops = 104988828
errors = 460144
busy_retryable = 460144
elapsed_s = 300.000
ops_per_sec = 349962
p50_us = 183
p99_us = 959
p999_us = 9727
p9999_us = 241663
max_us = 7073236
error_sample = -BUSY durable log staging is full, retry
inf-bench: 460144 error replies under load (460144 BUSY-retryable; first sample: -BUSY durable log staging is full, retry)
ops = 99265039
errors = 500058
busy_retryable = 500058
elapsed_s = 300.597
ops_per_sec = 330227
p50_us = 175
p99_us = 943
p999_us = 9471
p9999_us = 376831
max_us = 4397515
error_sample = -BUSY durable log staging is full, retry
inf-bench: 500058 error replies under load (500058 BUSY-retryable; first sample: -BUSY durable log staging is full, retry)
ops = 91461306
errors = 364669
busy_retryable = 364669
elapsed_s = 300.000
ops_per_sec = 304871
p50_us = 191
p99_us = 991
p999_us = 9983
p9999_us = 417791
max_us = 5678546
error_sample = -BUSY durable log staging is full, retry
inf-bench: 364669 error replies under load (364669 BUSY-retryable; first sample: -BUSY durable log staging is full, retry)
ops = 98935119
errors = 478250
busy_retryable = 478250
elapsed_s = 300.001
ops_per_sec = 329783
p50_us = 187
p99_us = 959
p999_us = 9215
p9999_us = 344063
max_us = 5909811
error_sample = -BUSY durable log staging is full, retry
inf-bench: 478250 error replies under load (478250 BUSY-retryable; first sample: -BUSY durable log staging is full, retry)
ops = 98648370
errors = 484870
busy_retryable = 484870
elapsed_s = 303.679
ops_per_sec = 324845
p50_us = 195
p99_us = 959
p999_us = 9215
p9999_us = 303103
max_us = 6047029
error_sample = -BUSY durable log staging is full, retry
inf-bench: 484870 error replies under load (484870 BUSY-retryable; first sample: -BUSY durable log staging is full, retry)
ops = 95965422
errors = 379965
busy_retryable = 379965
elapsed_s = 300.192
ops_per_sec = 319681
p50_us = 203
p99_us = 1023
p999_us = 9471
p9999_us = 368639
max_us = 4445364
error_sample = -BUSY durable log staging is full, retry
inf-bench: 379965 error replies under load (379965 BUSY-retryable; first sample: -BUSY durable log staging is full, retry)
ops = 108291726
errors = 660805
busy_retryable = 660805
elapsed_s = 300.000
ops_per_sec = 360972
p50_us = 179
p99_us = 943
p999_us = 8959
p9999_us = 262143
max_us = 3183347
error_sample = -BUSY durable log staging is full, retry
inf-bench: 660805 error replies under load (660805 BUSY-retryable; first sample: -BUSY durable log staging is full, retry)
ops = 102597511
errors = 667647
busy_retryable = 667647
elapsed_s = 300.595
ops_per_sec = 341314
p50_us = 199
p99_us = 911
p999_us = 9215
p9999_us = 327679
max_us = 2097581
error_sample = -BUSY durable log staging is full, retry
inf-bench: 667647 error replies under load (667647 BUSY-retryable; first sample: -BUSY durable log staging is full, retry)
ops = 105828409
errors = 686907
busy_retryable = 686907
elapsed_s = 300.462
ops_per_sec = 352219
p50_us = 187
p99_us = 911
p999_us = 8703
p9999_us = 368639
max_us = 2032334
error_sample = -BUSY durable log staging is full, retry
inf-bench: 686907 error replies under load (686907 BUSY-retryable; first sample: -BUSY durable log staging is full, retry)
ops = 107134051
errors = 608183
busy_retryable = 608183
elapsed_s = 300.000
ops_per_sec = 357113
p50_us = 187
p99_us = 863
p999_us = 8063
p9999_us = 360447
max_us = 1671418
error_sample = -BUSY durable log staging is full, retry
inf-bench: 608183 error replies under load (608183 BUSY-retryable; first sample: -BUSY durable log staging is full, retry)
ops = 103382621
errors = 654775
busy_retryable = 654775
elapsed_s = 300.005
ops_per_sec = 344603
p50_us = 183
p99_us = 895
p999_us = 8703
p9999_us = 368639
max_us = 2623369
error_sample = -BUSY durable log staging is full, retry
inf-bench: 654775 error replies under load (654775 BUSY-retryable; first sample: -BUSY durable log staging is full, retry)
ops = 110758483
errors = 733682
busy_retryable = 733682
elapsed_s = 300.009
ops_per_sec = 369184
p50_us = 179
p99_us = 911
p999_us = 8959
p9999_us = 294911
max_us = 2340889
error_sample = -BUSY durable log staging is full, retry
inf-bench: 733682 error replies under load (733682 BUSY-retryable; first sample: -BUSY durable log staging is full, retry)
ops = 107211865
errors = 618898
busy_retryable = 618898
elapsed_s = 301.126
ops_per_sec = 356036
p50_us = 183
p99_us = 879
p999_us = 8447
p9999_us = 311295
max_us = 2298039
error_sample = -BUSY durable log staging is full, retry
inf-bench: 618898 error replies under load (618898 BUSY-retryable; first sample: -BUSY durable log staging is full, retry)
ops = 106180165
errors = 574650
busy_retryable = 574650
elapsed_s = 300.112
ops_per_sec = 353802
p50_us = 175
p99_us = 815
p999_us = 8063
p9999_us = 360447
max_us = 1935596
error_sample = -BUSY durable log staging is full, retry
inf-bench: 574650 error replies under load (574650 BUSY-retryable; first sample: -BUSY durable log staging is full, retry)
ops = 112125978
errors = 657145
busy_retryable = 657145
elapsed_s = 300.000
ops_per_sec = 373753
p50_us = 175
p99_us = 847
p999_us = 7935
p9999_us = 327679
max_us = 2313897
error_sample = -BUSY durable log staging is full, retry
inf-bench: 657145 error replies under load (657145 BUSY-retryable; first sample: -BUSY durable log staging is full, retry)
ops = 101070511
errors = 535869
busy_retryable = 535869
elapsed_s = 300.090
ops_per_sec = 336801
p50_us = 207
p99_us = 943
p999_us = 8063
p9999_us = 319487
max_us = 1917010
error_sample = -BUSY durable log staging is full, retry
inf-bench: 535869 error replies under load (535869 BUSY-retryable; first sample: -BUSY durable log staging is full, retry)
ops = 105370473
errors = 576528
busy_retryable = 576528
elapsed_s = 302.026
ops_per_sec = 348879
p50_us = 183
p99_us = 863
p999_us = 8959
p9999_us = 344063
max_us = 2216659
error_sample = -BUSY durable log staging is full, retry
inf-bench: 576528 error replies under load (576528 BUSY-retryable; first sample: -BUSY durable log staging is full, retry)
ops = 102390766
errors = 767752
busy_retryable = 767752
elapsed_s = 300.224
ops_per_sec = 341048
p50_us = 179
p99_us = 863
p999_us = 8959
p9999_us = 352255
max_us = 2171344
error_sample = -BUSY durable log staging is full, retry
inf-bench: 767752 error replies under load (767752 BUSY-retryable; first sample: -BUSY durable log staging is full, retry)
ops = 100484167
errors = 647206
busy_retryable = 647206
elapsed_s = 300.000
ops_per_sec = 334947
p50_us = 183
p99_us = 831
p999_us = 8191
p9999_us = 376831
max_us = 2412627
error_sample = -BUSY durable log staging is full, retry
inf-bench: 647206 error replies under load (647206 BUSY-retryable; first sample: -BUSY durable log staging is full, retry)
ops = 107732878
errors = 631875
busy_retryable = 631875
elapsed_s = 300.123
ops_per_sec = 358963
p50_us = 179
p99_us = 831
p999_us = 7679
p9999_us = 352255
max_us = 2084619
error_sample = -BUSY durable log staging is full, retry
inf-bench: 631875 error replies under load (631875 BUSY-retryable; first sample: -BUSY durable log staging is full, retry)
ops = 105011350
errors = 542434
busy_retryable = 542434
elapsed_s = 300.002
ops_per_sec = 350035
p50_us = 191
p99_us = 879
p999_us = 8959
p9999_us = 352255
max_us = 1741213
error_sample = -BUSY durable log staging is full, retry
inf-bench: 542434 error replies under load (542434 BUSY-retryable; first sample: -BUSY durable log staging is full, retry)
ops = 102698460
errors = 630698
busy_retryable = 630698
elapsed_s = 300.035
ops_per_sec = 342289
p50_us = 203
p99_us = 959
p999_us = 9215
p9999_us = 294911
max_us = 1817640
error_sample = -BUSY durable log staging is full, retry
inf-bench: 630698 error replies under load (630698 BUSY-retryable; first sample: -BUSY durable log staging is full, retry)
ops = 102013078
errors = 586283
busy_retryable = 586283
elapsed_s = 300.200
ops_per_sec = 339817
p50_us = 195
p99_us = 895
p999_us = 8703
p9999_us = 376831
max_us = 4376653
error_sample = -BUSY durable log staging is full, retry
inf-bench: 586283 error replies under load (586283 BUSY-retryable; first sample: -BUSY durable log staging is full, retry)
ops = 105487716
errors = 639796
busy_retryable = 639796
elapsed_s = 300.244
ops_per_sec = 351339
p50_us = 183
p99_us = 879
p999_us = 8703
p9999_us = 335871
max_us = 1845717
error_sample = -BUSY durable log staging is full, retry
inf-bench: 639796 error replies under load (639796 BUSY-retryable; first sample: -BUSY durable log staging is full, retry)
ops = 105887362
errors = 708873
busy_retryable = 708873
elapsed_s = 300.000
ops_per_sec = 352957
p50_us = 187
p99_us = 863
p999_us = 8447
p9999_us = 352255
max_us = 2119155
error_sample = -BUSY durable log staging is full, retry
inf-bench: 708873 error replies under load (708873 BUSY-retryable; first sample: -BUSY durable log staging is full, retry)
ops = 111536322
errors = 616299
busy_retryable = 616299
elapsed_s = 300.268
ops_per_sec = 371456
p50_us = 175
p99_us = 879
p999_us = 8191
p9999_us = 303103
max_us = 3486846
error_sample = -BUSY durable log staging is full, retry
inf-bench: 616299 error replies under load (616299 BUSY-retryable; first sample: -BUSY durable log staging is full, retry)
ops = 103724476
errors = 617271
busy_retryable = 617271
elapsed_s = 300.001
ops_per_sec = 345747
p50_us = 183
p99_us = 895
p999_us = 8191
p9999_us = 344063
max_us = 2094960
error_sample = -BUSY durable log staging is full, retry
inf-bench: 617271 error replies under load (617271 BUSY-retryable; first sample: -BUSY durable log staging is full, retry)
ops = 97943596
errors = 529611
busy_retryable = 529611
elapsed_s = 300.000
ops_per_sec = 326478
p50_us = 195
p99_us = 959
p999_us = 9215
p9999_us = 368639
max_us = 1957333
error_sample = -BUSY durable log staging is full, retry
inf-bench: 529611 error replies under load (529611 BUSY-retryable; first sample: -BUSY durable log staging is full, retry)
ops = 94701202
errors = 463393
busy_retryable = 463393
elapsed_s = 300.000
ops_per_sec = 315670
p50_us = 203
p99_us = 975
p999_us = 8959
p9999_us = 385023
max_us = 6010710
error_sample = -BUSY durable log staging is full, retry
inf-bench: 463393 error replies under load (463393 BUSY-retryable; first sample: -BUSY durable log staging is full, retry)
ops = 102396521
errors = 475278
busy_retryable = 475278
elapsed_s = 300.098
ops_per_sec = 341210
p50_us = 179
p99_us = 943
p999_us = 8959
p9999_us = 311295
max_us = 6817435
error_sample = -BUSY durable log staging is full, retry
inf-bench: 475278 error replies under load (475278 BUSY-retryable; first sample: -BUSY durable log staging is full, retry)
ops = 93815552
errors = 428927
busy_retryable = 428927
elapsed_s = 300.444
ops_per_sec = 312257
p50_us = 207
p99_us = 1055
p999_us = 9727
p9999_us = 335871
max_us = 4766785
error_sample = -BUSY durable log staging is full, retry
inf-bench: 428927 error replies under load (428927 BUSY-retryable; first sample: -BUSY durable log staging is full, retry)
ops = 100795349
errors = 498474
busy_retryable = 498474
elapsed_s = 300.001
ops_per_sec = 335984
p50_us = 199
p99_us = 1087
p999_us = 9983
p9999_us = 241663
max_us = 4352427
error_sample = -BUSY durable log staging is full, retry
inf-bench: 498474 error replies under load (498474 BUSY-retryable; first sample: -BUSY durable log staging is full, retry)
ops = 95050852
errors = 545633
busy_retryable = 545633
elapsed_s = 300.182
ops_per_sec = 316644
p50_us = 183
p99_us = 991
p999_us = 9983
p9999_us = 393215
max_us = 4649761
error_sample = -BUSY durable log staging is full, retry
inf-bench: 545633 error replies under load (545633 BUSY-retryable; first sample: -BUSY durable log staging is full, retry)
ops = 101395040
errors = 462949
busy_retryable = 462949
elapsed_s = 300.000
ops_per_sec = 337983
p50_us = 179
p99_us = 991
p999_us = 9727
p9999_us = 294911
max_us = 5644482
error_sample = -BUSY durable log staging is full, retry
inf-bench: 462949 error replies under load (462949 BUSY-retryable; first sample: -BUSY durable log staging is full, retry)
ops = 109654371
errors = 506953
busy_retryable = 506953
elapsed_s = 300.005
ops_per_sec = 365508
p50_us = 191
p99_us = 975
p999_us = 9727
p9999_us = 204799
max_us = 3781352
error_sample = -BUSY durable log staging is full, retry
inf-bench: 506953 error replies under load (506953 BUSY-retryable; first sample: -BUSY durable log staging is full, retry)
ops = 98786846
errors = 506891
busy_retryable = 506891
elapsed_s = 300.428
ops_per_sec = 328820
p50_us = 179
p99_us = 895
p999_us = 8959
p9999_us = 417791
max_us = 3599270
error_sample = -BUSY durable log staging is full, retry
inf-bench: 506891 error replies under load (506891 BUSY-retryable; first sample: -BUSY durable log staging is full, retry)
ops = 104791374
errors = 607832
busy_retryable = 607832
elapsed_s = 300.070
ops_per_sec = 349223
p50_us = 187
p99_us = 911
p999_us = 8703
p9999_us = 327679
max_us = 1944993
error_sample = -BUSY durable log staging is full, retry
inf-bench: 607832 error replies under load (607832 BUSY-retryable; first sample: -BUSY durable log staging is full, retry)
ops = 102945392
errors = 511016
busy_retryable = 511016
elapsed_s = 300.000
ops_per_sec = 343151
p50_us = 187
p99_us = 975
p999_us = 8959
p9999_us = 327679
max_us = 2880963
error_sample = -BUSY durable log staging is full, retry
inf-bench: 511016 error replies under load (511016 BUSY-retryable; first sample: -BUSY durable log staging is full, retry)
ops = 106477366
errors = 571297
busy_retryable = 571297
elapsed_s = 300.000
ops_per_sec = 354924
p50_us = 199
p99_us = 991
p999_us = 8703
p9999_us = 278527
max_us = 5552781
error_sample = -BUSY durable log staging is full, retry
inf-bench: 571297 error replies under load (571297 BUSY-retryable; first sample: -BUSY durable log staging is full, retry)
ops = 113245764
errors = 709407
busy_retryable = 709407
elapsed_s = 300.000
ops_per_sec = 377485
p50_us = 191
p99_us = 927
p999_us = 8703
p9999_us = 258047
max_us = 1762002
error_sample = -BUSY durable log staging is full, retry
inf-bench: 709407 error replies under load (709407 BUSY-retryable; first sample: -BUSY durable log staging is full, retry)
ops = 106674968
errors = 763141
busy_retryable = 763141
elapsed_s = 300.000
ops_per_sec = 355583
p50_us = 179
p99_us = 927
p999_us = 8703
p9999_us = 344063
max_us = 2416858
error_sample = -BUSY durable log staging is full, retry
inf-bench: 763141 error replies under load (763141 BUSY-retryable; first sample: -BUSY durable log staging is full, retry)
ops = 102530126
errors = 807779
busy_retryable = 807779
elapsed_s = 300.002
ops_per_sec = 341765
p50_us = 171
p99_us = 911
p999_us = 9215
p9999_us = 360447
max_us = 2398011
error_sample = -BUSY durable log staging is full, retry
inf-bench: 807779 error replies under load (807779 BUSY-retryable; first sample: -BUSY durable log staging is full, retry)
ops = 102437061
errors = 732205
busy_retryable = 732205
elapsed_s = 300.125
ops_per_sec = 341315
p50_us = 211
p99_us = 1055
p999_us = 9471
p9999_us = 262143
max_us = 1955332
error_sample = -BUSY durable log staging is full, retry
inf-bench: 732205 error replies under load (732205 BUSY-retryable; first sample: -BUSY durable log staging is full, retry)
ops = 112704625
errors = 716619
busy_retryable = 716619
elapsed_s = 300.036
ops_per_sec = 375637
p50_us = 187
p99_us = 943
p999_us = 8703
p9999_us = 249855
max_us = 2129097
error_sample = -BUSY durable log staging is full, retry
inf-bench: 716619 error replies under load (716619 BUSY-retryable; first sample: -BUSY durable log staging is full, retry)
ops = 99860354
errors = 693798
busy_retryable = 693798
elapsed_s = 300.291
ops_per_sec = 332546
p50_us = 183
p99_us = 879
p999_us = 8959
p9999_us = 385023
max_us = 2002067
error_sample = -BUSY durable log staging is full, retry
inf-bench: 693798 error replies under load (693798 BUSY-retryable; first sample: -BUSY durable log staging is full, retry)
ops = 106713679
errors = 574769
busy_retryable = 574769
elapsed_s = 300.000
ops_per_sec = 355712
p50_us = 187
p99_us = 927
p999_us = 8959
p9999_us = 319487
max_us = 5310629
error_sample = -BUSY durable log staging is full, retry
inf-bench: 574769 error replies under load (574769 BUSY-retryable; first sample: -BUSY durable log staging is full, retry)
ops = 109557530
errors = 593784
busy_retryable = 593784
elapsed_s = 300.010
ops_per_sec = 365179
p50_us = 187
p99_us = 959
p999_us = 8959
p9999_us = 278527
max_us = 1961092
error_sample = -BUSY durable log staging is full, retry
inf-bench: 593784 error replies under load (593784 BUSY-retryable; first sample: -BUSY durable log staging is full, retry)
ops = 94811296
errors = 422924
busy_retryable = 422924
elapsed_s = 300.000
ops_per_sec = 316037
p50_us = 195
p99_us = 1055
p999_us = 9471
p9999_us = 352255
max_us = 5780213
error_sample = -BUSY durable log staging is full, retry
inf-bench: 422924 error replies under load (422924 BUSY-retryable; first sample: -BUSY durable log staging is full, retry)
ops = 89204166
errors = 470804
busy_retryable = 470804
elapsed_s = 300.434
ops_per_sec = 296918
p50_us = 203
p99_us = 1087
p999_us = 9215
p9999_us = 425983
max_us = 4704608
error_sample = -BUSY durable log staging is full, retry
inf-bench: 470804 error replies under load (470804 BUSY-retryable; first sample: -BUSY durable log staging is full, retry)
ops = 102056762
errors = 539185
busy_retryable = 539185
elapsed_s = 301.544
ops_per_sec = 338447
p50_us = 187
p99_us = 975
p999_us = 9215
p9999_us = 319487
max_us = 6910673
error_sample = -BUSY durable log staging is full, retry
inf-bench: 539185 error replies under load (539185 BUSY-retryable; first sample: -BUSY durable log staging is full, retry)
ops = 99717007
errors = 502323
busy_retryable = 502323
elapsed_s = 300.060
ops_per_sec = 332324
p50_us = 183
p99_us = 1023
p999_us = 9471
p9999_us = 319487
max_us = 7648706
error_sample = -BUSY durable log staging is full, retry
inf-bench: 502323 error replies under load (502323 BUSY-retryable; first sample: -BUSY durable log staging is full, retry)
ops = 92549595
errors = 391118
busy_retryable = 391118
elapsed_s = 300.078
ops_per_sec = 308419
p50_us = 215
p99_us = 1215
p999_us = 10239
p9999_us = 303103
max_us = 6110880
error_sample = -BUSY durable log staging is full, retry
inf-bench: 391118 error replies under load (391118 BUSY-retryable; first sample: -BUSY durable log staging is full, retry)
ops = 93165999
errors = 423864
busy_retryable = 423864
elapsed_s = 300.073
ops_per_sec = 310478
p50_us = 183
p99_us = 1055
p999_us = 10239
p9999_us = 352255
max_us = 7362509
error_sample = -BUSY durable log staging is full, retry
inf-bench: 423864 error replies under load (423864 BUSY-retryable; first sample: -BUSY durable log staging is full, retry)
ops = 97363614
errors = 417976
busy_retryable = 417976
elapsed_s = 300.002
ops_per_sec = 324543
p50_us = 195
p99_us = 1023
p999_us = 9727
p9999_us = 360447
max_us = 3325645
error_sample = -BUSY durable log staging is full, retry
inf-bench: 417976 error replies under load (417976 BUSY-retryable; first sample: -BUSY durable log staging is full, retry)
ops = 103681741
errors = 548722
busy_retryable = 548722
elapsed_s = 300.001
ops_per_sec = 345605
p50_us = 191
p99_us = 1055
p999_us = 8703
p9999_us = 286719
max_us = 5567239
error_sample = -BUSY durable log staging is full, retry
inf-bench: 548722 error replies under load (548722 BUSY-retryable; first sample: -BUSY durable log staging is full, retry)
ops = 103817887
errors = 541633
busy_retryable = 541633
elapsed_s = 300.046
ops_per_sec = 346007
p50_us = 183
p99_us = 943
p999_us = 9215
p9999_us = 327679
max_us = 6272412
error_sample = -BUSY durable log staging is full, retry
inf-bench: 541633 error replies under load (541633 BUSY-retryable; first sample: -BUSY durable log staging is full, retry)
ops = 99192311
errors = 706597
busy_retryable = 706597
elapsed_s = 300.000
ops_per_sec = 330640
p50_us = 191
p99_us = 1007
p999_us = 9215
p9999_us = 335871
max_us = 4165191
error_sample = -BUSY durable log staging is full, retry
inf-bench: 706597 error replies under load (706597 BUSY-retryable; first sample: -BUSY durable log staging is full, retry)
ops = 102459661
errors = 731801
busy_retryable = 731801
elapsed_s = 300.000
ops_per_sec = 341532
p50_us = 183
p99_us = 927
p999_us = 8959
p9999_us = 368639
max_us = 3102989
error_sample = -BUSY durable log staging is full, retry
inf-bench: 731801 error replies under load (731801 BUSY-retryable; first sample: -BUSY durable log staging is full, retry)
ops = 103398692
errors = 683650
busy_retryable = 683650
elapsed_s = 300.000
ops_per_sec = 344662
p50_us = 179
p99_us = 879
p999_us = 8959
p9999_us = 335871
max_us = 4163504
error_sample = -BUSY durable log staging is full, retry
inf-bench: 683650 error replies under load (683650 BUSY-retryable; first sample: -BUSY durable log staging is full, retry)
ops = 108525880
errors = 541423
busy_retryable = 541423
elapsed_s = 300.013
ops_per_sec = 361737
p50_us = 183
p99_us = 879
p999_us = 8703
p9999_us = 327679
max_us = 1859649
error_sample = -BUSY durable log staging is full, retry
inf-bench: 541423 error replies under load (541423 BUSY-retryable; first sample: -BUSY durable log staging is full, retry)
ops = 103618125
errors = 623549
busy_retryable = 623549
elapsed_s = 300.000
ops_per_sec = 345393
p50_us = 183
p99_us = 911
p999_us = 8703
p9999_us = 344063
max_us = 4753171
error_sample = -BUSY durable log staging is full, retry
inf-bench: 623549 error replies under load (623549 BUSY-retryable; first sample: -BUSY durable log staging is full, retry)
ops = 108808638
errors = 622613
busy_retryable = 622613
elapsed_s = 300.000
ops_per_sec = 362695
p50_us = 191
p99_us = 991
p999_us = 8703
p9999_us = 270335
max_us = 1979182
error_sample = -BUSY durable log staging is full, retry
inf-bench: 622613 error replies under load (622613 BUSY-retryable; first sample: -BUSY durable log staging is full, retry)
ops = 96932407
errors = 427938
busy_retryable = 427938
elapsed_s = 300.307
ops_per_sec = 322777
p50_us = 191
p99_us = 1087
p999_us = 9727
p9999_us = 319487
max_us = 5970557
error_sample = -BUSY durable log staging is full, retry
inf-bench: 427938 error replies under load (427938 BUSY-retryable; first sample: -BUSY durable log staging is full, retry)
ops = 96898951
errors = 342952
busy_retryable = 342952
elapsed_s = 301.515
ops_per_sec = 321374
p50_us = 199
p99_us = 1087
p999_us = 9215
p9999_us = 344063
max_us = 4885804
error_sample = -BUSY durable log staging is full, retry
inf-bench: 342952 error replies under load (342952 BUSY-retryable; first sample: -BUSY durable log staging is full, retry)
ops = 99651653
errors = 436422
busy_retryable = 436422
elapsed_s = 300.083
ops_per_sec = 332080
p50_us = 203
p99_us = 1055
p999_us = 9471
p9999_us = 335871
max_us = 4295246
error_sample = -BUSY durable log staging is full, retry
inf-bench: 436422 error replies under load (436422 BUSY-retryable; first sample: -BUSY durable log staging is full, retry)
ops = 93810219
errors = 436104
busy_retryable = 436104
elapsed_s = 300.087
ops_per_sec = 312610
p50_us = 187
p99_us = 1087
p999_us = 9471
p9999_us = 409599
max_us = 5111796
error_sample = -BUSY durable log staging is full, retry
inf-bench: 436104 error replies under load (436104 BUSY-retryable; first sample: -BUSY durable log staging is full, retry)
ops = 93590082
errors = 512723
busy_retryable = 512723
elapsed_s = 300.000
ops_per_sec = 311966
p50_us = 191
p99_us = 1183
p999_us = 9983
p9999_us = 385023
max_us = 4660444
error_sample = -BUSY durable log staging is full, retry
inf-bench: 512723 error replies under load (512723 BUSY-retryable; first sample: -BUSY durable log staging is full, retry)
ops = 97832537
errors = 470050
busy_retryable = 470050
elapsed_s = 300.118
ops_per_sec = 325980
p50_us = 199
p99_us = 1087
p999_us = 9983
p9999_us = 311295
max_us = 6183457
error_sample = -BUSY durable log staging is full, retry
inf-bench: 470050 error replies under load (470050 BUSY-retryable; first sample: -BUSY durable log staging is full, retry)
ops = 101294829
errors = 463637
busy_retryable = 463637
elapsed_s = 300.008
ops_per_sec = 337641
p50_us = 191
p99_us = 1055
p999_us = 9727
p9999_us = 303103
max_us = 7954373
error_sample = -BUSY durable log staging is full, retry
inf-bench: 463637 error replies under load (463637 BUSY-retryable; first sample: -BUSY durable log staging is full, retry)
ops = 95396343
errors = 432061
busy_retryable = 432061
elapsed_s = 300.001
ops_per_sec = 317987
p50_us = 199
p99_us = 1055
p999_us = 9215
p9999_us = 352255
max_us = 5469834
error_sample = -BUSY durable log staging is full, retry
inf-bench: 432061 error replies under load (432061 BUSY-retryable; first sample: -BUSY durable log staging is full, retry)
ops = 102327180
errors = 667752
busy_retryable = 667752
elapsed_s = 300.000
ops_per_sec = 341090
p50_us = 191
p99_us = 991
p999_us = 8959
p9999_us = 319487
max_us = 3507565
error_sample = -BUSY durable log staging is full, retry
inf-bench: 667752 error replies under load (667752 BUSY-retryable; first sample: -BUSY durable log staging is full, retry)
ops = 95526500
errors = 379939
busy_retryable = 379939
elapsed_s = 300.001
ops_per_sec = 318421
p50_us = 199
p99_us = 1087
p999_us = 9727
p9999_us = 344063
max_us = 3762005
error_sample = -BUSY durable log staging is full, retry
inf-bench: 379939 error replies under load (379939 BUSY-retryable; first sample: -BUSY durable log staging is full, retry)
ops = 89463177
errors = 492260
busy_retryable = 492260
elapsed_s = 300.001
ops_per_sec = 298210
p50_us = 187
p99_us = 1055
p999_us = 10239
p9999_us = 401407
max_us = 7547409
error_sample = -BUSY durable log staging is full, retry
inf-bench: 492260 error replies under load (492260 BUSY-retryable; first sample: -BUSY durable log staging is full, retry)
ops = 100241758
errors = 406120
busy_retryable = 406120
elapsed_s = 300.015
ops_per_sec = 334122
p50_us = 195
p99_us = 1055
p999_us = 9727
p9999_us = 311295
max_us = 8175724
error_sample = -BUSY durable log staging is full, retry
inf-bench: 406120 error replies under load (406120 BUSY-retryable; first sample: -BUSY durable log staging is full, retry)
ops = 102342193
errors = 367464
busy_retryable = 367464
elapsed_s = 300.001
ops_per_sec = 341140
p50_us = 199
p99_us = 1119
p999_us = 8959
p9999_us = 294911
max_us = 4645063
error_sample = -BUSY durable log staging is full, retry
inf-bench: 367464 error replies under load (367464 BUSY-retryable; first sample: -BUSY durable log staging is full, retry)
ops = 93345871
errors = 466956
busy_retryable = 466956
elapsed_s = 300.324
ops_per_sec = 310817
p50_us = 187
p99_us = 975
p999_us = 9471
p9999_us = 425983
max_us = 5998608
error_sample = -BUSY durable log staging is full, retry
inf-bench: 466956 error replies under load (466956 BUSY-retryable; first sample: -BUSY durable log staging is full, retry)
ops = 100778208
errors = 494164
busy_retryable = 494164
elapsed_s = 303.018
ops_per_sec = 332582
p50_us = 179
p99_us = 1023
p999_us = 9471
p9999_us = 335871
max_us = 4883538
error_sample = -BUSY durable log staging is full, retry
inf-bench: 494164 error replies under load (494164 BUSY-retryable; first sample: -BUSY durable log staging is full, retry)
ops = 92738737
errors = 343884
busy_retryable = 343884
elapsed_s = 300.408
ops_per_sec = 308709
p50_us = 207
p99_us = 1215
p999_us = 9983
p9999_us = 344063
max_us = 4511939
error_sample = -BUSY durable log staging is full, retry
inf-bench: 343884 error replies under load (343884 BUSY-retryable; first sample: -BUSY durable log staging is full, retry)
ops = 99723484
errors = 468522
busy_retryable = 468522
elapsed_s = 300.000
ops_per_sec = 332411
p50_us = 187
p99_us = 1023
p999_us = 9727
p9999_us = 294911
max_us = 5640563
error_sample = -BUSY durable log staging is full, retry
inf-bench: 468522 error replies under load (468522 BUSY-retryable; first sample: -BUSY durable log staging is full, retry)
ops = 106624620
errors = 608186
busy_retryable = 608186
elapsed_s = 300.047
ops_per_sec = 355359
p50_us = 183
p99_us = 911
p999_us = 8703
p9999_us = 344063
max_us = 2230760
error_sample = -BUSY durable log staging is full, retry
inf-bench: 608186 error replies under load (608186 BUSY-retryable; first sample: -BUSY durable log staging is full, retry)
ops = 103240369
errors = 567932
busy_retryable = 567932
elapsed_s = 300.001
ops_per_sec = 344133
p50_us = 183
p99_us = 927
p999_us = 8959
p9999_us = 352255
max_us = 4611015
error_sample = -BUSY durable log staging is full, retry
inf-bench: 567932 error replies under load (567932 BUSY-retryable; first sample: -BUSY durable log staging is full, retry)
ops = 99256308
errors = 684224
busy_retryable = 684224
elapsed_s = 300.246
ops_per_sec = 330584
p50_us = 183
p99_us = 959
p999_us = 8959
p9999_us = 393215
max_us = 4177608
error_sample = -BUSY durable log staging is full, retry
inf-bench: 684224 error replies under load (684224 BUSY-retryable; first sample: -BUSY durable log staging is full, retry)
ops = 98362391
errors = 656602
busy_retryable = 656602
elapsed_s = 300.000
ops_per_sec = 327874
p50_us = 183
p99_us = 959
p999_us = 9215
p9999_us = 368639
max_us = 2159248
error_sample = -BUSY durable log staging is full, retry
inf-bench: 656602 error replies under load (656602 BUSY-retryable; first sample: -BUSY durable log staging is full, retry)
ops = 99909665
errors = 686584
busy_retryable = 686584
elapsed_s = 300.038
ops_per_sec = 332990
p50_us = 199
p99_us = 991
p999_us = 9215
p9999_us = 368639
max_us = 1958497
error_sample = -BUSY durable log staging is full, retry
inf-bench: 686584 error replies under load (686584 BUSY-retryable; first sample: -BUSY durable log staging is full, retry)
ops = 106793550
errors = 610021
busy_retryable = 610021
elapsed_s = 300.000
ops_per_sec = 355978
p50_us = 203
p99_us = 943
p999_us = 9215
p9999_us = 319487
max_us = 1787345
error_sample = -BUSY durable log staging is full, retry
inf-bench: 610021 error replies under load (610021 BUSY-retryable; first sample: -BUSY durable log staging is full, retry)
ops = 104702411
errors = 681511
busy_retryable = 681511
elapsed_s = 300.000
ops_per_sec = 349007
p50_us = 195
p99_us = 975
p999_us = 9215
p9999_us = 319487
max_us = 1986282
error_sample = -BUSY durable log staging is full, retry
inf-bench: 681511 error replies under load (681511 BUSY-retryable; first sample: -BUSY durable log staging is full, retry)
ops = 110797099
errors = 642521
busy_retryable = 642521
elapsed_s = 300.000
ops_per_sec = 369323
p50_us = 183
p99_us = 1055
p999_us = 9215
p9999_us = 258047
max_us = 2034224
error_sample = -BUSY durable log staging is full, retry
inf-bench: 642521 error replies under load (642521 BUSY-retryable; first sample: -BUSY durable log staging is full, retry)
ops = 101578894
errors = 660332
busy_retryable = 660332
elapsed_s = 300.000
ops_per_sec = 338596
p50_us = 191
p99_us = 959
p999_us = 8959
p9999_us = 335871
max_us = 2010317
error_sample = -BUSY durable log staging is full, retry
inf-bench: 660332 error replies under load (660332 BUSY-retryable; first sample: -BUSY durable log staging is full, retry)
ops = 101980924
errors = 711755
busy_retryable = 711755
elapsed_s = 300.000
ops_per_sec = 339936
p50_us = 195
p99_us = 1023
p999_us = 9215
p9999_us = 344063
max_us = 1938132
error_sample = -BUSY durable log staging is full, retry
inf-bench: 711755 error replies under load (711755 BUSY-retryable; first sample: -BUSY durable log staging is full, retry)
ops = 100408412
errors = 604189
busy_retryable = 604189
elapsed_s = 300.000
ops_per_sec = 334694
p50_us = 191
p99_us = 943
p999_us = 8959
p9999_us = 352255
max_us = 2069045
error_sample = -BUSY durable log staging is full, retry
inf-bench: 604189 error replies under load (604189 BUSY-retryable; first sample: -BUSY durable log staging is full, retry)
ops = 96997922
errors = 543212
busy_retryable = 543212
elapsed_s = 300.000
ops_per_sec = 323326
p50_us = 203
p99_us = 1087
p999_us = 9727
p9999_us = 319487
max_us = 1966295
error_sample = -BUSY durable log staging is full, retry
inf-bench: 543212 error replies under load (543212 BUSY-retryable; first sample: -BUSY durable log staging is full, retry)
ops = 109734171
errors = 811849
busy_retryable = 811849
elapsed_s = 300.281
ops_per_sec = 365439
p50_us = 179
p99_us = 927
p999_us = 8959
p9999_us = 294911
max_us = 1892227
error_sample = -BUSY durable log staging is full, retry
inf-bench: 811849 error replies under load (811849 BUSY-retryable; first sample: -BUSY durable log staging is full, retry)
ops = 102789258
errors = 598516
busy_retryable = 598516
elapsed_s = 300.000
ops_per_sec = 342630
p50_us = 191
p99_us = 991
p999_us = 9471
p9999_us = 327679
max_us = 3141681
error_sample = -BUSY durable log staging is full, retry
inf-bench: 598516 error replies under load (598516 BUSY-retryable; first sample: -BUSY durable log staging is full, retry)
ops = 107802421
errors = 680026
busy_retryable = 680026
elapsed_s = 300.000
ops_per_sec = 359341
p50_us = 175
p99_us = 959
p999_us = 8959
p9999_us = 335871
max_us = 2074210
error_sample = -BUSY durable log staging is full, retry
inf-bench: 680026 error replies under load (680026 BUSY-retryable; first sample: -BUSY durable log staging is full, retry)
ops = 108694423
errors = 515692
busy_retryable = 515692
elapsed_s = 300.005
ops_per_sec = 362309
p50_us = 203
p99_us = 991
p999_us = 9215
p9999_us = 229375
max_us = 2088745
error_sample = -BUSY durable log staging is full, retry
inf-bench: 515692 error replies under load (515692 BUSY-retryable; first sample: -BUSY durable log staging is full, retry)
ops = 105113047
errors = 569209
busy_retryable = 569209
elapsed_s = 300.002
ops_per_sec = 350375
p50_us = 183
p99_us = 927
p999_us = 8447
p9999_us = 352255
max_us = 3791237
error_sample = -BUSY durable log staging is full, retry
inf-bench: 569209 error replies under load (569209 BUSY-retryable; first sample: -BUSY durable log staging is full, retry)
ops = 98455401
errors = 741557
busy_retryable = 741557
elapsed_s = 300.000
ops_per_sec = 328184
p50_us = 179
p99_us = 943
p999_us = 9215
p9999_us = 417791
max_us = 3707858
error_sample = -BUSY durable log staging is full, retry
inf-bench: 741557 error replies under load (741557 BUSY-retryable; first sample: -BUSY durable log staging is full, retry)
ops = 92290724
errors = 494738
busy_retryable = 494738
elapsed_s = 300.309
ops_per_sec = 307319
p50_us = 199
p99_us = 1151
p999_us = 9727
p9999_us = 376831
max_us = 5726677
error_sample = -BUSY durable log staging is full, retry
inf-bench: 494738 error replies under load (494738 BUSY-retryable; first sample: -BUSY durable log staging is full, retry)
ops = 92906015
errors = 397263
busy_retryable = 397263
elapsed_s = 300.001
ops_per_sec = 309685
p50_us = 195
p99_us = 1087
p999_us = 9727
p9999_us = 393215
max_us = 6552298
error_sample = -BUSY durable log staging is full, retry
inf-bench: 397263 error replies under load (397263 BUSY-retryable; first sample: -BUSY durable log staging is full, retry)
ops = 100032313
errors = 499500
busy_retryable = 499500
elapsed_s = 300.000
ops_per_sec = 333441
p50_us = 187
p99_us = 1007
p999_us = 9727
p9999_us = 303103
max_us = 6422730
error_sample = -BUSY durable log staging is full, retry
inf-bench: 499500 error replies under load (499500 BUSY-retryable; first sample: -BUSY durable log staging is full, retry)
ops = 104123445
errors = 437590
busy_retryable = 437590
elapsed_s = 300.000
ops_per_sec = 347078
p50_us = 191
p99_us = 1119
p999_us = 9727
p9999_us = 221183
max_us = 8361394
error_sample = -BUSY durable log staging is full, retry
inf-bench: 437590 error replies under load (437590 BUSY-retryable; first sample: -BUSY durable log staging is full, retry)
ops = 93570266
errors = 431201
busy_retryable = 431201
elapsed_s = 300.000
ops_per_sec = 311900
p50_us = 207
p99_us = 1215
p999_us = 9983
p9999_us = 393215
max_us = 6147375
error_sample = -BUSY durable log staging is full, retry
inf-bench: 431201 error replies under load (431201 BUSY-retryable; first sample: -BUSY durable log staging is full, retry)
ops = 95635283
errors = 391120
busy_retryable = 391120
elapsed_s = 300.089
ops_per_sec = 318689
p50_us = 187
p99_us = 1087
p999_us = 10239
p9999_us = 352255
max_us = 6211506
error_sample = -BUSY durable log staging is full, retry
inf-bench: 391120 error replies under load (391120 BUSY-retryable; first sample: -BUSY durable log staging is full, retry)
ops = 100246864
errors = 336051
busy_retryable = 336051
elapsed_s = 300.000
ops_per_sec = 334156
p50_us = 195
p99_us = 1119
p999_us = 9983
p9999_us = 262143
max_us = 5179167
error_sample = -BUSY durable log staging is full, retry
inf-bench: 336051 error replies under load (336051 BUSY-retryable; first sample: -BUSY durable log staging is full, retry)
ops = 95852833
errors = 381872
busy_retryable = 381872
elapsed_s = 300.000
ops_per_sec = 319509
p50_us = 207
p99_us = 1119
p999_us = 9471
p9999_us = 327679
max_us = 7084150
error_sample = -BUSY durable log staging is full, retry
inf-bench: 381872 error replies under load (381872 BUSY-retryable; first sample: -BUSY durable log staging is full, retry)
ops = 100363426
errors = 390521
busy_retryable = 390521
elapsed_s = 300.133
ops_per_sec = 334397
p50_us = 183
p99_us = 1055
p999_us = 9727
p9999_us = 352255
max_us = 4634850
error_sample = -BUSY durable log staging is full, retry
inf-bench: 390521 error replies under load (390521 BUSY-retryable; first sample: -BUSY durable log staging is full, retry)
ops = 96410901
errors = 510171
busy_retryable = 510171
elapsed_s = 300.000
ops_per_sec = 321369
p50_us = 183
p99_us = 1007
p999_us = 9727
p9999_us = 360447
max_us = 5653314
error_sample = -BUSY durable log staging is full, retry
inf-bench: 510171 error replies under load (510171 BUSY-retryable; first sample: -BUSY durable log staging is full, retry)
ops = 96045575
errors = 403932
busy_retryable = 403932
elapsed_s = 300.001
ops_per_sec = 320151
p50_us = 191
p99_us = 1151
p999_us = 10495
p9999_us = 360447
max_us = 8416351
error_sample = -BUSY durable log staging is full, retry
inf-bench: 403932 error replies under load (403932 BUSY-retryable; first sample: -BUSY durable log staging is full, retry)
ops = 99402239
errors = 454272
busy_retryable = 454272
elapsed_s = 300.000
ops_per_sec = 331340
p50_us = 179
p99_us = 991
p999_us = 9471
p9999_us = 327679
max_us = 7199909
error_sample = -BUSY durable log staging is full, retry
inf-bench: 454272 error replies under load (454272 BUSY-retryable; first sample: -BUSY durable log staging is full, retry)
ops = 98014174
errors = 436587
busy_retryable = 436587
elapsed_s = 300.267
ops_per_sec = 326424
p50_us = 187
p99_us = 895
p999_us = 8191
p9999_us = 385023
max_us = 4683970
error_sample = -BUSY durable log staging is full, retry
inf-bench: 436587 error replies under load (436587 BUSY-retryable; first sample: -BUSY durable log staging is full, retry)
ops = 91968739
errors = 423824
busy_retryable = 423824
elapsed_s = 300.005
ops_per_sec = 306557
p50_us = 203
p99_us = 991
p999_us = 9215
p9999_us = 434175
max_us = 3730667
error_sample = -BUSY durable log staging is full, retry
inf-bench: 423824 error replies under load (423824 BUSY-retryable; first sample: -BUSY durable log staging is full, retry)
ops = 92861482
errors = 512918
busy_retryable = 512918
elapsed_s = 300.000
ops_per_sec = 309538
p50_us = 187
p99_us = 927
p999_us = 8959
p9999_us = 466943
max_us = 3397075
error_sample = -BUSY durable log staging is full, retry
inf-bench: 512918 error replies under load (512918 BUSY-retryable; first sample: -BUSY durable log staging is full, retry)
ops = 99527090
errors = 459604
busy_retryable = 459604
elapsed_s = 300.001
ops_per_sec = 331756
p50_us = 179
p99_us = 927
p999_us = 8959
p9999_us = 344063
max_us = 7065942
error_sample = -BUSY durable log staging is full, retry
inf-bench: 459604 error replies under load (459604 BUSY-retryable; first sample: -BUSY durable log staging is full, retry)
ops = 94694856
errors = 540800
busy_retryable = 540800
elapsed_s = 300.000
ops_per_sec = 315649
p50_us = 183
p99_us = 895
p999_us = 8959
p9999_us = 401407
max_us = 4642010
error_sample = -BUSY durable log staging is full, retry
inf-bench: 540800 error replies under load (540800 BUSY-retryable; first sample: -BUSY durable log staging is full, retry)
ops = 96598418
errors = 432502
busy_retryable = 432502
elapsed_s = 300.001
ops_per_sec = 321994
p50_us = 195
p99_us = 927
p999_us = 8959
p9999_us = 319487
max_us = 4508860
error_sample = -BUSY durable log staging is full, retry
inf-bench: 432502 error replies under load (432502 BUSY-retryable; first sample: -BUSY durable log staging is full, retry)
ops = 102785539
errors = 436260
busy_retryable = 436260
elapsed_s = 300.186
ops_per_sec = 342406
p50_us = 175
p99_us = 911
p999_us = 9215
p9999_us = 335871
max_us = 6942036
error_sample = -BUSY durable log staging is full, retry
inf-bench: 436260 error replies under load (436260 BUSY-retryable; first sample: -BUSY durable log staging is full, retry)
ops = 95395796
errors = 452933
busy_retryable = 452933
elapsed_s = 300.000
ops_per_sec = 317986
p50_us = 187
p99_us = 959
p999_us = 9471
p9999_us = 360447
max_us = 5536162
error_sample = -BUSY durable log staging is full, retry
inf-bench: 452933 error replies under load (452933 BUSY-retryable; first sample: -BUSY durable log staging is full, retry)
ops = 98170075
errors = 402510
busy_retryable = 402510
elapsed_s = 300.529
ops_per_sec = 326658
p50_us = 203
p99_us = 1023
p999_us = 9727
p9999_us = 303103
max_us = 6190465
error_sample = -BUSY durable log staging is full, retry
inf-bench: 402510 error replies under load (402510 BUSY-retryable; first sample: -BUSY durable log staging is full, retry)
ops = 101049101
errors = 476162
busy_retryable = 476162
elapsed_s = 300.000
ops_per_sec = 336830
p50_us = 183
p99_us = 959
p999_us = 9215
p9999_us = 335871
max_us = 5478112
error_sample = -BUSY durable log staging is full, retry
inf-bench: 476162 error replies under load (476162 BUSY-retryable; first sample: -BUSY durable log staging is full, retry)
ops = 100283116
errors = 375492
busy_retryable = 375492
elapsed_s = 300.001
ops_per_sec = 334276
p50_us = 183
p99_us = 895
p999_us = 8959
p9999_us = 360447
max_us = 6449030
error_sample = -BUSY durable log staging is full, retry
inf-bench: 375492 error replies under load (375492 BUSY-retryable; first sample: -BUSY durable log staging is full, retry)
ops = 96632712
errors = 423529
busy_retryable = 423529
elapsed_s = 300.080
ops_per_sec = 322024
p50_us = 203
p99_us = 1007
p999_us = 9727
p9999_us = 335871
max_us = 5632391
error_sample = -BUSY durable log staging is full, retry
inf-bench: 423529 error replies under load (423529 BUSY-retryable; first sample: -BUSY durable log staging is full, retry)
ops = 95024246
errors = 451566
busy_retryable = 451566
elapsed_s = 300.000
ops_per_sec = 316747
p50_us = 183
p99_us = 959
p999_us = 9471
p9999_us = 417791
max_us = 5975670
error_sample = -BUSY durable log staging is full, retry
inf-bench: 451566 error replies under load (451566 BUSY-retryable; first sample: -BUSY durable log staging is full, retry)
ops = 102644747
errors = 463090
busy_retryable = 463090
elapsed_s = 300.101
ops_per_sec = 342034
p50_us = 175
p99_us = 927
p999_us = 9471
p9999_us = 311295
max_us = 6961485
error_sample = -BUSY durable log staging is full, retry
inf-bench: 463090 error replies under load (463090 BUSY-retryable; first sample: -BUSY durable log staging is full, retry)
ops = 109987593
errors = 475645
busy_retryable = 475645
elapsed_s = 300.350
ops_per_sec = 366198
p50_us = 183
p99_us = 959
p999_us = 9727
p9999_us = 212991
max_us = 5184314
error_sample = -BUSY durable log staging is full, retry
inf-bench: 475645 error replies under load (475645 BUSY-retryable; first sample: -BUSY durable log staging is full, retry)
ops = 101591635
errors = 487730
busy_retryable = 487730
elapsed_s = 301.671
ops_per_sec = 336763
p50_us = 183
p99_us = 927
p999_us = 8959
p9999_us = 327679
max_us = 7778160
error_sample = -BUSY durable log staging is full, retry
inf-bench: 487730 error replies under load (487730 BUSY-retryable; first sample: -BUSY durable log staging is full, retry)
ops = 94340940
errors = 437345
busy_retryable = 437345
elapsed_s = 300.000
ops_per_sec = 314469
p50_us = 191
p99_us = 975
p999_us = 9727
p9999_us = 409599
max_us = 5438087
error_sample = -BUSY durable log staging is full, retry
inf-bench: 437345 error replies under load (437345 BUSY-retryable; first sample: -BUSY durable log staging is full, retry)
ops = 104040353
errors = 441372
busy_retryable = 441372
elapsed_s = 300.000
ops_per_sec = 346801
p50_us = 183
p99_us = 959
p999_us = 9471
p9999_us = 319487
max_us = 5676068
error_sample = -BUSY durable log staging is full, retry
inf-bench: 441372 error replies under load (441372 BUSY-retryable; first sample: -BUSY durable log staging is full, retry)
ops = 99543866
errors = 437477
busy_retryable = 437477
elapsed_s = 300.020
ops_per_sec = 331791
p50_us = 191
p99_us = 1055
p999_us = 9983
p9999_us = 311295
max_us = 5384980
error_sample = -BUSY durable log staging is full, retry
inf-bench: 437477 error replies under load (437477 BUSY-retryable; first sample: -BUSY durable log staging is full, retry)
ops = 102026929
errors = 442868
busy_retryable = 442868
elapsed_s = 300.278
ops_per_sec = 339775
p50_us = 191
p99_us = 1007
p999_us = 9727
p9999_us = 286719
max_us = 5649354
error_sample = -BUSY durable log staging is full, retry
inf-bench: 442868 error replies under load (442868 BUSY-retryable; first sample: -BUSY durable log staging is full, retry)
ops = 96578370
errors = 383918
busy_retryable = 383918
elapsed_s = 300.000
ops_per_sec = 321928
p50_us = 187
p99_us = 927
p999_us = 8959
p9999_us = 368639
max_us = 7626645
error_sample = -BUSY durable log staging is full, retry
inf-bench: 383918 error replies under load (383918 BUSY-retryable; first sample: -BUSY durable log staging is full, retry)
ops = 96421872
errors = 349374
busy_retryable = 349374
elapsed_s = 300.150
ops_per_sec = 321246
p50_us = 187
p99_us = 975
p999_us = 9215
p9999_us = 385023
max_us = 5402002
error_sample = -BUSY durable log staging is full, retry
inf-bench: 349374 error replies under load (349374 BUSY-retryable; first sample: -BUSY durable log staging is full, retry)
ops = 97789066
errors = 402956
busy_retryable = 402956
elapsed_s = 300.000
ops_per_sec = 325963
p50_us = 191
p99_us = 1055
p999_us = 9471
p9999_us = 327679
max_us = 6532925
error_sample = -BUSY durable log staging is full, retry
inf-bench: 402956 error replies under load (402956 BUSY-retryable; first sample: -BUSY durable log staging is full, retry)
ops = 91114255
errors = 352189
busy_retryable = 352189
elapsed_s = 300.000
ops_per_sec = 303714
p50_us = 195
p99_us = 959
p999_us = 8959
p9999_us = 458751
max_us = 5037968
error_sample = -BUSY durable log staging is full, retry
inf-bench: 352189 error replies under load (352189 BUSY-retryable; first sample: -BUSY durable log staging is full, retry)
ops = 94822685
errors = 357029
busy_retryable = 357029
elapsed_s = 300.001
ops_per_sec = 316075
p50_us = 187
p99_us = 895
p999_us = 8703
p9999_us = 401407
max_us = 7282105
error_sample = -BUSY durable log staging is full, retry
inf-bench: 357029 error replies under load (357029 BUSY-retryable; first sample: -BUSY durable log staging is full, retry)
ops = 101109596
errors = 388540
busy_retryable = 388540
elapsed_s = 300.000
ops_per_sec = 337032
p50_us = 179
p99_us = 863
p999_us = 8959
p9999_us = 352255
max_us = 4702032
error_sample = -BUSY durable log staging is full, retry
inf-bench: 388540 error replies under load (388540 BUSY-retryable; first sample: -BUSY durable log staging is full, retry)
ops = 99812165
errors = 403713
busy_retryable = 403713
elapsed_s = 300.001
ops_per_sec = 332706
p50_us = 195
p99_us = 943
p999_us = 9215
p9999_us = 303103
max_us = 6908835
error_sample = -BUSY durable log staging is full, retry
inf-bench: 403713 error replies under load (403713 BUSY-retryable; first sample: -BUSY durable log staging is full, retry)
ops = 96830812
errors = 361875
busy_retryable = 361875
elapsed_s = 300.000
ops_per_sec = 322769
p50_us = 207
p99_us = 991
p999_us = 9471
p9999_us = 335871
max_us = 5699448
error_sample = -BUSY durable log staging is full, retry
inf-bench: 361875 error replies under load (361875 BUSY-retryable; first sample: -BUSY durable log staging is full, retry)
ops = 97678879
errors = 399349
busy_retryable = 399349
elapsed_s = 300.000
ops_per_sec = 325596
p50_us = 187
p99_us = 943
p999_us = 9471
p9999_us = 352255
max_us = 4879628
error_sample = -BUSY durable log staging is full, retry
inf-bench: 399349 error replies under load (399349 BUSY-retryable; first sample: -BUSY durable log staging is full, retry)
ops = 90507215
errors = 368301
busy_retryable = 368301
elapsed_s = 300.001
ops_per_sec = 301690
p50_us = 215
p99_us = 991
p999_us = 8703
p9999_us = 401407
max_us = 4866832
error_sample = -BUSY durable log staging is full, retry
inf-bench: 368301 error replies under load (368301 BUSY-retryable; first sample: -BUSY durable log staging is full, retry)
ops = 99035259
errors = 465779
busy_retryable = 465779
elapsed_s = 300.000
ops_per_sec = 330117
p50_us = 183
p99_us = 879
p999_us = 8703
p9999_us = 360447
max_us = 5923077
error_sample = -BUSY durable log staging is full, retry
inf-bench: 465779 error replies under load (465779 BUSY-retryable; first sample: -BUSY durable log staging is full, retry)
ops = 98501454
errors = 444953
busy_retryable = 444953
elapsed_s = 302.174
ops_per_sec = 325975
p50_us = 191
p99_us = 911
p999_us = 8703
p9999_us = 368639
max_us = 4111858
error_sample = -BUSY durable log staging is full, retry
inf-bench: 444953 error replies under load (444953 BUSY-retryable; first sample: -BUSY durable log staging is full, retry)
ops = 102953305
errors = 425683
busy_retryable = 425683
elapsed_s = 300.000
ops_per_sec = 343177
p50_us = 179
p99_us = 911
p999_us = 8703
p9999_us = 344063
max_us = 5802310
error_sample = -BUSY durable log staging is full, retry
inf-bench: 425683 error replies under load (425683 BUSY-retryable; first sample: -BUSY durable log staging is full, retry)
ops = 100197853
errors = 448773
busy_retryable = 448773
elapsed_s = 300.358
ops_per_sec = 333594
p50_us = 207
p99_us = 959
p999_us = 9215
p9999_us = 327679
max_us = 3897383
error_sample = -BUSY durable log staging is full, retry
inf-bench: 448773 error replies under load (448773 BUSY-retryable; first sample: -BUSY durable log staging is full, retry)
ops = 97608106
errors = 384196
busy_retryable = 384196
elapsed_s = 300.070
ops_per_sec = 325285
p50_us = 191
p99_us = 927
p999_us = 8959
p9999_us = 344063
max_us = 8215871
error_sample = -BUSY durable log staging is full, retry
inf-bench: 384196 error replies under load (384196 BUSY-retryable; first sample: -BUSY durable log staging is full, retry)
ops = 106015701
errors = 428502
busy_retryable = 428502
elapsed_s = 300.000
ops_per_sec = 353385
p50_us = 183
p99_us = 879
p999_us = 8959
p9999_us = 303103
max_us = 5925657
error_sample = -BUSY durable log staging is full, retry
inf-bench: 428502 error replies under load (428502 BUSY-retryable; first sample: -BUSY durable log staging is full, retry)
ops = 99595446
errors = 446619
busy_retryable = 446619
elapsed_s = 300.000
ops_per_sec = 331984
p50_us = 183
p99_us = 895
p999_us = 8959
p9999_us = 360447
max_us = 5410525
error_sample = -BUSY durable log staging is full, retry
inf-bench: 446619 error replies under load (446619 BUSY-retryable; first sample: -BUSY durable log staging is full, retry)
ops = 102949990
errors = 427204
busy_retryable = 427204
elapsed_s = 300.001
ops_per_sec = 343166
p50_us = 179
p99_us = 911
p999_us = 8959
p9999_us = 303103
max_us = 5852535
error_sample = -BUSY durable log staging is full, retry
inf-bench: 427204 error replies under load (427204 BUSY-retryable; first sample: -BUSY durable log staging is full, retry)
ops = 96115367
errors = 390323
busy_retryable = 390323
elapsed_s = 300.001
ops_per_sec = 320384
p50_us = 187
p99_us = 911
p999_us = 8959
p9999_us = 401407
max_us = 8168349
error_sample = -BUSY durable log staging is full, retry
inf-bench: 390323 error replies under load (390323 BUSY-retryable; first sample: -BUSY durable log staging is full, retry)
inf-bench: read: Connection reset by peer (os error 104)
