inf-bench env-check
  PROBE                RESULT
  git-dirty-tree       FAIL  dirty git tree: 1 uncommitted entries
  cpufreq-governor     PASS
  cpufreq-epp          PASS
  thermal-throttle     PASS
  power-source         SKIP  macos-only probe (this host: linux)
  low-power-mode       SKIP  macos-only probe (this host: linux)

  *** DIRTY TREE — dev run only, output is not citation-grade ***

env-check: OK
== ycsb row: ycsb-a-zipfian ==
== ycsb: saturation probe (ycsb-a-zipfian, +50% conns) ==
== ycsb row: ycsb-b-zipfian ==

== gate verdicts ==
  Degenerate A/B: pipelined ops regression PENDING (tooling)
  Degenerate A/B: pipelined p99.9 regression PENDING (tooling)
  Degenerate A/B: unpipelined ops regression PENDING (tooling)
  Degenerate A/B: unpipelined p99.9 regression PENDING (tooling)
  Degenerate A/B: ttl-heavy ops regression PENDING (tooling)
  Degenerate A/B: ttl-heavy p99.9 regression PENDING (tooling)
  Degenerate A/B: peak-RSS regression (worst row) PENDING (tooling)
  Memory-mode node constructs zero tiered tables PENDING (tooling)
  Tiering code-path counters identically zero PENDING (tooling)
  Write amplification, worst tiered namespace PASS
  Memory-only rows append zero log records (M2 posture carried) PENDING (tooling)
  Mixed-node attribution divergence (M4-S20) PENDING (tooling)
  Cache-namespace p99 isolation under the mixed node (M4-S20) PENDING (tooling)
  Hot set at memory speed: memory-hit p50 delta PENDING (tooling)
  Hot set at memory speed: memory-hit p99 delta PENDING (tooling)
  Hot set at memory speed: memory-hit p99.9 delta PENDING (tooling)
  Cold reads: p99 < 1.5 ms on NVMe under loaded zipfian rows FAIL (DEV-TIER, non-binding)
  Memory honesty: RSS slope over the 24 h endurance run PENDING (tooling)
  Endurance: zero crashes over the full 24 h run PENDING (tooling)
  M3 regression: worst M3 gate delta on memory-mode namespaces PENDING (tooling)
  Recovery with tiering on: replay throughput per cell PENDING (tooling)
  Recovery with tiering on: 10 GB boot   PENDING (tooling)
  Never-none invariant: zero violations in the 10k-seed DST sweep PENDING (tooling)
  Crash + ENOSPC matrices: all fault points green PENDING (tooling)
  Foreground protection: p99.9 during demotion + compaction storms PENDING (tooling)

gate-run: report written to .artifacts/v0.4.0/soak-unified-20260807-0227/legs/1786085655-gate-run/report.md
inf-bench env-check
  PROBE                RESULT
  git-dirty-tree       FAIL  dirty git tree: 1 uncommitted entries
  cpufreq-governor     PASS
  cpufreq-epp          PASS
  thermal-throttle     PASS
  power-source         SKIP  macos-only probe (this host: linux)
  low-power-mode       SKIP  macos-only probe (this host: linux)

  *** DIRTY TREE — dev run only, output is not citation-grade ***

env-check: OK
== ycsb row: ycsb-a-zipfian ==
== ycsb: saturation probe (ycsb-a-zipfian, +50% conns) ==
== ycsb row: ycsb-b-zipfian ==

== gate verdicts ==
  Degenerate A/B: pipelined ops regression PENDING (tooling)
  Degenerate A/B: pipelined p99.9 regression PENDING (tooling)
  Degenerate A/B: unpipelined ops regression PENDING (tooling)
  Degenerate A/B: unpipelined p99.9 regression PENDING (tooling)
  Degenerate A/B: ttl-heavy ops regression PENDING (tooling)
  Degenerate A/B: ttl-heavy p99.9 regression PENDING (tooling)
  Degenerate A/B: peak-RSS regression (worst row) PENDING (tooling)
  Memory-mode node constructs zero tiered tables PENDING (tooling)
  Tiering code-path counters identically zero PENDING (tooling)
  Write amplification, worst tiered namespace PASS
  Memory-only rows append zero log records (M2 posture carried) PENDING (tooling)
  Mixed-node attribution divergence (M4-S20) PENDING (tooling)
  Cache-namespace p99 isolation under the mixed node (M4-S20) PENDING (tooling)
  Hot set at memory speed: memory-hit p50 delta PENDING (tooling)
  Hot set at memory speed: memory-hit p99 delta PENDING (tooling)
  Hot set at memory speed: memory-hit p99.9 delta PENDING (tooling)
  Cold reads: p99 < 1.5 ms on NVMe under loaded zipfian rows FAIL (DEV-TIER, non-binding)
  Memory honesty: RSS slope over the 24 h endurance run PENDING (tooling)
  Endurance: zero crashes over the full 24 h run PENDING (tooling)
  M3 regression: worst M3 gate delta on memory-mode namespaces PENDING (tooling)
  Recovery with tiering on: replay throughput per cell PENDING (tooling)
  Recovery with tiering on: 10 GB boot   PENDING (tooling)
  Never-none invariant: zero violations in the 10k-seed DST sweep PENDING (tooling)
  Crash + ENOSPC matrices: all fault points green PENDING (tooling)
  Foreground protection: p99.9 during demotion + compaction storms PENDING (tooling)

gate-run: report written to .artifacts/v0.4.0/soak-unified-20260807-0227/legs/1786087158-gate-run/report.md
inf-bench env-check
  PROBE                RESULT
  git-dirty-tree       FAIL  dirty git tree: 1 uncommitted entries
  cpufreq-governor     PASS
  cpufreq-epp          PASS
  thermal-throttle     PASS
  power-source         SKIP  macos-only probe (this host: linux)
  low-power-mode       SKIP  macos-only probe (this host: linux)

  *** DIRTY TREE — dev run only, output is not citation-grade ***

env-check: OK
== ycsb row: ycsb-a-zipfian ==
== ycsb: saturation probe (ycsb-a-zipfian, +50% conns) ==
== ycsb row: ycsb-b-zipfian ==

== gate verdicts ==
  Degenerate A/B: pipelined ops regression PENDING (tooling)
  Degenerate A/B: pipelined p99.9 regression PENDING (tooling)
  Degenerate A/B: unpipelined ops regression PENDING (tooling)
  Degenerate A/B: unpipelined p99.9 regression PENDING (tooling)
  Degenerate A/B: ttl-heavy ops regression PENDING (tooling)
  Degenerate A/B: ttl-heavy p99.9 regression PENDING (tooling)
  Degenerate A/B: peak-RSS regression (worst row) PENDING (tooling)
  Memory-mode node constructs zero tiered tables PENDING (tooling)
  Tiering code-path counters identically zero PENDING (tooling)
  Write amplification, worst tiered namespace PASS
  Memory-only rows append zero log records (M2 posture carried) PENDING (tooling)
  Mixed-node attribution divergence (M4-S20) PENDING (tooling)
  Cache-namespace p99 isolation under the mixed node (M4-S20) PENDING (tooling)
  Hot set at memory speed: memory-hit p50 delta PENDING (tooling)
  Hot set at memory speed: memory-hit p99 delta PENDING (tooling)
  Hot set at memory speed: memory-hit p99.9 delta PENDING (tooling)
  Cold reads: p99 < 1.5 ms on NVMe under loaded zipfian rows FAIL (DEV-TIER, non-binding)
  Memory honesty: RSS slope over the 24 h endurance run PENDING (tooling)
  Endurance: zero crashes over the full 24 h run PENDING (tooling)
  M3 regression: worst M3 gate delta on memory-mode namespaces PENDING (tooling)
  Recovery with tiering on: replay throughput per cell PENDING (tooling)
  Recovery with tiering on: 10 GB boot   PENDING (tooling)
  Never-none invariant: zero violations in the 10k-seed DST sweep PENDING (tooling)
  Crash + ENOSPC matrices: all fault points green PENDING (tooling)
  Foreground protection: p99.9 during demotion + compaction storms PENDING (tooling)

gate-run: report written to .artifacts/v0.4.0/soak-unified-20260807-0227/legs/1786088662-gate-run/report.md
inf-bench env-check
  PROBE                RESULT
  git-dirty-tree       FAIL  dirty git tree: 1 uncommitted entries
  cpufreq-governor     PASS
  cpufreq-epp          PASS
  thermal-throttle     PASS
  power-source         SKIP  macos-only probe (this host: linux)
  low-power-mode       SKIP  macos-only probe (this host: linux)

  *** DIRTY TREE — dev run only, output is not citation-grade ***

env-check: OK
== ycsb row: ycsb-a-zipfian ==
== ycsb: saturation probe (ycsb-a-zipfian, +50% conns) ==
== ycsb row: ycsb-b-zipfian ==

== gate verdicts ==
  Degenerate A/B: pipelined ops regression PENDING (tooling)
  Degenerate A/B: pipelined p99.9 regression PENDING (tooling)
  Degenerate A/B: unpipelined ops regression PENDING (tooling)
  Degenerate A/B: unpipelined p99.9 regression PENDING (tooling)
  Degenerate A/B: ttl-heavy ops regression PENDING (tooling)
  Degenerate A/B: ttl-heavy p99.9 regression PENDING (tooling)
  Degenerate A/B: peak-RSS regression (worst row) PENDING (tooling)
  Memory-mode node constructs zero tiered tables PENDING (tooling)
  Tiering code-path counters identically zero PENDING (tooling)
  Write amplification, worst tiered namespace PASS
  Memory-only rows append zero log records (M2 posture carried) PENDING (tooling)
  Mixed-node attribution divergence (M4-S20) PENDING (tooling)
  Cache-namespace p99 isolation under the mixed node (M4-S20) PENDING (tooling)
  Hot set at memory speed: memory-hit p50 delta PENDING (tooling)
  Hot set at memory speed: memory-hit p99 delta PENDING (tooling)
  Hot set at memory speed: memory-hit p99.9 delta PENDING (tooling)
  Cold reads: p99 < 1.5 ms on NVMe under loaded zipfian rows FAIL (DEV-TIER, non-binding)
  Memory honesty: RSS slope over the 24 h endurance run PENDING (tooling)
  Endurance: zero crashes over the full 24 h run PENDING (tooling)
  M3 regression: worst M3 gate delta on memory-mode namespaces PENDING (tooling)
  Recovery with tiering on: replay throughput per cell PENDING (tooling)
  Recovery with tiering on: 10 GB boot   PENDING (tooling)
  Never-none invariant: zero violations in the 10k-seed DST sweep PENDING (tooling)
  Crash + ENOSPC matrices: all fault points green PENDING (tooling)
  Foreground protection: p99.9 during demotion + compaction storms PENDING (tooling)

gate-run: report written to .artifacts/v0.4.0/soak-unified-20260807-0227/legs/1786090166-gate-run/report.md
inf-bench env-check
  PROBE                RESULT
  git-dirty-tree       FAIL  dirty git tree: 1 uncommitted entries
  cpufreq-governor     PASS
  cpufreq-epp          PASS
  thermal-throttle     PASS
  power-source         SKIP  macos-only probe (this host: linux)
  low-power-mode       SKIP  macos-only probe (this host: linux)

  *** DIRTY TREE — dev run only, output is not citation-grade ***

env-check: OK
== ycsb row: ycsb-a-zipfian ==
== ycsb: saturation probe (ycsb-a-zipfian, +50% conns) ==
== ycsb row: ycsb-b-zipfian ==

== gate verdicts ==
  Degenerate A/B: pipelined ops regression PENDING (tooling)
  Degenerate A/B: pipelined p99.9 regression PENDING (tooling)
  Degenerate A/B: unpipelined ops regression PENDING (tooling)
  Degenerate A/B: unpipelined p99.9 regression PENDING (tooling)
  Degenerate A/B: ttl-heavy ops regression PENDING (tooling)
  Degenerate A/B: ttl-heavy p99.9 regression PENDING (tooling)
  Degenerate A/B: peak-RSS regression (worst row) PENDING (tooling)
  Memory-mode node constructs zero tiered tables PENDING (tooling)
  Tiering code-path counters identically zero PENDING (tooling)
  Write amplification, worst tiered namespace PASS
  Memory-only rows append zero log records (M2 posture carried) PENDING (tooling)
  Mixed-node attribution divergence (M4-S20) PENDING (tooling)
  Cache-namespace p99 isolation under the mixed node (M4-S20) PENDING (tooling)
  Hot set at memory speed: memory-hit p50 delta PENDING (tooling)
  Hot set at memory speed: memory-hit p99 delta PENDING (tooling)
  Hot set at memory speed: memory-hit p99.9 delta PENDING (tooling)
  Cold reads: p99 < 1.5 ms on NVMe under loaded zipfian rows FAIL (DEV-TIER, non-binding)
  Memory honesty: RSS slope over the 24 h endurance run PENDING (tooling)
  Endurance: zero crashes over the full 24 h run PENDING (tooling)
  M3 regression: worst M3 gate delta on memory-mode namespaces PENDING (tooling)
  Recovery with tiering on: replay throughput per cell PENDING (tooling)
  Recovery with tiering on: 10 GB boot   PENDING (tooling)
  Never-none invariant: zero violations in the 10k-seed DST sweep PENDING (tooling)
  Crash + ENOSPC matrices: all fault points green PENDING (tooling)
  Foreground protection: p99.9 during demotion + compaction storms PENDING (tooling)

gate-run: report written to .artifacts/v0.4.0/soak-unified-20260807-0227/legs/1786091669-gate-run/report.md
inf-bench env-check
  PROBE                RESULT
  git-dirty-tree       FAIL  dirty git tree: 1 uncommitted entries
  cpufreq-governor     PASS
  cpufreq-epp          PASS
  thermal-throttle     PASS
  power-source         SKIP  macos-only probe (this host: linux)
  low-power-mode       SKIP  macos-only probe (this host: linux)

  *** DIRTY TREE — dev run only, output is not citation-grade ***

env-check: OK
== ycsb row: ycsb-a-zipfian ==
== ycsb: saturation probe (ycsb-a-zipfian, +50% conns) ==
== ycsb row: ycsb-b-zipfian ==

== gate verdicts ==
  Degenerate A/B: pipelined ops regression PENDING (tooling)
  Degenerate A/B: pipelined p99.9 regression PENDING (tooling)
  Degenerate A/B: unpipelined ops regression PENDING (tooling)
  Degenerate A/B: unpipelined p99.9 regression PENDING (tooling)
  Degenerate A/B: ttl-heavy ops regression PENDING (tooling)
  Degenerate A/B: ttl-heavy p99.9 regression PENDING (tooling)
  Degenerate A/B: peak-RSS regression (worst row) PENDING (tooling)
  Memory-mode node constructs zero tiered tables PENDING (tooling)
  Tiering code-path counters identically zero PENDING (tooling)
  Write amplification, worst tiered namespace PASS
  Memory-only rows append zero log records (M2 posture carried) PENDING (tooling)
  Mixed-node attribution divergence (M4-S20) PENDING (tooling)
  Cache-namespace p99 isolation under the mixed node (M4-S20) PENDING (tooling)
  Hot set at memory speed: memory-hit p50 delta PENDING (tooling)
  Hot set at memory speed: memory-hit p99 delta PENDING (tooling)
  Hot set at memory speed: memory-hit p99.9 delta PENDING (tooling)
  Cold reads: p99 < 1.5 ms on NVMe under loaded zipfian rows FAIL (DEV-TIER, non-binding)
  Memory honesty: RSS slope over the 24 h endurance run PENDING (tooling)
  Endurance: zero crashes over the full 24 h run PENDING (tooling)
  M3 regression: worst M3 gate delta on memory-mode namespaces PENDING (tooling)
  Recovery with tiering on: replay throughput per cell PENDING (tooling)
  Recovery with tiering on: 10 GB boot   PENDING (tooling)
  Never-none invariant: zero violations in the 10k-seed DST sweep PENDING (tooling)
  Crash + ENOSPC matrices: all fault points green PENDING (tooling)
  Foreground protection: p99.9 during demotion + compaction storms PENDING (tooling)

gate-run: report written to .artifacts/v0.4.0/soak-unified-20260807-0227/legs/1786093172-gate-run/report.md
inf-bench env-check
  PROBE                RESULT
  git-dirty-tree       FAIL  dirty git tree: 1 uncommitted entries
  cpufreq-governor     PASS
  cpufreq-epp          PASS
  thermal-throttle     PASS
  power-source         SKIP  macos-only probe (this host: linux)
  low-power-mode       SKIP  macos-only probe (this host: linux)

  *** DIRTY TREE — dev run only, output is not citation-grade ***

env-check: OK
== ycsb row: ycsb-a-zipfian ==
== ycsb: saturation probe (ycsb-a-zipfian, +50% conns) ==
== ycsb row: ycsb-b-zipfian ==

== gate verdicts ==
  Degenerate A/B: pipelined ops regression PENDING (tooling)
  Degenerate A/B: pipelined p99.9 regression PENDING (tooling)
  Degenerate A/B: unpipelined ops regression PENDING (tooling)
  Degenerate A/B: unpipelined p99.9 regression PENDING (tooling)
  Degenerate A/B: ttl-heavy ops regression PENDING (tooling)
  Degenerate A/B: ttl-heavy p99.9 regression PENDING (tooling)
  Degenerate A/B: peak-RSS regression (worst row) PENDING (tooling)
  Memory-mode node constructs zero tiered tables PENDING (tooling)
  Tiering code-path counters identically zero PENDING (tooling)
  Write amplification, worst tiered namespace PASS
  Memory-only rows append zero log records (M2 posture carried) PENDING (tooling)
  Mixed-node attribution divergence (M4-S20) PENDING (tooling)
  Cache-namespace p99 isolation under the mixed node (M4-S20) PENDING (tooling)
  Hot set at memory speed: memory-hit p50 delta PENDING (tooling)
  Hot set at memory speed: memory-hit p99 delta PENDING (tooling)
  Hot set at memory speed: memory-hit p99.9 delta PENDING (tooling)
  Cold reads: p99 < 1.5 ms on NVMe under loaded zipfian rows FAIL (DEV-TIER, non-binding)
  Memory honesty: RSS slope over the 24 h endurance run PENDING (tooling)
  Endurance: zero crashes over the full 24 h run PENDING (tooling)
  M3 regression: worst M3 gate delta on memory-mode namespaces PENDING (tooling)
  Recovery with tiering on: replay throughput per cell PENDING (tooling)
  Recovery with tiering on: 10 GB boot   PENDING (tooling)
  Never-none invariant: zero violations in the 10k-seed DST sweep PENDING (tooling)
  Crash + ENOSPC matrices: all fault points green PENDING (tooling)
  Foreground protection: p99.9 during demotion + compaction storms PENDING (tooling)

gate-run: report written to .artifacts/v0.4.0/soak-unified-20260807-0227/legs/1786094676-gate-run/report.md
inf-bench env-check
  PROBE                RESULT
  git-dirty-tree       FAIL  dirty git tree: 1 uncommitted entries
  cpufreq-governor     PASS
  cpufreq-epp          PASS
  thermal-throttle     PASS
  power-source         SKIP  macos-only probe (this host: linux)
  low-power-mode       SKIP  macos-only probe (this host: linux)

  *** DIRTY TREE — dev run only, output is not citation-grade ***

env-check: OK
== ycsb row: ycsb-a-zipfian ==
== ycsb: saturation probe (ycsb-a-zipfian, +50% conns) ==
== ycsb row: ycsb-b-zipfian ==

== gate verdicts ==
  Degenerate A/B: pipelined ops regression PENDING (tooling)
  Degenerate A/B: pipelined p99.9 regression PENDING (tooling)
  Degenerate A/B: unpipelined ops regression PENDING (tooling)
  Degenerate A/B: unpipelined p99.9 regression PENDING (tooling)
  Degenerate A/B: ttl-heavy ops regression PENDING (tooling)
  Degenerate A/B: ttl-heavy p99.9 regression PENDING (tooling)
  Degenerate A/B: peak-RSS regression (worst row) PENDING (tooling)
  Memory-mode node constructs zero tiered tables PENDING (tooling)
  Tiering code-path counters identically zero PENDING (tooling)
  Write amplification, worst tiered namespace PASS
  Memory-only rows append zero log records (M2 posture carried) PENDING (tooling)
  Mixed-node attribution divergence (M4-S20) PENDING (tooling)
  Cache-namespace p99 isolation under the mixed node (M4-S20) PENDING (tooling)
  Hot set at memory speed: memory-hit p50 delta PENDING (tooling)
  Hot set at memory speed: memory-hit p99 delta PENDING (tooling)
  Hot set at memory speed: memory-hit p99.9 delta PENDING (tooling)
  Cold reads: p99 < 1.5 ms on NVMe under loaded zipfian rows FAIL (DEV-TIER, non-binding)
  Memory honesty: RSS slope over the 24 h endurance run PENDING (tooling)
  Endurance: zero crashes over the full 24 h run PENDING (tooling)
  M3 regression: worst M3 gate delta on memory-mode namespaces PENDING (tooling)
  Recovery with tiering on: replay throughput per cell PENDING (tooling)
  Recovery with tiering on: 10 GB boot   PENDING (tooling)
  Never-none invariant: zero violations in the 10k-seed DST sweep PENDING (tooling)
  Crash + ENOSPC matrices: all fault points green PENDING (tooling)
  Foreground protection: p99.9 during demotion + compaction storms PENDING (tooling)

gate-run: report written to .artifacts/v0.4.0/soak-unified-20260807-0227/legs/1786096179-gate-run/report.md
inf-bench env-check
  PROBE                RESULT
  git-dirty-tree       FAIL  dirty git tree: 1 uncommitted entries
  cpufreq-governor     PASS
  cpufreq-epp          PASS
  thermal-throttle     PASS
  power-source         SKIP  macos-only probe (this host: linux)
  low-power-mode       SKIP  macos-only probe (this host: linux)

  *** DIRTY TREE — dev run only, output is not citation-grade ***

env-check: OK
== ycsb row: ycsb-a-zipfian ==
== ycsb: saturation probe (ycsb-a-zipfian, +50% conns) ==
== ycsb row: ycsb-b-zipfian ==

== gate verdicts ==
  Degenerate A/B: pipelined ops regression PENDING (tooling)
  Degenerate A/B: pipelined p99.9 regression PENDING (tooling)
  Degenerate A/B: unpipelined ops regression PENDING (tooling)
  Degenerate A/B: unpipelined p99.9 regression PENDING (tooling)
  Degenerate A/B: ttl-heavy ops regression PENDING (tooling)
  Degenerate A/B: ttl-heavy p99.9 regression PENDING (tooling)
  Degenerate A/B: peak-RSS regression (worst row) PENDING (tooling)
  Memory-mode node constructs zero tiered tables PENDING (tooling)
  Tiering code-path counters identically zero PENDING (tooling)
  Write amplification, worst tiered namespace PASS
  Memory-only rows append zero log records (M2 posture carried) PENDING (tooling)
  Mixed-node attribution divergence (M4-S20) PENDING (tooling)
  Cache-namespace p99 isolation under the mixed node (M4-S20) PENDING (tooling)
  Hot set at memory speed: memory-hit p50 delta PENDING (tooling)
  Hot set at memory speed: memory-hit p99 delta PENDING (tooling)
  Hot set at memory speed: memory-hit p99.9 delta PENDING (tooling)
  Cold reads: p99 < 1.5 ms on NVMe under loaded zipfian rows FAIL (DEV-TIER, non-binding)
  Memory honesty: RSS slope over the 24 h endurance run PENDING (tooling)
  Endurance: zero crashes over the full 24 h run PENDING (tooling)
  M3 regression: worst M3 gate delta on memory-mode namespaces PENDING (tooling)
  Recovery with tiering on: replay throughput per cell PENDING (tooling)
  Recovery with tiering on: 10 GB boot   PENDING (tooling)
  Never-none invariant: zero violations in the 10k-seed DST sweep PENDING (tooling)
  Crash + ENOSPC matrices: all fault points green PENDING (tooling)
  Foreground protection: p99.9 during demotion + compaction storms PENDING (tooling)

gate-run: report written to .artifacts/v0.4.0/soak-unified-20260807-0227/legs/1786097683-gate-run/report.md
inf-bench env-check
  PROBE                RESULT
  git-dirty-tree       FAIL  dirty git tree: 1 uncommitted entries
  cpufreq-governor     PASS
  cpufreq-epp          PASS
  thermal-throttle     PASS
  power-source         SKIP  macos-only probe (this host: linux)
  low-power-mode       SKIP  macos-only probe (this host: linux)

  *** DIRTY TREE — dev run only, output is not citation-grade ***

env-check: OK
== ycsb row: ycsb-a-zipfian ==
== ycsb: saturation probe (ycsb-a-zipfian, +50% conns) ==
== ycsb row: ycsb-b-zipfian ==

== gate verdicts ==
  Degenerate A/B: pipelined ops regression PENDING (tooling)
  Degenerate A/B: pipelined p99.9 regression PENDING (tooling)
  Degenerate A/B: unpipelined ops regression PENDING (tooling)
  Degenerate A/B: unpipelined p99.9 regression PENDING (tooling)
  Degenerate A/B: ttl-heavy ops regression PENDING (tooling)
  Degenerate A/B: ttl-heavy p99.9 regression PENDING (tooling)
  Degenerate A/B: peak-RSS regression (worst row) PENDING (tooling)
  Memory-mode node constructs zero tiered tables PENDING (tooling)
  Tiering code-path counters identically zero PENDING (tooling)
  Write amplification, worst tiered namespace PASS
  Memory-only rows append zero log records (M2 posture carried) PENDING (tooling)
  Mixed-node attribution divergence (M4-S20) PENDING (tooling)
  Cache-namespace p99 isolation under the mixed node (M4-S20) PENDING (tooling)
  Hot set at memory speed: memory-hit p50 delta PENDING (tooling)
  Hot set at memory speed: memory-hit p99 delta PENDING (tooling)
  Hot set at memory speed: memory-hit p99.9 delta PENDING (tooling)
  Cold reads: p99 < 1.5 ms on NVMe under loaded zipfian rows FAIL (DEV-TIER, non-binding)
  Memory honesty: RSS slope over the 24 h endurance run PENDING (tooling)
  Endurance: zero crashes over the full 24 h run PENDING (tooling)
  M3 regression: worst M3 gate delta on memory-mode namespaces PENDING (tooling)
  Recovery with tiering on: replay throughput per cell PENDING (tooling)
  Recovery with tiering on: 10 GB boot   PENDING (tooling)
  Never-none invariant: zero violations in the 10k-seed DST sweep PENDING (tooling)
  Crash + ENOSPC matrices: all fault points green PENDING (tooling)
  Foreground protection: p99.9 during demotion + compaction storms PENDING (tooling)

gate-run: report written to .artifacts/v0.4.0/soak-unified-20260807-0227/legs/1786099186-gate-run/report.md
inf-bench env-check
  PROBE                RESULT
  git-dirty-tree       FAIL  dirty git tree: 1 uncommitted entries
  cpufreq-governor     PASS
  cpufreq-epp          PASS
  thermal-throttle     PASS
  power-source         SKIP  macos-only probe (this host: linux)
  low-power-mode       SKIP  macos-only probe (this host: linux)

  *** DIRTY TREE — dev run only, output is not citation-grade ***

env-check: OK
== ycsb row: ycsb-a-zipfian ==
== ycsb: saturation probe (ycsb-a-zipfian, +50% conns) ==
== ycsb row: ycsb-b-zipfian ==

== gate verdicts ==
  Degenerate A/B: pipelined ops regression PENDING (tooling)
  Degenerate A/B: pipelined p99.9 regression PENDING (tooling)
  Degenerate A/B: unpipelined ops regression PENDING (tooling)
  Degenerate A/B: unpipelined p99.9 regression PENDING (tooling)
  Degenerate A/B: ttl-heavy ops regression PENDING (tooling)
  Degenerate A/B: ttl-heavy p99.9 regression PENDING (tooling)
  Degenerate A/B: peak-RSS regression (worst row) PENDING (tooling)
  Memory-mode node constructs zero tiered tables PENDING (tooling)
  Tiering code-path counters identically zero PENDING (tooling)
  Write amplification, worst tiered namespace PASS
  Memory-only rows append zero log records (M2 posture carried) PENDING (tooling)
  Mixed-node attribution divergence (M4-S20) PENDING (tooling)
  Cache-namespace p99 isolation under the mixed node (M4-S20) PENDING (tooling)
  Hot set at memory speed: memory-hit p50 delta PENDING (tooling)
  Hot set at memory speed: memory-hit p99 delta PENDING (tooling)
  Hot set at memory speed: memory-hit p99.9 delta PENDING (tooling)
  Cold reads: p99 < 1.5 ms on NVMe under loaded zipfian rows FAIL (DEV-TIER, non-binding)
  Memory honesty: RSS slope over the 24 h endurance run PENDING (tooling)
  Endurance: zero crashes over the full 24 h run PENDING (tooling)
  M3 regression: worst M3 gate delta on memory-mode namespaces PENDING (tooling)
  Recovery with tiering on: replay throughput per cell PENDING (tooling)
  Recovery with tiering on: 10 GB boot   PENDING (tooling)
  Never-none invariant: zero violations in the 10k-seed DST sweep PENDING (tooling)
  Crash + ENOSPC matrices: all fault points green PENDING (tooling)
  Foreground protection: p99.9 during demotion + compaction storms PENDING (tooling)

gate-run: report written to .artifacts/v0.4.0/soak-unified-20260807-0227/legs/1786100689-gate-run/report.md
inf-bench env-check
  PROBE                RESULT
  git-dirty-tree       FAIL  dirty git tree: 1 uncommitted entries
  cpufreq-governor     PASS
  cpufreq-epp          PASS
  thermal-throttle     PASS
  power-source         SKIP  macos-only probe (this host: linux)
  low-power-mode       SKIP  macos-only probe (this host: linux)

  *** DIRTY TREE — dev run only, output is not citation-grade ***

env-check: OK
== ycsb row: ycsb-a-zipfian ==
== ycsb: saturation probe (ycsb-a-zipfian, +50% conns) ==
== ycsb row: ycsb-b-zipfian ==

== gate verdicts ==
  Degenerate A/B: pipelined ops regression PENDING (tooling)
  Degenerate A/B: pipelined p99.9 regression PENDING (tooling)
  Degenerate A/B: unpipelined ops regression PENDING (tooling)
  Degenerate A/B: unpipelined p99.9 regression PENDING (tooling)
  Degenerate A/B: ttl-heavy ops regression PENDING (tooling)
  Degenerate A/B: ttl-heavy p99.9 regression PENDING (tooling)
  Degenerate A/B: peak-RSS regression (worst row) PENDING (tooling)
  Memory-mode node constructs zero tiered tables PENDING (tooling)
  Tiering code-path counters identically zero PENDING (tooling)
  Write amplification, worst tiered namespace PASS
  Memory-only rows append zero log records (M2 posture carried) PENDING (tooling)
  Mixed-node attribution divergence (M4-S20) PENDING (tooling)
  Cache-namespace p99 isolation under the mixed node (M4-S20) PENDING (tooling)
  Hot set at memory speed: memory-hit p50 delta PENDING (tooling)
  Hot set at memory speed: memory-hit p99 delta PENDING (tooling)
  Hot set at memory speed: memory-hit p99.9 delta PENDING (tooling)
  Cold reads: p99 < 1.5 ms on NVMe under loaded zipfian rows FAIL (DEV-TIER, non-binding)
  Memory honesty: RSS slope over the 24 h endurance run PENDING (tooling)
  Endurance: zero crashes over the full 24 h run PENDING (tooling)
  M3 regression: worst M3 gate delta on memory-mode namespaces PENDING (tooling)
  Recovery with tiering on: replay throughput per cell PENDING (tooling)
  Recovery with tiering on: 10 GB boot   PENDING (tooling)
  Never-none invariant: zero violations in the 10k-seed DST sweep PENDING (tooling)
  Crash + ENOSPC matrices: all fault points green PENDING (tooling)
  Foreground protection: p99.9 during demotion + compaction storms PENDING (tooling)

gate-run: report written to .artifacts/v0.4.0/soak-unified-20260807-0227/legs/1786102193-gate-run/report.md
inf-bench env-check
  PROBE                RESULT
  git-dirty-tree       FAIL  dirty git tree: 1 uncommitted entries
  cpufreq-governor     PASS
  cpufreq-epp          PASS
  thermal-throttle     PASS
  power-source         SKIP  macos-only probe (this host: linux)
  low-power-mode       SKIP  macos-only probe (this host: linux)

  *** DIRTY TREE — dev run only, output is not citation-grade ***

env-check: OK
== ycsb row: ycsb-a-zipfian ==
== ycsb: saturation probe (ycsb-a-zipfian, +50% conns) ==
== ycsb row: ycsb-b-zipfian ==

== gate verdicts ==
  Degenerate A/B: pipelined ops regression PENDING (tooling)
  Degenerate A/B: pipelined p99.9 regression PENDING (tooling)
  Degenerate A/B: unpipelined ops regression PENDING (tooling)
  Degenerate A/B: unpipelined p99.9 regression PENDING (tooling)
  Degenerate A/B: ttl-heavy ops regression PENDING (tooling)
  Degenerate A/B: ttl-heavy p99.9 regression PENDING (tooling)
  Degenerate A/B: peak-RSS regression (worst row) PENDING (tooling)
  Memory-mode node constructs zero tiered tables PENDING (tooling)
  Tiering code-path counters identically zero PENDING (tooling)
  Write amplification, worst tiered namespace PASS
  Memory-only rows append zero log records (M2 posture carried) PENDING (tooling)
  Mixed-node attribution divergence (M4-S20) PENDING (tooling)
  Cache-namespace p99 isolation under the mixed node (M4-S20) PENDING (tooling)
  Hot set at memory speed: memory-hit p50 delta PENDING (tooling)
  Hot set at memory speed: memory-hit p99 delta PENDING (tooling)
  Hot set at memory speed: memory-hit p99.9 delta PENDING (tooling)
  Cold reads: p99 < 1.5 ms on NVMe under loaded zipfian rows FAIL (DEV-TIER, non-binding)
  Memory honesty: RSS slope over the 24 h endurance run PENDING (tooling)
  Endurance: zero crashes over the full 24 h run PENDING (tooling)
  M3 regression: worst M3 gate delta on memory-mode namespaces PENDING (tooling)
  Recovery with tiering on: replay throughput per cell PENDING (tooling)
  Recovery with tiering on: 10 GB boot   PENDING (tooling)
  Never-none invariant: zero violations in the 10k-seed DST sweep PENDING (tooling)
  Crash + ENOSPC matrices: all fault points green PENDING (tooling)
  Foreground protection: p99.9 during demotion + compaction storms PENDING (tooling)

gate-run: report written to .artifacts/v0.4.0/soak-unified-20260807-0227/legs/1786103696-gate-run/report.md
inf-bench env-check
  PROBE                RESULT
  git-dirty-tree       FAIL  dirty git tree: 1 uncommitted entries
  cpufreq-governor     PASS
  cpufreq-epp          PASS
  thermal-throttle     PASS
  power-source         SKIP  macos-only probe (this host: linux)
  low-power-mode       SKIP  macos-only probe (this host: linux)

  *** DIRTY TREE — dev run only, output is not citation-grade ***

env-check: OK
== ycsb row: ycsb-a-zipfian ==
== ycsb: saturation probe (ycsb-a-zipfian, +50% conns) ==
== ycsb row: ycsb-b-zipfian ==

== gate verdicts ==
  Degenerate A/B: pipelined ops regression PENDING (tooling)
  Degenerate A/B: pipelined p99.9 regression PENDING (tooling)
  Degenerate A/B: unpipelined ops regression PENDING (tooling)
  Degenerate A/B: unpipelined p99.9 regression PENDING (tooling)
  Degenerate A/B: ttl-heavy ops regression PENDING (tooling)
  Degenerate A/B: ttl-heavy p99.9 regression PENDING (tooling)
  Degenerate A/B: peak-RSS regression (worst row) PENDING (tooling)
  Memory-mode node constructs zero tiered tables PENDING (tooling)
  Tiering code-path counters identically zero PENDING (tooling)
  Write amplification, worst tiered namespace PASS
  Memory-only rows append zero log records (M2 posture carried) PENDING (tooling)
  Mixed-node attribution divergence (M4-S20) PENDING (tooling)
  Cache-namespace p99 isolation under the mixed node (M4-S20) PENDING (tooling)
  Hot set at memory speed: memory-hit p50 delta PENDING (tooling)
  Hot set at memory speed: memory-hit p99 delta PENDING (tooling)
  Hot set at memory speed: memory-hit p99.9 delta PENDING (tooling)
  Cold reads: p99 < 1.5 ms on NVMe under loaded zipfian rows FAIL (DEV-TIER, non-binding)
  Memory honesty: RSS slope over the 24 h endurance run PENDING (tooling)
  Endurance: zero crashes over the full 24 h run PENDING (tooling)
  M3 regression: worst M3 gate delta on memory-mode namespaces PENDING (tooling)
  Recovery with tiering on: replay throughput per cell PENDING (tooling)
  Recovery with tiering on: 10 GB boot   PENDING (tooling)
  Never-none invariant: zero violations in the 10k-seed DST sweep PENDING (tooling)
  Crash + ENOSPC matrices: all fault points green PENDING (tooling)
  Foreground protection: p99.9 during demotion + compaction storms PENDING (tooling)

gate-run: report written to .artifacts/v0.4.0/soak-unified-20260807-0227/legs/1786105199-gate-run/report.md
inf-bench env-check
  PROBE                RESULT
  git-dirty-tree       FAIL  dirty git tree: 1 uncommitted entries
  cpufreq-governor     PASS
  cpufreq-epp          PASS
  thermal-throttle     PASS
  power-source         SKIP  macos-only probe (this host: linux)
  low-power-mode       SKIP  macos-only probe (this host: linux)

  *** DIRTY TREE — dev run only, output is not citation-grade ***

env-check: OK
== ycsb row: ycsb-a-zipfian ==
== ycsb: saturation probe (ycsb-a-zipfian, +50% conns) ==
== ycsb row: ycsb-b-zipfian ==

== gate verdicts ==
  Degenerate A/B: pipelined ops regression PENDING (tooling)
  Degenerate A/B: pipelined p99.9 regression PENDING (tooling)
  Degenerate A/B: unpipelined ops regression PENDING (tooling)
  Degenerate A/B: unpipelined p99.9 regression PENDING (tooling)
  Degenerate A/B: ttl-heavy ops regression PENDING (tooling)
  Degenerate A/B: ttl-heavy p99.9 regression PENDING (tooling)
  Degenerate A/B: peak-RSS regression (worst row) PENDING (tooling)
  Memory-mode node constructs zero tiered tables PENDING (tooling)
  Tiering code-path counters identically zero PENDING (tooling)
  Write amplification, worst tiered namespace PASS
  Memory-only rows append zero log records (M2 posture carried) PENDING (tooling)
  Mixed-node attribution divergence (M4-S20) PENDING (tooling)
  Cache-namespace p99 isolation under the mixed node (M4-S20) PENDING (tooling)
  Hot set at memory speed: memory-hit p50 delta PENDING (tooling)
  Hot set at memory speed: memory-hit p99 delta PENDING (tooling)
  Hot set at memory speed: memory-hit p99.9 delta PENDING (tooling)
  Cold reads: p99 < 1.5 ms on NVMe under loaded zipfian rows FAIL (DEV-TIER, non-binding)
  Memory honesty: RSS slope over the 24 h endurance run PENDING (tooling)
  Endurance: zero crashes over the full 24 h run PENDING (tooling)
  M3 regression: worst M3 gate delta on memory-mode namespaces PENDING (tooling)
  Recovery with tiering on: replay throughput per cell PENDING (tooling)
  Recovery with tiering on: 10 GB boot   PENDING (tooling)
  Never-none invariant: zero violations in the 10k-seed DST sweep PENDING (tooling)
  Crash + ENOSPC matrices: all fault points green PENDING (tooling)
  Foreground protection: p99.9 during demotion + compaction storms PENDING (tooling)

gate-run: report written to .artifacts/v0.4.0/soak-unified-20260807-0227/legs/1786106703-gate-run/report.md
inf-bench env-check
  PROBE                RESULT
  git-dirty-tree       FAIL  dirty git tree: 1 uncommitted entries
  cpufreq-governor     PASS
  cpufreq-epp          PASS
  thermal-throttle     PASS
  power-source         SKIP  macos-only probe (this host: linux)
  low-power-mode       SKIP  macos-only probe (this host: linux)

  *** DIRTY TREE — dev run only, output is not citation-grade ***

env-check: OK
== ycsb row: ycsb-a-zipfian ==
== ycsb: saturation probe (ycsb-a-zipfian, +50% conns) ==
== ycsb row: ycsb-b-zipfian ==

== gate verdicts ==
  Degenerate A/B: pipelined ops regression PENDING (tooling)
  Degenerate A/B: pipelined p99.9 regression PENDING (tooling)
  Degenerate A/B: unpipelined ops regression PENDING (tooling)
  Degenerate A/B: unpipelined p99.9 regression PENDING (tooling)
  Degenerate A/B: ttl-heavy ops regression PENDING (tooling)
  Degenerate A/B: ttl-heavy p99.9 regression PENDING (tooling)
  Degenerate A/B: peak-RSS regression (worst row) PENDING (tooling)
  Memory-mode node constructs zero tiered tables PENDING (tooling)
  Tiering code-path counters identically zero PENDING (tooling)
  Write amplification, worst tiered namespace PASS
  Memory-only rows append zero log records (M2 posture carried) PENDING (tooling)
  Mixed-node attribution divergence (M4-S20) PENDING (tooling)
  Cache-namespace p99 isolation under the mixed node (M4-S20) PENDING (tooling)
  Hot set at memory speed: memory-hit p50 delta PENDING (tooling)
  Hot set at memory speed: memory-hit p99 delta PENDING (tooling)
  Hot set at memory speed: memory-hit p99.9 delta PENDING (tooling)
  Cold reads: p99 < 1.5 ms on NVMe under loaded zipfian rows FAIL (DEV-TIER, non-binding)
  Memory honesty: RSS slope over the 24 h endurance run PENDING (tooling)
  Endurance: zero crashes over the full 24 h run PENDING (tooling)
  M3 regression: worst M3 gate delta on memory-mode namespaces PENDING (tooling)
  Recovery with tiering on: replay throughput per cell PENDING (tooling)
  Recovery with tiering on: 10 GB boot   PENDING (tooling)
  Never-none invariant: zero violations in the 10k-seed DST sweep PENDING (tooling)
  Crash + ENOSPC matrices: all fault points green PENDING (tooling)
  Foreground protection: p99.9 during demotion + compaction storms PENDING (tooling)

gate-run: report written to .artifacts/v0.4.0/soak-unified-20260807-0227/legs/1786108206-gate-run/report.md
inf-bench env-check
  PROBE                RESULT
  git-dirty-tree       FAIL  dirty git tree: 1 uncommitted entries
  cpufreq-governor     PASS
  cpufreq-epp          PASS
  thermal-throttle     PASS
  power-source         SKIP  macos-only probe (this host: linux)
  low-power-mode       SKIP  macos-only probe (this host: linux)

  *** DIRTY TREE — dev run only, output is not citation-grade ***

env-check: OK
== ycsb row: ycsb-a-zipfian ==
== ycsb: saturation probe (ycsb-a-zipfian, +50% conns) ==
== ycsb row: ycsb-b-zipfian ==

== gate verdicts ==
  Degenerate A/B: pipelined ops regression PENDING (tooling)
  Degenerate A/B: pipelined p99.9 regression PENDING (tooling)
  Degenerate A/B: unpipelined ops regression PENDING (tooling)
  Degenerate A/B: unpipelined p99.9 regression PENDING (tooling)
  Degenerate A/B: ttl-heavy ops regression PENDING (tooling)
  Degenerate A/B: ttl-heavy p99.9 regression PENDING (tooling)
  Degenerate A/B: peak-RSS regression (worst row) PENDING (tooling)
  Memory-mode node constructs zero tiered tables PENDING (tooling)
  Tiering code-path counters identically zero PENDING (tooling)
  Write amplification, worst tiered namespace PASS
  Memory-only rows append zero log records (M2 posture carried) PENDING (tooling)
  Mixed-node attribution divergence (M4-S20) PENDING (tooling)
  Cache-namespace p99 isolation under the mixed node (M4-S20) PENDING (tooling)
  Hot set at memory speed: memory-hit p50 delta PENDING (tooling)
  Hot set at memory speed: memory-hit p99 delta PENDING (tooling)
  Hot set at memory speed: memory-hit p99.9 delta PENDING (tooling)
  Cold reads: p99 < 1.5 ms on NVMe under loaded zipfian rows FAIL (DEV-TIER, non-binding)
  Memory honesty: RSS slope over the 24 h endurance run PENDING (tooling)
  Endurance: zero crashes over the full 24 h run PENDING (tooling)
  M3 regression: worst M3 gate delta on memory-mode namespaces PENDING (tooling)
  Recovery with tiering on: replay throughput per cell PENDING (tooling)
  Recovery with tiering on: 10 GB boot   PENDING (tooling)
  Never-none invariant: zero violations in the 10k-seed DST sweep PENDING (tooling)
  Crash + ENOSPC matrices: all fault points green PENDING (tooling)
  Foreground protection: p99.9 during demotion + compaction storms PENDING (tooling)

gate-run: report written to .artifacts/v0.4.0/soak-unified-20260807-0227/legs/1786109709-gate-run/report.md
inf-bench env-check
  PROBE                RESULT
  git-dirty-tree       FAIL  dirty git tree: 1 uncommitted entries
  cpufreq-governor     PASS
  cpufreq-epp          PASS
  thermal-throttle     PASS
  power-source         SKIP  macos-only probe (this host: linux)
  low-power-mode       SKIP  macos-only probe (this host: linux)

  *** DIRTY TREE — dev run only, output is not citation-grade ***

env-check: OK
== ycsb row: ycsb-a-zipfian ==
== ycsb: saturation probe (ycsb-a-zipfian, +50% conns) ==
== ycsb row: ycsb-b-zipfian ==

== gate verdicts ==
  Degenerate A/B: pipelined ops regression PENDING (tooling)
  Degenerate A/B: pipelined p99.9 regression PENDING (tooling)
  Degenerate A/B: unpipelined ops regression PENDING (tooling)
  Degenerate A/B: unpipelined p99.9 regression PENDING (tooling)
  Degenerate A/B: ttl-heavy ops regression PENDING (tooling)
  Degenerate A/B: ttl-heavy p99.9 regression PENDING (tooling)
  Degenerate A/B: peak-RSS regression (worst row) PENDING (tooling)
  Memory-mode node constructs zero tiered tables PENDING (tooling)
  Tiering code-path counters identically zero PENDING (tooling)
  Write amplification, worst tiered namespace PASS
  Memory-only rows append zero log records (M2 posture carried) PENDING (tooling)
  Mixed-node attribution divergence (M4-S20) PENDING (tooling)
  Cache-namespace p99 isolation under the mixed node (M4-S20) PENDING (tooling)
  Hot set at memory speed: memory-hit p50 delta PENDING (tooling)
  Hot set at memory speed: memory-hit p99 delta PENDING (tooling)
  Hot set at memory speed: memory-hit p99.9 delta PENDING (tooling)
  Cold reads: p99 < 1.5 ms on NVMe under loaded zipfian rows FAIL (DEV-TIER, non-binding)
  Memory honesty: RSS slope over the 24 h endurance run PENDING (tooling)
  Endurance: zero crashes over the full 24 h run PENDING (tooling)
  M3 regression: worst M3 gate delta on memory-mode namespaces PENDING (tooling)
  Recovery with tiering on: replay throughput per cell PENDING (tooling)
  Recovery with tiering on: 10 GB boot   PENDING (tooling)
  Never-none invariant: zero violations in the 10k-seed DST sweep PENDING (tooling)
  Crash + ENOSPC matrices: all fault points green PENDING (tooling)
  Foreground protection: p99.9 during demotion + compaction storms PENDING (tooling)

gate-run: report written to .artifacts/v0.4.0/soak-unified-20260807-0227/legs/1786111213-gate-run/report.md
inf-bench env-check
  PROBE                RESULT
  git-dirty-tree       FAIL  dirty git tree: 1 uncommitted entries
  cpufreq-governor     PASS
  cpufreq-epp          PASS
  thermal-throttle     PASS
  power-source         SKIP  macos-only probe (this host: linux)
  low-power-mode       SKIP  macos-only probe (this host: linux)

  *** DIRTY TREE — dev run only, output is not citation-grade ***

env-check: OK
== ycsb row: ycsb-a-zipfian ==
== ycsb: saturation probe (ycsb-a-zipfian, +50% conns) ==
== ycsb row: ycsb-b-zipfian ==

== gate verdicts ==
  Degenerate A/B: pipelined ops regression PENDING (tooling)
  Degenerate A/B: pipelined p99.9 regression PENDING (tooling)
  Degenerate A/B: unpipelined ops regression PENDING (tooling)
  Degenerate A/B: unpipelined p99.9 regression PENDING (tooling)
  Degenerate A/B: ttl-heavy ops regression PENDING (tooling)
  Degenerate A/B: ttl-heavy p99.9 regression PENDING (tooling)
  Degenerate A/B: peak-RSS regression (worst row) PENDING (tooling)
  Memory-mode node constructs zero tiered tables PENDING (tooling)
  Tiering code-path counters identically zero PENDING (tooling)
  Write amplification, worst tiered namespace PASS
  Memory-only rows append zero log records (M2 posture carried) PENDING (tooling)
  Mixed-node attribution divergence (M4-S20) PENDING (tooling)
  Cache-namespace p99 isolation under the mixed node (M4-S20) PENDING (tooling)
  Hot set at memory speed: memory-hit p50 delta PENDING (tooling)
  Hot set at memory speed: memory-hit p99 delta PENDING (tooling)
  Hot set at memory speed: memory-hit p99.9 delta PENDING (tooling)
  Cold reads: p99 < 1.5 ms on NVMe under loaded zipfian rows FAIL (DEV-TIER, non-binding)
  Memory honesty: RSS slope over the 24 h endurance run PENDING (tooling)
  Endurance: zero crashes over the full 24 h run PENDING (tooling)
  M3 regression: worst M3 gate delta on memory-mode namespaces PENDING (tooling)
  Recovery with tiering on: replay throughput per cell PENDING (tooling)
  Recovery with tiering on: 10 GB boot   PENDING (tooling)
  Never-none invariant: zero violations in the 10k-seed DST sweep PENDING (tooling)
  Crash + ENOSPC matrices: all fault points green PENDING (tooling)
  Foreground protection: p99.9 during demotion + compaction storms PENDING (tooling)

gate-run: report written to .artifacts/v0.4.0/soak-unified-20260807-0227/legs/1786112716-gate-run/report.md
inf-bench env-check
  PROBE                RESULT
  git-dirty-tree       FAIL  dirty git tree: 1 uncommitted entries
  cpufreq-governor     PASS
  cpufreq-epp          PASS
  thermal-throttle     PASS
  power-source         SKIP  macos-only probe (this host: linux)
  low-power-mode       SKIP  macos-only probe (this host: linux)

  *** DIRTY TREE — dev run only, output is not citation-grade ***

env-check: OK
== ycsb row: ycsb-a-zipfian ==
== ycsb: saturation probe (ycsb-a-zipfian, +50% conns) ==
== ycsb row: ycsb-b-zipfian ==

== gate verdicts ==
  Degenerate A/B: pipelined ops regression PENDING (tooling)
  Degenerate A/B: pipelined p99.9 regression PENDING (tooling)
  Degenerate A/B: unpipelined ops regression PENDING (tooling)
  Degenerate A/B: unpipelined p99.9 regression PENDING (tooling)
  Degenerate A/B: ttl-heavy ops regression PENDING (tooling)
  Degenerate A/B: ttl-heavy p99.9 regression PENDING (tooling)
  Degenerate A/B: peak-RSS regression (worst row) PENDING (tooling)
  Memory-mode node constructs zero tiered tables PENDING (tooling)
  Tiering code-path counters identically zero PENDING (tooling)
  Write amplification, worst tiered namespace PASS
  Memory-only rows append zero log records (M2 posture carried) PENDING (tooling)
  Mixed-node attribution divergence (M4-S20) PENDING (tooling)
  Cache-namespace p99 isolation under the mixed node (M4-S20) PENDING (tooling)
  Hot set at memory speed: memory-hit p50 delta PENDING (tooling)
  Hot set at memory speed: memory-hit p99 delta PENDING (tooling)
  Hot set at memory speed: memory-hit p99.9 delta PENDING (tooling)
  Cold reads: p99 < 1.5 ms on NVMe under loaded zipfian rows FAIL (DEV-TIER, non-binding)
  Memory honesty: RSS slope over the 24 h endurance run PENDING (tooling)
  Endurance: zero crashes over the full 24 h run PENDING (tooling)
  M3 regression: worst M3 gate delta on memory-mode namespaces PENDING (tooling)
  Recovery with tiering on: replay throughput per cell PENDING (tooling)
  Recovery with tiering on: 10 GB boot   PENDING (tooling)
  Never-none invariant: zero violations in the 10k-seed DST sweep PENDING (tooling)
  Crash + ENOSPC matrices: all fault points green PENDING (tooling)
  Foreground protection: p99.9 during demotion + compaction storms PENDING (tooling)

gate-run: report written to .artifacts/v0.4.0/soak-unified-20260807-0227/legs/1786114220-gate-run/report.md
inf-bench env-check
  PROBE                RESULT
  git-dirty-tree       FAIL  dirty git tree: 1 uncommitted entries
  cpufreq-governor     PASS
  cpufreq-epp          PASS
  thermal-throttle     PASS
  power-source         SKIP  macos-only probe (this host: linux)
  low-power-mode       SKIP  macos-only probe (this host: linux)

  *** DIRTY TREE — dev run only, output is not citation-grade ***

env-check: OK
== ycsb row: ycsb-a-zipfian ==
== ycsb: saturation probe (ycsb-a-zipfian, +50% conns) ==
== ycsb row: ycsb-b-zipfian ==

== gate verdicts ==
  Degenerate A/B: pipelined ops regression PENDING (tooling)
  Degenerate A/B: pipelined p99.9 regression PENDING (tooling)
  Degenerate A/B: unpipelined ops regression PENDING (tooling)
  Degenerate A/B: unpipelined p99.9 regression PENDING (tooling)
  Degenerate A/B: ttl-heavy ops regression PENDING (tooling)
  Degenerate A/B: ttl-heavy p99.9 regression PENDING (tooling)
  Degenerate A/B: peak-RSS regression (worst row) PENDING (tooling)
  Memory-mode node constructs zero tiered tables PENDING (tooling)
  Tiering code-path counters identically zero PENDING (tooling)
  Write amplification, worst tiered namespace PASS
  Memory-only rows append zero log records (M2 posture carried) PENDING (tooling)
  Mixed-node attribution divergence (M4-S20) PENDING (tooling)
  Cache-namespace p99 isolation under the mixed node (M4-S20) PENDING (tooling)
  Hot set at memory speed: memory-hit p50 delta PENDING (tooling)
  Hot set at memory speed: memory-hit p99 delta PENDING (tooling)
  Hot set at memory speed: memory-hit p99.9 delta PENDING (tooling)
  Cold reads: p99 < 1.5 ms on NVMe under loaded zipfian rows FAIL (DEV-TIER, non-binding)
  Memory honesty: RSS slope over the 24 h endurance run PENDING (tooling)
  Endurance: zero crashes over the full 24 h run PENDING (tooling)
  M3 regression: worst M3 gate delta on memory-mode namespaces PENDING (tooling)
  Recovery with tiering on: replay throughput per cell PENDING (tooling)
  Recovery with tiering on: 10 GB boot   PENDING (tooling)
  Never-none invariant: zero violations in the 10k-seed DST sweep PENDING (tooling)
  Crash + ENOSPC matrices: all fault points green PENDING (tooling)
  Foreground protection: p99.9 during demotion + compaction storms PENDING (tooling)

gate-run: report written to .artifacts/v0.4.0/soak-unified-20260807-0227/legs/1786115723-gate-run/report.md
inf-bench env-check
  PROBE                RESULT
  git-dirty-tree       FAIL  dirty git tree: 1 uncommitted entries
  cpufreq-governor     PASS
  cpufreq-epp          PASS
  thermal-throttle     PASS
  power-source         SKIP  macos-only probe (this host: linux)
  low-power-mode       SKIP  macos-only probe (this host: linux)

  *** DIRTY TREE — dev run only, output is not citation-grade ***

env-check: OK
== ycsb row: ycsb-a-zipfian ==
== ycsb: saturation probe (ycsb-a-zipfian, +50% conns) ==
== ycsb row: ycsb-b-zipfian ==

== gate verdicts ==
  Degenerate A/B: pipelined ops regression PENDING (tooling)
  Degenerate A/B: pipelined p99.9 regression PENDING (tooling)
  Degenerate A/B: unpipelined ops regression PENDING (tooling)
  Degenerate A/B: unpipelined p99.9 regression PENDING (tooling)
  Degenerate A/B: ttl-heavy ops regression PENDING (tooling)
  Degenerate A/B: ttl-heavy p99.9 regression PENDING (tooling)
  Degenerate A/B: peak-RSS regression (worst row) PENDING (tooling)
  Memory-mode node constructs zero tiered tables PENDING (tooling)
  Tiering code-path counters identically zero PENDING (tooling)
  Write amplification, worst tiered namespace PASS
  Memory-only rows append zero log records (M2 posture carried) PENDING (tooling)
  Mixed-node attribution divergence (M4-S20) PENDING (tooling)
  Cache-namespace p99 isolation under the mixed node (M4-S20) PENDING (tooling)
  Hot set at memory speed: memory-hit p50 delta PENDING (tooling)
  Hot set at memory speed: memory-hit p99 delta PENDING (tooling)
  Hot set at memory speed: memory-hit p99.9 delta PENDING (tooling)
  Cold reads: p99 < 1.5 ms on NVMe under loaded zipfian rows FAIL (DEV-TIER, non-binding)
  Memory honesty: RSS slope over the 24 h endurance run PENDING (tooling)
  Endurance: zero crashes over the full 24 h run PENDING (tooling)
  M3 regression: worst M3 gate delta on memory-mode namespaces PENDING (tooling)
  Recovery with tiering on: replay throughput per cell PENDING (tooling)
  Recovery with tiering on: 10 GB boot   PENDING (tooling)
  Never-none invariant: zero violations in the 10k-seed DST sweep PENDING (tooling)
  Crash + ENOSPC matrices: all fault points green PENDING (tooling)
  Foreground protection: p99.9 during demotion + compaction storms PENDING (tooling)

gate-run: report written to .artifacts/v0.4.0/soak-unified-20260807-0227/legs/1786117226-gate-run/report.md
inf-bench env-check
  PROBE                RESULT
  git-dirty-tree       FAIL  dirty git tree: 1 uncommitted entries
  cpufreq-governor     PASS
  cpufreq-epp          PASS
  thermal-throttle     PASS
  power-source         SKIP  macos-only probe (this host: linux)
  low-power-mode       SKIP  macos-only probe (this host: linux)

  *** DIRTY TREE — dev run only, output is not citation-grade ***

env-check: OK
== ycsb row: ycsb-a-zipfian ==
== ycsb: saturation probe (ycsb-a-zipfian, +50% conns) ==
== ycsb row: ycsb-b-zipfian ==

== gate verdicts ==
  Degenerate A/B: pipelined ops regression PENDING (tooling)
  Degenerate A/B: pipelined p99.9 regression PENDING (tooling)
  Degenerate A/B: unpipelined ops regression PENDING (tooling)
  Degenerate A/B: unpipelined p99.9 regression PENDING (tooling)
  Degenerate A/B: ttl-heavy ops regression PENDING (tooling)
  Degenerate A/B: ttl-heavy p99.9 regression PENDING (tooling)
  Degenerate A/B: peak-RSS regression (worst row) PENDING (tooling)
  Memory-mode node constructs zero tiered tables PENDING (tooling)
  Tiering code-path counters identically zero PENDING (tooling)
  Write amplification, worst tiered namespace PASS
  Memory-only rows append zero log records (M2 posture carried) PENDING (tooling)
  Mixed-node attribution divergence (M4-S20) PENDING (tooling)
  Cache-namespace p99 isolation under the mixed node (M4-S20) PENDING (tooling)
  Hot set at memory speed: memory-hit p50 delta PENDING (tooling)
  Hot set at memory speed: memory-hit p99 delta PENDING (tooling)
  Hot set at memory speed: memory-hit p99.9 delta PENDING (tooling)
  Cold reads: p99 < 1.5 ms on NVMe under loaded zipfian rows FAIL (DEV-TIER, non-binding)
  Memory honesty: RSS slope over the 24 h endurance run PENDING (tooling)
  Endurance: zero crashes over the full 24 h run PENDING (tooling)
  M3 regression: worst M3 gate delta on memory-mode namespaces PENDING (tooling)
  Recovery with tiering on: replay throughput per cell PENDING (tooling)
  Recovery with tiering on: 10 GB boot   PENDING (tooling)
  Never-none invariant: zero violations in the 10k-seed DST sweep PENDING (tooling)
  Crash + ENOSPC matrices: all fault points green PENDING (tooling)
  Foreground protection: p99.9 during demotion + compaction storms PENDING (tooling)

gate-run: report written to .artifacts/v0.4.0/soak-unified-20260807-0227/legs/1786118730-gate-run/report.md
inf-bench env-check
  PROBE                RESULT
  git-dirty-tree       FAIL  dirty git tree: 1 uncommitted entries
  cpufreq-governor     PASS
  cpufreq-epp          PASS
  thermal-throttle     PASS
  power-source         SKIP  macos-only probe (this host: linux)
  low-power-mode       SKIP  macos-only probe (this host: linux)

  *** DIRTY TREE — dev run only, output is not citation-grade ***

env-check: OK
== ycsb row: ycsb-a-zipfian ==
== ycsb: saturation probe (ycsb-a-zipfian, +50% conns) ==
== ycsb row: ycsb-b-zipfian ==

== gate verdicts ==
  Degenerate A/B: pipelined ops regression PENDING (tooling)
  Degenerate A/B: pipelined p99.9 regression PENDING (tooling)
  Degenerate A/B: unpipelined ops regression PENDING (tooling)
  Degenerate A/B: unpipelined p99.9 regression PENDING (tooling)
  Degenerate A/B: ttl-heavy ops regression PENDING (tooling)
  Degenerate A/B: ttl-heavy p99.9 regression PENDING (tooling)
  Degenerate A/B: peak-RSS regression (worst row) PENDING (tooling)
  Memory-mode node constructs zero tiered tables PENDING (tooling)
  Tiering code-path counters identically zero PENDING (tooling)
  Write amplification, worst tiered namespace PASS
  Memory-only rows append zero log records (M2 posture carried) PENDING (tooling)
  Mixed-node attribution divergence (M4-S20) PENDING (tooling)
  Cache-namespace p99 isolation under the mixed node (M4-S20) PENDING (tooling)
  Hot set at memory speed: memory-hit p50 delta PENDING (tooling)
  Hot set at memory speed: memory-hit p99 delta PENDING (tooling)
  Hot set at memory speed: memory-hit p99.9 delta PENDING (tooling)
  Cold reads: p99 < 1.5 ms on NVMe under loaded zipfian rows FAIL (DEV-TIER, non-binding)
  Memory honesty: RSS slope over the 24 h endurance run PENDING (tooling)
  Endurance: zero crashes over the full 24 h run PENDING (tooling)
  M3 regression: worst M3 gate delta on memory-mode namespaces PENDING (tooling)
  Recovery with tiering on: replay throughput per cell PENDING (tooling)
  Recovery with tiering on: 10 GB boot   PENDING (tooling)
  Never-none invariant: zero violations in the 10k-seed DST sweep PENDING (tooling)
  Crash + ENOSPC matrices: all fault points green PENDING (tooling)
  Foreground protection: p99.9 during demotion + compaction storms PENDING (tooling)

gate-run: report written to .artifacts/v0.4.0/soak-unified-20260807-0227/legs/1786120233-gate-run/report.md
inf-bench env-check
  PROBE                RESULT
  git-dirty-tree       FAIL  dirty git tree: 1 uncommitted entries
  cpufreq-governor     PASS
  cpufreq-epp          PASS
  thermal-throttle     PASS
  power-source         SKIP  macos-only probe (this host: linux)
  low-power-mode       SKIP  macos-only probe (this host: linux)

  *** DIRTY TREE — dev run only, output is not citation-grade ***

env-check: OK
== ycsb row: ycsb-a-zipfian ==
== ycsb: saturation probe (ycsb-a-zipfian, +50% conns) ==
== ycsb row: ycsb-b-zipfian ==

== gate verdicts ==
  Degenerate A/B: pipelined ops regression PENDING (tooling)
  Degenerate A/B: pipelined p99.9 regression PENDING (tooling)
  Degenerate A/B: unpipelined ops regression PENDING (tooling)
  Degenerate A/B: unpipelined p99.9 regression PENDING (tooling)
  Degenerate A/B: ttl-heavy ops regression PENDING (tooling)
  Degenerate A/B: ttl-heavy p99.9 regression PENDING (tooling)
  Degenerate A/B: peak-RSS regression (worst row) PENDING (tooling)
  Memory-mode node constructs zero tiered tables PENDING (tooling)
  Tiering code-path counters identically zero PENDING (tooling)
  Write amplification, worst tiered namespace PASS
  Memory-only rows append zero log records (M2 posture carried) PENDING (tooling)
  Mixed-node attribution divergence (M4-S20) PENDING (tooling)
  Cache-namespace p99 isolation under the mixed node (M4-S20) PENDING (tooling)
  Hot set at memory speed: memory-hit p50 delta PENDING (tooling)
  Hot set at memory speed: memory-hit p99 delta PENDING (tooling)
  Hot set at memory speed: memory-hit p99.9 delta PENDING (tooling)
  Cold reads: p99 < 1.5 ms on NVMe under loaded zipfian rows FAIL (DEV-TIER, non-binding)
  Memory honesty: RSS slope over the 24 h endurance run PENDING (tooling)
  Endurance: zero crashes over the full 24 h run PENDING (tooling)
  M3 regression: worst M3 gate delta on memory-mode namespaces PENDING (tooling)
  Recovery with tiering on: replay throughput per cell PENDING (tooling)
  Recovery with tiering on: 10 GB boot   PENDING (tooling)
  Never-none invariant: zero violations in the 10k-seed DST sweep PENDING (tooling)
  Crash + ENOSPC matrices: all fault points green PENDING (tooling)
  Foreground protection: p99.9 during demotion + compaction storms PENDING (tooling)

gate-run: report written to .artifacts/v0.4.0/soak-unified-20260807-0227/legs/1786121736-gate-run/report.md
inf-bench env-check
  PROBE                RESULT
  git-dirty-tree       FAIL  dirty git tree: 1 uncommitted entries
  cpufreq-governor     PASS
  cpufreq-epp          PASS
  thermal-throttle     PASS
  power-source         SKIP  macos-only probe (this host: linux)
  low-power-mode       SKIP  macos-only probe (this host: linux)

  *** DIRTY TREE — dev run only, output is not citation-grade ***

env-check: OK
== ycsb row: ycsb-a-zipfian ==
== ycsb: saturation probe (ycsb-a-zipfian, +50% conns) ==
== ycsb row: ycsb-b-zipfian ==

== gate verdicts ==
  Degenerate A/B: pipelined ops regression PENDING (tooling)
  Degenerate A/B: pipelined p99.9 regression PENDING (tooling)
  Degenerate A/B: unpipelined ops regression PENDING (tooling)
  Degenerate A/B: unpipelined p99.9 regression PENDING (tooling)
  Degenerate A/B: ttl-heavy ops regression PENDING (tooling)
  Degenerate A/B: ttl-heavy p99.9 regression PENDING (tooling)
  Degenerate A/B: peak-RSS regression (worst row) PENDING (tooling)
  Memory-mode node constructs zero tiered tables PENDING (tooling)
  Tiering code-path counters identically zero PENDING (tooling)
  Write amplification, worst tiered namespace PASS
  Memory-only rows append zero log records (M2 posture carried) PENDING (tooling)
  Mixed-node attribution divergence (M4-S20) PENDING (tooling)
  Cache-namespace p99 isolation under the mixed node (M4-S20) PENDING (tooling)
  Hot set at memory speed: memory-hit p50 delta PENDING (tooling)
  Hot set at memory speed: memory-hit p99 delta PENDING (tooling)
  Hot set at memory speed: memory-hit p99.9 delta PENDING (tooling)
  Cold reads: p99 < 1.5 ms on NVMe under loaded zipfian rows FAIL (DEV-TIER, non-binding)
  Memory honesty: RSS slope over the 24 h endurance run PENDING (tooling)
  Endurance: zero crashes over the full 24 h run PENDING (tooling)
  M3 regression: worst M3 gate delta on memory-mode namespaces PENDING (tooling)
  Recovery with tiering on: replay throughput per cell PENDING (tooling)
  Recovery with tiering on: 10 GB boot   PENDING (tooling)
  Never-none invariant: zero violations in the 10k-seed DST sweep PENDING (tooling)
  Crash + ENOSPC matrices: all fault points green PENDING (tooling)
  Foreground protection: p99.9 during demotion + compaction storms PENDING (tooling)

gate-run: report written to .artifacts/v0.4.0/soak-unified-20260807-0227/legs/1786123240-gate-run/report.md
inf-bench env-check
  PROBE                RESULT
  git-dirty-tree       FAIL  dirty git tree: 1 uncommitted entries
  cpufreq-governor     PASS
  cpufreq-epp          PASS
  thermal-throttle     PASS
  power-source         SKIP  macos-only probe (this host: linux)
  low-power-mode       SKIP  macos-only probe (this host: linux)

  *** DIRTY TREE — dev run only, output is not citation-grade ***

env-check: OK
== ycsb row: ycsb-a-zipfian ==
== ycsb: saturation probe (ycsb-a-zipfian, +50% conns) ==
== ycsb row: ycsb-b-zipfian ==

== gate verdicts ==
  Degenerate A/B: pipelined ops regression PENDING (tooling)
  Degenerate A/B: pipelined p99.9 regression PENDING (tooling)
  Degenerate A/B: unpipelined ops regression PENDING (tooling)
  Degenerate A/B: unpipelined p99.9 regression PENDING (tooling)
  Degenerate A/B: ttl-heavy ops regression PENDING (tooling)
  Degenerate A/B: ttl-heavy p99.9 regression PENDING (tooling)
  Degenerate A/B: peak-RSS regression (worst row) PENDING (tooling)
  Memory-mode node constructs zero tiered tables PENDING (tooling)
  Tiering code-path counters identically zero PENDING (tooling)
  Write amplification, worst tiered namespace PASS
  Memory-only rows append zero log records (M2 posture carried) PENDING (tooling)
  Mixed-node attribution divergence (M4-S20) PENDING (tooling)
  Cache-namespace p99 isolation under the mixed node (M4-S20) PENDING (tooling)
  Hot set at memory speed: memory-hit p50 delta PENDING (tooling)
  Hot set at memory speed: memory-hit p99 delta PENDING (tooling)
  Hot set at memory speed: memory-hit p99.9 delta PENDING (tooling)
  Cold reads: p99 < 1.5 ms on NVMe under loaded zipfian rows FAIL (DEV-TIER, non-binding)
  Memory honesty: RSS slope over the 24 h endurance run PENDING (tooling)
  Endurance: zero crashes over the full 24 h run PENDING (tooling)
  M3 regression: worst M3 gate delta on memory-mode namespaces PENDING (tooling)
  Recovery with tiering on: replay throughput per cell PENDING (tooling)
  Recovery with tiering on: 10 GB boot   PENDING (tooling)
  Never-none invariant: zero violations in the 10k-seed DST sweep PENDING (tooling)
  Crash + ENOSPC matrices: all fault points green PENDING (tooling)
  Foreground protection: p99.9 during demotion + compaction storms PENDING (tooling)

gate-run: report written to .artifacts/v0.4.0/soak-unified-20260807-0227/legs/1786124743-gate-run/report.md
inf-bench env-check
  PROBE                RESULT
  git-dirty-tree       FAIL  dirty git tree: 1 uncommitted entries
  cpufreq-governor     PASS
  cpufreq-epp          PASS
  thermal-throttle     PASS
  power-source         SKIP  macos-only probe (this host: linux)
  low-power-mode       SKIP  macos-only probe (this host: linux)

  *** DIRTY TREE — dev run only, output is not citation-grade ***

env-check: OK
== ycsb row: ycsb-a-zipfian ==
== ycsb: saturation probe (ycsb-a-zipfian, +50% conns) ==
== ycsb row: ycsb-b-zipfian ==

== gate verdicts ==
  Degenerate A/B: pipelined ops regression PENDING (tooling)
  Degenerate A/B: pipelined p99.9 regression PENDING (tooling)
  Degenerate A/B: unpipelined ops regression PENDING (tooling)
  Degenerate A/B: unpipelined p99.9 regression PENDING (tooling)
  Degenerate A/B: ttl-heavy ops regression PENDING (tooling)
  Degenerate A/B: ttl-heavy p99.9 regression PENDING (tooling)
  Degenerate A/B: peak-RSS regression (worst row) PENDING (tooling)
  Memory-mode node constructs zero tiered tables PENDING (tooling)
  Tiering code-path counters identically zero PENDING (tooling)
  Write amplification, worst tiered namespace PASS
  Memory-only rows append zero log records (M2 posture carried) PENDING (tooling)
  Mixed-node attribution divergence (M4-S20) PENDING (tooling)
  Cache-namespace p99 isolation under the mixed node (M4-S20) PENDING (tooling)
  Hot set at memory speed: memory-hit p50 delta PENDING (tooling)
  Hot set at memory speed: memory-hit p99 delta PENDING (tooling)
  Hot set at memory speed: memory-hit p99.9 delta PENDING (tooling)
  Cold reads: p99 < 1.5 ms on NVMe under loaded zipfian rows FAIL (DEV-TIER, non-binding)
  Memory honesty: RSS slope over the 24 h endurance run PENDING (tooling)
  Endurance: zero crashes over the full 24 h run PENDING (tooling)
  M3 regression: worst M3 gate delta on memory-mode namespaces PENDING (tooling)
  Recovery with tiering on: replay throughput per cell PENDING (tooling)
  Recovery with tiering on: 10 GB boot   PENDING (tooling)
  Never-none invariant: zero violations in the 10k-seed DST sweep PENDING (tooling)
  Crash + ENOSPC matrices: all fault points green PENDING (tooling)
  Foreground protection: p99.9 during demotion + compaction storms PENDING (tooling)

gate-run: report written to .artifacts/v0.4.0/soak-unified-20260807-0227/legs/1786126247-gate-run/report.md
inf-bench env-check
  PROBE                RESULT
  git-dirty-tree       FAIL  dirty git tree: 1 uncommitted entries
  cpufreq-governor     PASS
  cpufreq-epp          PASS
  thermal-throttle     PASS
  power-source         SKIP  macos-only probe (this host: linux)
  low-power-mode       SKIP  macos-only probe (this host: linux)

  *** DIRTY TREE — dev run only, output is not citation-grade ***

env-check: OK
== ycsb row: ycsb-a-zipfian ==
== ycsb: saturation probe (ycsb-a-zipfian, +50% conns) ==
== ycsb row: ycsb-b-zipfian ==

== gate verdicts ==
  Degenerate A/B: pipelined ops regression PENDING (tooling)
  Degenerate A/B: pipelined p99.9 regression PENDING (tooling)
  Degenerate A/B: unpipelined ops regression PENDING (tooling)
  Degenerate A/B: unpipelined p99.9 regression PENDING (tooling)
  Degenerate A/B: ttl-heavy ops regression PENDING (tooling)
  Degenerate A/B: ttl-heavy p99.9 regression PENDING (tooling)
  Degenerate A/B: peak-RSS regression (worst row) PENDING (tooling)
  Memory-mode node constructs zero tiered tables PENDING (tooling)
  Tiering code-path counters identically zero PENDING (tooling)
  Write amplification, worst tiered namespace PASS
  Memory-only rows append zero log records (M2 posture carried) PENDING (tooling)
  Mixed-node attribution divergence (M4-S20) PENDING (tooling)
  Cache-namespace p99 isolation under the mixed node (M4-S20) PENDING (tooling)
  Hot set at memory speed: memory-hit p50 delta PENDING (tooling)
  Hot set at memory speed: memory-hit p99 delta PENDING (tooling)
  Hot set at memory speed: memory-hit p99.9 delta PENDING (tooling)
  Cold reads: p99 < 1.5 ms on NVMe under loaded zipfian rows FAIL (DEV-TIER, non-binding)
  Memory honesty: RSS slope over the 24 h endurance run PENDING (tooling)
  Endurance: zero crashes over the full 24 h run PENDING (tooling)
  M3 regression: worst M3 gate delta on memory-mode namespaces PENDING (tooling)
  Recovery with tiering on: replay throughput per cell PENDING (tooling)
  Recovery with tiering on: 10 GB boot   PENDING (tooling)
  Never-none invariant: zero violations in the 10k-seed DST sweep PENDING (tooling)
  Crash + ENOSPC matrices: all fault points green PENDING (tooling)
  Foreground protection: p99.9 during demotion + compaction storms PENDING (tooling)

gate-run: report written to .artifacts/v0.4.0/soak-unified-20260807-0227/legs/1786127751-gate-run/report.md
inf-bench env-check
  PROBE                RESULT
  git-dirty-tree       FAIL  dirty git tree: 1 uncommitted entries
  cpufreq-governor     PASS
  cpufreq-epp          PASS
  thermal-throttle     PASS
  power-source         SKIP  macos-only probe (this host: linux)
  low-power-mode       SKIP  macos-only probe (this host: linux)

  *** DIRTY TREE — dev run only, output is not citation-grade ***

env-check: OK
== ycsb row: ycsb-a-zipfian ==
== ycsb: saturation probe (ycsb-a-zipfian, +50% conns) ==
== ycsb row: ycsb-b-zipfian ==

== gate verdicts ==
  Degenerate A/B: pipelined ops regression PENDING (tooling)
  Degenerate A/B: pipelined p99.9 regression PENDING (tooling)
  Degenerate A/B: unpipelined ops regression PENDING (tooling)
  Degenerate A/B: unpipelined p99.9 regression PENDING (tooling)
  Degenerate A/B: ttl-heavy ops regression PENDING (tooling)
  Degenerate A/B: ttl-heavy p99.9 regression PENDING (tooling)
  Degenerate A/B: peak-RSS regression (worst row) PENDING (tooling)
  Memory-mode node constructs zero tiered tables PENDING (tooling)
  Tiering code-path counters identically zero PENDING (tooling)
  Write amplification, worst tiered namespace PASS
  Memory-only rows append zero log records (M2 posture carried) PENDING (tooling)
  Mixed-node attribution divergence (M4-S20) PENDING (tooling)
  Cache-namespace p99 isolation under the mixed node (M4-S20) PENDING (tooling)
  Hot set at memory speed: memory-hit p50 delta PENDING (tooling)
  Hot set at memory speed: memory-hit p99 delta PENDING (tooling)
  Hot set at memory speed: memory-hit p99.9 delta PENDING (tooling)
  Cold reads: p99 < 1.5 ms on NVMe under loaded zipfian rows FAIL (DEV-TIER, non-binding)
  Memory honesty: RSS slope over the 24 h endurance run PENDING (tooling)
  Endurance: zero crashes over the full 24 h run PENDING (tooling)
  M3 regression: worst M3 gate delta on memory-mode namespaces PENDING (tooling)
  Recovery with tiering on: replay throughput per cell PENDING (tooling)
  Recovery with tiering on: 10 GB boot   PENDING (tooling)
  Never-none invariant: zero violations in the 10k-seed DST sweep PENDING (tooling)
  Crash + ENOSPC matrices: all fault points green PENDING (tooling)
  Foreground protection: p99.9 during demotion + compaction storms PENDING (tooling)

gate-run: report written to .artifacts/v0.4.0/soak-unified-20260807-0227/legs/1786129254-gate-run/report.md
inf-bench env-check
  PROBE                RESULT
  git-dirty-tree       FAIL  dirty git tree: 1 uncommitted entries
  cpufreq-governor     PASS
  cpufreq-epp          PASS
  thermal-throttle     PASS
  power-source         SKIP  macos-only probe (this host: linux)
  low-power-mode       SKIP  macos-only probe (this host: linux)

  *** DIRTY TREE — dev run only, output is not citation-grade ***

env-check: OK
== ycsb row: ycsb-a-zipfian ==
== ycsb: saturation probe (ycsb-a-zipfian, +50% conns) ==
== ycsb row: ycsb-b-zipfian ==

== gate verdicts ==
  Degenerate A/B: pipelined ops regression PENDING (tooling)
  Degenerate A/B: pipelined p99.9 regression PENDING (tooling)
  Degenerate A/B: unpipelined ops regression PENDING (tooling)
  Degenerate A/B: unpipelined p99.9 regression PENDING (tooling)
  Degenerate A/B: ttl-heavy ops regression PENDING (tooling)
  Degenerate A/B: ttl-heavy p99.9 regression PENDING (tooling)
  Degenerate A/B: peak-RSS regression (worst row) PENDING (tooling)
  Memory-mode node constructs zero tiered tables PENDING (tooling)
  Tiering code-path counters identically zero PENDING (tooling)
  Write amplification, worst tiered namespace PASS
  Memory-only rows append zero log records (M2 posture carried) PENDING (tooling)
  Mixed-node attribution divergence (M4-S20) PENDING (tooling)
  Cache-namespace p99 isolation under the mixed node (M4-S20) PENDING (tooling)
  Hot set at memory speed: memory-hit p50 delta PENDING (tooling)
  Hot set at memory speed: memory-hit p99 delta PENDING (tooling)
  Hot set at memory speed: memory-hit p99.9 delta PENDING (tooling)
  Cold reads: p99 < 1.5 ms on NVMe under loaded zipfian rows FAIL (DEV-TIER, non-binding)
  Memory honesty: RSS slope over the 24 h endurance run PENDING (tooling)
  Endurance: zero crashes over the full 24 h run PENDING (tooling)
  M3 regression: worst M3 gate delta on memory-mode namespaces PENDING (tooling)
  Recovery with tiering on: replay throughput per cell PENDING (tooling)
  Recovery with tiering on: 10 GB boot   PENDING (tooling)
  Never-none invariant: zero violations in the 10k-seed DST sweep PENDING (tooling)
  Crash + ENOSPC matrices: all fault points green PENDING (tooling)
  Foreground protection: p99.9 during demotion + compaction storms PENDING (tooling)

gate-run: report written to .artifacts/v0.4.0/soak-unified-20260807-0227/legs/1786130757-gate-run/report.md
inf-bench env-check
  PROBE                RESULT
  git-dirty-tree       FAIL  dirty git tree: 1 uncommitted entries
  cpufreq-governor     PASS
  cpufreq-epp          PASS
  thermal-throttle     PASS
  power-source         SKIP  macos-only probe (this host: linux)
  low-power-mode       SKIP  macos-only probe (this host: linux)

  *** DIRTY TREE — dev run only, output is not citation-grade ***

env-check: OK
== ycsb row: ycsb-a-zipfian ==
== ycsb: saturation probe (ycsb-a-zipfian, +50% conns) ==
== ycsb row: ycsb-b-zipfian ==

== gate verdicts ==
  Degenerate A/B: pipelined ops regression PENDING (tooling)
  Degenerate A/B: pipelined p99.9 regression PENDING (tooling)
  Degenerate A/B: unpipelined ops regression PENDING (tooling)
  Degenerate A/B: unpipelined p99.9 regression PENDING (tooling)
  Degenerate A/B: ttl-heavy ops regression PENDING (tooling)
  Degenerate A/B: ttl-heavy p99.9 regression PENDING (tooling)
  Degenerate A/B: peak-RSS regression (worst row) PENDING (tooling)
  Memory-mode node constructs zero tiered tables PENDING (tooling)
  Tiering code-path counters identically zero PENDING (tooling)
  Write amplification, worst tiered namespace PASS
  Memory-only rows append zero log records (M2 posture carried) PENDING (tooling)
  Mixed-node attribution divergence (M4-S20) PENDING (tooling)
  Cache-namespace p99 isolation under the mixed node (M4-S20) PENDING (tooling)
  Hot set at memory speed: memory-hit p50 delta PENDING (tooling)
  Hot set at memory speed: memory-hit p99 delta PENDING (tooling)
  Hot set at memory speed: memory-hit p99.9 delta PENDING (tooling)
  Cold reads: p99 < 1.5 ms on NVMe under loaded zipfian rows FAIL (DEV-TIER, non-binding)
  Memory honesty: RSS slope over the 24 h endurance run PENDING (tooling)
  Endurance: zero crashes over the full 24 h run PENDING (tooling)
  M3 regression: worst M3 gate delta on memory-mode namespaces PENDING (tooling)
  Recovery with tiering on: replay throughput per cell PENDING (tooling)
  Recovery with tiering on: 10 GB boot   PENDING (tooling)
  Never-none invariant: zero violations in the 10k-seed DST sweep PENDING (tooling)
  Crash + ENOSPC matrices: all fault points green PENDING (tooling)
  Foreground protection: p99.9 during demotion + compaction storms PENDING (tooling)

gate-run: report written to .artifacts/v0.4.0/soak-unified-20260807-0227/legs/1786132261-gate-run/report.md
inf-bench env-check
  PROBE                RESULT
  git-dirty-tree       FAIL  dirty git tree: 1 uncommitted entries
  cpufreq-governor     PASS
  cpufreq-epp          PASS
  thermal-throttle     PASS
  power-source         SKIP  macos-only probe (this host: linux)
  low-power-mode       SKIP  macos-only probe (this host: linux)

  *** DIRTY TREE — dev run only, output is not citation-grade ***

env-check: OK
== ycsb row: ycsb-a-zipfian ==
== ycsb: saturation probe (ycsb-a-zipfian, +50% conns) ==
== ycsb row: ycsb-b-zipfian ==

== gate verdicts ==
  Degenerate A/B: pipelined ops regression PENDING (tooling)
  Degenerate A/B: pipelined p99.9 regression PENDING (tooling)
  Degenerate A/B: unpipelined ops regression PENDING (tooling)
  Degenerate A/B: unpipelined p99.9 regression PENDING (tooling)
  Degenerate A/B: ttl-heavy ops regression PENDING (tooling)
  Degenerate A/B: ttl-heavy p99.9 regression PENDING (tooling)
  Degenerate A/B: peak-RSS regression (worst row) PENDING (tooling)
  Memory-mode node constructs zero tiered tables PENDING (tooling)
  Tiering code-path counters identically zero PENDING (tooling)
  Write amplification, worst tiered namespace PASS
  Memory-only rows append zero log records (M2 posture carried) PENDING (tooling)
  Mixed-node attribution divergence (M4-S20) PENDING (tooling)
  Cache-namespace p99 isolation under the mixed node (M4-S20) PENDING (tooling)
  Hot set at memory speed: memory-hit p50 delta PENDING (tooling)
  Hot set at memory speed: memory-hit p99 delta PENDING (tooling)
  Hot set at memory speed: memory-hit p99.9 delta PENDING (tooling)
  Cold reads: p99 < 1.5 ms on NVMe under loaded zipfian rows FAIL (DEV-TIER, non-binding)
  Memory honesty: RSS slope over the 24 h endurance run PENDING (tooling)
  Endurance: zero crashes over the full 24 h run PENDING (tooling)
  M3 regression: worst M3 gate delta on memory-mode namespaces PENDING (tooling)
  Recovery with tiering on: replay throughput per cell PENDING (tooling)
  Recovery with tiering on: 10 GB boot   PENDING (tooling)
  Never-none invariant: zero violations in the 10k-seed DST sweep PENDING (tooling)
  Crash + ENOSPC matrices: all fault points green PENDING (tooling)
  Foreground protection: p99.9 during demotion + compaction storms PENDING (tooling)

gate-run: report written to .artifacts/v0.4.0/soak-unified-20260807-0227/legs/1786133764-gate-run/report.md
inf-bench env-check
  PROBE                RESULT
  git-dirty-tree       FAIL  dirty git tree: 1 uncommitted entries
  cpufreq-governor     PASS
  cpufreq-epp          PASS
  thermal-throttle     PASS
  power-source         SKIP  macos-only probe (this host: linux)
  low-power-mode       SKIP  macos-only probe (this host: linux)

  *** DIRTY TREE — dev run only, output is not citation-grade ***

env-check: OK
== ycsb row: ycsb-a-zipfian ==
== ycsb: saturation probe (ycsb-a-zipfian, +50% conns) ==
== ycsb row: ycsb-b-zipfian ==

== gate verdicts ==
  Degenerate A/B: pipelined ops regression PENDING (tooling)
  Degenerate A/B: pipelined p99.9 regression PENDING (tooling)
  Degenerate A/B: unpipelined ops regression PENDING (tooling)
  Degenerate A/B: unpipelined p99.9 regression PENDING (tooling)
  Degenerate A/B: ttl-heavy ops regression PENDING (tooling)
  Degenerate A/B: ttl-heavy p99.9 regression PENDING (tooling)
  Degenerate A/B: peak-RSS regression (worst row) PENDING (tooling)
  Memory-mode node constructs zero tiered tables PENDING (tooling)
  Tiering code-path counters identically zero PENDING (tooling)
  Write amplification, worst tiered namespace PASS
  Memory-only rows append zero log records (M2 posture carried) PENDING (tooling)
  Mixed-node attribution divergence (M4-S20) PENDING (tooling)
  Cache-namespace p99 isolation under the mixed node (M4-S20) PENDING (tooling)
  Hot set at memory speed: memory-hit p50 delta PENDING (tooling)
  Hot set at memory speed: memory-hit p99 delta PENDING (tooling)
  Hot set at memory speed: memory-hit p99.9 delta PENDING (tooling)
  Cold reads: p99 < 1.5 ms on NVMe under loaded zipfian rows FAIL (DEV-TIER, non-binding)
  Memory honesty: RSS slope over the 24 h endurance run PENDING (tooling)
  Endurance: zero crashes over the full 24 h run PENDING (tooling)
  M3 regression: worst M3 gate delta on memory-mode namespaces PENDING (tooling)
  Recovery with tiering on: replay throughput per cell PENDING (tooling)
  Recovery with tiering on: 10 GB boot   PENDING (tooling)
  Never-none invariant: zero violations in the 10k-seed DST sweep PENDING (tooling)
  Crash + ENOSPC matrices: all fault points green PENDING (tooling)
  Foreground protection: p99.9 during demotion + compaction storms PENDING (tooling)

gate-run: report written to .artifacts/v0.4.0/soak-unified-20260807-0227/legs/1786135267-gate-run/report.md
inf-bench env-check
  PROBE                RESULT
  git-dirty-tree       FAIL  dirty git tree: 1 uncommitted entries
  cpufreq-governor     PASS
  cpufreq-epp          PASS
  thermal-throttle     PASS
  power-source         SKIP  macos-only probe (this host: linux)
  low-power-mode       SKIP  macos-only probe (this host: linux)

  *** DIRTY TREE — dev run only, output is not citation-grade ***

env-check: OK
== ycsb row: ycsb-a-zipfian ==
== ycsb: saturation probe (ycsb-a-zipfian, +50% conns) ==
== ycsb row: ycsb-b-zipfian ==

== gate verdicts ==
  Degenerate A/B: pipelined ops regression PENDING (tooling)
  Degenerate A/B: pipelined p99.9 regression PENDING (tooling)
  Degenerate A/B: unpipelined ops regression PENDING (tooling)
  Degenerate A/B: unpipelined p99.9 regression PENDING (tooling)
  Degenerate A/B: ttl-heavy ops regression PENDING (tooling)
  Degenerate A/B: ttl-heavy p99.9 regression PENDING (tooling)
  Degenerate A/B: peak-RSS regression (worst row) PENDING (tooling)
  Memory-mode node constructs zero tiered tables PENDING (tooling)
  Tiering code-path counters identically zero PENDING (tooling)
  Write amplification, worst tiered namespace PASS
  Memory-only rows append zero log records (M2 posture carried) PENDING (tooling)
  Mixed-node attribution divergence (M4-S20) PENDING (tooling)
  Cache-namespace p99 isolation under the mixed node (M4-S20) PENDING (tooling)
  Hot set at memory speed: memory-hit p50 delta PENDING (tooling)
  Hot set at memory speed: memory-hit p99 delta PENDING (tooling)
  Hot set at memory speed: memory-hit p99.9 delta PENDING (tooling)
  Cold reads: p99 < 1.5 ms on NVMe under loaded zipfian rows FAIL (DEV-TIER, non-binding)
  Memory honesty: RSS slope over the 24 h endurance run PENDING (tooling)
  Endurance: zero crashes over the full 24 h run PENDING (tooling)
  M3 regression: worst M3 gate delta on memory-mode namespaces PENDING (tooling)
  Recovery with tiering on: replay throughput per cell PENDING (tooling)
  Recovery with tiering on: 10 GB boot   PENDING (tooling)
  Never-none invariant: zero violations in the 10k-seed DST sweep PENDING (tooling)
  Crash + ENOSPC matrices: all fault points green PENDING (tooling)
  Foreground protection: p99.9 during demotion + compaction storms PENDING (tooling)

gate-run: report written to .artifacts/v0.4.0/soak-unified-20260807-0227/legs/1786136771-gate-run/report.md
inf-bench env-check
  PROBE                RESULT
  git-dirty-tree       FAIL  dirty git tree: 1 uncommitted entries
  cpufreq-governor     PASS
  cpufreq-epp          PASS
  thermal-throttle     PASS
  power-source         SKIP  macos-only probe (this host: linux)
  low-power-mode       SKIP  macos-only probe (this host: linux)

  *** DIRTY TREE — dev run only, output is not citation-grade ***

env-check: OK
== ycsb row: ycsb-a-zipfian ==
== ycsb: saturation probe (ycsb-a-zipfian, +50% conns) ==
== ycsb row: ycsb-b-zipfian ==

== gate verdicts ==
  Degenerate A/B: pipelined ops regression PENDING (tooling)
  Degenerate A/B: pipelined p99.9 regression PENDING (tooling)
  Degenerate A/B: unpipelined ops regression PENDING (tooling)
  Degenerate A/B: unpipelined p99.9 regression PENDING (tooling)
  Degenerate A/B: ttl-heavy ops regression PENDING (tooling)
  Degenerate A/B: ttl-heavy p99.9 regression PENDING (tooling)
  Degenerate A/B: peak-RSS regression (worst row) PENDING (tooling)
  Memory-mode node constructs zero tiered tables PENDING (tooling)
  Tiering code-path counters identically zero PENDING (tooling)
  Write amplification, worst tiered namespace PASS
  Memory-only rows append zero log records (M2 posture carried) PENDING (tooling)
  Mixed-node attribution divergence (M4-S20) PENDING (tooling)
  Cache-namespace p99 isolation under the mixed node (M4-S20) PENDING (tooling)
  Hot set at memory speed: memory-hit p50 delta PENDING (tooling)
  Hot set at memory speed: memory-hit p99 delta PENDING (tooling)
  Hot set at memory speed: memory-hit p99.9 delta PENDING (tooling)
  Cold reads: p99 < 1.5 ms on NVMe under loaded zipfian rows FAIL (DEV-TIER, non-binding)
  Memory honesty: RSS slope over the 24 h endurance run PENDING (tooling)
  Endurance: zero crashes over the full 24 h run PENDING (tooling)
  M3 regression: worst M3 gate delta on memory-mode namespaces PENDING (tooling)
  Recovery with tiering on: replay throughput per cell PENDING (tooling)
  Recovery with tiering on: 10 GB boot   PENDING (tooling)
  Never-none invariant: zero violations in the 10k-seed DST sweep PENDING (tooling)
  Crash + ENOSPC matrices: all fault points green PENDING (tooling)
  Foreground protection: p99.9 during demotion + compaction storms PENDING (tooling)

gate-run: report written to .artifacts/v0.4.0/soak-unified-20260807-0227/legs/1786138275-gate-run/report.md
inf-bench env-check
  PROBE                RESULT
  git-dirty-tree       FAIL  dirty git tree: 1 uncommitted entries
  cpufreq-governor     PASS
  cpufreq-epp          PASS
  thermal-throttle     PASS
  power-source         SKIP  macos-only probe (this host: linux)
  low-power-mode       SKIP  macos-only probe (this host: linux)

  *** DIRTY TREE — dev run only, output is not citation-grade ***

env-check: OK
== ycsb row: ycsb-a-zipfian ==
== ycsb: saturation probe (ycsb-a-zipfian, +50% conns) ==
== ycsb row: ycsb-b-zipfian ==

== gate verdicts ==
  Degenerate A/B: pipelined ops regression PENDING (tooling)
  Degenerate A/B: pipelined p99.9 regression PENDING (tooling)
  Degenerate A/B: unpipelined ops regression PENDING (tooling)
  Degenerate A/B: unpipelined p99.9 regression PENDING (tooling)
  Degenerate A/B: ttl-heavy ops regression PENDING (tooling)
  Degenerate A/B: ttl-heavy p99.9 regression PENDING (tooling)
  Degenerate A/B: peak-RSS regression (worst row) PENDING (tooling)
  Memory-mode node constructs zero tiered tables PENDING (tooling)
  Tiering code-path counters identically zero PENDING (tooling)
  Write amplification, worst tiered namespace PASS
  Memory-only rows append zero log records (M2 posture carried) PENDING (tooling)
  Mixed-node attribution divergence (M4-S20) PENDING (tooling)
  Cache-namespace p99 isolation under the mixed node (M4-S20) PENDING (tooling)
  Hot set at memory speed: memory-hit p50 delta PENDING (tooling)
  Hot set at memory speed: memory-hit p99 delta PENDING (tooling)
  Hot set at memory speed: memory-hit p99.9 delta PENDING (tooling)
  Cold reads: p99 < 1.5 ms on NVMe under loaded zipfian rows FAIL (DEV-TIER, non-binding)
  Memory honesty: RSS slope over the 24 h endurance run PENDING (tooling)
  Endurance: zero crashes over the full 24 h run PENDING (tooling)
  M3 regression: worst M3 gate delta on memory-mode namespaces PENDING (tooling)
  Recovery with tiering on: replay throughput per cell PENDING (tooling)
  Recovery with tiering on: 10 GB boot   PENDING (tooling)
  Never-none invariant: zero violations in the 10k-seed DST sweep PENDING (tooling)
  Crash + ENOSPC matrices: all fault points green PENDING (tooling)
  Foreground protection: p99.9 during demotion + compaction storms PENDING (tooling)

gate-run: report written to .artifacts/v0.4.0/soak-unified-20260807-0227/legs/1786139778-gate-run/report.md
inf-bench env-check
  PROBE                RESULT
  git-dirty-tree       FAIL  dirty git tree: 1 uncommitted entries
  cpufreq-governor     PASS
  cpufreq-epp          PASS
  thermal-throttle     PASS
  power-source         SKIP  macos-only probe (this host: linux)
  low-power-mode       SKIP  macos-only probe (this host: linux)

  *** DIRTY TREE — dev run only, output is not citation-grade ***

env-check: OK
== ycsb row: ycsb-a-zipfian ==
== ycsb: saturation probe (ycsb-a-zipfian, +50% conns) ==
== ycsb row: ycsb-b-zipfian ==

== gate verdicts ==
  Degenerate A/B: pipelined ops regression PENDING (tooling)
  Degenerate A/B: pipelined p99.9 regression PENDING (tooling)
  Degenerate A/B: unpipelined ops regression PENDING (tooling)
  Degenerate A/B: unpipelined p99.9 regression PENDING (tooling)
  Degenerate A/B: ttl-heavy ops regression PENDING (tooling)
  Degenerate A/B: ttl-heavy p99.9 regression PENDING (tooling)
  Degenerate A/B: peak-RSS regression (worst row) PENDING (tooling)
  Memory-mode node constructs zero tiered tables PENDING (tooling)
  Tiering code-path counters identically zero PENDING (tooling)
  Write amplification, worst tiered namespace PASS
  Memory-only rows append zero log records (M2 posture carried) PENDING (tooling)
  Mixed-node attribution divergence (M4-S20) PENDING (tooling)
  Cache-namespace p99 isolation under the mixed node (M4-S20) PENDING (tooling)
  Hot set at memory speed: memory-hit p50 delta PENDING (tooling)
  Hot set at memory speed: memory-hit p99 delta PENDING (tooling)
  Hot set at memory speed: memory-hit p99.9 delta PENDING (tooling)
  Cold reads: p99 < 1.5 ms on NVMe under loaded zipfian rows FAIL (DEV-TIER, non-binding)
  Memory honesty: RSS slope over the 24 h endurance run PENDING (tooling)
  Endurance: zero crashes over the full 24 h run PENDING (tooling)
  M3 regression: worst M3 gate delta on memory-mode namespaces PENDING (tooling)
  Recovery with tiering on: replay throughput per cell PENDING (tooling)
  Recovery with tiering on: 10 GB boot   PENDING (tooling)
  Never-none invariant: zero violations in the 10k-seed DST sweep PENDING (tooling)
  Crash + ENOSPC matrices: all fault points green PENDING (tooling)
  Foreground protection: p99.9 during demotion + compaction storms PENDING (tooling)

gate-run: report written to .artifacts/v0.4.0/soak-unified-20260807-0227/legs/1786141282-gate-run/report.md
inf-bench env-check
  PROBE                RESULT
  git-dirty-tree       FAIL  dirty git tree: 1 uncommitted entries
  cpufreq-governor     PASS
  cpufreq-epp          PASS
  thermal-throttle     PASS
  power-source         SKIP  macos-only probe (this host: linux)
  low-power-mode       SKIP  macos-only probe (this host: linux)

  *** DIRTY TREE — dev run only, output is not citation-grade ***

env-check: OK
== ycsb row: ycsb-a-zipfian ==
== ycsb: saturation probe (ycsb-a-zipfian, +50% conns) ==
== ycsb row: ycsb-b-zipfian ==

== gate verdicts ==
  Degenerate A/B: pipelined ops regression PENDING (tooling)
  Degenerate A/B: pipelined p99.9 regression PENDING (tooling)
  Degenerate A/B: unpipelined ops regression PENDING (tooling)
  Degenerate A/B: unpipelined p99.9 regression PENDING (tooling)
  Degenerate A/B: ttl-heavy ops regression PENDING (tooling)
  Degenerate A/B: ttl-heavy p99.9 regression PENDING (tooling)
  Degenerate A/B: peak-RSS regression (worst row) PENDING (tooling)
  Memory-mode node constructs zero tiered tables PENDING (tooling)
  Tiering code-path counters identically zero PENDING (tooling)
  Write amplification, worst tiered namespace PASS
  Memory-only rows append zero log records (M2 posture carried) PENDING (tooling)
  Mixed-node attribution divergence (M4-S20) PENDING (tooling)
  Cache-namespace p99 isolation under the mixed node (M4-S20) PENDING (tooling)
  Hot set at memory speed: memory-hit p50 delta PENDING (tooling)
  Hot set at memory speed: memory-hit p99 delta PENDING (tooling)
  Hot set at memory speed: memory-hit p99.9 delta PENDING (tooling)
  Cold reads: p99 < 1.5 ms on NVMe under loaded zipfian rows FAIL (DEV-TIER, non-binding)
  Memory honesty: RSS slope over the 24 h endurance run PENDING (tooling)
  Endurance: zero crashes over the full 24 h run PENDING (tooling)
  M3 regression: worst M3 gate delta on memory-mode namespaces PENDING (tooling)
  Recovery with tiering on: replay throughput per cell PENDING (tooling)
  Recovery with tiering on: 10 GB boot   PENDING (tooling)
  Never-none invariant: zero violations in the 10k-seed DST sweep PENDING (tooling)
  Crash + ENOSPC matrices: all fault points green PENDING (tooling)
  Foreground protection: p99.9 during demotion + compaction storms PENDING (tooling)

gate-run: report written to .artifacts/v0.4.0/soak-unified-20260807-0227/legs/1786142785-gate-run/report.md
inf-bench env-check
  PROBE                RESULT
  git-dirty-tree       FAIL  dirty git tree: 1 uncommitted entries
  cpufreq-governor     PASS
  cpufreq-epp          PASS
  thermal-throttle     PASS
  power-source         SKIP  macos-only probe (this host: linux)
  low-power-mode       SKIP  macos-only probe (this host: linux)

  *** DIRTY TREE — dev run only, output is not citation-grade ***

env-check: OK
== ycsb row: ycsb-a-zipfian ==
== ycsb: saturation probe (ycsb-a-zipfian, +50% conns) ==
== ycsb row: ycsb-b-zipfian ==

== gate verdicts ==
  Degenerate A/B: pipelined ops regression PENDING (tooling)
  Degenerate A/B: pipelined p99.9 regression PENDING (tooling)
  Degenerate A/B: unpipelined ops regression PENDING (tooling)
  Degenerate A/B: unpipelined p99.9 regression PENDING (tooling)
  Degenerate A/B: ttl-heavy ops regression PENDING (tooling)
  Degenerate A/B: ttl-heavy p99.9 regression PENDING (tooling)
  Degenerate A/B: peak-RSS regression (worst row) PENDING (tooling)
  Memory-mode node constructs zero tiered tables PENDING (tooling)
  Tiering code-path counters identically zero PENDING (tooling)
  Write amplification, worst tiered namespace PASS
  Memory-only rows append zero log records (M2 posture carried) PENDING (tooling)
  Mixed-node attribution divergence (M4-S20) PENDING (tooling)
  Cache-namespace p99 isolation under the mixed node (M4-S20) PENDING (tooling)
  Hot set at memory speed: memory-hit p50 delta PENDING (tooling)
  Hot set at memory speed: memory-hit p99 delta PENDING (tooling)
  Hot set at memory speed: memory-hit p99.9 delta PENDING (tooling)
  Cold reads: p99 < 1.5 ms on NVMe under loaded zipfian rows FAIL (DEV-TIER, non-binding)
  Memory honesty: RSS slope over the 24 h endurance run PENDING (tooling)
  Endurance: zero crashes over the full 24 h run PENDING (tooling)
  M3 regression: worst M3 gate delta on memory-mode namespaces PENDING (tooling)
  Recovery with tiering on: replay throughput per cell PENDING (tooling)
  Recovery with tiering on: 10 GB boot   PENDING (tooling)
  Never-none invariant: zero violations in the 10k-seed DST sweep PENDING (tooling)
  Crash + ENOSPC matrices: all fault points green PENDING (tooling)
  Foreground protection: p99.9 during demotion + compaction storms PENDING (tooling)

gate-run: report written to .artifacts/v0.4.0/soak-unified-20260807-0227/legs/1786144289-gate-run/report.md
inf-bench env-check
  PROBE                RESULT
  git-dirty-tree       FAIL  dirty git tree: 1 uncommitted entries
  cpufreq-governor     PASS
  cpufreq-epp          PASS
  thermal-throttle     PASS
  power-source         SKIP  macos-only probe (this host: linux)
  low-power-mode       SKIP  macos-only probe (this host: linux)

  *** DIRTY TREE — dev run only, output is not citation-grade ***

env-check: OK
== ycsb row: ycsb-a-zipfian ==
== ycsb: saturation probe (ycsb-a-zipfian, +50% conns) ==
== ycsb row: ycsb-b-zipfian ==

== gate verdicts ==
  Degenerate A/B: pipelined ops regression PENDING (tooling)
  Degenerate A/B: pipelined p99.9 regression PENDING (tooling)
  Degenerate A/B: unpipelined ops regression PENDING (tooling)
  Degenerate A/B: unpipelined p99.9 regression PENDING (tooling)
  Degenerate A/B: ttl-heavy ops regression PENDING (tooling)
  Degenerate A/B: ttl-heavy p99.9 regression PENDING (tooling)
  Degenerate A/B: peak-RSS regression (worst row) PENDING (tooling)
  Memory-mode node constructs zero tiered tables PENDING (tooling)
  Tiering code-path counters identically zero PENDING (tooling)
  Write amplification, worst tiered namespace PASS
  Memory-only rows append zero log records (M2 posture carried) PENDING (tooling)
  Mixed-node attribution divergence (M4-S20) PENDING (tooling)
  Cache-namespace p99 isolation under the mixed node (M4-S20) PENDING (tooling)
  Hot set at memory speed: memory-hit p50 delta PENDING (tooling)
  Hot set at memory speed: memory-hit p99 delta PENDING (tooling)
  Hot set at memory speed: memory-hit p99.9 delta PENDING (tooling)
  Cold reads: p99 < 1.5 ms on NVMe under loaded zipfian rows FAIL (DEV-TIER, non-binding)
  Memory honesty: RSS slope over the 24 h endurance run PENDING (tooling)
  Endurance: zero crashes over the full 24 h run PENDING (tooling)
  M3 regression: worst M3 gate delta on memory-mode namespaces PENDING (tooling)
  Recovery with tiering on: replay throughput per cell PENDING (tooling)
  Recovery with tiering on: 10 GB boot   PENDING (tooling)
  Never-none invariant: zero violations in the 10k-seed DST sweep PENDING (tooling)
  Crash + ENOSPC matrices: all fault points green PENDING (tooling)
  Foreground protection: p99.9 during demotion + compaction storms PENDING (tooling)

gate-run: report written to .artifacts/v0.4.0/soak-unified-20260807-0227/legs/1786145792-gate-run/report.md
inf-bench env-check
  PROBE                RESULT
  git-dirty-tree       FAIL  dirty git tree: 1 uncommitted entries
  cpufreq-governor     PASS
  cpufreq-epp          PASS
  thermal-throttle     PASS
  power-source         SKIP  macos-only probe (this host: linux)
  low-power-mode       SKIP  macos-only probe (this host: linux)

  *** DIRTY TREE — dev run only, output is not citation-grade ***

env-check: OK
== ycsb row: ycsb-a-zipfian ==
== ycsb: saturation probe (ycsb-a-zipfian, +50% conns) ==
== ycsb row: ycsb-b-zipfian ==

== gate verdicts ==
  Degenerate A/B: pipelined ops regression PENDING (tooling)
  Degenerate A/B: pipelined p99.9 regression PENDING (tooling)
  Degenerate A/B: unpipelined ops regression PENDING (tooling)
  Degenerate A/B: unpipelined p99.9 regression PENDING (tooling)
  Degenerate A/B: ttl-heavy ops regression PENDING (tooling)
  Degenerate A/B: ttl-heavy p99.9 regression PENDING (tooling)
  Degenerate A/B: peak-RSS regression (worst row) PENDING (tooling)
  Memory-mode node constructs zero tiered tables PENDING (tooling)
  Tiering code-path counters identically zero PENDING (tooling)
  Write amplification, worst tiered namespace PASS
  Memory-only rows append zero log records (M2 posture carried) PENDING (tooling)
  Mixed-node attribution divergence (M4-S20) PENDING (tooling)
  Cache-namespace p99 isolation under the mixed node (M4-S20) PENDING (tooling)
  Hot set at memory speed: memory-hit p50 delta PENDING (tooling)
  Hot set at memory speed: memory-hit p99 delta PENDING (tooling)
  Hot set at memory speed: memory-hit p99.9 delta PENDING (tooling)
  Cold reads: p99 < 1.5 ms on NVMe under loaded zipfian rows FAIL (DEV-TIER, non-binding)
  Memory honesty: RSS slope over the 24 h endurance run PENDING (tooling)
  Endurance: zero crashes over the full 24 h run PENDING (tooling)
  M3 regression: worst M3 gate delta on memory-mode namespaces PENDING (tooling)
  Recovery with tiering on: replay throughput per cell PENDING (tooling)
  Recovery with tiering on: 10 GB boot   PENDING (tooling)
  Never-none invariant: zero violations in the 10k-seed DST sweep PENDING (tooling)
  Crash + ENOSPC matrices: all fault points green PENDING (tooling)
  Foreground protection: p99.9 during demotion + compaction storms PENDING (tooling)

gate-run: report written to .artifacts/v0.4.0/soak-unified-20260807-0227/legs/1786147296-gate-run/report.md
inf-bench env-check
  PROBE                RESULT
  git-dirty-tree       FAIL  dirty git tree: 1 uncommitted entries
  cpufreq-governor     PASS
  cpufreq-epp          PASS
  thermal-throttle     PASS
  power-source         SKIP  macos-only probe (this host: linux)
  low-power-mode       SKIP  macos-only probe (this host: linux)

  *** DIRTY TREE — dev run only, output is not citation-grade ***

env-check: OK
== ycsb row: ycsb-a-zipfian ==
== ycsb: saturation probe (ycsb-a-zipfian, +50% conns) ==
== ycsb row: ycsb-b-zipfian ==

== gate verdicts ==
  Degenerate A/B: pipelined ops regression PENDING (tooling)
  Degenerate A/B: pipelined p99.9 regression PENDING (tooling)
  Degenerate A/B: unpipelined ops regression PENDING (tooling)
  Degenerate A/B: unpipelined p99.9 regression PENDING (tooling)
  Degenerate A/B: ttl-heavy ops regression PENDING (tooling)
  Degenerate A/B: ttl-heavy p99.9 regression PENDING (tooling)
  Degenerate A/B: peak-RSS regression (worst row) PENDING (tooling)
  Memory-mode node constructs zero tiered tables PENDING (tooling)
  Tiering code-path counters identically zero PENDING (tooling)
  Write amplification, worst tiered namespace PASS
  Memory-only rows append zero log records (M2 posture carried) PENDING (tooling)
  Mixed-node attribution divergence (M4-S20) PENDING (tooling)
  Cache-namespace p99 isolation under the mixed node (M4-S20) PENDING (tooling)
  Hot set at memory speed: memory-hit p50 delta PENDING (tooling)
  Hot set at memory speed: memory-hit p99 delta PENDING (tooling)
  Hot set at memory speed: memory-hit p99.9 delta PENDING (tooling)
  Cold reads: p99 < 1.5 ms on NVMe under loaded zipfian rows FAIL (DEV-TIER, non-binding)
  Memory honesty: RSS slope over the 24 h endurance run PENDING (tooling)
  Endurance: zero crashes over the full 24 h run PENDING (tooling)
  M3 regression: worst M3 gate delta on memory-mode namespaces PENDING (tooling)
  Recovery with tiering on: replay throughput per cell PENDING (tooling)
  Recovery with tiering on: 10 GB boot   PENDING (tooling)
  Never-none invariant: zero violations in the 10k-seed DST sweep PENDING (tooling)
  Crash + ENOSPC matrices: all fault points green PENDING (tooling)
  Foreground protection: p99.9 during demotion + compaction storms PENDING (tooling)

gate-run: report written to .artifacts/v0.4.0/soak-unified-20260807-0227/legs/1786148799-gate-run/report.md
inf-bench env-check
  PROBE                RESULT
  git-dirty-tree       FAIL  dirty git tree: 1 uncommitted entries
  cpufreq-governor     PASS
  cpufreq-epp          PASS
  thermal-throttle     PASS
  power-source         SKIP  macos-only probe (this host: linux)
  low-power-mode       SKIP  macos-only probe (this host: linux)

  *** DIRTY TREE — dev run only, output is not citation-grade ***

env-check: OK
== ycsb row: ycsb-a-zipfian ==
== ycsb: saturation probe (ycsb-a-zipfian, +50% conns) ==
== ycsb row: ycsb-b-zipfian ==

== gate verdicts ==
  Degenerate A/B: pipelined ops regression PENDING (tooling)
  Degenerate A/B: pipelined p99.9 regression PENDING (tooling)
  Degenerate A/B: unpipelined ops regression PENDING (tooling)
  Degenerate A/B: unpipelined p99.9 regression PENDING (tooling)
  Degenerate A/B: ttl-heavy ops regression PENDING (tooling)
  Degenerate A/B: ttl-heavy p99.9 regression PENDING (tooling)
  Degenerate A/B: peak-RSS regression (worst row) PENDING (tooling)
  Memory-mode node constructs zero tiered tables PENDING (tooling)
  Tiering code-path counters identically zero PENDING (tooling)
  Write amplification, worst tiered namespace PASS
  Memory-only rows append zero log records (M2 posture carried) PENDING (tooling)
  Mixed-node attribution divergence (M4-S20) PENDING (tooling)
  Cache-namespace p99 isolation under the mixed node (M4-S20) PENDING (tooling)
  Hot set at memory speed: memory-hit p50 delta PENDING (tooling)
  Hot set at memory speed: memory-hit p99 delta PENDING (tooling)
  Hot set at memory speed: memory-hit p99.9 delta PENDING (tooling)
  Cold reads: p99 < 1.5 ms on NVMe under loaded zipfian rows FAIL (DEV-TIER, non-binding)
  Memory honesty: RSS slope over the 24 h endurance run PENDING (tooling)
  Endurance: zero crashes over the full 24 h run PENDING (tooling)
  M3 regression: worst M3 gate delta on memory-mode namespaces PENDING (tooling)
  Recovery with tiering on: replay throughput per cell PENDING (tooling)
  Recovery with tiering on: 10 GB boot   PENDING (tooling)
  Never-none invariant: zero violations in the 10k-seed DST sweep PENDING (tooling)
  Crash + ENOSPC matrices: all fault points green PENDING (tooling)
  Foreground protection: p99.9 during demotion + compaction storms PENDING (tooling)

gate-run: report written to .artifacts/v0.4.0/soak-unified-20260807-0227/legs/1786150303-gate-run/report.md
inf-bench env-check
  PROBE                RESULT
  git-dirty-tree       FAIL  dirty git tree: 1 uncommitted entries
  cpufreq-governor     PASS
  cpufreq-epp          PASS
  thermal-throttle     PASS
  power-source         SKIP  macos-only probe (this host: linux)
  low-power-mode       SKIP  macos-only probe (this host: linux)

  *** DIRTY TREE — dev run only, output is not citation-grade ***

env-check: OK
== ycsb row: ycsb-a-zipfian ==
== ycsb: saturation probe (ycsb-a-zipfian, +50% conns) ==
== ycsb row: ycsb-b-zipfian ==

== gate verdicts ==
  Degenerate A/B: pipelined ops regression PENDING (tooling)
  Degenerate A/B: pipelined p99.9 regression PENDING (tooling)
  Degenerate A/B: unpipelined ops regression PENDING (tooling)
  Degenerate A/B: unpipelined p99.9 regression PENDING (tooling)
  Degenerate A/B: ttl-heavy ops regression PENDING (tooling)
  Degenerate A/B: ttl-heavy p99.9 regression PENDING (tooling)
  Degenerate A/B: peak-RSS regression (worst row) PENDING (tooling)
  Memory-mode node constructs zero tiered tables PENDING (tooling)
  Tiering code-path counters identically zero PENDING (tooling)
  Write amplification, worst tiered namespace PASS
  Memory-only rows append zero log records (M2 posture carried) PENDING (tooling)
  Mixed-node attribution divergence (M4-S20) PENDING (tooling)
  Cache-namespace p99 isolation under the mixed node (M4-S20) PENDING (tooling)
  Hot set at memory speed: memory-hit p50 delta PENDING (tooling)
  Hot set at memory speed: memory-hit p99 delta PENDING (tooling)
  Hot set at memory speed: memory-hit p99.9 delta PENDING (tooling)
  Cold reads: p99 < 1.5 ms on NVMe under loaded zipfian rows FAIL (DEV-TIER, non-binding)
  Memory honesty: RSS slope over the 24 h endurance run PENDING (tooling)
  Endurance: zero crashes over the full 24 h run PENDING (tooling)
  M3 regression: worst M3 gate delta on memory-mode namespaces PENDING (tooling)
  Recovery with tiering on: replay throughput per cell PENDING (tooling)
  Recovery with tiering on: 10 GB boot   PENDING (tooling)
  Never-none invariant: zero violations in the 10k-seed DST sweep PENDING (tooling)
  Crash + ENOSPC matrices: all fault points green PENDING (tooling)
  Foreground protection: p99.9 during demotion + compaction storms PENDING (tooling)

gate-run: report written to .artifacts/v0.4.0/soak-unified-20260807-0227/legs/1786151806-gate-run/report.md
inf-bench env-check
  PROBE                RESULT
  git-dirty-tree       FAIL  dirty git tree: 1 uncommitted entries
  cpufreq-governor     PASS
  cpufreq-epp          PASS
  thermal-throttle     PASS
  power-source         SKIP  macos-only probe (this host: linux)
  low-power-mode       SKIP  macos-only probe (this host: linux)

  *** DIRTY TREE — dev run only, output is not citation-grade ***

env-check: OK
== ycsb row: ycsb-a-zipfian ==
== ycsb: saturation probe (ycsb-a-zipfian, +50% conns) ==
== ycsb row: ycsb-b-zipfian ==

== gate verdicts ==
  Degenerate A/B: pipelined ops regression PENDING (tooling)
  Degenerate A/B: pipelined p99.9 regression PENDING (tooling)
  Degenerate A/B: unpipelined ops regression PENDING (tooling)
  Degenerate A/B: unpipelined p99.9 regression PENDING (tooling)
  Degenerate A/B: ttl-heavy ops regression PENDING (tooling)
  Degenerate A/B: ttl-heavy p99.9 regression PENDING (tooling)
  Degenerate A/B: peak-RSS regression (worst row) PENDING (tooling)
  Memory-mode node constructs zero tiered tables PENDING (tooling)
  Tiering code-path counters identically zero PENDING (tooling)
  Write amplification, worst tiered namespace PASS
  Memory-only rows append zero log records (M2 posture carried) PENDING (tooling)
  Mixed-node attribution divergence (M4-S20) PENDING (tooling)
  Cache-namespace p99 isolation under the mixed node (M4-S20) PENDING (tooling)
  Hot set at memory speed: memory-hit p50 delta PENDING (tooling)
  Hot set at memory speed: memory-hit p99 delta PENDING (tooling)
  Hot set at memory speed: memory-hit p99.9 delta PENDING (tooling)
  Cold reads: p99 < 1.5 ms on NVMe under loaded zipfian rows FAIL (DEV-TIER, non-binding)
  Memory honesty: RSS slope over the 24 h endurance run PENDING (tooling)
  Endurance: zero crashes over the full 24 h run PENDING (tooling)
  M3 regression: worst M3 gate delta on memory-mode namespaces PENDING (tooling)
  Recovery with tiering on: replay throughput per cell PENDING (tooling)
  Recovery with tiering on: 10 GB boot   PENDING (tooling)
  Never-none invariant: zero violations in the 10k-seed DST sweep PENDING (tooling)
  Crash + ENOSPC matrices: all fault points green PENDING (tooling)
  Foreground protection: p99.9 during demotion + compaction storms PENDING (tooling)

gate-run: report written to .artifacts/v0.4.0/soak-unified-20260807-0227/legs/1786153309-gate-run/report.md
inf-bench env-check
  PROBE                RESULT
  git-dirty-tree       FAIL  dirty git tree: 1 uncommitted entries
  cpufreq-governor     PASS
  cpufreq-epp          PASS
  thermal-throttle     PASS
  power-source         SKIP  macos-only probe (this host: linux)
  low-power-mode       SKIP  macos-only probe (this host: linux)

  *** DIRTY TREE — dev run only, output is not citation-grade ***

env-check: OK
== ycsb row: ycsb-a-zipfian ==
== ycsb: saturation probe (ycsb-a-zipfian, +50% conns) ==
== ycsb row: ycsb-b-zipfian ==

== gate verdicts ==
  Degenerate A/B: pipelined ops regression PENDING (tooling)
  Degenerate A/B: pipelined p99.9 regression PENDING (tooling)
  Degenerate A/B: unpipelined ops regression PENDING (tooling)
  Degenerate A/B: unpipelined p99.9 regression PENDING (tooling)
  Degenerate A/B: ttl-heavy ops regression PENDING (tooling)
  Degenerate A/B: ttl-heavy p99.9 regression PENDING (tooling)
  Degenerate A/B: peak-RSS regression (worst row) PENDING (tooling)
  Memory-mode node constructs zero tiered tables PENDING (tooling)
  Tiering code-path counters identically zero PENDING (tooling)
  Write amplification, worst tiered namespace PASS
  Memory-only rows append zero log records (M2 posture carried) PENDING (tooling)
  Mixed-node attribution divergence (M4-S20) PENDING (tooling)
  Cache-namespace p99 isolation under the mixed node (M4-S20) PENDING (tooling)
  Hot set at memory speed: memory-hit p50 delta PENDING (tooling)
  Hot set at memory speed: memory-hit p99 delta PENDING (tooling)
  Hot set at memory speed: memory-hit p99.9 delta PENDING (tooling)
  Cold reads: p99 < 1.5 ms on NVMe under loaded zipfian rows FAIL (DEV-TIER, non-binding)
  Memory honesty: RSS slope over the 24 h endurance run PENDING (tooling)
  Endurance: zero crashes over the full 24 h run PENDING (tooling)
  M3 regression: worst M3 gate delta on memory-mode namespaces PENDING (tooling)
  Recovery with tiering on: replay throughput per cell PENDING (tooling)
  Recovery with tiering on: 10 GB boot   PENDING (tooling)
  Never-none invariant: zero violations in the 10k-seed DST sweep PENDING (tooling)
  Crash + ENOSPC matrices: all fault points green PENDING (tooling)
  Foreground protection: p99.9 during demotion + compaction storms PENDING (tooling)

gate-run: report written to .artifacts/v0.4.0/soak-unified-20260807-0227/legs/1786154813-gate-run/report.md
inf-bench env-check
  PROBE                RESULT
  git-dirty-tree       FAIL  dirty git tree: 1 uncommitted entries
  cpufreq-governor     PASS
  cpufreq-epp          PASS
  thermal-throttle     PASS
  power-source         SKIP  macos-only probe (this host: linux)
  low-power-mode       SKIP  macos-only probe (this host: linux)

  *** DIRTY TREE — dev run only, output is not citation-grade ***

env-check: OK
== ycsb row: ycsb-a-zipfian ==
== ycsb: saturation probe (ycsb-a-zipfian, +50% conns) ==
== ycsb row: ycsb-b-zipfian ==

== gate verdicts ==
  Degenerate A/B: pipelined ops regression PENDING (tooling)
  Degenerate A/B: pipelined p99.9 regression PENDING (tooling)
  Degenerate A/B: unpipelined ops regression PENDING (tooling)
  Degenerate A/B: unpipelined p99.9 regression PENDING (tooling)
  Degenerate A/B: ttl-heavy ops regression PENDING (tooling)
  Degenerate A/B: ttl-heavy p99.9 regression PENDING (tooling)
  Degenerate A/B: peak-RSS regression (worst row) PENDING (tooling)
  Memory-mode node constructs zero tiered tables PENDING (tooling)
  Tiering code-path counters identically zero PENDING (tooling)
  Write amplification, worst tiered namespace PASS
  Memory-only rows append zero log records (M2 posture carried) PENDING (tooling)
  Mixed-node attribution divergence (M4-S20) PENDING (tooling)
  Cache-namespace p99 isolation under the mixed node (M4-S20) PENDING (tooling)
  Hot set at memory speed: memory-hit p50 delta PENDING (tooling)
  Hot set at memory speed: memory-hit p99 delta PENDING (tooling)
  Hot set at memory speed: memory-hit p99.9 delta PENDING (tooling)
  Cold reads: p99 < 1.5 ms on NVMe under loaded zipfian rows FAIL (DEV-TIER, non-binding)
  Memory honesty: RSS slope over the 24 h endurance run PENDING (tooling)
  Endurance: zero crashes over the full 24 h run PENDING (tooling)
  M3 regression: worst M3 gate delta on memory-mode namespaces PENDING (tooling)
  Recovery with tiering on: replay throughput per cell PENDING (tooling)
  Recovery with tiering on: 10 GB boot   PENDING (tooling)
  Never-none invariant: zero violations in the 10k-seed DST sweep PENDING (tooling)
  Crash + ENOSPC matrices: all fault points green PENDING (tooling)
  Foreground protection: p99.9 during demotion + compaction storms PENDING (tooling)

gate-run: report written to .artifacts/v0.4.0/soak-unified-20260807-0227/legs/1786156316-gate-run/report.md
inf-bench env-check
  PROBE                RESULT
  git-dirty-tree       FAIL  dirty git tree: 1 uncommitted entries
  cpufreq-governor     PASS
  cpufreq-epp          PASS
  thermal-throttle     PASS
  power-source         SKIP  macos-only probe (this host: linux)
  low-power-mode       SKIP  macos-only probe (this host: linux)

  *** DIRTY TREE — dev run only, output is not citation-grade ***

env-check: OK
== ycsb row: ycsb-a-zipfian ==
== ycsb: saturation probe (ycsb-a-zipfian, +50% conns) ==
== ycsb row: ycsb-b-zipfian ==

== gate verdicts ==
  Degenerate A/B: pipelined ops regression PENDING (tooling)
  Degenerate A/B: pipelined p99.9 regression PENDING (tooling)
  Degenerate A/B: unpipelined ops regression PENDING (tooling)
  Degenerate A/B: unpipelined p99.9 regression PENDING (tooling)
  Degenerate A/B: ttl-heavy ops regression PENDING (tooling)
  Degenerate A/B: ttl-heavy p99.9 regression PENDING (tooling)
  Degenerate A/B: peak-RSS regression (worst row) PENDING (tooling)
  Memory-mode node constructs zero tiered tables PENDING (tooling)
  Tiering code-path counters identically zero PENDING (tooling)
  Write amplification, worst tiered namespace PASS
  Memory-only rows append zero log records (M2 posture carried) PENDING (tooling)
  Mixed-node attribution divergence (M4-S20) PENDING (tooling)
  Cache-namespace p99 isolation under the mixed node (M4-S20) PENDING (tooling)
  Hot set at memory speed: memory-hit p50 delta PENDING (tooling)
  Hot set at memory speed: memory-hit p99 delta PENDING (tooling)
  Hot set at memory speed: memory-hit p99.9 delta PENDING (tooling)
  Cold reads: p99 < 1.5 ms on NVMe under loaded zipfian rows FAIL (DEV-TIER, non-binding)
  Memory honesty: RSS slope over the 24 h endurance run PENDING (tooling)
  Endurance: zero crashes over the full 24 h run PENDING (tooling)
  M3 regression: worst M3 gate delta on memory-mode namespaces PENDING (tooling)
  Recovery with tiering on: replay throughput per cell PENDING (tooling)
  Recovery with tiering on: 10 GB boot   PENDING (tooling)
  Never-none invariant: zero violations in the 10k-seed DST sweep PENDING (tooling)
  Crash + ENOSPC matrices: all fault points green PENDING (tooling)
  Foreground protection: p99.9 during demotion + compaction storms PENDING (tooling)

gate-run: report written to .artifacts/v0.4.0/soak-unified-20260807-0227/legs/1786157820-gate-run/report.md
inf-bench env-check
  PROBE                RESULT
  git-dirty-tree       FAIL  dirty git tree: 1 uncommitted entries
  cpufreq-governor     PASS
  cpufreq-epp          PASS
  thermal-throttle     PASS
  power-source         SKIP  macos-only probe (this host: linux)
  low-power-mode       SKIP  macos-only probe (this host: linux)

  *** DIRTY TREE — dev run only, output is not citation-grade ***

env-check: OK
== ycsb row: ycsb-a-zipfian ==
== ycsb: saturation probe (ycsb-a-zipfian, +50% conns) ==
== ycsb row: ycsb-b-zipfian ==

== gate verdicts ==
  Degenerate A/B: pipelined ops regression PENDING (tooling)
  Degenerate A/B: pipelined p99.9 regression PENDING (tooling)
  Degenerate A/B: unpipelined ops regression PENDING (tooling)
  Degenerate A/B: unpipelined p99.9 regression PENDING (tooling)
  Degenerate A/B: ttl-heavy ops regression PENDING (tooling)
  Degenerate A/B: ttl-heavy p99.9 regression PENDING (tooling)
  Degenerate A/B: peak-RSS regression (worst row) PENDING (tooling)
  Memory-mode node constructs zero tiered tables PENDING (tooling)
  Tiering code-path counters identically zero PENDING (tooling)
  Write amplification, worst tiered namespace PASS
  Memory-only rows append zero log records (M2 posture carried) PENDING (tooling)
  Mixed-node attribution divergence (M4-S20) PENDING (tooling)
  Cache-namespace p99 isolation under the mixed node (M4-S20) PENDING (tooling)
  Hot set at memory speed: memory-hit p50 delta PENDING (tooling)
  Hot set at memory speed: memory-hit p99 delta PENDING (tooling)
  Hot set at memory speed: memory-hit p99.9 delta PENDING (tooling)
  Cold reads: p99 < 1.5 ms on NVMe under loaded zipfian rows FAIL (DEV-TIER, non-binding)
  Memory honesty: RSS slope over the 24 h endurance run PENDING (tooling)
  Endurance: zero crashes over the full 24 h run PENDING (tooling)
  M3 regression: worst M3 gate delta on memory-mode namespaces PENDING (tooling)
  Recovery with tiering on: replay throughput per cell PENDING (tooling)
  Recovery with tiering on: 10 GB boot   PENDING (tooling)
  Never-none invariant: zero violations in the 10k-seed DST sweep PENDING (tooling)
  Crash + ENOSPC matrices: all fault points green PENDING (tooling)
  Foreground protection: p99.9 during demotion + compaction storms PENDING (tooling)

gate-run: report written to .artifacts/v0.4.0/soak-unified-20260807-0227/legs/1786159323-gate-run/report.md
inf-bench env-check
  PROBE                RESULT
  git-dirty-tree       FAIL  dirty git tree: 1 uncommitted entries
  cpufreq-governor     PASS
  cpufreq-epp          PASS
  thermal-throttle     PASS
  power-source         SKIP  macos-only probe (this host: linux)
  low-power-mode       SKIP  macos-only probe (this host: linux)

  *** DIRTY TREE — dev run only, output is not citation-grade ***

env-check: OK
== ycsb row: ycsb-a-zipfian ==
== ycsb: saturation probe (ycsb-a-zipfian, +50% conns) ==
== ycsb row: ycsb-b-zipfian ==

== gate verdicts ==
  Degenerate A/B: pipelined ops regression PENDING (tooling)
  Degenerate A/B: pipelined p99.9 regression PENDING (tooling)
  Degenerate A/B: unpipelined ops regression PENDING (tooling)
  Degenerate A/B: unpipelined p99.9 regression PENDING (tooling)
  Degenerate A/B: ttl-heavy ops regression PENDING (tooling)
  Degenerate A/B: ttl-heavy p99.9 regression PENDING (tooling)
  Degenerate A/B: peak-RSS regression (worst row) PENDING (tooling)
  Memory-mode node constructs zero tiered tables PENDING (tooling)
  Tiering code-path counters identically zero PENDING (tooling)
  Write amplification, worst tiered namespace PASS
  Memory-only rows append zero log records (M2 posture carried) PENDING (tooling)
  Mixed-node attribution divergence (M4-S20) PENDING (tooling)
  Cache-namespace p99 isolation under the mixed node (M4-S20) PENDING (tooling)
  Hot set at memory speed: memory-hit p50 delta PENDING (tooling)
  Hot set at memory speed: memory-hit p99 delta PENDING (tooling)
  Hot set at memory speed: memory-hit p99.9 delta PENDING (tooling)
  Cold reads: p99 < 1.5 ms on NVMe under loaded zipfian rows FAIL (DEV-TIER, non-binding)
  Memory honesty: RSS slope over the 24 h endurance run PENDING (tooling)
  Endurance: zero crashes over the full 24 h run PENDING (tooling)
  M3 regression: worst M3 gate delta on memory-mode namespaces PENDING (tooling)
  Recovery with tiering on: replay throughput per cell PENDING (tooling)
  Recovery with tiering on: 10 GB boot   PENDING (tooling)
  Never-none invariant: zero violations in the 10k-seed DST sweep PENDING (tooling)
  Crash + ENOSPC matrices: all fault points green PENDING (tooling)
  Foreground protection: p99.9 during demotion + compaction storms PENDING (tooling)

gate-run: report written to .artifacts/v0.4.0/soak-unified-20260807-0227/legs/1786160826-gate-run/report.md
inf-bench env-check
  PROBE                RESULT
  git-dirty-tree       FAIL  dirty git tree: 1 uncommitted entries
  cpufreq-governor     PASS
  cpufreq-epp          PASS
  thermal-throttle     PASS
  power-source         SKIP  macos-only probe (this host: linux)
  low-power-mode       SKIP  macos-only probe (this host: linux)

  *** DIRTY TREE — dev run only, output is not citation-grade ***

env-check: OK
== ycsb row: ycsb-a-zipfian ==
== ycsb: saturation probe (ycsb-a-zipfian, +50% conns) ==
== ycsb row: ycsb-b-zipfian ==

== gate verdicts ==
  Degenerate A/B: pipelined ops regression PENDING (tooling)
  Degenerate A/B: pipelined p99.9 regression PENDING (tooling)
  Degenerate A/B: unpipelined ops regression PENDING (tooling)
  Degenerate A/B: unpipelined p99.9 regression PENDING (tooling)
  Degenerate A/B: ttl-heavy ops regression PENDING (tooling)
  Degenerate A/B: ttl-heavy p99.9 regression PENDING (tooling)
  Degenerate A/B: peak-RSS regression (worst row) PENDING (tooling)
  Memory-mode node constructs zero tiered tables PENDING (tooling)
  Tiering code-path counters identically zero PENDING (tooling)
  Write amplification, worst tiered namespace PASS
  Memory-only rows append zero log records (M2 posture carried) PENDING (tooling)
  Mixed-node attribution divergence (M4-S20) PENDING (tooling)
  Cache-namespace p99 isolation under the mixed node (M4-S20) PENDING (tooling)
  Hot set at memory speed: memory-hit p50 delta PENDING (tooling)
  Hot set at memory speed: memory-hit p99 delta PENDING (tooling)
  Hot set at memory speed: memory-hit p99.9 delta PENDING (tooling)
  Cold reads: p99 < 1.5 ms on NVMe under loaded zipfian rows FAIL (DEV-TIER, non-binding)
  Memory honesty: RSS slope over the 24 h endurance run PENDING (tooling)
  Endurance: zero crashes over the full 24 h run PENDING (tooling)
  M3 regression: worst M3 gate delta on memory-mode namespaces PENDING (tooling)
  Recovery with tiering on: replay throughput per cell PENDING (tooling)
  Recovery with tiering on: 10 GB boot   PENDING (tooling)
  Never-none invariant: zero violations in the 10k-seed DST sweep PENDING (tooling)
  Crash + ENOSPC matrices: all fault points green PENDING (tooling)
  Foreground protection: p99.9 during demotion + compaction storms PENDING (tooling)

gate-run: report written to .artifacts/v0.4.0/soak-unified-20260807-0227/legs/1786162330-gate-run/report.md
inf-bench env-check
  PROBE                RESULT
  git-dirty-tree       FAIL  dirty git tree: 1 uncommitted entries
  cpufreq-governor     PASS
  cpufreq-epp          PASS
  thermal-throttle     PASS
  power-source         SKIP  macos-only probe (this host: linux)
  low-power-mode       SKIP  macos-only probe (this host: linux)

  *** DIRTY TREE — dev run only, output is not citation-grade ***

env-check: OK
== ycsb row: ycsb-a-zipfian ==
== ycsb: saturation probe (ycsb-a-zipfian, +50% conns) ==
== ycsb row: ycsb-b-zipfian ==

== gate verdicts ==
  Degenerate A/B: pipelined ops regression PENDING (tooling)
  Degenerate A/B: pipelined p99.9 regression PENDING (tooling)
  Degenerate A/B: unpipelined ops regression PENDING (tooling)
  Degenerate A/B: unpipelined p99.9 regression PENDING (tooling)
  Degenerate A/B: ttl-heavy ops regression PENDING (tooling)
  Degenerate A/B: ttl-heavy p99.9 regression PENDING (tooling)
  Degenerate A/B: peak-RSS regression (worst row) PENDING (tooling)
  Memory-mode node constructs zero tiered tables PENDING (tooling)
  Tiering code-path counters identically zero PENDING (tooling)
  Write amplification, worst tiered namespace PASS
  Memory-only rows append zero log records (M2 posture carried) PENDING (tooling)
  Mixed-node attribution divergence (M4-S20) PENDING (tooling)
  Cache-namespace p99 isolation under the mixed node (M4-S20) PENDING (tooling)
  Hot set at memory speed: memory-hit p50 delta PENDING (tooling)
  Hot set at memory speed: memory-hit p99 delta PENDING (tooling)
  Hot set at memory speed: memory-hit p99.9 delta PENDING (tooling)
  Cold reads: p99 < 1.5 ms on NVMe under loaded zipfian rows FAIL (DEV-TIER, non-binding)
  Memory honesty: RSS slope over the 24 h endurance run PENDING (tooling)
  Endurance: zero crashes over the full 24 h run PENDING (tooling)
  M3 regression: worst M3 gate delta on memory-mode namespaces PENDING (tooling)
  Recovery with tiering on: replay throughput per cell PENDING (tooling)
  Recovery with tiering on: 10 GB boot   PENDING (tooling)
  Never-none invariant: zero violations in the 10k-seed DST sweep PENDING (tooling)
  Crash + ENOSPC matrices: all fault points green PENDING (tooling)
  Foreground protection: p99.9 during demotion + compaction storms PENDING (tooling)

gate-run: report written to .artifacts/v0.4.0/soak-unified-20260807-0227/legs/1786163833-gate-run/report.md
inf-bench env-check
  PROBE                RESULT
  git-dirty-tree       FAIL  dirty git tree: 1 uncommitted entries
  cpufreq-governor     PASS
  cpufreq-epp          PASS
  thermal-throttle     PASS
  power-source         SKIP  macos-only probe (this host: linux)
  low-power-mode       SKIP  macos-only probe (this host: linux)

  *** DIRTY TREE — dev run only, output is not citation-grade ***

env-check: OK
== ycsb row: ycsb-a-zipfian ==
== ycsb: saturation probe (ycsb-a-zipfian, +50% conns) ==
== ycsb row: ycsb-b-zipfian ==

== gate verdicts ==
  Degenerate A/B: pipelined ops regression PENDING (tooling)
  Degenerate A/B: pipelined p99.9 regression PENDING (tooling)
  Degenerate A/B: unpipelined ops regression PENDING (tooling)
  Degenerate A/B: unpipelined p99.9 regression PENDING (tooling)
  Degenerate A/B: ttl-heavy ops regression PENDING (tooling)
  Degenerate A/B: ttl-heavy p99.9 regression PENDING (tooling)
  Degenerate A/B: peak-RSS regression (worst row) PENDING (tooling)
  Memory-mode node constructs zero tiered tables PENDING (tooling)
  Tiering code-path counters identically zero PENDING (tooling)
  Write amplification, worst tiered namespace PASS
  Memory-only rows append zero log records (M2 posture carried) PENDING (tooling)
  Mixed-node attribution divergence (M4-S20) PENDING (tooling)
  Cache-namespace p99 isolation under the mixed node (M4-S20) PENDING (tooling)
  Hot set at memory speed: memory-hit p50 delta PENDING (tooling)
  Hot set at memory speed: memory-hit p99 delta PENDING (tooling)
  Hot set at memory speed: memory-hit p99.9 delta PENDING (tooling)
  Cold reads: p99 < 1.5 ms on NVMe under loaded zipfian rows FAIL (DEV-TIER, non-binding)
  Memory honesty: RSS slope over the 24 h endurance run PENDING (tooling)
  Endurance: zero crashes over the full 24 h run PENDING (tooling)
  M3 regression: worst M3 gate delta on memory-mode namespaces PENDING (tooling)
  Recovery with tiering on: replay throughput per cell PENDING (tooling)
  Recovery with tiering on: 10 GB boot   PENDING (tooling)
  Never-none invariant: zero violations in the 10k-seed DST sweep PENDING (tooling)
  Crash + ENOSPC matrices: all fault points green PENDING (tooling)
  Foreground protection: p99.9 during demotion + compaction storms PENDING (tooling)

gate-run: report written to .artifacts/v0.4.0/soak-unified-20260807-0227/legs/1786165337-gate-run/report.md
inf-bench env-check
  PROBE                RESULT
  git-dirty-tree       FAIL  dirty git tree: 1 uncommitted entries
  cpufreq-governor     PASS
  cpufreq-epp          PASS
  thermal-throttle     PASS
  power-source         SKIP  macos-only probe (this host: linux)
  low-power-mode       SKIP  macos-only probe (this host: linux)

  *** DIRTY TREE — dev run only, output is not citation-grade ***

env-check: OK
== ycsb row: ycsb-a-zipfian ==
== ycsb: saturation probe (ycsb-a-zipfian, +50% conns) ==
== ycsb row: ycsb-b-zipfian ==

== gate verdicts ==
  Degenerate A/B: pipelined ops regression PENDING (tooling)
  Degenerate A/B: pipelined p99.9 regression PENDING (tooling)
  Degenerate A/B: unpipelined ops regression PENDING (tooling)
  Degenerate A/B: unpipelined p99.9 regression PENDING (tooling)
  Degenerate A/B: ttl-heavy ops regression PENDING (tooling)
  Degenerate A/B: ttl-heavy p99.9 regression PENDING (tooling)
  Degenerate A/B: peak-RSS regression (worst row) PENDING (tooling)
  Memory-mode node constructs zero tiered tables PENDING (tooling)
  Tiering code-path counters identically zero PENDING (tooling)
  Write amplification, worst tiered namespace PASS
  Memory-only rows append zero log records (M2 posture carried) PENDING (tooling)
  Mixed-node attribution divergence (M4-S20) PENDING (tooling)
  Cache-namespace p99 isolation under the mixed node (M4-S20) PENDING (tooling)
  Hot set at memory speed: memory-hit p50 delta PENDING (tooling)
  Hot set at memory speed: memory-hit p99 delta PENDING (tooling)
  Hot set at memory speed: memory-hit p99.9 delta PENDING (tooling)
  Cold reads: p99 < 1.5 ms on NVMe under loaded zipfian rows FAIL (DEV-TIER, non-binding)
  Memory honesty: RSS slope over the 24 h endurance run PENDING (tooling)
  Endurance: zero crashes over the full 24 h run PENDING (tooling)
  M3 regression: worst M3 gate delta on memory-mode namespaces PENDING (tooling)
  Recovery with tiering on: replay throughput per cell PENDING (tooling)
  Recovery with tiering on: 10 GB boot   PENDING (tooling)
  Never-none invariant: zero violations in the 10k-seed DST sweep PENDING (tooling)
  Crash + ENOSPC matrices: all fault points green PENDING (tooling)
  Foreground protection: p99.9 during demotion + compaction storms PENDING (tooling)

gate-run: report written to .artifacts/v0.4.0/soak-unified-20260807-0227/legs/1786166841-gate-run/report.md
inf-bench env-check
  PROBE                RESULT
  git-dirty-tree       FAIL  dirty git tree: 1 uncommitted entries
  cpufreq-governor     PASS
  cpufreq-epp          PASS
  thermal-throttle     PASS
  power-source         SKIP  macos-only probe (this host: linux)
  low-power-mode       SKIP  macos-only probe (this host: linux)

  *** DIRTY TREE — dev run only, output is not citation-grade ***

env-check: OK
== ycsb row: ycsb-a-zipfian ==
== ycsb: saturation probe (ycsb-a-zipfian, +50% conns) ==
== ycsb row: ycsb-b-zipfian ==

== gate verdicts ==
  Degenerate A/B: pipelined ops regression PENDING (tooling)
  Degenerate A/B: pipelined p99.9 regression PENDING (tooling)
  Degenerate A/B: unpipelined ops regression PENDING (tooling)
  Degenerate A/B: unpipelined p99.9 regression PENDING (tooling)
  Degenerate A/B: ttl-heavy ops regression PENDING (tooling)
  Degenerate A/B: ttl-heavy p99.9 regression PENDING (tooling)
  Degenerate A/B: peak-RSS regression (worst row) PENDING (tooling)
  Memory-mode node constructs zero tiered tables PENDING (tooling)
  Tiering code-path counters identically zero PENDING (tooling)
  Write amplification, worst tiered namespace PASS
  Memory-only rows append zero log records (M2 posture carried) PENDING (tooling)
  Mixed-node attribution divergence (M4-S20) PENDING (tooling)
  Cache-namespace p99 isolation under the mixed node (M4-S20) PENDING (tooling)
  Hot set at memory speed: memory-hit p50 delta PENDING (tooling)
  Hot set at memory speed: memory-hit p99 delta PENDING (tooling)
  Hot set at memory speed: memory-hit p99.9 delta PENDING (tooling)
  Cold reads: p99 < 1.5 ms on NVMe under loaded zipfian rows FAIL (DEV-TIER, non-binding)
  Memory honesty: RSS slope over the 24 h endurance run PENDING (tooling)
  Endurance: zero crashes over the full 24 h run PENDING (tooling)
  M3 regression: worst M3 gate delta on memory-mode namespaces PENDING (tooling)
  Recovery with tiering on: replay throughput per cell PENDING (tooling)
  Recovery with tiering on: 10 GB boot   PENDING (tooling)
  Never-none invariant: zero violations in the 10k-seed DST sweep PENDING (tooling)
  Crash + ENOSPC matrices: all fault points green PENDING (tooling)
  Foreground protection: p99.9 during demotion + compaction storms PENDING (tooling)

gate-run: report written to .artifacts/v0.4.0/soak-unified-20260807-0227/legs/1786168344-gate-run/report.md
inf-bench env-check
  PROBE                RESULT
  git-dirty-tree       FAIL  dirty git tree: 1 uncommitted entries
  cpufreq-governor     PASS
  cpufreq-epp          PASS
  thermal-throttle     PASS
  power-source         SKIP  macos-only probe (this host: linux)
  low-power-mode       SKIP  macos-only probe (this host: linux)

  *** DIRTY TREE — dev run only, output is not citation-grade ***

env-check: OK
== ycsb row: ycsb-a-zipfian ==
== ycsb: saturation probe (ycsb-a-zipfian, +50% conns) ==
== ycsb row: ycsb-b-zipfian ==

== gate verdicts ==
  Degenerate A/B: pipelined ops regression PENDING (tooling)
  Degenerate A/B: pipelined p99.9 regression PENDING (tooling)
  Degenerate A/B: unpipelined ops regression PENDING (tooling)
  Degenerate A/B: unpipelined p99.9 regression PENDING (tooling)
  Degenerate A/B: ttl-heavy ops regression PENDING (tooling)
  Degenerate A/B: ttl-heavy p99.9 regression PENDING (tooling)
  Degenerate A/B: peak-RSS regression (worst row) PENDING (tooling)
  Memory-mode node constructs zero tiered tables PENDING (tooling)
  Tiering code-path counters identically zero PENDING (tooling)
  Write amplification, worst tiered namespace PASS
  Memory-only rows append zero log records (M2 posture carried) PENDING (tooling)
  Mixed-node attribution divergence (M4-S20) PENDING (tooling)
  Cache-namespace p99 isolation under the mixed node (M4-S20) PENDING (tooling)
  Hot set at memory speed: memory-hit p50 delta PENDING (tooling)
  Hot set at memory speed: memory-hit p99 delta PENDING (tooling)
  Hot set at memory speed: memory-hit p99.9 delta PENDING (tooling)
  Cold reads: p99 < 1.5 ms on NVMe under loaded zipfian rows FAIL (DEV-TIER, non-binding)
  Memory honesty: RSS slope over the 24 h endurance run PENDING (tooling)
  Endurance: zero crashes over the full 24 h run PENDING (tooling)
  M3 regression: worst M3 gate delta on memory-mode namespaces PENDING (tooling)
  Recovery with tiering on: replay throughput per cell PENDING (tooling)
  Recovery with tiering on: 10 GB boot   PENDING (tooling)
  Never-none invariant: zero violations in the 10k-seed DST sweep PENDING (tooling)
  Crash + ENOSPC matrices: all fault points green PENDING (tooling)
  Foreground protection: p99.9 during demotion + compaction storms PENDING (tooling)

gate-run: report written to .artifacts/v0.4.0/soak-unified-20260807-0227/legs/1786169847-gate-run/report.md
inf-bench env-check
  PROBE                RESULT
  git-dirty-tree       FAIL  dirty git tree: 1 uncommitted entries
  cpufreq-governor     PASS
  cpufreq-epp          PASS
  thermal-throttle     PASS
  power-source         SKIP  macos-only probe (this host: linux)
  low-power-mode       SKIP  macos-only probe (this host: linux)

  *** DIRTY TREE — dev run only, output is not citation-grade ***

env-check: OK
== ycsb row: ycsb-a-zipfian ==
== ycsb: saturation probe (ycsb-a-zipfian, +50% conns) ==
== ycsb row: ycsb-b-zipfian ==

== gate verdicts ==
  Degenerate A/B: pipelined ops regression PENDING (tooling)
  Degenerate A/B: pipelined p99.9 regression PENDING (tooling)
  Degenerate A/B: unpipelined ops regression PENDING (tooling)
  Degenerate A/B: unpipelined p99.9 regression PENDING (tooling)
  Degenerate A/B: ttl-heavy ops regression PENDING (tooling)
  Degenerate A/B: ttl-heavy p99.9 regression PENDING (tooling)
  Degenerate A/B: peak-RSS regression (worst row) PENDING (tooling)
  Memory-mode node constructs zero tiered tables PENDING (tooling)
  Tiering code-path counters identically zero PENDING (tooling)
  Write amplification, worst tiered namespace PASS
  Memory-only rows append zero log records (M2 posture carried) PENDING (tooling)
  Mixed-node attribution divergence (M4-S20) PENDING (tooling)
  Cache-namespace p99 isolation under the mixed node (M4-S20) PENDING (tooling)
  Hot set at memory speed: memory-hit p50 delta PENDING (tooling)
  Hot set at memory speed: memory-hit p99 delta PENDING (tooling)
  Hot set at memory speed: memory-hit p99.9 delta PENDING (tooling)
  Cold reads: p99 < 1.5 ms on NVMe under loaded zipfian rows FAIL (DEV-TIER, non-binding)
  Memory honesty: RSS slope over the 24 h endurance run PENDING (tooling)
  Endurance: zero crashes over the full 24 h run PENDING (tooling)
  M3 regression: worst M3 gate delta on memory-mode namespaces PENDING (tooling)
  Recovery with tiering on: replay throughput per cell PENDING (tooling)
  Recovery with tiering on: 10 GB boot   PENDING (tooling)
  Never-none invariant: zero violations in the 10k-seed DST sweep PENDING (tooling)
  Crash + ENOSPC matrices: all fault points green PENDING (tooling)
  Foreground protection: p99.9 during demotion + compaction storms PENDING (tooling)

gate-run: report written to .artifacts/v0.4.0/soak-unified-20260807-0227/legs/1786170438-gate-run/report.md
inf-bench env-check
  PROBE                RESULT
  git-dirty-tree       FAIL  dirty git tree: 1 uncommitted entries
  cpufreq-governor     PASS
  cpufreq-epp          PASS
  thermal-throttle     PASS
  power-source         SKIP  macos-only probe (this host: linux)
  low-power-mode       SKIP  macos-only probe (this host: linux)

  *** DIRTY TREE — dev run only, output is not citation-grade ***

env-check: OK
== ycsb row: ycsb-a-zipfian ==
== ycsb: saturation probe (ycsb-a-zipfian, +50% conns) ==
== ycsb row: ycsb-b-zipfian ==

== gate verdicts ==
  Degenerate A/B: pipelined ops regression PENDING (tooling)
  Degenerate A/B: pipelined p99.9 regression PENDING (tooling)
  Degenerate A/B: unpipelined ops regression PENDING (tooling)
  Degenerate A/B: unpipelined p99.9 regression PENDING (tooling)
  Degenerate A/B: ttl-heavy ops regression PENDING (tooling)
  Degenerate A/B: ttl-heavy p99.9 regression PENDING (tooling)
  Degenerate A/B: peak-RSS regression (worst row) PENDING (tooling)
  Memory-mode node constructs zero tiered tables PENDING (tooling)
  Tiering code-path counters identically zero PENDING (tooling)
  Write amplification, worst tiered namespace PASS
  Memory-only rows append zero log records (M2 posture carried) PENDING (tooling)
  Mixed-node attribution divergence (M4-S20) PENDING (tooling)
  Cache-namespace p99 isolation under the mixed node (M4-S20) PENDING (tooling)
  Hot set at memory speed: memory-hit p50 delta PENDING (tooling)
  Hot set at memory speed: memory-hit p99 delta PENDING (tooling)
  Hot set at memory speed: memory-hit p99.9 delta PENDING (tooling)
  Cold reads: p99 < 1.5 ms on NVMe under loaded zipfian rows FAIL (DEV-TIER, non-binding)
  Memory honesty: RSS slope over the 24 h endurance run PENDING (tooling)
  Endurance: zero crashes over the full 24 h run PENDING (tooling)
  M3 regression: worst M3 gate delta on memory-mode namespaces PENDING (tooling)
  Recovery with tiering on: replay throughput per cell PENDING (tooling)
  Recovery with tiering on: 10 GB boot   PENDING (tooling)
  Never-none invariant: zero violations in the 10k-seed DST sweep PENDING (tooling)
  Crash + ENOSPC matrices: all fault points green PENDING (tooling)
  Foreground protection: p99.9 during demotion + compaction storms PENDING (tooling)

gate-run: report written to .artifacts/v0.4.0/soak-unified-20260807-0227/legs/1786170536-gate-run/report.md
