unix_s,vmrss_kb,docs_live,doc_resident_bytes,disk_used_bytes,wa_milli_max,diskfull_refusals,ckpts,manifests,segs_live,sqes_per_submit,used_memory_kb
1786084038,79788,14235,83886080,0,0,0,0,0,8,18.6,242437
1786084048,1707964,14240,83886080,726351872,1415,0,8,8,36,9.7,484014
1786084058,2273552,14240,83886080,2123370496,1680,0,12,12,50,9.7,529618
1786084069,1660032,14240,83886080,2546356224,1719,0,16,16,38,9.6,537843
1786084079,1656324,14240,83886080,2633482240,1725,0,20,20,18,9.6,538473
1786084089,2117516,14240,83886080,3982213120,1804,0,24,24,44,9.7,547580
1786084099,2419336,14240,83886080,5318406144,1849,0,28,28,56,9.8,583315
1786084110,1932844,14240,83886080,6492905472,1875,0,34,34,49,9.8,573077
1786084120,2106700,14240,83886080,7715688448,1895,0,40,40,44,9.8,583690
1786084130,2409888,14240,83886080,8946946048,1910,0,45,45,46,9.8,592588
1786084140,2009616,14240,83886080,9707913216,1918,0,52,52,37,9.6,596470
1786084151,1957636,14240,83886080,9880043520,1920,0,53,52,46,9.4,602592
1786084161,1961104,14240,83886080,9946169344,1919,0,60,60,37,9.3,594607
1786084171,1963408,14240,83886080,9946169344,1919,0,60,60,53,8.4,600798
1786084181,1965908,14240,83886080,9950363648,1918,0,64,64,53,8.0,600824
1786084191,1975968,14240,83886080,9962962944,1918,0,68,68,40,7.9,596749
1786084201,1972768,14240,83886080,9962962944,1918,0,68,68,63,7.7,600786
1786084211,1977048,14240,83886080,9971351552,1917,0,72,72,55,7.6,596256
1786084221,1973788,14240,83886080,9975562240,1917,0,72,72,77,7.5,600916
1786084232,1974636,14240,83886080,9980805120,1916,0,76,76,51,7.3,602356
1786084242,1973176,14240,83886080,9991303168,1916,0,76,76,72,7.3,608452
1786084252,1974020,14240,83886080,9992355840,1915,0,80,80,48,7.2,602629
1786084262,1973968,14240,83886080,9996550144,1915,0,84,84,32,7.2,602200
1786084272,1975156,14240,83886080,10003902464,1914,0,84,84,54,7.1,601498
1786084283,1977152,14240,83886080,10030137344,1912,0,92,92,35,7.2,603906
1786084293,1982988,14240,83886080,10038525952,1911,0,96,96,37,7.2,610167
1786084303,1980944,14240,83886080,10040631296,1911,0,96,96,57,7.1,607518
1786084313,1986996,14240,83886080,10072113152,1907,0,104,104,37,7.2,605140
1786084323,1981876,14240,83886080,10080518144,1907,0,104,104,56,7.2,601625
1786084333,1986732,14240,83886080,10107813888,1903,0,112,112,33,7.2,612141
1786084344,1990924,14240,83886080,10134044672,1900,0,116,116,42,7.2,613713
1786084354,1992048,14240,83886080,10143498240,1899,0,120,120,43,7.2,610304
1786084364,1987848,14240,83886080,10159239168,1897,0,124,124,43,7.2,609780
1786084374,1999368,14240,83886080,10177085440,1895,0,128,128,48,7.2,612531
1786084384,1986984,14240,83886080,10191781888,1892,0,132,132,51,7.2,609755
1786084394,2000896,14240,83886080,10210672640,1890,0,136,136,54,7.2,612196
1786084404,1989344,14240,83886080,10236903424,1887,0,144,144,36,7.2,613626
1786084414,1987836,14240,83886080,10252648448,1884,0,148,148,43,7.2,617645
1786084425,1999872,14240,83886080,10268393472,1882,0,152,152,48,7.2,611431
1786084435,1988884,14240,83886080,10294640640,1878,0,160,160,32,7.2,609775
1786084445,1989084,14240,83886080,10296737792,1878,0,160,160,52,7.2,609800
1786084455,1991540,14240,83886080,10321920000,1874,0,168,168,36,7.2,614169
1786084465,2002192,14240,83886080,10351312896,1870,0,172,172,47,7.2,619669
1786084475,1988636,14240,83886080,10372300800,1867,0,177,177,48,7.2,609715
1786084486,1993972,14240,83886080,10380705792,1866,0,181,181,47,7.2,609714
1786084496,1996572,14240,83886080,10409037824,1862,0,186,186,43,7.2,609841
1786084506,1994220,14240,83886080,10435280896,1858,0,193,193,39,7.2,612547
1786084516,1989512,14240,83886080,10443685888,1856,0,195,195,51,7.2,611006
1786084526,1988072,14240,83886080,10463625216,1854,0,201,201,39,7.1,614985
1786084536,1996388,14240,83886080,10490904576,1849,0,207,207,41,7.2,609826
1786084546,1989472,14240,83886080,10516103168,1845,0,212,212,48,7.2,609710
1786084556,1990668,14240,83886080,10539188224,1842,0,220,220,35,7.2,613160
1786084566,2002336,14240,83886080,10566483968,1838,0,224,224,46,7.2,609796
1786084576,1989936,14240,83886080,10586423296,1835,0,230,230,44,7.2,613451
1786084587,1992884,14240,83886080,10591674368,1834,0,235,235,36,7.2,613377
1786084597,1994120,14240,83886080,10614767616,1830,0,242,242,32,7.2,611838
1786084607,1996504,14240,83886080,10640998400,1826,0,248,248,38,7.2,611891
1786084617,1993988,14240,83886080,10661994496,1823,0,255,255,33,7.2,610690
1786084627,1999908,14240,83886080,10690334720,1818,0,260,260,40,7.2,613103
1786084637,1997060,14240,83886080,10715529216,1814,0,267,267,35,7.3,612372
1786084647,2002504,14240,83886080,10736517120,1811,0,272,272,43,7.3,609710
1786084658,1993816,14240,83886080,10762764288,1807,0,280,280,32,7.3,611720
1786084668,2002524,14240,83886080,10791096320,1803,0,284,284,42,7.3,618754
1786084678,2004040,14240,83886080,10812084224,1799,0,289,289,48,7.3,611321
1786084688,1999288,14240,83886080,10829930496,1796,0,296,296,40,7.4,614748
1786084698,2004932,14240,83886080,10856169472,1792,0,301,301,46,7.4,613165
1786084708,2005828,14240,83886080,10872963072,1789,0,305,305,53,7.4,609816
1786084718,1995048,14240,83886080,10897104896,1785,0,313,313,34,7.4,615524
1786084728,2005472,14240,83886080,10925445120,1781,0,317,317,45,7.4,614278
1786084738,1993744,14240,83886080,10928599040,1781,0,319,319,53,7.4,615929
1786084748,1994960,14240,83886080,10947493888,1777,0,327,327,33,7.4,612260
1786084759,2007636,14240,83886080,10978971648,1772,0,331,331,46,7.4,611447
1786084769,1994156,14240,83886080,11002068992,1769,0,339,339,35,7.5,609843
1786084779,2000764,14240,83886080,11034607616,1765,0,343,343,42,7.5,611501
1786084789,2009664,14240,83886080,11070291968,1761,0,348,348,44,7.5,612743
1786084799,1997572,14240,83886080,11102830592,1757,0,356,356,34,7.5,611739
1786084809,1995856,14240,83886080,11132223488,1754,0,360,360,45,7.5,612081
1786084819,1999684,14240,83886080,11164753920,1750,0,368,368,36,7.5,611439
1786084829,2000964,14240,83886080,11190992896,1748,0,373,373,43,7.6,609829
1786084839,1995160,14240,83886080,11219337216,1745,0,380,380,37,7.6,613894
1786084849,2001584,14240,83886080,11252920320,1741,0,386,386,38,7.6,609847
1786084859,1997932,14240,83886080,11286511616,1737,0,393,393,34,7.6,609830
1786084869,1994508,14240,83886080,11302256640,1736,0,396,396,46,7.6,615770
1786084880,2008820,14240,83886080,11322195968,1734,0,400,400,52,7.6,611436
1786084890,1995272,14240,83886080,11353681920,1730,0,408,408,33,7.6,611987
1786084900,2005416,14240,83886080,11390418944,1727,0,413,413,40,7.6,612739
1786084910,1994776,14240,83886080,11411406848,1725,0,417,417,49,7.6,612284
1786084920,1996340,14240,83886080,11439751168,1722,0,425,425,34,7.6,609798
1786084930,2006068,14240,83886080,11475435520,1718,0,429,429,45,7.7,612764
1786084940,1998544,14240,83886080,11502723072,1715,0,434,434,51,7.7,609847
1786084950,1998924,14240,83886080,11534217216,1712,0,442,442,36,7.7,613071
1786084960,2012476,14240,83886080,11572002816,1709,0,446,446,48,7.7,611308
1786084970,1994824,14240,83886080,11597185024,1706,0,451,451,51,7.7,609822
1786084980,2003784,14240,83886080,11631828992,1703,0,458,458,41,7.7,612473
1786084991,1995136,14240,83886080,11660165120,1700,0,463,463,45,7.7,610705
1786085001,1998460,14240,83886080,11686404096,1697,0,470,470,37,7.7,609815
1786085011,2006364,14240,83886080,11722096640,1694,0,476,476,39,7.7,615662
1786085021,1996480,14240,83886080,11747278848,1692,0,483,483,36,7.7,611836
1786085031,2005184,14240,83886080,11782971392,1689,0,488,488,42,7.7,609796
1786085041,1994952,14240,83886080,11816558592,1686,0,495,495,36,7.7,613790
1786085051,2003308,14240,83886080,11842797568,1683,0,500,500,43,7.8,612258
1786085061,2000176,14240,83886080,11856441344,1682,0,505,505,43,7.8,612041
1786085071,1998496,14240,83886080,11858542592,1681,0,512,512,37,7.8,611280
1786085081,1998412,14240,83886080,11859591168,1681,0,513,513,55,7.7,609760
1786085091,1997136,14240,83886080,11862736896,1681,0,517,517,62,7.7,611074
1786085101,1999688,14240,83886080,11863785472,1681,0,525,525,37,7.8,609714
1786085112,1998220,14240,83886080,11866939392,1681,0,529,529,48,7.8,609746
1786085122,1999092,14240,83886080,11867992064,1680,0,535,534,50,7.8,609779
1786085132,1998708,14240,83886080,11871141888,1680,0,542,542,38,7.8,612307
1786085142,1998148,14240,83886080,11875336192,1680,0,546,546,48,7.8,609744
1786085152,1999056,14240,83886080,11875336192,1680,0,554,554,35,7.8,610537
1786085162,1998660,14240,83886080,11879530496,1680,0,559,559,41,7.8,615035
1786085172,1999364,14240,83886080,11882684416,1679,0,566,566,38,7.8,611738
1786085182,1998468,14240,83886080,11883732992,1679,0,571,571,41,7.8,609747
1786085192,1998096,14240,83886080,11887935488,1679,0,578,578,35,7.8,613335
1786085202,1999760,14240,83886080,11887935488,1679,0,583,583,42,7.8,615130
1786085213,1998468,14240,83886080,11892129792,1679,0,591,591,33,7.8,621840
1786085223,2000696,14240,83886080,11895275520,1678,0,595,595,43,7.8,617911
1786085233,2000364,14240,83886080,11896324096,1678,0,603,603,30,7.8,621282
1786085243,1999008,14240,83886080,11900526592,1678,0,608,608,37,7.8,617905
1786085253,1999628,14240,83886080,11903676416,1678,0,615,615,34,7.8,621357
1786085263,2000052,14240,83886080,11904729088,1678,0,621,620,42,7.8,617886
1786085273,2000756,14240,83886080,11904729088,1678,0,624,624,48,7.8,619009
1786085283,2000804,14240,83886080,11904729088,1678,0,624,624,61,7.8,624655
1786085294,1999188,14240,83886080,11907874816,1677,0,629,629,55,7.8,617929
1786085304,2000584,14240,83886080,11908923392,1677,0,636,636,38,7.8,620558
1786085314,2000428,14240,83886080,11913117696,1677,0,641,641,43,7.8,621360
1786085324,1999944,14240,83886080,11914166272,1677,0,649,649,33,7.8,617929
1786085334,1999776,14240,83886080,11917320192,1677,0,654,654,41,7.8,618054
1786085344,1999720,14240,83886080,11920470016,1676,0,661,661,37,7.8,619036
1786085354,2000364,14240,83886080,11921522688,1676,0,668,668,33,7.8,620769
1786085365,1999000,14240,83886080,11925716992,1676,0,674,674,36,7.8,622384
1786085375,1999512,14240,83886080,11927814144,1676,0,681,681,35,7.8,619637
1786085385,1999828,14240,83886080,11927814144,1676,0,682,682,50,7.8,620290
1786085395,2000100,14240,83886080,11929911296,1676,0,689,689,38,7.8,621666
1786085405,2000544,14240,83886080,11934105600,1675,0,694,694,43,7.8,617941
1786085415,2000524,14240,83886080,11935154176,1675,0,702,702,34,7.8,624477
1786085425,2000584,14240,83886080,11938308096,1675,0,706,706,45,7.8,622602
1786085435,1999876,14240,83886080,11939360768,1675,0,714,714,32,7.9,619226
1786085445,1999668,14240,83886080,11942510592,1674,0,719,719,39,7.9,617933
1786085455,2000548,14240,83886080,11944607744,1674,0,723,723,50,7.9,619330
1786085465,2000132,14240,83886080,11946704896,1674,0,731,731,37,7.9,617920
1786085475,1998644,14240,83886080,11950907392,1674,0,736,735,49,7.9,617938
1786085486,2000716,14240,83886080,11951960064,1674,0,743,743,40,7.9,618483
1786085496,1999188,14240,83886080,11955109888,1674,0,751,751,30,7.9,620555
1786085506,1999792,14240,83886080,11958255616,1673,0,755,755,42,7.9,619898
1786085516,1999368,14240,83886080,11959304192,1673,0,761,761,44,7.9,621100
1786085526,2001436,14240,83886080,11961401344,1673,0,768,768,37,7.9,617962
1786085536,1999212,14240,83886080,11963498496,1673,0,773,773,46,7.9,624559
1786085546,2000972,14240,83886080,11963498496,1672,0,781,781,33,7.9,617918
1786085556,1998840,14240,83886080,11967700992,1672,0,785,785,45,7.9,617936
1786085566,2000952,14240,83886080,11967700992,1672,0,793,793,34,7.9,620535
1786085576,1999292,14240,83886080,11969802240,1672,0,793,793,54,7.9,617990
1786085587,1999232,14240,83886080,11971903488,1672,0,801,801,33,7.9,619392
1786085597,2001668,14240,83886080,11975049216,1671,0,805,805,44,7.9,620099
1786085607,1999656,14240,83886080,11976097792,1671,0,813,813,31,7.9,622686
1786085617,2000344,14240,83886080,11976097792,1671,0,813,813,52,7.9,617859
1786085627,2000468,14240,83886080,11980292096,1671,0,821,821,36,7.9,619602
1786085637,2000756,14240,83886080,11980292096,1671,0,825,825,47,7.9,617964
1786085647,1998412,14240,83886080,11984494592,1671,0,830,830,50,7.9,617974
1786085657,2003168,14240,83886080,11988697088,1670,0,838,838,35,7.9,617922
1786085667,2002080,14240,83886080,12009684992,1668,0,843,843,44,7.9,621772
1786085677,2000632,14240,83886080,12026478592,1666,0,850,850,39,7.9,619748
1786085687,2005696,14240,83886080,12047466496,1664,0,855,855,39,7.9,620826
1786085698,2000616,14240,83886080,12065308672,1661,0,862,862,37,7.9,619996
1786085708,2005692,14240,83886080,12086308864,1659,0,867,867,43,7.9,617931
1786085718,2000072,14240,83886080,12106244096,1657,0,873,873,41,7.9,620747
1786085728,2007716,14240,83886080,12131434496,1655,0,879,879,42,7.9,619078
1786085738,2001152,14240,83886080,12152430592,1653,0,887,887,33,7.9,617901
1786085748,1999592,14240,83886080,12165021696,1652,0,888,888,53,7.9,625774
1786085758,2008592,14240,83886080,12178669568,1651,0,892,892,59,7.9,621827
1786085768,2003604,14240,83886080,12200710144,1649,0,900,900,37,7.9,617901
1786085778,2006360,14240,83886080,12223807488,1647,0,905,905,44,7.9,629920
1786085788,2003720,14240,83886080,12241649664,1646,0,912,912,36,7.9,622069
1786085798,2006520,14240,83886080,12264734720,1644,0,918,918,40,7.9,619661
1786085808,2001096,14240,83886080,12282576896,1642,0,922,922,51,7.9,617924
1786085819,2003088,14240,83886080,12303572992,1641,0,930,930,35,7.9,617989
1786085829,2012780,14240,83886080,12327714816,1639,0,934,934,49,7.9,617916
1786085839,2003316,14240,83886080,12349751296,1637,0,942,942,36,7.9,620922
1786085849,2008024,14240,83886080,12369698816,1636,0,947,947,41,7.9,619189
1786085859,2003516,14240,83886080,12391743488,1634,0,954,954,36,7.9,617914
1786085869,2005232,14240,83886080,12411682816,1633,0,959,959,44,7.9,619985
1786085879,2002344,14240,83886080,12432670720,1631,0,967,967,35,7.9,627383
1786085889,2007980,14240,83886080,12456812544,1629,0,972,972,40,7.9,619498
1786085899,2003212,14240,83886080,12475711488,1628,0,979,979,37,7.9,617952
1786085910,2008752,14240,83886080,12499845120,1626,0,984,984,42,7.9,619874
1786085920,2001048,14240,83886080,12523986944,1625,0,992,992,33,7.9,617949
1786085930,2005492,14240,83886080,12541833216,1623,0,997,997,39,7.9,617911
1786085940,2002376,14240,83886080,12565970944,1622,0,1004,1004,35,7.9,618890
1786085950,2008952,14240,83886080,12589064192,1620,0,1009,1009,43,7.9,619238
1786085960,2000212,14240,83886080,12599558144,1620,0,1013,1013,50,7.9,618646
1786085970,2010568,14240,83886080,12613206016,1619,0,1017,1017,54,7.8,621869
1786085981,1999900,14240,83886080,12637347840,1617,0,1025,1025,34,7.8,623276
1786085991,2008944,14240,83886080,12662538240,1616,0,1029,1029,44,7.8,621496
1786086001,2008804,14240,83886080,12683526144,1614,0,1034,1034,46,7.8,618395
1786086011,2004780,14240,83886080,12704522240,1613,0,1041,1041,37,7.8,617942
1786086021,2009332,14240,83886080,12729712640,1611,0,1047,1047,40,7.8,622737
1786086031,2003048,14240,83886080,12750700544,1610,0,1054,1054,34,7.8,617916
1786086041,2008160,14240,83886080,12777992192,1608,0,1059,1059,41,7.8,618183
1786086051,2002880,14240,83886080,12801081344,1607,0,1064,1063,50,7.8,626099
1786086062,2002824,14240,83886080,12806332416,1606,0,1068,1068,45,7.8,618324
1786086072,2013840,14240,83886080,12834668544,1605,0,1072,1072,45,7.8,619224
1786086082,2001324,14240,83886080,12858810368,1604,0,1080,1080,32,7.8,618010
1786086092,2009744,14240,83886080,12885049344,1602,0,1085,1085,40,7.8,627041
1786086102,2002556,14240,83886080,12903989248,1601,0,1090,1090,44,7.8,618573
1786086112,2009048,14240,83886080,12932325376,1599,0,1097,1097,39,7.8,617949
1786086122,2001632,14240,83886080,12955426816,1598,0,1102,1102,46,7.8,618046
1786086132,2002136,14240,83886080,12978511872,1596,0,1110,1110,35,7.8,619118
1786086143,2013712,14240,83886080,13006848000,1595,0,1114,1114,47,7.8,619425
1786086153,2000532,14240,83886080,13027844096,1594,0,1119,1119,50,7.8,617951
1786086163,2007660,14240,83886080,13055139840,1592,0,1126,1126,39,7.8,619699
1786086173,2002588,14240,83886080,13080322048,1591,0,1132,1132,40,7.7,624737
1786086183,2000980,14240,83886080,13097115648,1590,0,1135,1135,52,7.7,621414
1786086193,2011644,14240,83886080,13110763520,1589,0,1139,1139,56,7.7,617948
1786086203,2001444,14240,83886080,13133856768,1588,0,1147,1147,33,7.7,618919
1786086213,2010892,14240,83886080,13163241472,1586,0,1151,1151,43,7.7,622689
1786086223,2013020,14240,83886080,13184229376,1585,0,1156,1156,48,7.7,618039
1786086234,2002712,14240,83886080,13211525120,1584,0,1164,1164,34,7.7,621073
1786086244,2015324,14240,83886080,13239861248,1582,0,1168,1168,45,7.7,618289
1786086254,2001636,14240,83886080,13262954496,1581,0,1173,1173,50,7.7,618010
1786086264,2012188,14240,83886080,13294444544,1580,0,1180,1180,41,7.7,619528
1786086274,2003220,14240,83886080,13328031744,1578,0,1185,1185,48,7.7,618032
1786086284,2003624,14240,83886080,13328031744,1578,0,1189,1189,43,7.7,618016
1786086294,2014432,14240,83886080,13365813248,1577,0,1193,1193,43,7.7,619190
1786086304,2004444,14240,83886080,13396254720,1575,0,1201,1201,35,7.7,622305
1786086314,2007368,14240,83886080,13425643520,1574,0,1205,1205,46,7.7,621375
1786086324,2007392,14240,83886080,13453975552,1572,0,1213,1213,35,7.7,619148
1786086334,2009352,14240,83886080,13485469696,1571,0,1219,1219,39,7.7,618047
1786086345,2004924,14240,83886080,13510660096,1570,0,1225,1225,39,7.7,622793
1786086355,2011632,14240,83886080,13543198720,1568,0,1231,1231,40,7.7,621848
1786086365,2002728,14240,83886080,13573640192,1567,0,1238,1238,35,7.7,619749
1786086375,2012012,14240,83886080,13603020800,1566,0,1243,1243,42,7.7,622142
1786086385,2004968,14240,83886080,13632413696,1564,0,1251,1251,34,7.7,618056
1786086395,2008720,14240,83886080,13666000896,1563,0,1257,1257,36,7.7,621049
1786086406,2003028,14240,83886080,13675446272,1563,0,1259,1259,51,7.7,625646
1786086416,2002380,14240,83886080,13700636672,1561,0,1267,1267,31,7.7,620296
1786086426,2011804,14240,83886080,13734223872,1560,0,1271,1271,41,7.7,618061
1786086436,2002828,14240,83886080,13753118720,1559,0,1275,1275,46,7.7,625310
1786086446,2016820,14240,83886080,13773053952,1558,0,1279,1279,50,7.7,617991
1786086457,2003164,14240,83886080,13800349696,1557,0,1287,1287,32,7.7,618027
1786086467,2013392,14240,83886080,13836034048,1556,0,1291,1291,41,7.7,619655
1786086477,2002452,14240,83886080,13866471424,1554,0,1296,1296,44,7.7,620293
1786086487,2010636,14240,83886080,13926301696,1554,0,1303,1303,37,7.7,618025
1786086497,2003256,14240,83886080,13990326272,1554,0,1308,1308,44,7.7,621909
1786086507,2002452,14240,83886080,14045954048,1554,0,1316,1316,29,7.7,621670
1786086517,2012988,14240,83886080,14111027200,1554,0,1320,1320,41,7.7,623799
1786086527,2003408,14240,83886080,14178209792,1555,0,1328,1328,31,7.7,623754
1786086537,2016280,14240,83886080,14229635072,1555,0,1332,1332,42,7.7,620545
1786086548,2007260,14240,83886080,14303105024,1557,0,1340,1340,34,7.7,618094
1786086558,2010140,14240,83886080,14367133696,1556,0,1346,1346,36,7.7,618064
1786086568,2003012,14240,83886080,14399672320,1558,0,1352,1352,34,7.6,620774
1786086578,2003572,14240,83886080,14434312192,1559,0,1358,1358,36,7.6,622950
1786086588,2002472,14240,83886080,14467895296,1561,0,1365,1364,40,7.6,618237
1786086598,2002876,14240,83886080,14506729472,1562,0,1372,1372,32,7.6,617984
1786086608,2004152,14240,83886080,14543466496,1563,0,1378,1378,35,7.6,617903
1786086618,2003348,14240,83886080,14578106368,1565,0,1384,1384,36,7.6,620048
1786086628,2002948,14240,83886080,14608539648,1565,0,1391,1391,32,7.6,621190
1786086638,2002880,14240,83886080,14636879872,1566,0,1396,1396,39,7.6,618034
1786086648,2001580,14240,83886080,14682013696,1568,0,1404,1404,31,7.6,620822
1786086658,2002440,14240,83886080,14691454976,1568,0,1404,1404,52,7.6,620728
1786086669,2004592,14240,83886080,14718750720,1569,0,1408,1408,53,7.6,617976
1786086679,2001856,14240,83886080,14763880448,1571,0,1416,1416,34,7.6,624151
1786086689,2004192,14240,83886080,14794321920,1572,0,1421,1421,41,7.6,618319
1786086700,2003296,14240,83886080,14802718720,1572,0,1424,1424,44,7.6,621606
1786086710,2003180,14240,83886080,14849949696,1574,0,1432,1432,34,7.6,618636
1786086720,2002756,14240,83886080,14882488320,1575,0,1437,1437,41,7.6,621886
1786086730,2001932,14240,83886080,14916075520,1577,0,1444,1444,33,7.6,617950
1786086740,2003800,14240,83886080,14948614144,1577,0,1450,1450,39,7.6,617961
1786086750,2002516,14240,83886080,14988496896,1579,0,1457,1457,34,7.6,620877
1786086760,2002516,14240,83886080,15012638720,1580,0,1462,1462,41,7.6,619806
1786086770,2004084,14240,83886080,15053570048,1581,0,1470,1470,33,7.6,620274
1786086780,2003032,14240,83886080,15084011520,1582,0,1474,1474,45,7.6,618121
1786086790,2001788,14240,83886080,15125995520,1584,0,1482,1482,37,7.6,621717
1786086801,2003852,14240,83886080,15152234496,1584,0,1486,1486,43,7.6,620816
1786086811,2002704,14240,83886080,15203663872,1586,0,1494,1494,32,7.6,617952
1786086821,2002012,14240,83886080,15234101248,1587,0,1498,1498,38,7.6,620864
1786086831,2003644,14240,83886080,15261392896,1588,0,1502,1502,44,7.6,618086
1786086841,2003156,14240,83886080,15307575296,1590,0,1510,1510,34,7.6,619775
1786086851,2002116,14240,83886080,15339065344,1591,0,1515,1515,38,7.6,619446
1786086861,2002240,14240,83886080,15365304320,1592,0,1519,1519,46,7.6,617956
1786086871,2003076,14240,83886080,15411486720,1594,0,1527,1527,34,7.6,620269
1786086881,2002096,14240,83886080,15444025344,1595,0,1532,1532,37,7.6,620193
1786086891,2002748,14240,83886080,15473410048,1596,0,1539,1539,31,7.6,619205
1786086901,2003436,14240,83886080,15504900096,1597,0,1544,1544,38,7.6,618446
1786086911,2002016,14240,83886080,15534288896,1598,0,1552,1552,31,7.6,625530
1786086922,2003408,14240,83886080,15565778944,1599,0,1557,1557,38,7.6,620085
1786086932,2002944,14240,83886080,15610908672,1600,0,1564,1564,33,7.7,618499
1786086942,2002876,14240,83886080,15644495872,1601,0,1569,1569,39,7.7,617924
1786086952,2002664,14240,83886080,15680188416,1602,0,1577,1577,29,7.7,622765
1786086962,2003840,14240,83886080,15720067072,1604,0,1581,1581,38,7.7,620733
1786086973,2003800,14240,83886080,15728467968,1604,0,1582,1582,50,7.7,626858
1786086983,2003232,14240,83886080,15781994496,1606,0,1590,1590,34,7.7,621728
1786086993,2004124,14240,83886080,15808237568,1607,0,1594,1594,43,7.7,619204
1786087003,2002692,14240,83886080,15844970496,1609,0,1602,1602,32,7.7,617950
1786087013,2003896,14240,83886080,15880658944,1610,0,1607,1607,38,7.7,620021
1786087023,2001624,14240,83886080,15914246144,1611,0,1612,1612,44,7.7,624448
1786087033,2001908,14240,83886080,15958327296,1613,0,1619,1619,38,7.7,623965
1786087043,2003064,14240,83886080,15994015744,1614,0,1624,1624,42,7.7,619755
1786087053,2003588,14240,83886080,16045445120,1615,0,1632,1632,32,7.7,623968
1786087063,2001880,14240,83886080,16073785344,1616,0,1636,1636,43,7.7,622818
1786087074,2001960,14240,83886080,16106323968,1617,0,1640,1640,42,7.7,622269
1786087084,2003984,14240,83886080,16134664192,1618,0,1644,1644,42,7.7,619939
1786087094,2002548,14240,83886080,16178745344,1619,0,1652,1652,31,7.7,619567
1786087104,2003436,14240,83886080,16193441792,1619,0,1657,1657,34,7.7,619187
1786087114,2004124,14240,83886080,16208134144,1619,0,1661,1661,43,7.7,617945
1786087124,2002644,14240,83886080,16217583616,1619,0,1669,1669,35,7.7,622206
1786087134,2004476,14240,83886080,16219684864,1619,0,1673,1673,45,7.7,620378
1786087144,2003476,14240,83886080,16221782016,1619,0,1678,1678,45,7.7,618737
1786087154,2002704,14240,83886080,16225980416,1619,0,1686,1686,35,7.7,617951
1786087164,2002528,14240,83886080,16228077568,1619,0,1689,1689,42,7.7,618012
1786087175,2009980,14240,83886080,16241725440,1619,0,1694,1694,37,7.7,617907
1786087185,2008748,14240,83886080,16270057472,1618,0,1701,1701,36,7.7,618040
1786087195,2002904,14240,83886080,16300498944,1618,0,1707,1707,38,7.7,622964
1786087205,2002436,14240,83886080,16301547520,1618,0,1709,1709,48,7.7,617952
1786087215,2006452,14240,83886080,16330936320,1618,0,1717,1717,35,7.7,618988
1786087225,2014560,14240,83886080,16360329216,1617,0,1721,1721,45,7.7,619326
1786087235,2002916,14240,83886080,16378171392,1617,0,1726,1726,47,7.7,621478
1786087245,2012060,14240,83886080,16391815168,1616,0,1730,1730,48,7.7,619780
1786087255,2003196,14240,83886080,16419102720,1616,0,1734,1734,51,7.7,622593
1786087266,2008796,14240,83886080,16448491520,1615,0,1742,1742,38,7.7,621820
1786087276,2003496,14240,83886080,16468434944,1615,0,1747,1747,43,7.7,621697
1786087286,2007988,14240,83886080,16496775168,1614,0,1754,1754,39,7.7,619755
1786087296,2004528,14240,83886080,16523010048,1613,0,1760,1760,40,7.7,617937
1786087306,2006612,14240,83886080,16542957568,1613,0,1767,1767,36,7.7,620961
1786087316,2005508,14240,83886080,16572342272,1612,0,1772,1772,41,7.7,619946
1786087326,2002484,14240,83886080,16594391040,1612,0,1779,1779,37,7.7,617938
1786087336,2004792,14240,83886080,16616427520,1611,0,1784,1784,38,7.7,622178
1786087346,2006140,14240,83886080,16643719168,1611,0,1791,1791,32,7.7,619110
1786087356,2011704,14240,83886080,16672055296,1610,0,1796,1796,41,7.7,620296
1786087366,2003480,14240,83886080,16694104064,1609,0,1804,1804,32,7.7,621838
1786087377,2009896,14240,83886080,16721383424,1608,0,1809,1809,40,7.7,621726
1786087387,2003684,14240,83886080,16750776320,1608,0,1816,1816,35,7.7,622537
1786087397,2008004,14240,83886080,16772816896,1607,0,1821,1821,40,7.7,621969
1786087407,2008396,14240,83886080,16793808896,1606,0,1825,1825,49,7.7,617945
1786087417,2005432,14240,83886080,16819003392,1605,0,1833,1833,36,7.7,623369
1786087427,2010864,14240,83886080,16842092544,1605,0,1837,1837,44,7.7,617899
1786087437,2002712,14240,83886080,16868331520,1604,0,1841,1841,53,7.7,617926
1786087448,2009084,14240,83886080,16895619072,1603,0,1849,1849,38,7.7,619078
1786087458,2001404,14240,83886080,16904019968,1602,0,1849,1849,59,7.7,623233
1786087468,2002432,14240,83886080,16925011968,1602,0,1857,1857,35,7.7,618037
1786087478,2013304,14240,83886080,16951250944,1601,0,1861,1861,45,7.7,622587
1786087488,2002632,14240,83886080,16972247040,1600,0,1866,1866,48,7.7,620574
1786087498,2004712,14240,83886080,16977489920,1600,0,1870,1870,51,7.7,617957
1786087508,2012076,14240,83886080,17003728896,1599,0,1874,1874,45,7.7,619208
1786087518,2002596,14240,83886080,17028919296,1598,0,1882,1882,32,7.7,617919
1786087528,2003492,14240,83886080,17047814144,1597,0,1886,1886,41,7.7,618875
1786087539,2008600,14240,83886080,17061462016,1597,0,1890,1890,44,7.7,617956
1786087549,2014592,14240,83886080,17086652416,1597,0,1894,1894,51,7.7,623218
1786087559,2003968,14240,83886080,16041234432,1596,0,1902,1902,34,7.7,617988
1786087569,2012636,14240,83886080,16067473408,1596,0,1906,1906,44,7.7,620821
1786087579,2005468,14240,83886080,15021006848,1595,0,1914,1914,30,7.7,618617
1786087589,2012376,14240,83886080,15049400320,1594,0,1918,1918,42,7.7,620321
1786087599,2015144,14240,83886080,15070416896,1593,0,1923,1923,47,7.7,620781
1786087609,2007988,14240,83886080,12944953344,1592,0,1931,1931,37,7.7,619154
1786087619,2008548,14240,83886080,12966993920,1591,0,1935,1935,48,7.7,617929
1786087629,2006124,14240,83886080,12983787520,1590,0,1943,1943,32,7.7,619948
1786087639,2014252,14240,83886080,13008977920,1589,0,1947,1947,44,7.7,617925
1786087650,2005916,14240,83886080,13029974016,1588,0,1952,1952,48,7.7,617940
1786087660,2006484,14240,83886080,13046763520,1588,0,1960,1960,33,7.7,617997
1786087670,2005824,14240,83886080,13050961920,1587,0,1964,1964,31,7.7,619234
1786087680,2016648,14240,83886080,13071953920,1587,0,1968,1968,44,7.7,629241
1786087691,2004908,14240,83886080,13076152320,1587,0,1970,1968,63,7.7,626788
1786087701,2008532,14240,83886080,13097144320,1586,0,1976,1976,35,7.7,617905
1786087711,2017816,14240,83886080,13122338816,1585,0,1980,1980,46,7.7,619757
1786087721,2007956,14240,83886080,13146476544,1584,0,1988,1988,35,7.7,617934
1786087731,2004788,14240,83886080,13150674944,1584,0,1988,1988,55,7.7,620806
1786087741,2006448,14240,83886080,13171666944,1583,0,1996,1996,33,7.7,618915
1786087751,2016760,14240,83886080,13196861440,1582,0,2000,2000,44,7.7,622275
1786087761,2006624,14240,83886080,13213650944,1582,0,2005,2005,47,7.7,619171
1786087771,2012856,14240,83886080,13226242048,1581,0,2009,2009,47,7.7,624544
1786087782,2005796,14240,83886080,13255634944,1580,0,2013,2013,49,7.7,622340
1786087792,2011180,14240,83886080,13283975168,1579,0,2021,2021,36,7.7,618150
1786087802,2005824,14240,83886080,13293424640,1579,0,2022,2022,54,7.7,617961
1786087812,2020588,14240,83886080,13312311296,1579,0,2026,2026,56,7.7,617950
1786087822,2008200,14240,83886080,13341700096,1578,0,2034,2034,35,7.7,621742
1786087832,2021916,14240,83886080,13376339968,1576,0,2038,2038,44,7.6,618864
1786087842,2009080,14240,83886080,13397327872,1576,0,2046,2046,35,7.6,618714
1786087852,2016260,14240,83886080,13430915072,1575,0,2051,2051,42,7.6,620877
1786087862,2010920,14240,83886080,13463453696,1574,0,2058,2058,36,7.6,619882
1786087873,2014400,14240,83886080,13489696768,1573,0,2063,2063,42,7.6,618135
1786087883,2005320,14240,83886080,13520134144,1572,0,2070,2069,38,7.6,618021
1786087893,2015560,14240,83886080,13545320448,1571,0,2075,2075,41,7.6,620157
1786087903,2014284,14240,83886080,13571563520,1570,0,2081,2081,41,7.6,618889
1786087913,2011720,14240,83886080,13603053568,1569,0,2088,2088,38,7.6,620699
1786087923,2010260,14240,83886080,13635592192,1568,0,2093,2093,44,7.6,618834
1786087933,2008832,14240,83886080,13657632768,1567,0,2101,2101,32,7.6,618022
1786087943,2008424,14240,83886080,13687021568,1566,0,2107,2107,34,7.6,620034
1786087953,2008528,14240,83886080,13712207872,1565,0,2112,2111,45,7.6,619731
1786087963,2009644,14240,83886080,13738450944,1564,0,2119,2119,37,7.6,622315
1786087973,2011948,14240,83886080,13770989568,1563,0,2125,2125,39,7.6,622143
1786087983,2006880,14240,83886080,13794078720,1562,0,2131,2129,51,7.6,620232
1786087994,2010896,14240,83886080,13825568768,1561,0,2137,2137,38,7.6,624121
1786088004,2012496,14240,83886080,13857054720,1560,0,2143,2143,39,7.6,618113
1786088014,2005040,14240,83886080,13873852416,1559,0,2145,2145,55,7.6,627168
1786088024,2019580,14240,83886080,13891690496,1559,0,2149,2149,61,7.6,619274
1786088034,2008740,14240,83886080,13922127872,1558,0,2157,2157,36,7.6,618014
1786088044,2010988,14240,83886080,13947322368,1557,0,2161,2161,47,7.6,622226
1786088054,2009484,14240,83886080,13977763840,1556,0,2169,2169,35,7.6,618024
1786088064,2008472,14240,83886080,13999800320,1555,0,2174,2174,43,7.6,620574
1786088074,2004680,14240,83886080,14003994624,1555,0,2179,2179,47,7.6,619020
1786088084,2005520,14240,83886080,14008197120,1555,0,2186,2186,41,7.6,617953
1786088095,2005832,14240,83886080,14015549440,1555,0,2191,2191,45,7.6,620010
1786088105,2005676,14240,83886080,14021840896,1556,0,2199,2199,36,7.6,619410
1786088115,2007300,14240,83886080,14026043392,1555,0,2203,2203,43,7.6,622362
1786088125,2006432,14240,83886080,14026043392,1555,0,2211,2211,35,7.7,618106
1786088135,2005396,14240,83886080,14030237696,1555,0,2216,2216,40,7.7,619719
1786088145,2005876,14240,83886080,14031286272,1555,0,2221,2221,42,7.7,623415
1786088155,2005236,14240,83886080,14034436096,1555,0,2228,2228,39,7.7,619730
1786088165,2006144,14240,83886080,14035488768,1555,0,2233,2233,44,7.7,621037
1786088175,2005468,14240,83886080,14038638592,1555,0,2241,2241,35,7.7,617964
1786088185,2007192,14240,83886080,14041788416,1555,0,2246,2246,42,7.7,622147
1786088195,2005808,14240,83886080,14042836992,1555,0,2252,2252,40,7.7,617972
1786088205,2007292,14240,83886080,14045982720,1555,0,2258,2258,40,7.7,620104
1786088216,2005636,14240,83886080,14048083968,1555,0,2266,2266,33,7.7,617943
1786088226,2006768,14240,83886080,14051233792,1555,0,2270,2270,44,7.7,623262
1786088236,2006232,14240,83886080,14052282368,1555,0,2278,2278,34,7.7,619185
1786088246,2005852,14240,83886080,14055432192,1554,0,2282,2282,47,7.7,620853
1786088256,2006328,14240,83886080,14059630592,1554,0,2290,2290,30,7.7,621811
1786088266,2005560,14240,83886080,14064877568,1554,0,2294,2294,41,7.7,617920
1786088276,2004744,14240,83886080,14071173120,1554,0,2302,2302,31,7.7,617997
1786088286,2006296,14240,83886080,14074318848,1554,0,2308,2307,39,7.7,617996
1786088296,2005836,14240,83886080,14084820992,1554,0,2314,2314,38,7.7,621371
1786088306,2006616,14240,83886080,14094262272,1555,0,2320,2320,42,7.7,618762
1786088317,2006192,14240,83886080,14107910144,1555,0,2327,2327,36,7.7,621875
1786088327,2006856,14240,83886080,14118408192,1555,0,2334,2334,32,7.7,621258
1786088337,2007356,14240,83886080,14132051968,1555,0,2339,2339,39,7.7,618039
1786088347,2005152,14240,83886080,14146748416,1556,0,2347,2347,33,7.7,619879
1786088357,2006780,14240,83886080,14157242368,1556,0,2351,2351,41,7.7,621277
1786088367,2006084,14240,83886080,14176137216,1556,0,2359,2359,33,7.7,623045
1786088377,2005788,14240,83886080,14185578496,1557,0,2363,2363,44,7.7,617953
1786088387,2005576,14240,83886080,14199222272,1557,0,2367,2367,43,7.7,619052
1786088397,2007276,14240,83886080,14211817472,1557,0,2371,2371,44,7.7,618002
1786088407,2005532,14240,83886080,14227562496,1558,0,2379,2379,34,7.7,618658
1786088417,2007752,14240,83886080,14232813568,1558,0,2384,2384,40,7.7,618095
1786088427,2005752,14240,83886080,14243307520,1559,0,2391,2391,34,7.7,620106
1786088438,2007048,14240,83886080,14246457344,1559,0,2396,2396,43,7.7,619348
1786088448,2006320,14240,83886080,14247505920,1559,0,2404,2404,35,7.7,620394
1786088458,2006380,14240,83886080,14251708416,1559,0,2409,2409,41,7.7,621244
1786088468,2005436,14240,83886080,14254858240,1559,0,2416,2416,37,7.7,619968
1786088478,2006972,14240,83886080,14258008064,1559,0,2421,2421,42,7.7,617938
1786088488,2006636,14240,83886080,14259056640,1559,0,2429,2429,34,7.7,617947
1786088498,2005884,14240,83886080,14262202368,1559,0,2434,2434,40,7.7,617980
1786088508,2005300,14240,83886080,14264303616,1559,0,2438,2438,46,7.7,623944
1786088518,2005612,14240,83886080,14266400768,1559,0,2442,2442,48,7.7,622801
1786088528,2005496,14240,83886080,14270599168,1559,0,2450,2450,29,7.7,621455
1786088538,2006768,14240,83886080,14278991872,1559,0,2454,2454,41,7.7,622219
1786088549,2004928,14240,83886080,14282145792,1559,0,2456,2455,55,7.7,618039
1786088559,2006680,14240,83886080,14293692416,1559,0,2463,2463,32,7.7,618845
1786088569,2005296,14240,83886080,14309437440,1559,0,2468,2468,38,7.7,618975
1786088579,2005824,14240,83886080,14332526592,1560,0,2475,2475,36,7.7,618005
1786088589,2006132,14240,83886080,14347218944,1559,0,2481,2481,39,7.7,620401
1786088599,2004880,14240,83886080,14376607744,1561,0,2488,2488,35,7.7,619808
1786088609,2006236,14240,83886080,14396547072,1561,0,2495,2495,33,7.7,618039
1786088619,2005360,14240,83886080,14426988544,1562,0,2501,2501,37,7.7,624796
1786088629,2005332,14240,83886080,14443778048,1562,0,2505,2505,40,7.7,619851
1786088639,2006156,14240,83886080,14472122368,1563,0,2513,2513,31,7.7,618092
1786088649,2004872,14240,83886080,14497312768,1564,0,2518,2518,38,7.7,622580
1786088659,2005976,14240,83886080,14521454592,1565,0,2523,2523,42,7.7,620393
1786088670,2014624,14240,83886080,14569738240,1566,0,2530,2530,37,7.7,619916
1786088680,2006256,14240,83886080,14614867968,1566,0,2537,2537,36,7.7,620541
1786088690,2014064,14240,83886080,14665248768,1566,0,2543,2543,36,7.7,621616
1786088700,2010572,14240,83886080,14721929216,1567,0,2550,2550,33,7.7,621442
1786088711,2009360,14240,83886080,14772310016,1567,0,2556,2556,37,7.7,624157
1786088721,2004996,14240,83886080,14800650240,1568,0,2560,2560,33,7.7,620735
1786088731,2016788,14240,83886080,14855225344,1569,0,2564,2564,41,7.7,619097
1786088741,2006292,14240,83886080,14922395648,1570,0,2572,2572,32,7.7,620424
1786088751,2010984,14240,83886080,14964383744,1570,0,2577,2577,37,7.7,620946
1786088761,2009608,14240,83886080,15026307072,1570,0,2584,2584,34,7.7,619995
1786088771,2012872,14240,83886080,15078793216,1570,0,2589,2589,40,7.7,618001
1786088781,2010120,14240,83886080,15140712448,1571,0,2597,2597,32,7.7,619720
1786088792,2015920,14240,83886080,15201595392,1572,0,2602,2602,40,7.7,619827
1786088802,2013420,14240,83886080,15265619968,1572,0,2609,2609,37,7.7,617931
1786088812,2015020,14240,83886080,15322296320,1573,0,2614,2614,41,7.7,619829
1786088822,2005432,14240,83886080,15387373568,1574,0,2622,2622,31,7.7,624328
1786088832,2017144,14240,83886080,15448248320,1575,0,2626,2626,41,7.7,618947
1786088842,2017268,14240,83886080,15498629120,1575,0,2630,2630,44,7.7,620096
1786088852,2006368,14240,83886080,15568953344,1576,0,2638,2638,32,7.7,617998
1786088862,2012216,14240,83886080,15635083264,1577,0,2643,2643,37,7.7,617976
1786088872,2019420,14240,83886080,15686508544,1577,0,2647,2647,47,7.7,617924
1786088882,2006160,14240,83886080,15756836864,1578,0,2655,2655,34,7.7,620435
1786088892,2017512,14240,83886080,15808262144,1579,0,2659,2659,41,7.7,617995
1786088903,2011316,14240,83886080,15858647040,1579,0,2664,2664,45,7.7,618429
1786088913,2009980,14240,83886080,15925821440,1580,0,2672,2672,35,7.7,618032
1786088923,2008688,14240,83886080,15978299392,1581,0,2677,2677,40,7.7,625520
1786088933,2007840,14240,83886080,16037076992,1582,0,2684,2684,31,7.7,623290
1786088943,2015128,14240,83886080,16095850496,1582,0,2689,2689,37,7.7,617950
1786088953,2004560,14240,83886080,16135737344,1583,0,2694,2694,45,7.7,617948
1786088963,2010552,14240,83886080,16196612096,1584,0,2701,2701,35,7.7,621476
1786088973,2012632,14240,83886080,16250146816,1584,0,2706,2706,41,7.7,619799
1786088983,2006028,14240,83886080,16291082240,1585,0,2712,2712,40,7.7,617926
1786088993,2011044,14240,83886080,16324665344,1585,0,2717,2717,31,7.7,617994
1786089003,2008524,14240,83886080,16377147392,1586,0,2722,2721,47,7.7,618100
1786089013,2011624,14240,83886080,16443273216,1587,0,2729,2729,38,7.7,619716
1786089024,2010196,14240,83886080,16462168064,1587,0,2730,2730,51,7.7,617877
1786089034,2010052,14240,83886080,16515694592,1587,0,2738,2738,29,7.7,620177
1786089044,2018324,14240,83886080,16589180928,1588,0,2742,2742,39,7.7,619072
1786089054,2009980,14240,83886080,16649011200,1588,0,2746,2746,48,7.7,617950
1786089064,2015448,14240,83886080,16702537728,1589,0,2754,2754,34,7.7,620149
1786089074,2023460,14240,83886080,16766586880,1589,0,2759,2759,42,7.7,617939
1786089084,2018396,14240,83886080,16835854336,1590,0,2766,2766,38,7.7,619382
1786089094,2010056,14240,83886080,16880992256,1591,0,2770,2770,48,7.7,623458
1786089104,2018684,14240,83886080,15871266816,1592,0,2778,2778,38,7.7,621094
1786089114,2010420,14240,83886080,15922696192,1592,0,2783,2783,43,7.7,630160
1786089124,2015148,14240,83886080,13819277312,1592,0,2790,2790,36,7.7,620416
1786089135,2021700,14240,83886080,13861265408,1592,0,2795,2795,43,7.7,621195
1786089145,2011140,14240,83886080,13893799936,1591,0,2799,2799,54,7.7,623965
1786089155,2013008,14240,83886080,13937885184,1591,0,2807,2807,35,7.7,617978
1786089165,2020432,14240,83886080,13977772032,1590,0,2811,2811,46,7.7,618137
1786089175,2011608,14240,83886080,14016602112,1590,0,2819,2819,35,7.7,618677
1786089185,2018532,14240,83886080,14056488960,1589,0,2824,2824,39,7.7,618002
1786089195,2014792,14240,83886080,14100574208,1589,0,2831,2831,35,7.7,620548
1786089205,2017840,14240,83886080,14134157312,1588,0,2836,2836,39,7.7,619448
1786089215,2024184,14240,83886080,14174044160,1587,0,2841,2841,46,7.7,617944
1786089225,2013928,14240,83886080,14211833856,1587,0,2849,2849,32,7.7,617994
1786089235,2011568,14240,83886080,14229676032,1587,0,2851,2850,50,7.7,626167
1786089246,2017352,14240,83886080,14256963584,1586,0,2856,2856,39,7.7,621596
1786089256,2015428,14240,83886080,14291599360,1586,0,2864,2864,32,7.7,620052
1786089266,2015312,14240,83886080,14331486208,1585,0,2868,2868,46,7.7,625422
1786089276,2012724,14240,83886080,14346178560,1585,0,2872,2872,42,7.7,622251
1786089286,2023644,14240,83886080,14392360960,1584,0,2876,2876,43,7.7,620514
1786089296,2011268,14240,83886080,14437494784,1583,0,2884,2884,33,7.7,619782
1786089306,2011512,14240,83886080,14463733760,1583,0,2887,2887,44,7.7,618079
1786089316,2019884,14240,83886080,14487875584,1582,0,2892,2892,35,7.7,622031
1786089326,2016584,14240,83886080,14527758336,1582,0,2899,2899,33,7.7,618067
1786089336,2017620,14240,83886080,14572892160,1581,0,2904,2904,42,7.7,617977
1786089347,2010544,14240,83886080,14590738432,1581,0,2908,2908,35,7.7,618394
1786089357,2017260,14240,83886080,14661058560,1582,0,2912,2912,39,7.7,623871
1786089367,2011948,14240,83886080,14717739008,1581,0,2918,2917,45,7.7,621718
1786089377,2011592,14240,83886080,14755520512,1581,0,2921,2921,51,7.7,618014
1786089387,2021360,14240,83886080,14778617856,1581,0,2925,2925,49,7.7,623057
1786089397,2010160,14240,83886080,14818500608,1580,0,2933,2933,30,7.7,622669
1786089407,2019208,14240,83886080,14857347072,1579,0,2937,2937,42,7.7,619953
1786089418,2016012,14240,83886080,14881488896,1579,0,2942,2942,45,7.7,622822
1786089428,2018228,14240,83886080,14899335168,1578,0,2946,2946,40,7.7,618255
1786089438,2024372,14240,83886080,14938165248,1578,0,2950,2950,48,7.7,623196
1786089448,2011568,14240,83886080,14971752448,1577,0,2958,2958,37,7.7,623962
1786089458,2018616,14240,83886080,15012687872,1576,0,2963,2963,37,7.7,619739
1786089468,2013272,14240,83886080,15051522048,1576,0,2970,2970,36,7.7,619459
1786089478,2017420,14240,83886080,15079858176,1575,0,2975,2975,42,7.7,620515
1786089488,2011896,14240,83886080,15117647872,1575,0,2982,2982,38,7.7,620872
1786089499,2021092,14240,83886080,15155433472,1574,0,2988,2988,39,7.7,619039
1786089509,2016172,14240,83886080,15186923520,1573,0,2995,2995,37,7.7,620107
1786089519,2020340,14240,83886080,15225757696,1572,0,3000,3000,44,7.7,620998
1786089529,2018952,14240,83886080,15266693120,1572,0,3007,3007,39,7.7,618021
1786089539,2022940,14240,83886080,15298179072,1571,0,3012,3012,45,7.7,619636
1786089549,2013252,14240,83886080,15337013248,1570,0,3020,3020,34,7.7,621284
1786089559,2025768,14240,83886080,15375851520,1570,0,3024,3024,46,7.7,618033
1786089569,2010144,14240,83886080,15392641024,1569,0,3029,3029,47,7.7,619503
1786089579,2010416,14240,83886080,15407337472,1569,0,3037,3037,35,7.7,618989
1786089589,2012388,14240,83886080,15413633024,1569,0,3042,3042,43,7.7,617968
1786089599,2010920,14240,83886080,15434629120,1569,0,3049,3049,34,7.7,622728
1786089610,2011280,14240,83886080,15446175744,1570,0,3054,3054,41,7.7,617944
1786089620,2011520,14240,83886080,15457718272,1570,0,3058,3058,50,7.7,625922
1786089630,2011456,14240,83886080,14407061504,1570,0,3066,3066,32,7.7,620153
1786089640,2012700,14240,83886080,14421753856,1570,0,3070,3070,42,7.7,617985
1786089650,2010548,14240,83886080,14427000832,1570,0,3074,3074,51,7.7,617912
1786089660,2011392,14240,83886080,14428053504,1570,0,3082,3082,33,7.7,619707
1786089671,2010460,14240,83886080,14432247808,1570,0,3086,3086,43,7.7,617928
1786089681,2010772,14240,83886080,14435397632,1570,0,3091,3091,46,7.7,617951
1786089691,2012616,14240,83886080,14440648704,1570,0,3098,3098,38,7.7,620911
1786089701,2012448,14240,83886080,14444847104,1570,0,3103,3103,44,7.7,621209
1786089711,2011392,14240,83886080,14445895680,1570,0,3108,3107,55,7.7,620297
1786089721,2011440,14240,83886080,14447992832,1570,0,3115,3115,40,7.7,620242
1786089731,2010640,14240,83886080,14452199424,1570,0,3120,3120,45,7.7,620862
1786089741,2011532,14240,83886080,14453248000,1570,0,3124,3124,51,7.7,618374
1786089751,2011712,14240,83886080,14454296576,1570,0,3128,3128,55,7.7,617944
1786089761,2010516,14240,83886080,14457442304,1570,0,3136,3136,32,7.7,617948
1786089771,2011764,14240,83886080,14458490880,1570,0,3140,3140,43,7.7,617902
1786089781,2010380,14240,83886080,14460588032,1569,0,3140,3140,66,7.7,620129
1786089792,2010992,14240,83886080,14461636608,1570,0,3148,3148,32,7.7,620040
1786089802,2011776,14240,83886080,14463737856,1569,0,3152,3152,43,7.7,622491
1786089812,2010908,14240,83886080,14465835008,1569,0,3160,3160,32,7.7,624197
1786089822,2010928,14240,83886080,14468988928,1569,0,3164,3164,41,7.7,620425
1786089832,2011540,14240,83886080,14478430208,1570,0,3169,3169,44,7.7,618088
1786089842,2010712,14240,83886080,14497325056,1570,0,3177,3177,36,7.7,617969
1786089852,2011420,14240,83886080,14512017408,1570,0,3182,3182,40,7.7,619580
1786089862,2011120,14240,83886080,14523564032,1571,0,3189,3189,34,7.7,620099
1786089872,2010420,14240,83886080,14537211904,1571,0,3194,3194,43,7.7,625020
1786089883,2011108,14240,83886080,14556098560,1571,0,3202,3202,35,7.7,623829
1786089893,2011080,14240,83886080,14567649280,1571,0,3206,3206,41,7.7,618260
1786089903,2010924,14240,83886080,14577090560,1572,0,3214,3214,34,7.7,621263
1786089913,2011772,14240,83886080,14582341632,1572,0,3219,3219,38,7.7,617937
1786089923,2012820,14240,83886080,14591791104,1572,0,3223,3223,45,7.7,621229
1786089933,2011160,14240,83886080,14613831680,1573,0,3231,3231,33,7.7,619135
1786089943,2011420,14240,83886080,14629576704,1573,0,3235,3235,44,7.7,619695
1786089953,2010940,14240,83886080,14652665856,1574,0,3243,3243,33,7.7,621001
1786089963,2012960,14240,83886080,14666313728,1574,0,3248,3248,40,7.7,619628
1786089973,2011556,14240,83886080,14694653952,1575,0,3255,3255,35,7.7,622311
1786089984,2011216,14240,83886080,14720888832,1576,0,3260,3260,41,7.7,619275
1786089994,2011596,14240,83886080,14752378880,1577,0,3267,3267,39,7.7,619931
1786090004,2010304,14240,83886080,14788067328,1578,0,3273,3273,41,7.7,617896
1786090014,2011924,14240,83886080,14817456128,1579,0,3280,3280,38,7.7,618712
1786090024,2010928,14240,83886080,14844747776,1580,0,3287,3287,33,7.7,619735
1786090034,2011936,14240,83886080,14878330880,1580,0,3293,3293,36,7.7,621753
1786090044,2011096,14240,83886080,14900375552,1581,0,3297,3297,45,7.7,619361
1786090054,2010684,14240,83886080,14933954560,1582,0,3305,3305,32,7.7,619687
1786090064,2012048,14240,83886080,14957051904,1582,0,3310,3310,40,7.7,619969
1786090074,2012580,14240,83886080,14983290880,1583,0,3314,3314,50,7.7,618000
1786090084,2011388,14240,83886080,15022125056,1584,0,3322,3322,35,7.7,625282
1786090094,2010552,14240,83886080,15046270976,1584,0,3326,3326,48,7.7,621397
1786090105,2010848,14240,83886080,15057809408,1585,0,3329,3326,62,7.7,630192
1786090115,2011964,14240,83886080,15101898752,1586,0,3334,3334,39,7.7,621639
1786090125,2010400,14240,83886080,15124983808,1586,0,3338,3338,48,7.7,617954
1786090135,2010356,14240,83886080,15171170304,1588,0,3346,3346,34,7.7,617930
1786090145,2010832,14240,83886080,15184809984,1588,0,3350,3350,32,7.7,617975
1786090155,2010792,14240,83886080,15230996480,1589,0,3354,3354,37,7.7,618001
1786090165,2012484,14240,83886080,15255142400,1589,0,3358,3358,48,7.7,620615
1786090175,2010056,14240,83886080,15297122304,1590,0,3362,3362,53,7.7,620391
1786090185,2017028,14240,83886080,15333859328,1590,0,3366,3366,48,7.7,621490
1786090196,2010952,14240,83886080,15377936384,1591,0,3371,3371,43,7.7,619137
1786090206,2016248,14240,83886080,15434620928,1591,0,3378,3378,37,7.7,619899
1786090216,2015744,14240,83886080,15478697984,1591,0,3383,3383,44,7.7,620434
1786090226,2011596,14240,83886080,15508090880,1592,0,3391,3390,35,7.7,622342
1786090236,2016036,14240,83886080,15557423104,1592,0,3395,3395,38,7.7,619793
1786090246,2014892,14240,83886080,15593107456,1592,0,3401,3401,38,7.7,620444
1786090256,2013808,14240,83886080,15641391104,1593,0,3408,3408,34,7.7,618042
1786090266,2011376,14240,83886080,15686520832,1592,0,3413,3413,43,7.7,619235
1786090276,2010640,14240,83886080,15729561600,1593,0,3421,3421,33,7.7,617966
1786090286,2014748,14240,83886080,15777837056,1593,0,3425,3425,40,7.7,622974
1786090296,2011128,14240,83886080,15818772480,1593,0,3430,3430,45,7.7,619983
1786090306,2012304,14240,83886080,15868104704,1594,0,3437,3437,36,7.7,622650
1786090317,2015216,14240,83886080,15902744576,1593,0,3442,3442,41,7.7,620987
1786090327,2012264,14240,83886080,15959420928,1594,0,3449,3449,37,7.7,620833
1786090337,2014356,14240,83886080,15997202432,1594,0,3454,3454,37,7.7,619749
1786090347,2014456,14240,83886080,16030793728,1593,0,3458,3458,48,7.8,618126
1786090357,2013416,14240,83886080,16080121856,1594,0,3466,3466,37,7.8,620517
1786090367,2009920,14240,83886080,16099016704,1594,0,3467,3467,53,7.8,619673
1786090377,2011204,14240,83886080,16134701056,1594,0,3471,3471,56,7.8,619458
1786090387,2013304,14240,83886080,16194531328,1594,0,3479,3479,36,7.8,619004
1786090397,2018828,14240,83886080,16232316928,1594,0,3483,3483,46,7.8,618397
1786090408,2012756,14240,83886080,16248061952,1594,0,3484,3484,55,7.8,629741
1786090418,2016208,14240,83886080,13061431296,1593,0,3491,3491,39,7.8,617945
1786090428,2011420,14240,83886080,13087670272,1593,0,3496,3495,50,7.8,621242
1786090438,2011568,14240,83886080,13107613696,1592,0,3500,3500,53,7.8,619760
1786090448,2014468,14240,83886080,13134905344,1592,0,3508,3508,38,7.8,617945
1786090458,2012256,14240,83886080,13156945920,1591,0,3512,3512,50,7.8,619964
1786090468,2009900,14240,83886080,13178986496,1590,0,3516,3516,55,7.8,631642
1786090478,2017400,14240,83886080,13193682944,1590,0,3520,3520,52,7.8,619111
1786090489,2010832,14240,83886080,13219926016,1590,0,3525,3524,52,7.8,618474
1786090499,2017404,14240,83886080,13251407872,1589,0,3532,3532,38,7.8,622404
1786090509,2015944,14240,83886080,13273452544,1589,0,3537,3537,44,7.8,617954
1786090519,2011380,14240,83886080,13303889920,1588,0,3544,3544,36,7.8,618411
1786090529,2018996,14240,83886080,13329084416,1587,0,3549,3549,44,7.8,622740
1786090539,2019464,14240,83886080,13351129088,1587,0,3554,3554,48,7.8,618750
1786090549,2012892,14240,83886080,13383663616,1587,0,3562,3562,35,7.8,620554
1786090559,2022552,14240,83886080,13409902592,1586,0,3566,3566,46,7.8,618764
1786090570,2010424,14240,83886080,13415149568,1586,0,3566,3566,61,7.8,631887
1786090580,2013032,14240,83886080,13446635520,1586,0,3574,3574,37,7.8,617929
1786090590,2020388,14240,83886080,13474975744,1585,0,3578,3578,47,7.8,621011
1786090600,2011340,14240,83886080,13495967744,1585,0,3582,3582,53,7.8,624897
1786090610,2011396,14240,83886080,13507514368,1585,0,3586,3586,45,7.8,617988
1786090620,2016864,14240,83886080,13535850496,1584,0,3591,3591,40,7.8,621164
1786090630,2011720,14240,83886080,13568393216,1584,0,3598,3598,34,7.8,622484
1786090640,2010740,14240,83886080,13583085568,1584,0,3602,3602,40,7.8,621420
1786090650,2018136,14240,83886080,13598830592,1583,0,3606,3606,40,7.8,619719
1786090660,2011524,14240,83886080,12546068480,1583,0,3614,3614,31,7.8,619838
1786090670,2017192,14240,83886080,12568104960,1582,0,3619,3618,45,7.8,617953
1786090681,2012024,14240,83886080,12584898560,1582,0,3626,3626,33,7.8,622377
1786090691,2017680,14240,83886080,12606947328,1582,0,3631,3631,40,7.8,618030
1786090701,2014788,14240,83886080,12624793600,1581,0,3636,3636,48,7.8,626847
1786090711,2014392,14240,83886080,12638433280,1581,0,3643,3643,39,7.8,626521
1786090721,2019224,14240,83886080,12660477952,1580,0,3648,3648,45,7.8,622150
1786090731,2011000,14240,83886080,12675170304,1580,0,3653,3653,46,7.8,617946
1786090741,2015888,14240,83886080,12682514432,1580,0,3657,3657,51,7.8,619520
1786090751,2011880,14240,83886080,12704559104,1579,0,3662,3662,45,7.8,624999
1786090761,2015348,14240,83886080,12726603776,1579,0,3669,3669,41,7.8,618004
1786090771,2010992,14240,83886080,12733943808,1579,0,3670,3670,59,7.8,620408
1786090781,2010204,14240,83886080,12755984384,1578,0,3675,3675,55,7.8,618044
1786090791,2018152,14240,83886080,12786442240,1577,0,3682,3682,40,7.8,620524
1786090802,2009968,14240,83886080,12814798848,1577,0,3687,3687,45,7.8,618055
1786090812,2010460,14240,83886080,12837916672,1576,0,3694,3694,34,7.8,619285
1786090822,2017824,14240,83886080,12869406720,1576,0,3699,3699,40,7.8,620355
1786090832,2018916,14240,83886080,12899848192,1575,0,3703,3703,47,7.8,618094
1786090842,2010648,14240,83886080,12922933248,1574,0,3708,3708,50,7.8,619866
1786090852,2012664,14240,83886080,12922933248,1574,0,3708,3708,62,7.8,618020
1786090862,2025796,14240,83886080,12940775424,1574,0,3712,3712,59,7.8,622354
1786090872,2012916,14240,83886080,12971216896,1573,0,3720,3720,32,7.8,619871
1786090882,2022328,14240,83886080,13000601600,1572,0,3724,3724,40,7.8,620836
1786090892,2012024,14240,83886080,13032091648,1572,0,3729,3729,49,7.8,620819
1786090902,2022552,14240,83886080,13065674752,1571,0,3736,3736,42,7.8,626425
1786090912,2013164,14240,83886080,13089816576,1570,0,3744,3744,32,7.8,619175
1786090923,2025920,14240,83886080,13124452352,1569,0,3748,3748,45,7.8,622941
1786090933,2012936,14240,83886080,13149646848,1569,0,3756,3756,37,7.8,620124
1786090943,2021036,14240,83886080,13182185472,1568,0,3761,3761,41,7.8,621469
1786090953,2015948,14240,83886080,13212643328,1567,0,3768,3768,36,7.8,620253
1786090963,2021204,14240,83886080,13240979456,1566,0,3773,3773,40,7.8,618086
1786090973,2014684,14240,83886080,13272465408,1566,0,3780,3780,37,7.8,619002
1786090983,2021344,14240,83886080,13306052608,1565,0,3786,3786,39,7.8,618665
1786090993,2017388,14240,83886080,13330198528,1564,0,3793,3793,36,7.8,618007
1786091003,2019628,14240,83886080,13364838400,1564,0,3799,3799,38,7.8,619869
1786091013,2016500,14240,83886080,13396324352,1563,0,3806,3806,36,7.8,618935
1786091023,2024228,14240,83886080,13422559232,1562,0,3811,3811,41,7.8,618390
1786091034,2020296,14240,83886080,13456146432,1562,0,3818,3818,38,7.8,618129
1786091044,2012304,14240,83886080,13482393600,1561,0,3823,3823,44,7.8,618494
1786091054,2015320,14240,83886080,13491834880,1561,0,3827,3827,45,7.8,619046
1786091064,2028856,14240,83886080,13525409792,1560,0,3831,3831,47,7.8,620292
1786091074,2012008,14240,83886080,13540106240,1560,0,3839,3839,32,7.8,621454
1786091084,2013288,14240,83886080,13541154816,1560,0,3843,3843,38,7.8,622522
1786091094,2012544,14240,83886080,13545357312,1560,0,3847,3847,46,7.8,617978
1786091104,2013076,14240,83886080,13546405888,1560,0,3855,3855,33,7.8,618014
1786091114,2013184,14240,83886080,13549551616,1560,0,3859,3859,43,7.8,619667
1786091124,2011744,14240,83886080,13552701440,1560,0,3864,3864,46,7.8,619650
1786091134,2013388,14240,83886080,13553750016,1559,0,3872,3872,38,7.8,617921
1786091144,2013624,14240,83886080,13557952512,1559,0,3877,3877,42,7.8,618122
1786091155,2014272,14240,83886080,13560049664,1559,0,3884,3884,36,7.8,623839
1786091165,2012796,14240,83886080,13562150912,1559,0,3892,3892,30,7.8,622257
1786091175,2012044,14240,83886080,13565296640,1559,0,3897,3897,36,7.8,618036
1786091185,2013668,14240,83886080,13566345216,1559,0,3902,3902,41,7.8,619435
1786091195,2011860,14240,83886080,13570543616,1559,0,3910,3910,32,7.8,618709
1786091205,2013348,14240,83886080,13572644864,1559,0,3914,3914,38,7.8,617982
1786091215,2013144,14240,83886080,13574746112,1559,0,3918,3918,45,7.8,618474
1786091225,2013024,14240,83886080,13578944512,1559,0,3926,3926,37,7.8,619956
1786091235,2013468,14240,83886080,13581041664,1559,0,3931,3931,42,7.8,619626
1786091245,2013616,14240,83886080,13583142912,1559,0,3938,3938,36,7.8,617913
1786091255,2013736,14240,83886080,13586292736,1559,0,3943,3943,41,7.8,617916
1786091266,2012048,14240,83886080,13589438464,1559,0,3947,3947,51,7.8,621231
1786091276,2013112,14240,83886080,13590487040,1559,0,3951,3951,50,7.8,617970
1786091286,2012736,14240,83886080,13592588288,1559,0,3957,3957,39,7.8,621783
1786091296,2013572,14240,83886080,13595738112,1559,0,3964,3964,36,7.8,623082
1786091306,2014840,14240,83886080,13598883840,1559,0,3969,3969,43,7.8,618438
1786091316,2013312,14240,83886080,13599932416,1559,0,3977,3977,32,7.8,619727
1786091326,2013416,14240,83886080,13604126720,1559,0,3981,3981,44,7.8,624149
1786091336,2012180,14240,83886080,13608329216,1559,0,3989,3989,33,7.8,622024
1786091346,2013244,14240,83886080,13606219776,1558,0,3994,3994,36,7.8,620408
1786091356,2012332,14240,83886080,13609373696,1558,0,3999,3999,42,7.8,618023
1786091366,2013524,14240,83886080,13611470848,1558,0,4006,4006,37,7.8,618926
1786091376,2015272,14240,83886080,13613568000,1558,0,4011,4011,44,7.8,619610
1786091387,2013520,14240,83886080,13615665152,1558,0,4019,4019,32,7.8,618408
1786091397,2014112,14240,83886080,13618814976,1558,0,4023,4023,41,7.8,619230
1786091407,2013332,14240,83886080,13618814976,1558,0,4025,4024,56,7.8,622969
1786091417,2014604,14240,83886080,13620916224,1558,0,4032,4032,37,7.8,620807
1786091427,2013768,14240,83886080,13623013376,1558,0,4038,4038,39,7.8,618842
1786091437,2014860,14240,83886080,13625114624,1558,0,4044,4044,40,7.8,624578
1786091447,2014224,14240,83886080,13628264448,1558,0,4050,4050,37,7.8,618560
1786091457,2013732,14240,83886080,13631410176,1558,0,4057,4057,37,7.8,619933
1786091467,2014516,14240,83886080,13632458752,1558,0,4062,4062,43,7.8,621412
1786091477,2013520,14240,83886080,13635608576,1558,0,4070,4070,36,7.8,617939
1786091488,2015200,14240,83886080,13638762496,1558,0,4074,4074,39,7.8,618034
1786091498,2013604,14240,83886080,13640859648,1558,0,4082,4082,33,7.8,618485
1786091508,2013704,14240,83886080,13644009472,1558,0,4087,4087,38,7.8,620077
1786091518,2014236,14240,83886080,13645058048,1557,0,4094,4094,36,7.8,618724
1786091528,2013852,14240,83886080,13649252352,1557,0,4100,4100,35,7.8,618013
1786091538,2013756,14240,83886080,13650300928,1557,0,4107,4107,36,7.8,623068
1786091548,2013576,14240,83886080,13653450752,1557,0,4112,4112,40,7.8,618155
1786091558,2013056,14240,83886080,13656604672,1557,0,4120,4120,31,7.8,618001
1786091568,2014880,14240,83886080,13658705920,1557,0,4124,4124,42,7.8,622803
1786091578,2014208,14240,83886080,13661851648,1557,0,4128,4128,49,7.8,622595
1786091589,2014076,14240,83886080,13663948800,1557,0,4136,4136,36,7.8,623154
1786091599,2014980,14240,83886080,13666050048,1557,0,4141,4141,42,7.8,618013
1786091609,2014036,14240,83886080,13669199872,1557,0,4148,4148,33,7.8,617902
1786091619,2014356,14240,83886080,13671297024,1557,0,4153,4153,38,7.8,619869
1786091629,2012656,14240,83886080,13674446848,1557,0,4159,4158,45,7.8,620381
1786091639,2014848,14240,83886080,13675495424,1557,0,4165,4165,40,7.8,618745
1786091649,2013128,14240,83886080,13678645248,1557,0,4173,4172,36,7.8,619914
1786091659,2014744,14240,83886080,13680742400,1557,0,4178,4178,38,7.8,622422
1786091669,2013556,14240,83886080,13682839552,1557,0,4185,4185,35,7.8,621903
1786091679,2019012,14240,83886080,13706985472,1556,0,4190,4190,42,7.8,617970
1786091689,2014700,14240,83886080,13727977472,1556,0,4198,4198,32,7.8,617944
1786091700,2015740,14240,83886080,13747916800,1555,0,4202,4202,43,7.8,620107
1786091710,2016612,14240,83886080,13769953280,1555,0,4210,4210,36,7.8,620592
1786091720,2020996,14240,83886080,13793050624,1554,0,4215,4215,42,7.8,620426
1786091730,2013688,14240,83886080,13803544576,1554,0,4219,4219,50,7.8,624585
1786091740,2020572,14240,83886080,13815091200,1553,0,4223,4223,56,7.8,617940
1786091750,2014364,14240,83886080,13836087296,1553,0,4231,4231,31,7.8,620306
1786091760,2022240,14240,83886080,13860225024,1552,0,4235,4235,42,7.8,617996
1786091770,2013308,14240,83886080,13875970048,1552,0,4243,4241,45,7.8,621785
1786091781,2016144,14240,83886080,13900107776,1551,0,4247,4247,39,7.8,621261
1786091791,2019360,14240,83886080,13921103872,1551,0,4251,4251,47,7.8,622893
1786091801,2013564,14240,83886080,13954695168,1550,0,4259,4259,35,7.8,620424
1786091811,2016184,14240,83886080,13988278272,1550,0,4263,4263,40,7.8,622910
1786091821,2024604,14240,83886080,14022914048,1550,0,4267,4267,46,7.8,623633
1786091831,2017364,14240,83886080,14072242176,1550,0,4275,4275,35,7.8,619672
1786091841,2019796,14240,83886080,14092185600,1550,0,4280,4280,39,7.8,617907
1786091851,2017024,14240,83886080,14136270848,1550,0,4287,4287,37,7.8,620508
1786091861,2019016,14240,83886080,14177206272,1550,0,4293,4293,39,7.8,618573
1786091871,2017604,14240,83886080,14213939200,1550,0,4299,4299,39,7.8,618749
1786091881,2020204,14240,83886080,14250680320,1550,0,4305,4305,40,7.8,617942
1786091891,2020708,14240,83886080,14296854528,1550,0,4311,4311,41,7.8,620029
1786091902,2022156,14240,83886080,14330445824,1550,0,4317,4317,43,7.8,624003
1786091912,2015392,14240,83886080,14373474304,1550,0,4325,4325,33,7.8,618078
1786091922,2017180,14240,83886080,14414413824,1551,0,4329,4329,44,7.8,618573
1786091932,2013008,14240,83886080,14455349248,1551,0,4337,4337,31,7.8,621736
1786091942,2023888,14240,83886080,14489989120,1551,0,4341,4341,42,7.8,620221
1786091952,2013468,14240,83886080,14525673472,1551,0,4349,4349,32,7.8,621713
1786091962,2020400,14240,83886080,14555062272,1551,0,4353,4353,45,7.8,624013
1786091972,2019156,14240,83886080,14595989504,1551,0,4361,4361,37,7.8,620001
1786091982,2013856,14240,83886080,14627483648,1551,0,4365,4365,47,7.8,618877
1786091992,2013884,14240,83886080,14675763200,1552,0,4373,4373,33,7.8,619212
1786092003,2021152,14240,83886080,14715654144,1552,0,4377,4377,40,7.8,619092
1786092013,2012760,14240,83886080,14747136000,1552,0,4382,4382,45,7.8,617950
1786092023,2021068,14240,83886080,14798569472,1553,0,4389,4389,39,7.8,617884
1786092033,2019632,14240,83886080,14843699200,1553,0,4394,4394,46,7.8,621854
1786092043,2013636,14240,83886080,14889881600,1553,0,4399,4398,53,7.8,621703
1786092053,2020332,14240,83886080,14949715968,1553,0,4406,4406,39,7.8,620773
1786092063,2012680,14240,83886080,15004291072,1553,0,4411,4411,44,7.8,620053
1786092073,2015248,14240,83886080,15054667776,1554,0,4418,4418,37,7.8,621030
1786092083,2023596,14240,83886080,15108202496,1554,0,4423,4423,39,7.8,618019
1786092093,2014684,14240,83886080,15166980096,1554,0,4431,4431,31,7.8,622247
1786092103,2021336,14240,83886080,15201615872,1554,0,4435,4435,40,7.8,620888
1786092114,2015656,14240,83886080,15251996672,1554,0,4443,4443,32,7.8,619325
1786092124,2021632,14240,83886080,15304478720,1554,0,4448,4448,40,7.8,622648
1786092134,2015948,14240,83886080,15346458624,1555,0,4455,4455,31,7.8,617990
1786092144,2023476,14240,83886080,15389491200,1555,0,4460,4460,38,7.8,620294
1786092154,2017776,14240,83886080,15434625024,1555,0,4467,4467,37,7.8,619905
1786092164,2025720,14240,83886080,15465058304,1554,0,4472,4472,43,7.8,617965
1786092174,2016620,14240,83886080,15494451200,1554,0,4480,4480,35,7.8,617992
1786092184,2023912,14240,83886080,15533289472,1554,0,4485,4485,42,7.8,621578
1786092194,2013800,14240,83886080,15552180224,1554,0,4489,4489,51,7.8,617955
1786092204,2017220,14240,83886080,15589969920,1553,0,4497,4497,37,7.8,619594
1786092214,2022704,14240,83886080,15621459968,1553,0,4501,4501,48,7.8,620575
1786092224,2013716,14240,83886080,15651893248,1553,0,4509,4509,32,7.8,623665
1786092234,2023072,14240,83886080,15688634368,1552,0,4513,4513,41,7.8,620832
1786092245,2014300,14240,83886080,15712772096,1552,0,4517,4517,52,7.8,618319
1786092255,2012056,14240,83886080,15718014976,1552,0,4520,4519,54,7.8,622095
1786092265,2019936,14240,83886080,15753703424,1551,0,4526,4526,41,7.8,622706
1786092275,2012952,14240,83886080,15789387776,1551,0,4531,4531,44,7.8,621371
1786092285,2013880,14240,83886080,15828226048,1551,0,4538,4538,35,7.8,619348
1786092295,2026060,14240,83886080,15872307200,1550,0,4542,4542,43,7.8,617955
1786092305,2015188,14240,83886080,15933186048,1551,0,4550,4550,33,7.8,618020
1786092315,2013468,14240,83886080,15966777344,1551,0,4551,4551,54,7.8,623580
1786092326,2019072,14240,83886080,15991963648,1551,0,4557,4557,40,7.8,618041
1786092336,2023772,14240,83886080,16031846400,1550,0,4563,4563,40,7.8,621787
1786092346,2016520,14240,83886080,16072785920,1550,0,4570,4570,37,7.8,618010
1786092356,2022488,14240,83886080,16104271872,1550,0,4576,4576,40,7.8,619773
1786092366,2018348,14240,83886080,16142057472,1549,0,4583,4583,37,7.8,620578
1786092376,2022584,14240,83886080,16177741824,1549,0,4589,4589,39,7.8,618037
1786092386,2015792,14240,83886080,16205033472,1548,0,4593,4593,48,7.8,618074
1786092396,2018800,14240,83886080,16233373696,1548,0,4601,4601,34,7.8,619460
1786092406,2016136,14240,83886080,16276406272,1548,0,4605,4605,47,7.8,620323
1786092416,2014912,14240,83886080,16303693824,1547,0,4613,4613,33,7.8,619059
1786092426,2025532,14240,83886080,16342528000,1547,0,4618,4618,42,7.8,620799
1786092437,2018044,14240,83886080,16379269120,1547,0,4625,4625,38,7.8,618044
1786092447,2015488,14240,83886080,16411803648,1546,0,4633,4633,32,7.8,620386
1786092457,2020748,14240,83886080,16459038720,1546,0,4638,4638,39,7.8,621694
1786092467,2014260,14240,83886080,16487374848,1546,0,4642,4642,45,7.8,630542
1786092477,2024700,14240,83886080,16512565248,1545,0,4646,4646,48,7.8,621174
1786092487,2014108,14240,83886080,16551399424,1545,0,4652,4651,43,7.8,626555
1786092497,2023140,14240,83886080,16609128448,1545,0,4658,4658,37,7.8,618097
1786092507,2023172,14240,83886080,16644816896,1545,0,4663,4663,43,7.8,626215
1786092517,2015032,14240,83886080,16699400192,1545,0,4670,4670,37,7.8,620287
1786092527,2022172,14240,83886080,16757125120,1545,0,4676,4676,38,7.8,617978
1786092537,2017616,14240,83886080,16804356096,1545,0,4681,4681,42,7.8,626781
1786092547,2022128,14240,83886080,16871530496,1545,0,4688,4688,38,7.8,620863
1786092558,2013296,14240,83886080,16927158272,1545,0,4693,4693,43,7.8,618041
1786092568,2018228,14240,83886080,16982790144,1546,0,4700,4700,34,7.8,618469
1786092578,2013128,14240,83886080,17032130560,1546,0,4706,4706,35,7.8,617958
1786092588,2012808,14240,83886080,17072017408,1547,0,4712,4712,37,7.8,618014
1786092598,2014680,14240,83886080,17107722240,1547,0,4718,4718,41,7.8,621455
1786092608,2013324,14240,83886080,17149710336,1548,0,4726,4726,32,7.8,619215
1786092618,2013912,14240,83886080,17185398784,1548,0,4732,4732,34,7.8,621375
1786092628,2013916,14240,83886080,17223180288,1549,0,4738,4738,35,7.8,621008
1786092638,2014288,14240,83886080,17256767488,1550,0,4745,4745,33,7.8,617966
1786092648,2014300,14240,83886080,17281961984,1550,0,4750,4750,37,7.8,618706
1786092658,2013200,14240,83886080,17308196864,1550,0,4756,4756,37,7.8,617943
1786092668,2012880,14240,83886080,17343889408,1550,0,4762,4762,38,7.8,619303
1786092678,2014376,14240,83886080,17351229440,1551,0,4766,4766,43,7.8,629350
1786092689,2012276,14240,83886080,17375375360,1551,0,4770,4770,50,7.8,619211
1786092699,2013260,14240,83886080,17405812736,1552,0,4778,4778,37,7.8,620859
1786092709,2013240,14240,83886080,17425756160,1552,0,4783,4783,42,7.8,621021
1786092719,2013996,14240,83886080,17457246208,1553,0,4790,4790,32,7.8,620184
1786092729,2015012,14240,83886080,17475084288,1553,0,4795,4795,38,7.8,617919
1786092739,2014116,14240,83886080,17493975040,1553,0,4800,4800,44,7.8,618889
1786092749,2011944,14240,83886080,17510772736,1553,0,4804,4804,44,7.8,619029
1786092760,2014900,14240,83886080,17522315264,1554,0,4808,4808,41,7.8,617976
1786092770,2013548,14240,83886080,17544359936,1554,0,4816,4816,30,7.8,620820
1786092780,2014112,14240,83886080,17555906560,1554,0,4821,4821,40,7.8,618002
1786092790,2013764,14240,83886080,17581096960,1555,0,4828,4828,33,7.8,621856
1786092800,2013924,14240,83886080,17598939136,1555,0,4833,4833,41,7.8,621045
1786092810,2013728,14240,83886080,17613631488,1556,0,4840,4838,46,7.8,620442
1786092820,2014176,14240,83886080,17637773312,1556,0,4845,4845,40,7.8,617924
1786092830,2013240,14240,83886080,17659809792,1557,0,4853,4853,31,7.8,619271
1786092840,2013876,14240,83886080,16603910144,1557,0,4858,4858,38,7.8,619170
1786092850,2014632,14240,83886080,16617549824,1557,0,4863,4863,43,7.8,621335
1786092860,2013960,14240,83886080,16638545920,1558,0,4871,4871,35,7.8,620121
1786092870,2014376,14240,83886080,16644845568,1558,0,4875,4875,45,7.8,617935
1786092880,2012888,14240,83886080,14499430400,1558,0,4883,4883,30,7.8,620239
1786092891,2013704,14240,83886080,14501527552,1558,0,4888,4888,38,7.8,619954
1786092901,2014432,14240,83886080,14501527552,1558,0,4888,4888,58,7.8,619351
1786092911,2012580,14240,83886080,14505730048,1558,0,4896,4896,33,7.8,618011
1786092921,2014716,14240,83886080,14513074176,1558,0,4900,4900,43,7.8,617871
1786092931,2013116,14240,83886080,14519373824,1558,0,4905,4905,48,7.8,617931
1786092942,2012996,14240,83886080,14530916352,1558,0,4913,4913,32,7.8,617969
1786092952,2015260,14240,83886080,14535118848,1558,0,4917,4917,46,7.8,621421
1786092962,2013340,14240,83886080,14541426688,1558,0,4922,4922,48,7.8,618009
1786092972,2013528,14240,83886080,14546673664,1558,0,4926,4926,48,7.8,620365
1786092982,2014872,14240,83886080,14552973312,1558,0,4930,4930,48,7.8,617964
1786092992,2014696,14240,83886080,14559272960,1558,0,4938,4938,37,7.8,618013
1786093002,2012840,14240,83886080,14560321536,1558,0,4938,4938,60,7.8,625005
1786093013,2013708,14240,83886080,14566617088,1558,0,4946,4946,34,7.8,622551
1786093023,2014112,14240,83886080,14571864064,1558,0,4950,4950,43,7.8,619919
1786093033,2013744,14240,83886080,14575009792,1558,0,4958,4958,33,7.8,619049
1786093043,2013580,14240,83886080,14580264960,1558,0,4962,4962,42,7.8,618503
1786093053,2013092,14240,83886080,14588657664,1558,0,4970,4970,33,7.8,619971
1786093063,2014432,14240,83886080,14594957312,1558,0,4976,4976,35,7.8,620058
1786093073,2013500,14240,83886080,14600204288,1558,0,4982,4982,38,7.8,620272
1786093083,2014776,14240,83886080,14609649664,1558,0,4988,4988,38,7.8,617980
1786093093,2012816,14240,83886080,14623293440,1558,0,4995,4995,38,7.8,622779
1786093103,2015000,14240,83886080,14629588992,1558,0,5000,5000,43,7.8,618577
1786093114,2013368,14240,83886080,14640091136,1558,0,5008,5008,30,7.8,620519
1786093124,2014400,14240,83886080,14651637760,1558,0,5012,5012,42,7.8,619055
1786093134,2013156,14240,83886080,14653739008,1558,0,5014,5014,52,7.8,617882
1786093144,2013592,14240,83886080,14660034560,1558,0,5022,5022,33,7.8,619196
1786093154,2013220,14240,83886080,13589430272,1558,0,5028,5028,37,7.8,619990
1786093164,2014008,14240,83886080,13590478848,1558,0,5032,5032,45,7.8,622350
1786093174,2017460,14240,83886080,13596774400,1558,0,5036,5036,46,7.8,618504
1786093184,2019892,14240,83886080,13623017472,1558,0,5041,5041,43,7.8,620920
1786093194,2016036,14240,83886080,13644009472,1557,0,5048,5048,40,7.8,617987
1786093204,2013476,14240,83886080,13662900224,1557,0,5056,5056,31,7.8,617993
1786093214,2023492,14240,83886080,13690191872,1557,0,5060,5060,43,7.8,617937
1786093224,2014724,14240,83886080,13706989568,1557,0,5068,5068,34,7.8,619308
1786093234,2019580,14240,83886080,13730074624,1557,0,5072,5072,46,7.8,626877
1786093245,2013000,14240,83886080,13757366272,1556,0,5076,5076,51,7.8,619430
1786093255,2018120,14240,83886080,13786750976,1556,0,5084,5084,38,7.8,621035
1786093265,2019300,14240,83886080,13815095296,1556,0,5089,5089,43,7.8,625049
1786093275,2015264,14240,83886080,13847633920,1556,0,5096,5096,36,7.8,620520
1786093285,2019572,14240,83886080,13882269696,1556,0,5102,5102,36,7.8,618827
1786093296,2014112,14240,83886080,13894864896,1556,0,5104,5103,48,7.8,630834
1786093306,2016684,14240,83886080,13930545152,1556,0,5111,5111,36,7.8,617926
1786093316,2021016,14240,83886080,13968334848,1556,0,5116,5116,43,7.8,620610
1786093326,2014632,14240,83886080,14001926144,1556,0,5123,5123,37,7.8,619535
1786093336,2020736,14240,83886080,14029213696,1556,0,5128,5128,43,7.8,623299
1786093346,2019484,14240,83886080,14070149120,1556,0,5135,5135,38,7.8,617963
1786093356,2024644,14240,83886080,14102687744,1556,0,5140,5140,43,7.8,617993
1786093366,2014696,14240,83886080,14128926720,1556,0,5144,5144,51,7.8,620948
1786093377,2019692,14240,83886080,14158311424,1557,0,5152,5152,37,7.8,621358
1786093387,2022812,14240,83886080,14181404672,1556,0,5157,5157,43,7.8,619643
1786093397,2016896,14240,83886080,14198198272,1556,0,5164,5164,35,7.8,619410
1786093407,2022976,14240,83886080,14220242944,1556,0,5169,5169,41,7.8,617974
1786093417,2016160,14240,83886080,14232838144,1556,0,5177,5177,33,7.8,618378
1786093427,2020624,14240,83886080,14250680320,1555,0,5182,5182,39,7.8,620279
1786093437,2016264,14240,83886080,14275866624,1555,0,5189,5189,32,7.8,618004
1786093447,2019120,14240,83886080,14298959872,1555,0,5194,5194,39,7.8,623516
1786093457,2015180,14240,83886080,14317854720,1555,0,5198,5198,52,7.8,620240
1786093467,2017124,14240,83886080,14348288000,1555,0,5206,5206,36,7.8,617959
1786093477,2020996,14240,83886080,14375583744,1554,0,5210,5210,46,7.8,621843
1786093487,2015012,14240,83886080,14409166848,1554,0,5218,5218,32,7.8,621165
1786093498,2017036,14240,83886080,14434361344,1554,0,5222,5222,41,7.8,617945
1786093508,2014948,14240,83886080,14466895872,1554,0,5227,5227,45,7.8,619816
1786093518,2016708,14240,83886080,14500483072,1554,0,5234,5234,34,7.8,618370
1786093528,2022800,14240,83886080,14525677568,1554,0,5239,5239,43,7.8,618023
1786093538,2016284,14240,83886080,14546665472,1553,0,5244,5243,53,7.8,617993
1786093548,2017764,14240,83886080,14568710144,1553,0,5251,5251,35,7.8,621598
1786093558,2022372,14240,83886080,14599147520,1553,0,5256,5256,42,7.8,617931
1786093568,2017644,14240,83886080,14622236672,1552,0,5260,5260,53,7.8,627229
1786093578,2017872,14240,83886080,14650572800,1552,0,5268,5268,35,7.8,621177
1786093589,2022956,14240,83886080,14676815872,1552,0,5273,5273,43,7.8,620415
1786093599,2018324,14240,83886080,14700957696,1551,0,5280,5280,36,7.8,617922
1786093609,2022340,14240,83886080,14721953792,1551,0,5285,5285,42,7.8,618753
1786093619,2018464,14240,83886080,14748192768,1551,0,5292,5292,36,7.8,619101
1786093629,2021716,14240,83886080,14775480320,1551,0,5297,5297,43,7.8,617983
1786093639,2016136,14240,83886080,14801719296,1551,0,5305,5305,33,7.8,624174
1786093649,2024492,14240,83886080,14832160768,1551,0,5309,5309,44,7.8,621454
1786093659,2015768,14240,83886080,14854201344,1550,0,5313,5313,53,7.8,620303
1786093669,2020840,14240,83886080,14869946368,1551,0,5317,5317,49,7.8,617954
1786093679,2023880,14240,83886080,14899335168,1550,0,5322,5322,44,7.8,619519
1786093689,2019740,14240,83886080,14937116672,1551,0,5329,5329,38,7.8,617906
1786093700,2015248,14240,83886080,14950760448,1551,0,5330,5330,54,7.8,619044
1786093710,2015496,14240,83886080,14973853696,1551,0,5334,5334,59,7.8,619742
1786093720,2020080,14240,83886080,15003246592,1550,0,5342,5342,38,7.8,617920
1786093730,2024000,14240,83886080,15026331648,1550,0,5347,5347,44,7.8,621181
1786093740,2019640,14240,83886080,15046275072,1550,0,5354,5354,37,7.8,620791
1786093750,2023524,14240,83886080,15074615296,1550,0,5359,5359,42,7.8,620147
1786093760,2020056,14240,83886080,15095611392,1549,0,5366,5366,38,7.8,617958
1786093770,2022288,14240,83886080,15113453568,1549,0,5371,5371,44,7.8,617952
1786093781,2015876,14240,83886080,15140737024,1549,0,5379,5379,32,7.8,618620
1786093791,2024544,14240,83886080,15173279744,1548,0,5383,5383,41,7.8,621209
1786093801,2026672,14240,83886080,15202664448,1548,0,5388,5388,46,7.8,620286
1786093811,2015700,14240,83886080,15236251648,1548,0,5396,5396,32,7.8,620255
1786093821,2027064,14240,83886080,15281385472,1547,0,5400,5400,43,7.8,622708
1786093831,2024976,14240,83886080,15312879616,1547,0,5404,5404,49,7.8,618030
1786093841,2020252,14240,83886080,15372705792,1548,0,5412,5412,36,7.8,621040
1786093851,2026452,14240,83886080,15426232320,1547,0,5417,5417,41,7.8,622272
1786093861,2019632,14240,83886080,15465066496,1547,0,5421,5421,50,7.8,621437
1786093871,2022688,14240,83886080,15516499968,1547,0,5429,5429,36,7.8,624049
1786093882,2016252,14240,83886080,15559528448,1547,0,5434,5434,44,7.8,625858
1786093892,2016368,14240,83886080,15614107648,1547,0,5441,5441,35,7.8,620892
1786093902,2027904,14240,83886080,15662391296,1547,0,5446,5446,43,7.8,620172
1786093912,2015764,14240,83886080,15698079744,1547,0,5451,5451,48,7.8,621536
1786093922,2019820,14240,83886080,15755804672,1547,0,5459,5459,36,7.8,618780
1786093933,2019876,14240,83886080,15801991168,1547,0,5463,5463,46,7.8,623705
1786093943,2015504,14240,83886080,15842922496,1547,0,5471,5471,36,7.8,624433
1786093953,2023844,14240,83886080,15896453120,1547,0,5475,5475,40,7.8,618282
1786093963,2015592,14240,83886080,15940538368,1547,0,5480,5480,46,7.8,617968
1786093973,2015908,14240,83886080,15966777344,1547,0,5484,5484,48,7.8,622173
1786093983,2029208,14240,83886080,15996166144,1547,0,5488,5488,51,7.8,619647
1786093993,2016512,14240,83886080,16036052992,1547,0,5496,5496,32,7.8,621326
1786094004,2025776,14240,83886080,16083283968,1547,0,5500,5500,40,7.8,626592
1786094014,2017016,14240,83886080,16091676672,1547,0,5501,5501,54,7.8,627844
1786094024,2017584,14240,83886080,16144158720,1547,0,5509,5509,35,7.8,623252
1786094035,2028468,14240,83886080,16194543616,1547,0,5513,5513,44,7.8,623844
1786094045,2015244,14240,83886080,16235474944,1547,0,5517,5517,51,7.8,620898
1786094055,2018380,14240,83886080,16289001472,1547,0,5525,5525,36,7.8,625527
1786094065,2020004,14240,83886080,16328888320,1547,0,5529,5529,45,7.8,618006
1786094075,2016044,14240,83886080,16375074816,1548,0,5534,5534,47,7.8,628959
1786094085,2015900,14240,83886080,16408657920,1548,0,5542,5542,35,7.8,617970
1786094095,2017064,14240,83886080,16432795648,1548,0,5546,5546,46,7.8,620313
1786094105,2014712,14240,83886080,16462188544,1549,0,5554,5554,33,7.8,620106
1786094115,2017612,14240,83886080,16488427520,1549,0,5558,5558,40,7.8,617908
1786094125,2015176,14240,83886080,16516771840,1549,0,5566,5566,30,7.8,620346
1786094136,2015344,14240,83886080,16535658496,1549,0,5570,5568,47,7.8,635635
1786094146,2016612,14240,83886080,16551403520,1549,0,5574,5574,35,7.8,620074
1786094156,2014368,14240,83886080,16578695168,1550,0,5582,5582,30,7.8,619507
1786094166,2017336,14240,83886080,16597585920,1550,0,5586,5586,42,7.8,622448
1786094176,2014932,14240,83886080,16603889664,1550,0,5588,5588,46,7.8,617908
1786094188,2016236,14240,83886080,16620675072,1550,0,5592,5592,44,7.8,630116
1786094199,2016468,14240,83886080,16625926144,1550,0,5592,5592,50,7.8,620108
1786094209,2014416,14240,83886080,16632229888,1551,0,5596,5592,59,7.8,628222
1786094219,2014608,14240,83886080,16634327040,1551,0,5596,5596,52,7.8,626270
1786094230,2015364,14240,83886080,16639569920,1551,0,5596,5596,64,7.8,619839
1786094240,2016136,14240,83886080,16674209792,1551,0,5604,5604,37,7.8,619732
1786094250,2016024,14240,83886080,16680505344,1551,0,5608,5607,43,7.8,620064
1786094260,2016108,14240,83886080,16701501440,1551,0,5613,5613,35,7.8,619578
1786094271,2016448,14240,83886080,16711991296,1551,0,5615,5615,44,7.8,631164
1786094281,2015032,14240,83886080,16748728320,1552,0,5623,5623,33,7.8,619124
1786094291,2017200,14240,83886080,16766574592,1552,0,5627,5627,43,7.8,617952
1786094301,2014780,14240,83886080,16791769088,1553,0,5635,5635,31,7.8,629397
1786094311,2015936,14240,83886080,16804360192,1553,0,5639,5639,41,7.8,620547
1786094322,2015716,14240,83886080,16825352192,1553,0,5647,5647,35,7.8,627540
1786094332,2016760,14240,83886080,16843194368,1553,0,5651,5651,39,7.8,618682
1786094342,2015488,14240,83886080,16861036544,1554,0,5658,5658,34,7.8,619729
1786094352,2016028,14240,83886080,16877826048,1554,0,5660,5660,49,7.8,631429
1786094362,2016044,14240,83886080,16891473920,1554,0,5667,5667,34,7.8,617953
1786094372,2016112,14240,83886080,16909316096,1554,0,5674,5674,33,7.8,618152
1786094382,2016688,14240,83886080,16924012544,1554,0,5680,5680,37,7.8,620172
1786094392,2016444,14240,83886080,16942903296,1554,0,5686,5686,39,7.8,617948
1786094402,2016440,14240,83886080,16960749568,1555,0,5693,5693,34,7.8,617946
1786094413,2015284,14240,83886080,15901712384,1555,0,5699,5699,39,7.8,617979
1786094423,2015456,14240,83886080,14845800448,1555,0,5706,5706,35,7.8,620159
1786094433,2015412,14240,83886080,13776240640,1555,0,5712,5712,38,7.8,617932
1786094443,2015872,14240,83886080,13782536192,1555,0,5719,5719,35,7.8,619792
1786094453,2016964,14240,83886080,13789888512,1555,0,5724,5724,39,7.8,626792
1786094463,2015940,14240,83886080,13798285312,1555,0,5731,5731,34,7.8,620274
1786094473,2015904,14240,83886080,13802479616,1555,0,5736,5736,42,7.8,618861
1786094483,2017828,14240,83886080,13810876416,1555,0,5740,5740,51,7.8,617975
1786094493,2015844,14240,83886080,13820325888,1555,0,5748,5748,36,7.8,620203
1786094503,2015888,14240,83886080,13826621440,1555,0,5753,5753,41,7.8,622796
1786094514,2016484,14240,83886080,13830828032,1555,0,5757,5757,49,7.8,618507
1786094524,2016756,14240,83886080,13841338368,1555,0,5765,5765,37,7.8,620637
1786094534,2014476,14240,83886080,13845540864,1555,0,5769,5769,47,7.8,617982
1786094544,2013812,14240,83886080,13847638016,1555,0,5773,5773,42,7.8,617997
1786094554,2016560,14240,83886080,13856051200,1555,0,5779,5779,39,7.8,618015
1786094564,2016796,14240,83886080,13864448000,1555,0,5787,5787,32,7.8,618756
1786094574,2016000,14240,83886080,13869694976,1555,0,5791,5791,43,7.8,619130
1786094584,2015780,14240,83886080,13881237504,1555,0,5799,5799,34,7.8,620363
1786094594,2017044,14240,83886080,13887537152,1555,0,5804,5804,41,7.8,619673
1786094605,2016904,14240,83886080,13894889472,1555,0,5811,5811,35,7.8,623938
1786094615,2017264,14240,83886080,13895938048,1555,0,5815,5815,37,7.8,621469
1786094625,2017472,14240,83886080,12825329664,1555,0,5819,5819,44,7.8,618946
1786094635,2016328,14240,83886080,12828479488,1555,0,5827,5827,35,7.8,617913
1786094645,2016528,14240,83886080,12830576640,1555,0,5832,5832,39,7.8,620915
1786094655,2016532,14240,83886080,12834775040,1555,0,5839,5839,37,7.8,621307
1786094665,2016288,14240,83886080,12836872192,1555,0,5847,5847,29,7.8,621965
1786094675,2016268,14240,83886080,12838977536,1555,0,5851,5851,38,7.8,618420
1786094686,2023424,14240,83886080,12850520064,1554,0,5855,5855,40,7.8,619208
1786094696,2016208,14240,83886080,12876763136,1554,0,5860,5860,45,7.8,618017
1786094706,2022900,14240,83886080,12903002112,1554,0,5867,5867,39,7.8,619481
1786094716,2016040,14240,83886080,12909297664,1554,0,5868,5867,58,7.8,623568
1786094726,2017904,14240,83886080,12930289664,1554,0,5875,5875,33,7.8,621412
1786094736,2025412,14240,83886080,12951281664,1554,0,5879,5879,45,7.8,620685
1786094746,2017516,14240,83886080,12970172416,1553,0,5885,5885,44,7.8,621050
1786094756,2019256,14240,83886080,12996415488,1553,0,5893,5893,35,7.8,619902
1786094766,2020928,14240,83886080,13022654464,1553,0,5899,5899,37,7.8,617976
1786094777,2020144,14240,83886080,13040496640,1553,0,5905,5905,38,7.8,622242
1786094787,2023528,14240,83886080,13066739712,1552,0,5911,5911,40,7.8,620926
1786094797,2017764,14240,83886080,13091926016,1552,0,5918,5918,37,7.8,617925
1786094807,2023176,14240,83886080,13112926208,1552,0,5923,5923,43,7.8,620468
1786094817,2016324,14240,83886080,13134962688,1552,0,5931,5931,28,7.8,619319
1786094827,2027472,14240,83886080,13162254336,1551,0,5935,5935,41,7.8,619255
1786094837,2016256,14240,83886080,13182193664,1551,0,5941,5941,44,7.8,623929
1786094847,2016572,14240,83886080,13186392064,1551,0,5946,5946,37,7.8,620161
1786094857,2022788,14240,83886080,13211582464,1551,0,5951,5951,39,7.8,622075
1786094867,2018212,14240,83886080,13236793344,1550,0,5958,5958,34,7.8,625552
1786094877,2019472,14240,83886080,13257785344,1550,0,5963,5963,39,7.8,617945
1786094887,2024728,14240,83886080,13285076992,1550,0,5967,5967,47,7.8,617939
1786094898,2019360,14240,83886080,13308166144,1550,0,5975,5975,35,7.8,617962
1786094908,2020640,14240,83886080,13328105472,1549,0,5980,5980,41,7.8,621702
1786094918,2016904,14240,83886080,13352251392,1549,0,5987,5987,33,7.8,619581
1786094928,2025308,14240,83886080,13377437696,1549,0,5992,5992,39,7.8,617935
1786094938,2026832,14240,83886080,13398429696,1548,0,5997,5997,46,7.8,620043
1786094948,2016828,14240,83886080,13415223296,1548,0,6005,6005,35,7.8,622199
1786094958,2020976,14240,83886080,13436219392,1548,0,6009,6009,42,7.8,621366
1786094968,2026880,14240,83886080,13457207296,1547,0,6013,6013,47,7.8,617942
1786094978,2015676,14240,83886080,13477150720,1547,0,6021,6021,30,7.8,620833
1786094989,2019356,14240,83886080,13498142720,1547,0,6025,6025,43,7.7,620502
1786094999,2017900,14240,83886080,13515988992,1546,0,6030,6030,48,7.7,620649
1786095009,2020044,14240,83886080,13538029568,1546,0,6038,6038,36,7.7,618111
1786095019,2019780,14240,83886080,13563219968,1546,0,6042,6042,48,7.7,619842
1786095029,2015844,14240,83886080,13582110720,1545,0,6050,6050,30,7.7,617971
1786095039,2024076,14240,83886080,13607305216,1545,0,6054,6054,41,7.7,617931
1786095049,2017416,14240,83886080,13629345792,1544,0,6062,6062,32,7.7,620570
1786095059,2023384,14240,83886080,13648236544,1544,0,6067,6066,43,7.7,620003
1786095069,2020260,14240,83886080,13671325696,1544,0,6074,6074,36,7.7,620873
1786095079,2020744,14240,83886080,13694418944,1543,0,6080,6080,38,7.7,617906
1786095090,2018756,14240,83886080,13712261120,1543,0,6084,6084,48,7.7,622354
1786095100,2019452,14240,83886080,13732204544,1543,0,6092,6092,38,7.7,620905
1786095110,2027084,14240,83886080,13754245120,1542,0,6096,6096,47,7.7,617881
1786095120,2016912,14240,83886080,13769990144,1542,0,6102,6102,43,7.7,618946
1786095130,2021420,14240,83886080,13792030720,1542,0,6109,6109,37,7.7,617966
1786095140,2018036,14240,83886080,13811978240,1541,0,6116,6116,35,7.7,619738
1786095150,2015980,14240,83886080,13814075392,1541,0,6116,6116,55,7.7,624555
1786095160,2020452,14240,83886080,13835063296,1541,0,6124,6124,37,7.7,619372
1786095170,2027304,14240,83886080,13858156544,1540,0,6128,6128,48,7.7,623195
1786095180,2016040,14240,83886080,13885448192,1540,0,6136,6136,32,7.7,621662
1786095190,2022596,14240,83886080,13916930048,1540,0,6140,6140,42,7.7,617935
1786095200,2015136,14240,83886080,13945270272,1540,0,6145,6145,47,7.7,620395
1786095210,2022088,14240,83886080,13968363520,1540,0,6152,6152,41,7.7,622057
1786095221,2016552,14240,83886080,13995655168,1539,0,6157,6157,48,7.7,619258
1786095231,2019708,14240,83886080,14019796992,1539,0,6165,6165,37,7.7,628378
1786095241,2017208,14240,83886080,14038687744,1539,0,6169,6169,47,7.7,617959
1786095251,2020000,14240,83886080,14061776896,1539,0,6177,6177,37,7.7,617927
1786095261,2025096,14240,83886080,14090117120,1539,0,6181,6181,47,7.7,618908
1786095271,2017260,14240,83886080,14114258944,1538,0,6189,6189,35,7.7,618404
1786095281,2028372,14240,83886080,14145748992,1538,0,6194,6194,40,7.7,619980
1786095291,2019756,14240,83886080,14187728896,1538,0,6201,6201,39,7.7,626242
1786095301,2022016,14240,83886080,14222368768,1538,0,6207,6207,39,7.7,623062
1786095311,2023296,14240,83886080,14270648320,1538,0,6214,6214,36,7.7,626745
1786095321,2021080,14240,83886080,14314733568,1537,0,6219,6219,43,7.7,620498
1786095331,2018608,14240,83886080,14361964544,1537,0,6227,6227,34,7.7,618046
1786095342,2026476,14240,83886080,14402899968,1537,0,6231,6231,45,7.7,619076
1786095352,2018500,14240,83886080,14458531840,1537,0,6239,6239,36,7.7,617986
1786095362,2020128,14240,83886080,14495264768,1538,0,6243,6243,40,7.7,618056
1786095372,2029304,14240,83886080,14556139520,1538,0,6248,6248,42,7.7,620694
1786095382,2017308,14240,83886080,14619119616,1538,0,6256,6256,35,7.7,622869
1786095392,2023136,14240,83886080,14662156288,1538,0,6260,6260,41,7.8,620234
1786095402,2020016,14240,83886080,14716731392,1538,0,6265,6265,45,7.8,620324
1786095412,2022736,14240,83886080,14786002944,1538,0,6273,6273,36,7.8,619264
1786095422,2018256,14240,83886080,14837436416,1538,0,6280,6280,33,7.8,620887
1786095432,2026616,14240,83886080,14910906368,1538,0,6285,6285,37,7.8,620450
1786095442,2021980,14240,83886080,14983327744,1538,0,6292,6292,36,7.8,620893
1786095453,2016800,14240,83886080,15006420992,1538,0,6293,6293,50,7.8,622334
1786095463,2018992,14240,83886080,15081988096,1539,0,6301,6301,34,7.8,623430
1786095474,2025568,14240,83886080,15148113920,1539,0,6306,6306,40,7.8,621816
1786095484,2017604,14240,83886080,15204794368,1539,0,6310,6310,49,7.8,631626
1786095494,2021992,14240,83886080,15283515392,1539,0,6318,6318,35,7.8,618563
1786095504,2035996,14240,83886080,15349641216,1539,0,6322,6322,46,7.8,622509
1786095514,2016720,14240,83886080,15410515968,1540,0,6328,6327,49,7.8,619846
1786095524,2022944,14240,83886080,15495536640,1540,0,6335,6335,37,7.8,620735
1786095534,2020340,14240,83886080,15562706944,1540,0,6339,6339,49,7.8,622631
1786095544,2016216,14240,83886080,15635128320,1541,0,6347,6347,34,7.8,618071
1786095554,2029704,14240,83886080,15701254144,1541,0,6351,6351,40,7.8,618030
1786095565,2016116,14240,83886080,15769481216,1541,0,6359,6359,30,7.8,622454
1786095575,2017244,14240,83886080,15832457216,1541,0,6363,6363,38,7.8,618037
1786095585,2017752,14240,83886080,15878639616,1541,0,6368,6368,43,7.8,617941
1786095595,2015284,14240,83886080,15924817920,1542,0,6376,6376,32,7.8,620549
1786095605,2016616,14240,83886080,15957356544,1543,0,6381,6381,37,7.8,619933
1786095615,2017336,14240,83886080,15983595520,1543,0,6385,6385,45,7.8,619652
1786095625,2015172,14240,83886080,16003538944,1543,0,6393,6393,33,7.8,618904
1786095635,2017196,14240,83886080,16010887168,1543,0,6397,6397,43,7.8,617960
1786095645,2015356,14240,83886080,16022429696,1543,0,6402,6402,44,7.8,617919
1786095655,2017872,14240,83886080,16035028992,1543,0,6409,6409,40,7.8,619297
1786095665,2016784,14240,83886080,16041328640,1543,0,6414,6414,45,7.8,620865
1786095675,2015380,14240,83886080,16058122240,1543,0,6422,6422,33,7.8,620263
1786095685,2016540,14240,83886080,16070717440,1543,0,6427,6427,39,7.8,617929
1786095696,2018012,14240,83886080,16087511040,1543,0,6431,6431,49,7.8,619804
1786095706,2015876,14240,83886080,16120045568,1543,0,6439,6439,35,7.8,619861
1786095716,2016676,14240,83886080,16142086144,1544,0,6443,6443,45,7.8,617974
1786095726,2016584,14240,83886080,16158879744,1544,0,6447,6447,52,7.8,617930
1786095736,2016760,14240,83886080,16186167296,1544,0,6455,6455,37,7.8,622126
1786095746,2018312,14240,83886080,16199819264,1544,0,6459,6459,44,7.8,619997
1786095756,2015472,14240,83886080,16226058240,1545,0,6467,6467,34,7.8,619248
1786095766,2015912,14240,83886080,16243900416,1545,0,6472,6472,41,7.8,619605
1786095776,2015960,14240,83886080,16257540096,1546,0,6479,6479,37,7.8,618047
1786095786,2015404,14240,83886080,16261738496,1546,0,6480,6480,56,7.8,621377
1786095796,2017672,14240,83886080,16263839744,1546,0,6484,6484,57,7.8,617931
1786095806,2015716,14240,83886080,16269086720,1546,0,6492,6492,33,7.8,617996
1786095816,2017312,14240,83886080,16274337792,1546,0,6496,6496,43,7.8,618475
1786095827,2016188,14240,83886080,16279580672,1546,0,6502,6502,41,7.8,621373
1786095837,2015920,14240,83886080,16287981568,1546,0,6509,6509,35,7.8,624109
1786095847,2016008,14240,83886080,16299528192,1546,0,6516,6516,33,7.8,620310
1786095857,2016008,14240,83886080,16308977664,1546,0,6521,6521,39,7.8,617912
1786095867,2017160,14240,83886080,16322621440,1546,0,6528,6528,37,7.8,620902
1786095877,2016132,14240,83886080,16332062720,1546,0,6534,6534,39,7.8,619897
1786095887,2016176,14240,83886080,16340459520,1546,0,6541,6541,35,7.8,618978
1786095897,2016528,14240,83886080,16347811840,1546,0,6546,6546,42,7.8,620097
1786095907,2017524,14240,83886080,16354107392,1546,0,6553,6553,37,7.8,622933
1786095918,2015736,14240,83886080,16359354368,1546,0,6557,6554,55,7.8,625833
1786095928,2016788,14240,83886080,16363556864,1546,0,6562,6562,35,7.8,624787
1786095938,2016224,14240,83886080,16367751168,1546,0,6566,6566,46,7.8,617930
1786095948,2017212,14240,83886080,16379297792,1546,0,6574,6574,35,7.8,619833
1786095958,2016816,14240,83886080,16384540672,1546,0,6574,6574,55,7.8,629823
1786095969,2016692,14240,83886080,16401342464,1547,0,6582,6582,33,7.8,623190
1786095979,2018128,14240,83886080,16416034816,1547,0,6587,6587,40,7.8,617960
1786095989,2016036,14240,83886080,16427577344,1547,0,6594,6594,34,7.8,618563
1786095999,2017048,14240,83886080,16437026816,1547,0,6599,6599,39,7.8,621660
1786096009,2016024,14240,83886080,16445423616,1547,0,6607,6607,29,7.8,621362
1786096019,2016492,14240,83886080,16448573440,1547,0,6610,6610,40,7.8,627321
1786096030,2015636,14240,83886080,16451719168,1547,0,6615,6615,38,7.8,620565
1786096040,2017268,14240,83886080,16453820416,1547,0,6623,6622,33,7.8,617905
1786096050,2016556,14240,83886080,16458014720,1547,0,6627,6627,40,7.8,619961
1786096060,2015820,14240,83886080,16463265792,1547,0,6635,6635,32,7.8,618718
1786096070,2017096,14240,83886080,16472711168,1547,0,6639,6639,42,7.8,618875
1786096080,2016792,14240,83886080,16491606016,1547,0,6647,6647,31,7.8,617918
1786096090,2015332,14240,83886080,16505249792,1547,0,6652,6652,37,7.8,619952
1786096100,2017100,14240,83886080,16515747840,1548,0,6656,6656,45,7.8,618052
1786096110,2015856,14240,83886080,16537784320,1548,0,6664,6664,37,7.8,618190
1786096120,2016604,14240,83886080,16549330944,1548,0,6669,6669,40,7.8,620965
1786096130,2016516,14240,83886080,16564027392,1548,0,6676,6676,35,7.8,623952
1786096141,2017308,14240,83886080,16581869568,1548,0,6682,6682,39,7.8,620993
1786096151,2016124,14240,83886080,16597610496,1549,0,6689,6689,35,7.8,621607
1786096161,2017128,14240,83886080,16616505344,1549,0,6694,6694,39,7.8,621307
1786096171,2016992,14240,83886080,16637501440,1549,0,6702,6702,31,7.8,621899
1786096181,2020768,14240,83886080,16650096640,1549,0,6706,6706,42,7.8,618057
1786096191,2017912,14240,83886080,16677384192,1549,0,6714,6714,31,7.8,620972
1786096201,2024260,14240,83886080,16717271040,1549,0,6719,6719,37,7.8,618002
1786096211,2021652,14240,83886080,16755056640,1549,0,6726,6726,37,7.8,617923
1786096221,2027256,14240,83886080,16787591168,1549,0,6731,6731,43,7.8,618005
1786096231,2018800,14240,83886080,16826429440,1549,0,6739,6739,33,7.8,621681
1786096241,2026560,14240,83886080,16860012544,1549,0,6744,6744,40,7.8,617963
1786096251,2018824,14240,83886080,16891506688,1549,0,6749,6749,45,7.8,622431
1786096261,2022380,14240,83886080,16931389440,1550,0,6756,6756,39,7.8,619540
1786096272,2026880,14240,83886080,16960786432,1549,0,6760,6760,49,7.8,623094
1786096282,2016968,14240,83886080,15912226816,1550,0,6765,6765,50,7.8,626737
1786096292,2021136,14240,83886080,13795172352,1549,0,6773,6773,36,7.8,622838
1786096302,2026496,14240,83886080,13824569344,1549,0,6777,6777,48,7.8,620619
1786096312,2017048,14240,83886080,13848707072,1549,0,6785,6785,34,7.8,620118
1786096322,2020152,14240,83886080,13877051392,1549,0,6790,6790,39,7.8,622600
1786096332,2017944,14240,83886080,13910634496,1549,0,6795,6795,41,7.8,618464
1786096342,2018800,14240,83886080,13942124544,1548,0,6802,6802,36,7.8,618461
1786096352,2020848,14240,83886080,13972561920,1548,0,6807,6807,42,7.8,617948
1786096362,2020392,14240,83886080,14008254464,1548,0,6815,6815,35,7.8,620376
1786096373,2016136,14240,83886080,14036590592,1548,0,6820,6820,40,7.8,622631
1786096383,2017944,14240,83886080,14068076544,1547,0,6826,6826,40,7.8,621221
1786096393,2018132,14240,83886080,14102712320,1547,0,6834,6834,33,7.8,620211
1786096403,2015540,14240,83886080,14118457344,1547,0,6836,6836,45,7.8,617974
1786096413,2029128,14240,83886080,14142595072,1547,0,6840,6840,52,7.8,625135
1786096423,2020216,14240,83886080,14171983872,1547,0,6848,6848,37,7.8,622812
1786096433,2024900,14240,83886080,14208720896,1546,0,6853,6853,42,7.8,618934
1786096444,2017356,14240,83886080,14213967872,1546,0,6853,6853,60,7.8,621637
1786096454,2019568,14240,83886080,14254919680,1546,0,6861,6861,36,7.8,623582
1786096464,2029728,14240,83886080,14286401536,1546,0,6865,6865,46,7.8,622906
1786096474,2016704,14240,83886080,13231546368,1545,0,6869,6869,55,7.8,617958
1786096484,2022188,14240,83886080,13239943168,1545,0,6873,6873,53,7.8,622977
1786096494,2023876,14240,83886080,13267238912,1545,0,6878,6878,44,7.8,618149
1786096504,2022816,14240,83886080,13293477888,1545,0,6885,6885,41,7.8,618929
1786096514,2020356,14240,83886080,13308170240,1545,0,6890,6890,42,7.8,622295
1786096524,2028340,14240,83886080,13336506368,1544,0,6894,6894,47,7.8,620000
1786096534,2019924,14240,83886080,13361700864,1544,0,6902,6902,35,7.8,619680
1786096544,2018496,14240,83886080,13380595712,1544,0,6907,6907,39,7.8,622920
1786096555,2019268,14240,83886080,13406826496,1543,0,6911,6911,46,7.8,619807
1786096565,2023264,14240,83886080,13432020992,1543,0,6919,6919,38,7.8,619825
1786096575,2015680,14240,83886080,13441470464,1543,0,6920,6920,55,7.8,617964
1786096585,2015916,14240,83886080,13460361216,1543,0,6928,6928,30,7.8,622046
1786096595,2025308,14240,83886080,13487652864,1542,0,6932,6932,41,7.8,619241
1786096605,2017664,14240,83886080,13511790592,1542,0,6937,6937,47,7.8,621094
1786096615,2018168,14240,83886080,13533835264,1542,0,6945,6945,35,7.8,619457
1786096625,2027192,14240,83886080,13560074240,1541,0,6949,6949,44,7.8,619462
1786096635,2016056,14240,83886080,13581062144,1541,0,6954,6954,50,7.8,617893
1786096645,2017452,14240,83886080,13605208064,1541,0,6962,6962,35,7.8,629718
1786096656,2025416,14240,83886080,13631447040,1541,0,6966,6966,47,7.8,620663
1786096666,2017196,14240,83886080,13649289216,1540,0,6974,6973,40,7.8,620407
1786096676,2020620,14240,83886080,13674479616,1540,0,6979,6979,37,7.8,621657
1786096686,2018288,14240,83886080,13698617344,1540,0,6986,6986,34,7.8,620146
1786096696,2016424,14240,83886080,13715415040,1540,0,6991,6991,39,7.8,620658
1786096706,2020956,14240,83886080,13724864512,1539,0,6995,6995,40,7.8,619761
1786096716,2026224,14240,83886080,13752147968,1539,0,6999,6999,48,7.8,619496
1786096726,2019968,14240,83886080,13775237120,1539,0,7007,7007,38,7.8,617921
1786096736,2015888,14240,83886080,13783638016,1539,0,7008,7008,54,7.8,621477
1786096746,2016356,14240,83886080,13802528768,1538,0,7016,7016,33,7.8,619206
1786096757,2024880,14240,83886080,13829820416,1538,0,7020,7020,42,7.8,619942
1786096767,2015392,14240,83886080,13852913664,1538,0,7025,7025,46,7.8,620372
1786096777,2018928,14240,83886080,13873905664,1537,0,7033,7033,34,7.8,617931
1786096787,2031124,14240,83886080,13904338944,1537,0,7037,7037,44,7.8,620545
1786096797,2015136,14240,83886080,13932683264,1537,0,7042,7042,48,7.8,626452
1786096807,2020248,14240,83886080,13964173312,1536,0,7049,7049,40,7.8,618017
1786096817,2017716,14240,83886080,14003003392,1536,0,7054,7054,48,7.8,623747
1786096827,2017624,14240,83886080,14041841664,1536,0,7062,7062,33,7.8,621903
1786096837,2029756,14240,83886080,14085922816,1536,0,7066,7066,42,7.8,618232
1786096847,2018400,14240,83886080,14135255040,1536,0,7074,7074,33,7.8,621498
1786096858,2018988,14240,83886080,14173036544,1536,0,7079,7079,37,7.8,618477
1786096868,2031120,14240,83886080,14218174464,1536,0,7083,7083,45,7.8,620878
1786096878,2019248,14240,83886080,14265401344,1535,0,7091,7091,35,7.8,620773
1786096888,2017496,14240,83886080,14292692992,1535,0,7095,7095,43,7.8,618007
1786096898,2022600,14240,83886080,14316834816,1535,0,7099,7099,43,7.7,618094
1786096908,2017376,14240,83886080,14360920064,1535,0,7103,7103,47,7.7,618791
1786096918,2020752,14240,83886080,14412345344,1535,0,7111,7111,36,7.7,620038
1786096928,2026864,14240,83886080,14456434688,1535,0,7115,7115,42,7.7,623330
1786096938,2015464,14240,83886080,14499463168,1535,0,7120,7120,45,7.7,623845
1786096948,2027160,14240,83886080,14551945216,1535,0,7127,7127,39,7.7,619024
1786096958,2026792,14240,83886080,14601277440,1535,0,7132,7132,44,7.7,619900
1786096968,2015656,14240,83886080,14661099520,1535,0,7140,7139,33,7.7,620086
1786096978,2028544,14240,83886080,14714638336,1535,0,7144,7144,40,7.7,618332
1786096989,2017824,14240,83886080,14760816640,1535,0,7151,7151,38,7.7,618000
1786096999,2024496,14240,83886080,14820642816,1536,0,7157,7157,40,7.7,619702
1786097009,2022548,14240,83886080,14882570240,1536,0,7164,7164,36,7.7,618168
1786097019,2020152,14240,83886080,14927695872,1536,0,7169,7169,40,7.7,623509
1786097029,2024412,14240,83886080,14992781312,1536,0,7176,7176,39,7.8,619534
1786097039,2018040,14240,83886080,15038963712,1536,0,7181,7181,44,7.8,626990
1786097049,2018792,14240,83886080,15066251264,1537,0,7185,7185,40,7.7,622283
1786097059,2027528,14240,83886080,15121879040,1537,0,7190,7190,43,7.8,622274
1786097069,2017152,14240,83886080,15182753792,1537,0,7198,7198,31,7.8,618098
1786097080,2020032,14240,83886080,15235235840,1537,0,7202,7202,40,7.8,622167
1786097090,2017948,14240,83886080,15254130688,1537,0,7207,7207,45,7.8,617900
1786097100,2016324,14240,83886080,15278268416,1537,0,7215,7215,31,7.8,619745
1786097110,2016604,14240,83886080,15296114688,1538,0,7219,7219,37,7.8,617976
1786097120,2017424,14240,83886080,15304511488,1538,0,7223,7223,46,7.8,619182
1786097130,2015944,14240,83886080,15306608640,1538,0,7231,7231,36,7.8,618159
1786097140,2016048,14240,83886080,15308705792,1538,0,7237,7236,42,7.8,623728
1786097150,2015804,14240,83886080,15311855616,1538,0,7243,7243,37,7.8,623561
1786097160,2017512,14240,83886080,15315005440,1538,0,7249,7249,40,7.8,620043
1786097170,2017824,14240,83886080,15317106688,1538,0,7253,7253,50,7.8,617885
1786097180,2016336,14240,83886080,15319203840,1538,0,7261,7261,32,7.8,617995
1786097191,2016136,14240,83886080,15323402240,1538,0,7265,7265,44,7.8,619183
1786097201,2017276,14240,83886080,15324450816,1538,0,7270,7270,47,7.8,620723
1786097211,2015752,14240,83886080,15327596544,1538,0,7278,7278,36,7.8,619685
1786097221,2017620,14240,83886080,15329697792,1538,0,7282,7282,47,7.8,619149
1786097231,2015640,14240,83886080,15332847616,1538,0,7287,7287,51,7.8,621339
1786097241,2017648,14240,83886080,15335997440,1538,0,7294,7294,42,7.8,619357
1786097251,2016204,14240,83886080,15338098688,1537,0,7300,7299,47,7.8,619833
1786097261,2016408,14240,83886080,15338098688,1537,0,7302,7302,52,7.8,623075
1786097271,2016032,14240,83886080,15341244416,1537,0,7310,7310,38,7.8,619596
1786097281,2016764,14240,83886080,15344394240,1537,0,7315,7315,43,7.8,622001
1786097292,2016784,14240,83886080,15345446912,1537,0,7322,7322,37,7.8,620196
1786097302,2016456,14240,83886080,15349645312,1537,0,7328,7328,35,7.8,618450
1786097312,2016580,14240,83886080,15351742464,1537,0,7335,7335,33,7.8,626010
1786097322,2015532,14240,83886080,15355940864,1537,0,7339,7339,43,7.8,618016
1786097332,2016908,14240,83886080,15355940864,1537,0,7343,7343,44,7.8,617965
1786097342,2016636,14240,83886080,15361183744,1537,0,7347,7347,44,7.8,619543
1786097352,2015576,14240,83886080,15371685888,1537,0,7355,7355,34,7.8,620878
1786097362,2016916,14240,83886080,15373783040,1537,0,7359,7359,40,7.8,617992
1786097372,2017596,14240,83886080,15383232512,1538,0,7363,7363,40,7.8,617974
1786097382,2016068,14240,83886080,15395827712,1538,0,7371,7371,31,7.8,622509
1786097392,2016052,14240,83886080,15404220416,1538,0,7376,7376,37,7.8,619862
1786097403,2016332,14240,83886080,15413669888,1538,0,7380,7380,48,7.7,619386
1786097413,2017104,14240,83886080,15434661888,1538,0,7388,7388,37,7.7,622136
1786097423,2017588,14240,83886080,15447252992,1538,0,7392,7392,46,7.7,621798
1786097433,2015568,14240,83886080,15465099264,1538,0,7400,7400,33,7.7,618013
1786097443,2016676,14240,83886080,15481888768,1538,0,7404,7404,40,7.7,624313
1786097453,2016832,14240,83886080,15490289664,1538,0,7410,7409,46,7.7,620829
1786097463,2016172,14240,83886080,15498686464,1539,0,7416,7416,37,7.7,617941
1786097473,2015708,14240,83886080,15508135936,1539,0,7423,7423,34,7.7,620887
1786097483,2017548,14240,83886080,15517581312,1539,0,7429,7429,39,7.7,621239
1786097493,2017596,14240,83886080,15528075264,1539,0,7436,7436,36,7.7,619384
1786097503,2017432,14240,83886080,15541723136,1539,0,7441,7441,42,7.7,617978
1786097513,2016468,14240,83886080,15560613888,1539,0,7449,7449,35,7.7,622297
1786097524,2016148,14240,83886080,15577411584,1539,0,7454,7454,41,7.7,620409
1786097534,2017096,14240,83886080,15594201088,1540,0,7461,7461,34,7.7,623178
1786097544,2016708,14240,83886080,15612043264,1540,0,7466,7466,39,7.7,622124
1786097554,2016800,14240,83886080,15621488640,1540,0,7471,7471,43,7.7,617940
1786097564,2017196,14240,83886080,15644581888,1540,0,7478,7478,39,7.7,618552
1786097574,2016536,14240,83886080,15661379584,1540,0,7484,7484,39,7.7,620060
1786097584,2016196,14240,83886080,15678164992,1540,0,7491,7490,40,7.7,620066
1786097594,2017360,14240,83886080,15694958592,1541,0,7498,7498,32,7.7,618081
1786097604,2017020,14240,83886080,15714902016,1541,0,7503,7503,40,7.7,617923
1786097614,2015288,14240,83886080,15721201664,1541,0,7504,7504,52,7.7,617928
1786097624,2015840,14240,83886080,15744294912,1541,0,7512,7512,33,7.7,622114
1786097634,2016564,14240,83886080,15757934592,1541,0,7517,7517,41,7.7,617929
1786097644,2016524,14240,83886080,15777878016,1541,0,7524,7524,37,7.7,618002
1786097655,2016256,14240,83886080,15793623040,1541,0,7529,7529,40,7.7,618609
1786097665,2016340,14240,83886080,15826157568,1542,0,7536,7536,35,7.7,619018
1786097675,2017884,14240,83886080,15844007936,1542,0,7540,7540,45,7.7,621815
1786097685,2020828,14240,83886080,15878639616,1542,0,7548,7548,35,7.7,618234
1786097695,2025264,14240,83886080,15930073088,1542,0,7553,7553,42,7.7,617941
1786097705,2017064,14240,83886080,15973105664,1543,0,7557,7557,51,7.7,619728
1786097715,2022472,14240,83886080,16028733440,1543,0,7565,7565,38,7.7,619878
1786097725,2021916,14240,83886080,16062324736,1543,0,7569,7569,49,7.7,626857
1786097735,2018436,14240,83886080,16113750016,1543,0,7577,7577,35,7.7,621327
1786097745,2016164,14240,83886080,16122146816,1543,0,7578,7577,51,7.7,624279
1786097755,2021672,14240,83886080,16175681536,1543,0,7585,7585,38,7.7,618337
1786097766,2015120,14240,83886080,16221859840,1543,0,7589,7589,49,7.7,627187
1786097776,2016488,14240,83886080,16260698112,1543,0,7597,7597,32,7.7,618985
1786097786,2025480,14240,83886080,16307924992,1543,0,7601,7601,40,7.7,620280
1786097796,2015524,14240,83886080,16356208640,1544,0,7609,7609,29,7.7,619961
1786097806,2018860,14240,83886080,16402395136,1544,0,7614,7614,37,7.7,618208
1786097816,2025496,14240,83886080,16450674688,1544,0,7619,7619,42,7.7,621866
1786097826,2023448,14240,83886080,16493707264,1544,0,7626,7626,38,7.7,624286
1786097836,2019272,14240,83886080,16534642688,1544,0,7633,7633,33,7.7,617939
1786097847,2021808,14240,83886080,16589221888,1544,0,7639,7639,36,7.7,619593
1786097857,2017304,14240,83886080,16641699840,1544,0,7646,7646,31,7.7,617971
1786097867,2017940,14240,83886080,16655343616,1544,0,7647,7647,48,7.7,631047
1786097877,2015844,14240,83886080,16721469440,1545,0,7655,7655,33,7.7,622738
1786097887,2025796,14240,83886080,16768700416,1545,0,7659,7659,41,7.7,623824
1786097897,2016612,14240,83886080,16813834240,1545,0,7663,7663,51,7.7,620905
1786097907,2018844,14240,83886080,16876810240,1545,0,7671,7671,34,7.7,618169
1786097918,2025280,14240,83886080,16928239616,1545,0,7676,7676,41,7.7,627471
1786097928,2016448,14240,83886080,15897526272,1545,0,7683,7683,36,7.7,627322
1786097938,2024168,14240,83886080,15947902976,1546,0,7688,7688,40,7.7,617930
1786097948,2016812,14240,83886080,15993053184,1546,0,7696,7696,31,7.7,619791
1786097958,2018960,14240,83886080,16032940032,1546,0,7701,7701,35,7.7,620060
1786097968,2025264,14240,83886080,16079151104,1546,0,7706,7706,40,7.7,618542
1786097978,2020896,14240,83886080,15043190784,1546,0,7713,7713,37,7.7,623403
1786097988,2017092,14240,83886080,15071531008,1546,0,7718,7718,45,7.7,623369
1786097998,2017292,14240,83886080,14032412672,1546,0,7726,7726,34,7.7,623835
1786098008,2021832,14240,83886080,14064951296,1546,0,7730,7730,45,7.7,617924
1786098018,2021548,14240,83886080,14096449536,1546,0,7738,7738,34,7.7,617940
1786098028,2019548,14240,83886080,14128996352,1546,0,7745,7744,37,7.7,617975
1786098038,2025600,14240,83886080,14168883200,1545,0,7750,7750,39,7.7,624839
1786098049,2017068,14240,83886080,14191976448,1545,0,7754,7754,50,7.7,620997
1786098059,2022064,14240,83886080,13145509888,1545,0,7762,7762,38,7.7,620215
1786098069,2022412,14240,83886080,13171748864,1545,0,7766,7766,45,7.7,618196
1786098079,2018472,14240,83886080,13176995840,1545,0,7770,7770,45,7.7,620328
1786098089,2024140,14240,83886080,13206388736,1544,0,7775,7775,42,7.7,620914
1786098099,2018672,14240,83886080,13235769344,1544,0,7782,7782,37,7.7,622384
1786098109,2016748,14240,83886080,13248368640,1544,0,7783,7783,58,7.7,620241
1786098119,2030444,14240,83886080,13267263488,1544,0,7787,7787,60,7.7,617971
1786098129,2018240,14240,83886080,13295603712,1544,0,7795,7795,35,7.7,620605
1786098140,2025064,14240,83886080,13323939840,1543,0,7800,7800,41,7.7,617956
1786098150,2016796,14240,83886080,13327089664,1543,0,7800,7800,60,7.7,617972
1786098160,2019640,14240,83886080,13355433984,1543,0,7808,7808,38,7.7,622151
1786098170,2031496,14240,83886080,13385867264,1543,0,7812,7812,47,7.7,623148
1786098180,2016808,14240,83886080,13402660864,1543,0,7816,7816,52,7.7,617939
1786098190,2025680,14240,83886080,13415251968,1543,0,7820,7820,55,7.7,623538
1786098200,2016860,14240,83886080,13443592192,1542,0,7828,7828,31,7.7,618001
1786098210,2021628,14240,83886080,13471936512,1542,0,7833,7833,38,7.7,619653
1786098220,2030028,14240,83886080,13496074240,1542,0,7837,7837,48,7.7,619220
1786098230,2020244,14240,83886080,13523365888,1542,0,7845,7845,35,7.7,620899
1786098241,2024820,14240,83886080,13549604864,1541,0,7850,7850,42,7.7,618098
1786098251,2015492,14240,83886080,13553803264,1541,0,7850,7850,59,7.7,618052
1786098261,2020220,14240,83886080,13580038144,1541,0,7858,7858,38,7.7,619684
1786098271,2025724,14240,83886080,13608382464,1541,0,7863,7863,43,7.7,624733
1786098281,2019712,14240,83886080,13633572864,1540,0,7870,7870,38,7.7,624370
1786098291,2016608,14240,83886080,13656666112,1540,0,7876,7876,41,7.7,619839
1786098301,2022984,14240,83886080,13686050816,1540,0,7883,7883,37,7.7,618911
1786098311,2018628,14240,83886080,13711241216,1539,0,7888,7888,43,7.7,619406
1786098322,2017552,14240,83886080,13735387136,1539,0,7896,7896,33,7.7,619229
1786098332,2030204,14240,83886080,13766868992,1539,0,7900,7900,45,7.7,622005
1786098342,2017656,14240,83886080,13787860992,1539,0,7908,7908,35,7.7,619918
1786098352,2022736,14240,83886080,13816201216,1538,0,7913,7913,38,7.7,621910
1786098362,2017884,14240,83886080,13844545536,1538,0,7920,7920,33,7.7,624324
1786098372,2021276,14240,83886080,13865533440,1538,0,7925,7925,38,7.7,620574
1786098382,2020336,14240,83886080,13892829184,1537,0,7932,7932,34,7.7,621854
1786098392,2024604,14240,83886080,13921157120,1537,0,7938,7938,37,7.7,619694
1786098402,2021300,14240,83886080,13942157312,1537,0,7945,7945,35,7.7,618090
1786098412,2019608,14240,83886080,13970489344,1536,0,7951,7951,38,7.7,620460
1786098422,2027572,14240,83886080,13999882240,1536,0,7957,7957,40,7.7,621347
1786098433,2028404,14240,83886080,14028222464,1536,0,7962,7962,47,7.7,620888
1786098443,2018808,14240,83886080,14090149888,1536,0,7970,7970,33,7.7,620077
1786098453,2020396,14240,83886080,14128979968,1536,0,7975,7975,43,7.7,620025
1786098463,2018292,14240,83886080,14184611840,1537,0,7982,7982,34,7.7,618052
1786098473,2025316,14240,83886080,14242340864,1537,0,7987,7987,40,7.7,618484
1786098483,2016956,14240,83886080,14291668992,1537,0,7993,7992,44,7.7,620365
1786098493,2024764,14240,83886080,14339956736,1537,0,7999,7999,36,7.7,620671
1786098503,2018204,14240,83886080,14393479168,1537,0,8007,8007,32,7.7,619776
1786098514,2021028,14240,83886080,14434418688,1537,0,8011,8011,43,7.7,618082
1786098524,2021696,14240,83886080,14486896640,1537,0,8019,8019,36,7.7,620057
1786098534,2015492,14240,83886080,14528884736,1537,0,8024,8024,44,7.7,617952
1786098544,2016872,14240,83886080,14575063040,1537,0,8031,8031,36,7.7,622489
1786098554,2027132,14240,83886080,14627545088,1537,0,8036,8036,42,7.7,618076
1786098564,2015996,14240,83886080,14689468416,1537,0,8044,8044,31,7.7,620016
1786098574,2022852,14240,83886080,14738800640,1537,0,8048,8048,39,7.7,620024
1786098584,2018036,14240,83886080,14798630912,1537,0,8053,8053,46,7.7,619687
1786098594,2016224,14240,83886080,14850060288,1538,0,8061,8061,35,7.7,624003
1786098604,2017264,14240,83886080,14876303360,1538,0,8066,8066,40,7.7,621501
1786098614,2015764,14240,83886080,14898343936,1538,0,8073,8073,35,7.7,623500
1786098625,2017820,14240,83886080,14918287360,1538,0,8078,8078,39,7.7,621992
1786098635,2017460,14240,83886080,14937178112,1539,0,8082,8082,50,7.7,617933
1786098645,2016468,14240,83886080,14964465664,1539,0,8090,8090,34,7.7,621657
1786098655,2018536,14240,83886080,14980206592,1539,0,8095,8095,41,7.7,623764
1786098665,2015236,14240,83886080,14995955712,1539,0,8100,8100,42,7.7,624576
1786098675,2018216,14240,83886080,15016943616,1539,0,8107,8107,38,7.7,618037
1786098685,2016984,14240,83886080,15033737216,1540,0,8113,8113,41,7.7,630804
1786098695,2015452,14240,83886080,15048437760,1540,0,8119,8119,40,7.7,620968
1786098705,2016272,14240,83886080,15053688832,1540,0,8125,8125,43,7.7,617893
1786098716,2016340,14240,83886080,15055785984,1540,0,8131,8131,44,7.7,620505
1786098726,2016984,14240,83886080,15057883136,1540,0,8139,8139,34,7.7,617976
1786098736,2015588,14240,83886080,15062081536,1540,0,8145,8145,37,7.7,617958
1786098746,2017580,14240,83886080,15062081536,1540,0,8149,8149,45,7.7,617957
1786098756,2016384,14240,83886080,15065227264,1540,0,8153,8153,42,7.7,620182
1786098766,2017264,14240,83886080,15066275840,1540,0,8157,8157,46,7.7,617908
1786098776,2015648,14240,83886080,15071531008,1540,0,8165,8165,37,7.7,617942
1786098786,2016828,14240,83886080,15071531008,1540,0,8167,8167,51,7.7,617945
1786098797,2016352,14240,83886080,15074676736,1540,0,8175,8175,28,7.7,621274
1786098807,2017236,14240,83886080,15077822464,1540,0,8179,8179,40,7.7,621774
1786098817,2016116,14240,83886080,15082020864,1540,0,8184,8184,46,7.7,617891
1786098827,2016340,14240,83886080,15083069440,1540,0,8188,8188,45,7.7,619711
1786098837,2016240,14240,83886080,15089369088,1540,0,8192,8192,40,7.7,621106
1786098847,2016928,14240,83886080,15093563392,1540,0,8196,8196,51,7.7,620526
1786098858,2015276,14240,83886080,15103012864,1540,0,8204,8204,39,7.7,624418
1786098868,2015560,14240,83886080,15108259840,1540,0,8208,8208,37,7.7,620319
1786098878,2017088,14240,83886080,15114559488,1540,0,8212,8212,43,7.7,618708
1786098888,2016256,14240,83886080,15121907712,1540,0,8220,8220,33,7.7,620110
1786098898,2016144,14240,83886080,15128203264,1540,0,8224,8224,42,7.7,618018
1786098908,2015360,14240,83886080,15136604160,1540,0,8229,8229,44,7.7,618261
1786098918,2016556,14240,83886080,15146049536,1540,0,8236,8236,40,7.7,621299
1786098928,2015944,14240,83886080,15155494912,1540,0,8244,8244,33,7.7,617992
1786098938,2016868,14240,83886080,15160741888,1540,0,8248,8248,41,7.7,617987
1786098948,2016132,14240,83886080,15171235840,1540,0,8256,8256,33,7.7,617941
1786098958,2016568,14240,83886080,15175434240,1540,0,8260,8260,44,7.7,619215
1786098968,2016052,14240,83886080,15190130688,1540,0,8268,8268,32,7.7,618216
1786098979,2017360,14240,83886080,15204827136,1541,0,8272,8272,42,7.7,617974
1786098989,2016228,14240,83886080,15227916288,1541,0,8280,8280,35,7.7,618745
1786098999,2016496,14240,83886080,15242612736,1541,0,8284,8284,46,7.7,620629
1786099009,2016624,14240,83886080,15262552064,1541,0,8292,8292,37,7.7,617923
1786099019,2016000,14240,83886080,15277248512,1541,0,8296,8296,45,7.7,619889
1786099029,2017248,14240,83886080,15290892288,1542,0,8300,8300,45,7.7,619449
1786099039,2015564,14240,83886080,15308734464,1542,0,8304,8304,49,7.7,619459
1786099049,2015656,14240,83886080,15334977536,1542,0,8312,8312,36,7.7,620260
1786099060,2017580,14240,83886080,15339175936,1542,0,8314,8313,56,7.7,623308
1786099071,2015512,14240,83886080,15360167936,1542,0,8321,8321,32,7.7,617976
1786099081,2017944,14240,83886080,15367512064,1542,0,8326,8326,40,7.7,619148
1786099091,2016048,14240,83886080,15386411008,1542,0,8333,8333,37,7.7,617946
1786099101,2016184,14240,83886080,15401095168,1542,0,8337,8337,36,7.7,617992
1786099111,2017872,14240,83886080,15423139840,1543,0,8341,8341,39,7.7,619767
1786099121,2016644,14240,83886080,15442034688,1543,0,8346,8346,44,7.7,621798
1786099131,2015200,14240,83886080,15463030784,1543,0,8353,8353,38,7.7,619153
1786099141,2015564,14240,83886080,15486119936,1543,0,8361,8361,28,7.7,617909
1786099151,2017340,14240,83886080,15506059264,1544,0,8366,8366,35,7.7,619798
1786099161,2015740,14240,83886080,15526002688,1544,0,8373,8373,33,7.7,623676
1786099171,2016900,14240,83886080,15552241664,1544,0,8378,8378,39,7.7,622121
1786099182,2016440,14240,83886080,15575339008,1544,0,8386,8386,29,7.7,626115
1786099192,2022840,14240,83886080,15607869440,1545,0,8390,8390,40,7.7,620195
1786099202,2025468,14240,83886080,15658254336,1545,0,8396,8396,37,7.7,617934
1786099212,2021524,14240,83886080,15705485312,1545,0,8403,8403,35,7.7,620928
1786099222,2017172,14240,83886080,15747469312,1545,0,8410,8410,33,7.7,621730
1786099232,2020712,14240,83886080,15802044416,1546,0,8415,8415,37,7.7,624194
1786099242,2022064,14240,83886080,15858728960,1546,0,8422,8422,35,7.7,622062
1786099252,2023696,14240,83886080,15902806016,1546,0,8428,8428,36,7.7,622244
1786099262,2018924,14240,83886080,15943749632,1546,0,8434,8434,38,7.7,617927
1786099272,2021844,14240,83886080,16003567616,1546,0,8440,8440,38,7.7,621711
1786099282,2021160,14240,83886080,16039256064,1546,0,8446,8446,37,7.7,626737
1786099292,2022876,14240,83886080,16096985088,1546,0,8452,8452,38,7.7,618011
1786099303,2019928,14240,83886080,16154714112,1547,0,8458,8458,42,7.7,621454
1786099313,2015376,14240,83886080,16165208064,1547,0,8461,8461,43,7.7,618079
1786099323,2023972,14240,83886080,16212443136,1547,0,8468,8468,36,7.7,625009
1786099333,2016668,14240,83886080,16270168064,1547,0,8473,8473,43,7.7,620419
1786099343,2015736,14240,83886080,16299560960,1547,0,8477,8477,47,7.7,617908
1786099353,2030492,14240,83886080,16339443712,1547,0,8481,8481,51,7.7,618547
1786099363,2017168,14240,83886080,16402419712,1548,0,8489,8489,32,7.7,618542
1786099373,2027748,14240,83886080,16443355136,1548,0,8493,8493,43,7.7,623284
1786099383,2016340,14240,83886080,16479043584,1548,0,8499,8499,39,7.7,617921
1786099393,2026472,14240,83886080,16519974912,1548,0,8505,8505,41,7.7,622522
1786099403,2018740,14240,83886080,16568258560,1548,0,8513,8513,32,7.7,622316
1786099414,2027712,14240,83886080,16609189888,1549,0,8517,8517,43,7.7,619850
1786099424,2016936,14240,83886080,16672165888,1549,0,8525,8525,33,7.7,622123
1786099434,2024540,14240,83886080,16722550784,1549,0,8530,8530,40,7.7,619957
1786099444,2018608,14240,83886080,16767680512,1549,0,8537,8537,34,7.7,618415
1786099454,2021684,14240,83886080,16819113984,1549,0,8542,8542,41,7.7,621088
1786099464,2016520,14240,83886080,16866340864,1550,0,8548,8548,41,7.7,620909
1786099474,2016224,14240,83886080,16890482688,1550,0,8553,8553,35,7.7,623291
1786099484,2027584,14240,83886080,16934572032,1550,0,8557,8557,43,7.7,618017
1786099494,2018028,14240,83886080,16985997312,1550,0,8565,8565,33,7.7,624030
1786099504,2021836,14240,83886080,17018535936,1550,0,8570,8570,39,7.7,620202
1786099514,2019128,14240,83886080,15997263872,1550,0,8577,8577,35,7.7,621346
1786099525,2022936,14240,83886080,16049758208,1549,0,8583,8583,39,7.7,619823
1786099535,2022596,14240,83886080,15013801984,1549,0,8589,8589,37,7.7,623542
1786099545,2024160,14240,83886080,15056838656,1549,0,8595,8595,41,7.7,617995
1786099555,2021596,14240,83886080,15092523008,1549,0,8602,8602,37,7.7,621983
1786099565,2026848,14240,83886080,14048178176,1549,0,8607,8607,43,7.7,621286
1786099575,2018536,14240,83886080,14081761280,1549,0,8615,8615,34,7.7,619610
1786099585,2023860,14240,83886080,14112202752,1549,0,8620,8620,40,7.7,618747
1786099595,2018544,14240,83886080,14135291904,1548,0,8624,8624,51,7.7,626631
1786099605,2020740,14240,83886080,13085683712,1548,0,8632,8632,37,7.7,617910
1786099615,2026184,14240,83886080,13116125184,1548,0,8636,8636,48,7.7,629407
1786099625,2016148,14240,83886080,13135020032,1548,0,8641,8641,51,7.7,617969
1786099635,2023440,14240,83886080,13164404736,1548,0,8648,8648,42,7.7,619572
1786099645,2016800,14240,83886080,13187497984,1547,0,8653,8653,45,7.7,617941
1786099656,2015712,14240,83886080,13209534464,1547,0,8660,8660,37,7.7,618068
1786099666,2027992,14240,83886080,13236826112,1547,0,8665,8665,44,7.7,617915
1786099676,2016140,14240,83886080,13257818112,1547,0,8669,8669,53,7.7,619129
1786099686,2019336,14240,83886080,13267263488,1547,0,8674,8674,44,7.7,618592
1786099696,2019656,14240,83886080,13293506560,1546,0,8678,8678,48,7.7,617997
1786099706,2019832,14240,83886080,13319745536,1546,0,8686,8686,38,7.7,620564
1786099716,2015776,14240,83886080,13331292160,1546,0,8686,8686,58,7.7,625784
1786099726,2016272,14240,83886080,13349134336,1546,0,8691,8691,55,7.7,620051
1786099736,2022696,14240,83886080,13376425984,1546,0,8698,8698,40,7.7,618041
1786099746,2016256,14240,83886080,13402660864,1545,0,8703,8703,45,7.7,620352
1786099757,2016616,14240,83886080,13420503040,1545,0,8711,8711,32,7.7,617950
1786099767,2023408,14240,83886080,13446750208,1545,0,8716,8716,39,7.7,621813
1786099777,2018044,14240,83886080,13471932416,1545,0,8723,8723,35,7.7,617957
1786099787,2022056,14240,83886080,13493981184,1545,0,8728,8728,40,7.7,618254
1786099797,2018332,14240,83886080,13519167488,1544,0,8735,8732,52,7.7,619821
1786099807,2024584,14240,83886080,13546455040,1544,0,8740,8740,40,7.7,618003
1786099817,2026116,14240,83886080,13568503808,1544,0,8744,8744,49,7.7,617991
1786099827,2016688,14240,83886080,13595787264,1544,0,8752,8752,29,7.7,619004
1786099837,2022244,14240,83886080,13624131584,1543,0,8756,8756,42,7.7,623123
1786099847,2024096,14240,83886080,13645119488,1543,0,8762,8762,41,7.7,620783
1786099857,2021200,14240,83886080,13672415232,1543,0,8769,8769,37,7.7,618351
1786099868,2021904,14240,83886080,13700747264,1542,0,8774,8774,44,7.7,621204
1786099878,2018972,14240,83886080,13719642112,1542,0,8782,8782,34,7.7,622548
1786099888,2019084,14240,83886080,13747978240,1542,0,8788,8788,38,7.7,619736
1786099898,2021660,14240,83886080,13771071488,1542,0,8794,8794,40,7.7,618091
1786099908,2018540,14240,83886080,13795213312,1541,0,8802,8802,33,7.7,629734
1786099918,2020636,14240,83886080,13819355136,1541,0,8807,8806,46,7.7,619851
1786099928,2017440,14240,83886080,13842448384,1541,0,8813,8813,41,7.7,621789
1786099938,2018388,14240,83886080,13847695360,1541,0,8817,8817,41,7.7,619354
1786099948,2024500,14240,83886080,13876035584,1541,0,8821,8821,46,7.7,618334
1786099958,2019968,14240,83886080,13902270464,1540,0,8829,8829,35,7.7,619284
1786099968,2015904,14240,83886080,13914865664,1540,0,8830,8830,54,7.7,620338
1786099979,2030736,14240,83886080,13933760512,1540,0,8834,8834,64,7.7,619296
1786099989,2018924,14240,83886080,13966299136,1540,0,8842,8842,36,7.7,619684
1786099999,2025352,14240,83886080,13999886336,1539,0,8846,8846,47,7.7,619098
1786100009,2015632,14240,83886080,14006181888,1539,0,8850,8848,53,7.7,618033
1786100019,2022108,14240,83886080,14051315712,1539,0,8855,8855,40,7.7,622180
1786100029,2016916,14240,83886080,14091198464,1539,0,8860,8860,45,7.7,620859
1786100039,2016076,14240,83886080,14120595456,1539,0,8864,8864,52,7.7,620623
1786100050,2023424,14240,83886080,14143676416,1539,0,8868,8868,52,7.7,619720
1786100060,2015892,14240,83886080,14181470208,1539,0,8872,8872,52,7.7,621822
1786100070,2016832,14240,83886080,14214004736,1539,0,8880,8880,36,7.7,620144
1786100080,2019160,14240,83886080,14261239808,1539,0,8884,8884,38,7.7,623267
1786100090,2023336,14240,83886080,14292725760,1539,0,8888,8888,45,7.7,617876
1786100100,2015404,14240,83886080,14314770432,1540,0,8896,8896,32,7.7,622462
1786100110,2016548,14240,83886080,14332608512,1540,0,8900,8900,42,7.7,617970
1786100120,2016800,14240,83886080,14339956736,1540,0,8905,8905,41,7.7,617981
1786100131,2016920,14240,83886080,14365143040,1540,0,8912,8912,37,7.7,617972
1786100141,2017364,14240,83886080,14382993408,1540,0,8917,8917,42,7.7,617932
1786100151,2016116,14240,83886080,14399782912,1541,0,8925,8925,30,7.7,622224
1786100161,2017920,14240,83886080,14415527936,1541,0,8929,8929,42,7.7,617917
1786100171,2016916,14240,83886080,14430220288,1541,0,8934,8934,49,7.7,620176
1786100181,2017460,14240,83886080,14453313536,1541,0,8942,8942,34,7.7,629952
1786100191,2017204,14240,83886080,14462763008,1541,0,8946,8946,45,7.7,620785
1786100201,2015744,14240,83886080,14482702336,1541,0,8950,8950,52,7.7,622661
1786100211,2016264,14240,83886080,14509989888,1542,0,8958,8958,36,7.7,618090
1786100221,2018152,14240,83886080,14527840256,1542,0,8962,8962,46,7.7,618900
1786100232,2015856,14240,83886080,14545682432,1542,0,8967,8966,53,7.7,619079
1786100242,2017584,14240,83886080,14566670336,1542,0,8974,8974,40,7.7,620823
1786100252,2017240,14240,83886080,14579265536,1543,0,8979,8979,43,7.7,618079
1786100262,2016340,14240,83886080,14591864832,1543,0,8986,8986,38,7.7,617956
1786100272,2017312,14240,83886080,14597111808,1543,0,8991,8991,42,7.7,620774
1786100282,2016080,14240,83886080,14600257536,1543,0,8999,8998,36,7.7,619689
1786100292,2017024,14240,83886080,14601306112,1543,0,8999,8999,56,7.7,618561
1786100303,2017768,14240,83886080,14603403264,1543,0,9003,9003,60,7.7,621190
1786100313,2015472,14240,83886080,14607609856,1543,0,9011,9011,34,7.7,623086
1786100323,2016340,14240,83886080,14609707008,1543,0,9016,9016,39,7.7,622726
1786100333,2016364,14240,83886080,14611804160,1543,0,9021,9021,45,7.7,617923
1786100343,2015940,14240,83886080,14614953984,1543,0,9029,9029,34,7.7,617952
1786100353,2018016,14240,83886080,14618099712,1543,0,9033,9033,46,7.7,617944
1786100363,2016736,14240,83886080,14619148288,1543,0,9037,9037,52,7.7,620027
1786100373,2018640,14240,83886080,14622298112,1543,0,9041,9041,54,7.7,617971
1786100383,2016728,14240,83886080,14625452032,1543,0,9046,9045,52,7.7,619629
1786100393,2016536,14240,83886080,14632792064,1543,0,9053,9053,39,7.7,621066
1786100403,2016504,14240,83886080,14636990464,1543,0,9058,9058,42,7.7,619702
1786100413,2016780,14240,83886080,14646439936,1543,0,9065,9065,36,7.7,617987
1786100424,2018480,14240,83886080,14655885312,1543,0,9070,9070,42,7.7,620738
1786100434,2015836,14240,83886080,14663233536,1543,0,9078,9078,33,7.7,623646
1786100444,2017484,14240,83886080,14668484608,1543,0,9082,9082,44,7.7,625248
1786100454,2016000,14240,83886080,14670581760,1543,0,9090,9090,31,7.7,622878
1786100464,2016972,14240,83886080,14671630336,1543,0,9095,9095,36,7.7,618327
1786100474,2016808,14240,83886080,14675824640,1543,0,9099,9099,44,7.7,622456
1786100484,2016144,14240,83886080,14677925888,1543,0,9107,9107,33,7.7,620149
1786100494,2017788,14240,83886080,14680027136,1543,0,9111,9111,42,7.7,620119
1786100504,2015788,14240,83886080,14683176960,1543,0,9119,9119,30,7.7,619136
1786100515,2017040,14240,83886080,14690525184,1543,0,9124,9124,37,7.7,617982
1786100525,2016876,14240,83886080,14704168960,1543,0,9128,9128,46,7.7,618435
1786100535,2015600,14240,83886080,14734606336,1544,0,9136,9136,33,7.7,620121
1786100545,2017576,14240,83886080,14748254208,1544,0,9140,9140,43,7.7,618006
1786100555,2016200,14240,83886080,14773444608,1544,0,9148,9148,34,7.7,619006
1786100565,2017216,14240,83886080,14787084288,1544,0,9153,9153,37,7.7,619489
1786100575,2016052,14240,83886080,14802829312,1545,0,9160,9160,34,7.7,619125
1786100585,2016696,14240,83886080,14822772736,1545,0,9166,9166,34,7.7,618725
1786100595,2016484,14240,83886080,14840614912,1545,0,9173,9173,32,7.7,622126
1786100605,2018320,14240,83886080,14858457088,1545,0,9177,9177,40,7.7,621486
1786100615,2015664,14240,83886080,14874202112,1546,0,9183,9183,42,7.7,626482
1786100626,2015960,14240,83886080,14889947136,1546,0,9187,9187,49,7.7,629625
1786100636,2016576,14240,83886080,14904639488,1546,0,9191,9191,52,7.7,618757
1786100646,2015928,14240,83886080,14934032384,1546,0,9199,9199,34,7.7,618005
1786100656,2016856,14240,83886080,14946627584,1546,0,9203,9203,42,7.7,618038
1786100667,2016008,14240,83886080,14953971712,1546,0,9204,9204,56,7.7,628755
1786100677,2016560,14240,83886080,14980214784,1547,0,9212,9212,36,7.7,620157
1786100687,2018548,14240,83886080,14997008384,1547,0,9216,9216,44,7.7,617946
1786100697,2016880,14240,83886080,15041093632,1547,0,9224,9224,34,7.7,621278
1786100707,2022504,14240,83886080,15074672640,1547,0,9228,9228,43,7.7,619238
1786100717,2019408,14240,83886080,15126106112,1548,0,9236,9236,34,7.7,618344
1786100728,2019800,14240,83886080,15165997056,1548,0,9241,9241,41,7.7,620136
1786100738,2018196,14240,83886080,15222669312,1548,0,9248,9248,33,7.7,617949
1786100748,2024584,14240,83886080,15265705984,1549,0,9253,9253,42,7.7,620120
1786100758,2016872,14240,83886080,15311888384,1549,0,9260,9260,39,7.7,619339
1786100768,2022376,14240,83886080,15366467584,1549,0,9266,9266,41,7.7,618558
1786100778,2021892,14240,83886080,15428390912,1550,0,9273,9273,39,7.7,617970
1786100788,2016512,14240,83886080,15475621888,1550,0,9280,9280,33,7.7,620046
1786100798,2024660,14240,83886080,15523909632,1550,0,9285,9285,40,7.7,618491
1786100808,2017008,14240,83886080,15581638656,1550,0,9293,9293,33,7.7,618144
1786100818,2018856,14240,83886080,15616274432,1550,0,9298,9298,37,7.7,621161
1786100829,2024944,14240,83886080,15654060032,1550,0,9302,9302,46,7.7,618798
1786100839,2019900,14240,83886080,15701295104,1550,0,9310,9310,37,7.7,617998
1786100849,2020268,14240,83886080,15741177856,1550,0,9315,9315,42,7.7,623085
1786100859,2017092,14240,83886080,15781064704,1551,0,9320,9320,45,7.7,622165
1786100869,2020192,14240,83886080,15840886784,1551,0,9328,9328,35,7.7,618009
1786100879,2025476,14240,83886080,15876571136,1551,0,9332,9332,44,7.7,620185
1786100889,2018628,14240,83886080,15938502656,1552,0,9340,9340,33,7.7,618041
1786100899,2021764,14240,83886080,15984680960,1552,0,9346,9346,36,7.7,618392
1786100909,2022672,14240,83886080,16017219584,1552,0,9350,9350,41,7.7,620264
1786100920,2019644,14240,83886080,16077045760,1552,0,9358,9358,35,7.7,620879
1786100930,2021824,14240,83886080,16129523712,1552,0,9364,9364,36,7.7,617920
1786100940,2016868,14240,83886080,16176758784,1552,0,9370,9370,37,7.7,619590
1786100950,2023324,14240,83886080,16219791360,1553,0,9376,9376,40,7.7,621936
1786100960,2016424,14240,83886080,16252329984,1553,0,9383,9383,36,7.7,631184
1786100970,2019144,14240,83886080,16290115584,1553,0,9388,9388,43,7.7,620432
1786100980,2019344,14240,83886080,16328953856,1553,0,9396,9396,37,7.7,618036
1786100990,2017572,14240,83886080,16361488384,1553,0,9400,9400,47,7.7,619081
1786101000,2023880,14240,83886080,16405573632,1553,0,9408,9408,37,7.7,617943
1786101010,2016732,14240,83886080,16440205312,1553,0,9412,9412,49,7.7,620585
1786101020,2019004,14240,83886080,16469594112,1554,0,9420,9420,31,7.7,620947
1786101030,2027388,14240,83886080,16514732032,1554,0,9424,9424,43,7.7,617962
1786101040,2017672,14240,83886080,16560914432,1554,0,9432,9432,32,7.7,618428
1786101051,2020060,14240,83886080,16596598784,1554,0,9437,9437,39,7.7,621215
1786101061,2030288,14240,83886080,16634388480,1554,0,9441,9441,45,7.7,617936
1786101071,2017628,14240,83886080,14520463360,1554,0,9449,9449,35,7.7,619726
1786101081,2024624,14240,83886080,14547755008,1553,0,9453,9453,43,7.7,620072
1786101091,2017080,14240,83886080,14579240960,1553,0,9458,9458,46,7.7,617900
1786101101,2025668,14240,83886080,13535924224,1553,0,9465,9465,41,7.7,622320
1786101111,2027460,14240,83886080,13553778688,1553,0,9470,9470,48,7.7,619589
1786101121,2018328,14240,83886080,13581094912,1553,0,9478,9478,34,7.7,622809
1786101131,2026404,14240,83886080,13609455616,1553,0,9482,9482,44,7.7,628925
1786101141,2016576,14240,83886080,13613654016,1553,0,9482,9482,60,7.7,618023
1786101151,2021216,14240,83886080,13637795840,1552,0,9490,9490,39,7.7,620757
1786101162,2027404,14240,83886080,13665083392,1552,0,9494,9494,48,7.7,621068
1786101172,2017808,14240,83886080,13683978240,1552,0,9498,9498,55,7.7,618691
1786101182,2019708,14240,83886080,13706018816,1552,0,9506,9506,37,7.7,617918
1786101192,2028040,14240,83886080,13731209216,1552,0,9510,9510,48,7.7,617930
1786101202,2017588,14240,83886080,13746954240,1552,0,9515,9515,51,7.7,622289
1786101212,2023892,14240,83886080,13771091968,1551,0,9522,9522,40,7.7,620046
1786101222,2017124,14240,83886080,13795233792,1551,0,9527,9527,47,7.7,618868
1786101232,2017192,14240,83886080,13803630592,1551,0,9531,9531,54,7.7,617903
1786101243,2025828,14240,83886080,13813075968,1551,0,9535,9535,55,7.7,621236
1786101253,2017268,14240,83886080,13836169216,1551,0,9539,9539,53,7.7,617942
1786101263,2022696,14240,83886080,13861363712,1551,0,9547,9547,40,7.7,619781
1786101273,2018688,14240,83886080,13868707840,1551,0,9547,9547,60,7.7,618037
1786101283,2017192,14240,83886080,13890748416,1550,0,9555,9555,31,7.7,619620
1786101293,2025460,14240,83886080,13913841664,1550,0,9559,9559,42,7.7,618633
1786101303,2017428,14240,83886080,13947428864,1550,0,9564,9564,45,7.7,617968
1786101313,2024380,14240,83886080,13975769088,1550,0,9571,9571,36,7.7,619987
1786101323,2023104,14240,83886080,14010404864,1550,0,9577,9577,40,7.7,621464
1786101333,2022480,14240,83886080,14046089216,1549,0,9583,9583,41,7.7,618083
1786101344,2018128,14240,83886080,14078631936,1549,0,9591,9591,32,7.7,622377
1786101354,2021612,14240,83886080,14115364864,1549,0,9597,9597,35,7.7,617961
1786101364,2019488,14240,83886080,14147903488,1548,0,9601,9601,45,7.7,618044
1786101374,2017408,14240,83886080,14153146368,1548,0,9606,9606,35,7.7,620365
1786101384,2026688,14240,83886080,14190936064,1548,0,9611,9611,39,7.7,619133
1786101394,2018540,14240,83886080,14224523264,1548,0,9618,9617,42,7.7,628085
1786101404,2020780,14240,83886080,14260207616,1548,0,9623,9623,41,7.7,621267
1786101414,2017700,14240,83886080,14296944640,1547,0,9628,9628,48,7.7,622855
1786101424,2022164,14240,83886080,14339977216,1547,0,9636,9636,37,7.7,618024
1786101434,2017500,14240,83886080,14373564416,1547,0,9640,9640,49,7.7,620512
1786101445,2024816,14240,83886080,14414499840,1547,0,9648,9648,39,7.7,618023
1786101455,2018184,14240,83886080,14450184192,1546,0,9652,9652,49,7.7,620074
1786101465,2017804,14240,83886080,14473281536,1546,0,9656,9656,53,7.7,625663
1786101475,2028204,14240,83886080,14495318016,1546,0,9660,9660,52,7.7,619685
1786101485,2017388,14240,83886080,14528905216,1546,0,9667,9666,42,7.7,621278
1786101495,2024152,14240,83886080,14569840640,1545,0,9672,9672,40,7.7,619085
1786101505,2023800,14240,83886080,14593978368,1545,0,9677,9677,39,7.7,619395
1786101515,2019668,14240,83886080,14632812544,1545,0,9684,9684,32,7.7,621631
1786101525,2026448,14240,83886080,14672723968,1545,0,9689,9689,39,7.7,622044
1786101535,2027284,14240,83886080,14705258496,1544,0,9694,9694,44,7.7,620675
1786101545,2023600,14240,83886080,14743044096,1544,0,9701,9701,38,7.7,619859
1786101555,2022848,14240,83886080,14779781120,1544,0,9707,9707,41,7.7,621533
1786101566,2024908,14240,83886080,14812315648,1544,0,9713,9713,43,7.7,619788
1786101576,2019948,14240,83886080,14848004096,1543,0,9721,9721,33,7.7,618023
1786101586,2019728,14240,83886080,14882639872,1543,0,9727,9727,35,7.7,617988
1786101596,2018660,14240,83886080,14906781696,1543,0,9733,9733,36,7.7,623247
1786101606,2018012,14240,83886080,14914134016,1543,0,9739,9739,39,7.7,618982
1786101616,2017540,14240,83886080,14923575296,1543,0,9743,9743,50,7.7,623764
1786101626,2017500,14240,83886080,14939320320,1543,0,9751,9751,36,7.7,618310
1786101636,2017664,14240,83886080,14948765696,1543,0,9755,9755,45,7.7,621120
1786101646,2017772,14240,83886080,14956109824,1543,0,9760,9760,49,7.7,618571
1786101656,2018280,14240,83886080,14961356800,1543,0,9764,9764,46,7.7,619213
1786101666,2018124,14240,83886080,14969757696,1543,0,9768,9768,47,7.7,618045
1786101677,2018516,14240,83886080,14975004672,1543,0,9776,9776,36,7.7,620173
1786101687,2016252,14240,83886080,14979203072,1543,0,9777,9777,52,7.7,618024
1786101697,2017140,14240,83886080,14983401472,1543,0,9781,9781,55,7.7,620855
1786101707,2017972,14240,83886080,14991798272,1543,0,9789,9789,37,7.7,620427
1786101717,2018548,14240,83886080,14998097920,1543,0,9794,9794,42,7.7,619385
1786101727,2017700,14240,83886080,15006494720,1543,0,9801,9801,35,7.7,619135
1786101737,2017916,14240,83886080,15015940096,1543,0,9806,9806,40,7.7,619029
1786101747,2017932,14240,83886080,15024336896,1543,0,9812,9811,45,7.7,619048
1786101757,2016836,14240,83886080,15033782272,1543,0,9818,9818,38,7.7,619051
1786101767,2018580,14240,83886080,15042179072,1543,0,9823,9823,41,7.7,621360
1786101777,2017068,14240,83886080,15052677120,1543,0,9831,9831,33,7.7,620530
1786101787,2017548,14240,83886080,13981020160,1543,0,9836,9836,43,7.7,622504
1786101798,2019276,14240,83886080,13983117312,1543,0,9843,9843,39,7.7,618685
1786101808,2017528,14240,83886080,13985218560,1543,0,9850,9849,41,7.7,617915
1786101818,2018104,14240,83886080,13989416960,1543,0,9855,9855,40,7.7,617925
1786101828,2016568,14240,83886080,13989416960,1543,0,9856,9856,55,7.7,622136
1786101838,2017760,14240,83886080,13990465536,1542,0,9864,9864,33,7.7,617951
1786101848,2017168,14240,83886080,13994663936,1542,0,9868,9868,44,7.7,619092
1786101858,2018052,14240,83886080,13994663936,1542,0,9874,9874,44,7.7,618029
1786101868,2018524,14240,83886080,13994663936,1542,0,9879,9879,36,7.7,620115
1786101878,2018972,14240,83886080,13998862336,1542,0,9884,9884,42,7.7,617952
1786101888,2018012,14240,83886080,13999915008,1542,0,9892,9892,34,7.7,620911
1786101899,2016908,14240,83886080,14004113408,1542,0,9897,9896,46,7.7,621976
1786101909,2018244,14240,83886080,14004113408,1542,0,9904,9904,36,7.7,617967
1786101919,2018236,14240,83886080,14007259136,1542,0,9911,9911,34,7.7,618615
1786101929,2016096,14240,83886080,14009356288,1542,0,9912,9912,53,7.7,620732
1786101939,2017600,14240,83886080,14009356288,1542,0,9916,9916,60,7.7,621011
1786101949,2018608,14240,83886080,14010408960,1542,0,9924,9924,35,7.7,617901
1786101959,2017772,14240,83886080,14014607360,1542,0,9928,9928,43,7.7,618019
1786101969,2018284,14240,83886080,14014607360,1542,0,9936,9936,32,7.7,620822
1786101979,2018456,14240,83886080,14018805760,1542,0,9941,9941,40,7.7,622263
1786101989,2017584,14240,83886080,14019858432,1542,0,9948,9948,38,7.7,617915
1786101999,2018288,14240,83886080,14020907008,1542,0,9954,9954,40,7.7,617910
1786102009,2017572,14240,83886080,14024056832,1542,0,9961,9961,33,7.7,621937
1786102020,2018916,14240,83886080,14026153984,1542,0,9966,9966,41,7.7,621962
1786102030,2017004,14240,83886080,14037696512,1542,0,9974,9974,29,7.7,617975
1786102040,2018332,14240,83886080,14047145984,1542,0,9978,9978,40,7.7,618003
1786102050,2016672,14240,83886080,14056595456,1542,0,9982,9982,51,7.7,617903
1786102060,2018320,14240,83886080,14060793856,1542,0,9990,9990,37,7.7,619284
1786102070,2017088,14240,83886080,14071291904,1542,0,9995,9995,41,7.7,620833
1786102080,2018476,14240,83886080,14079688704,1542,0,10002,10002,37,7.7,619810
1786102090,2016176,14240,83886080,14088081408,1542,0,10007,10007,44,7.7,620600
1786102100,2017752,14240,83886080,14095429632,1542,0,10015,10015,31,7.7,623154
1786102110,2019036,14240,83886080,14099628032,1542,0,10019,10019,42,7.7,622856
1786102120,2016432,14240,83886080,14106972160,1542,0,10026,10026,38,7.7,618877
1786102131,2018024,14240,83886080,14110117888,1542,0,10033,10033,32,7.7,619285
1786102141,2018296,14240,83886080,14118514688,1542,0,10039,10039,38,7.7,620455
1786102151,2017400,14240,83886080,14122713088,1542,0,10044,10044,44,7.7,627404
1786102161,2016328,14240,83886080,14129012736,1542,0,10048,10048,45,7.7,618640
1786102171,2017920,14240,83886080,14134259712,1542,0,10052,10052,48,7.7,622374
1786102181,2017512,14240,83886080,14143709184,1542,0,10060,10060,37,7.7,620212
1786102191,2016644,14240,83886080,14147907584,1542,0,10064,10064,49,7.7,617916
1786102201,2020120,14240,83886080,14175199232,1542,0,10072,10072,36,7.7,622376
1786102211,2027236,14240,83886080,14215077888,1541,0,10077,10077,42,7.7,617855
1786102222,2019384,14240,83886080,14241320960,1541,0,10084,10084,38,7.7,620186
1786102232,2024556,14240,83886080,14278057984,1541,0,10090,10090,36,7.7,618029
1786102242,2024084,14240,83886080,14312697856,1541,0,10096,10096,39,7.7,619537
1786102252,2016856,14240,83886080,14344183808,1541,0,10100,10100,51,7.7,619889
1786102262,2021188,14240,83886080,14397718528,1541,0,10108,10108,36,7.7,617902
1786102272,2030576,14240,83886080,14439698432,1541,0,10112,10112,46,7.7,619553
1786102282,2017376,14240,83886080,14469083136,1541,0,10117,10117,49,7.7,621642
1786102292,2025196,14240,83886080,14514216960,1541,0,10124,10124,40,7.7,620407
1786102302,2017336,14240,83886080,14552002560,1541,0,10130,10130,40,7.7,617982
1786102312,2018996,14240,83886080,14590840832,1541,0,10136,10136,37,7.7,617951
1786102322,2023456,14240,83886080,14637019136,1541,0,10142,10142,38,7.7,619561
1786102332,2018232,14240,83886080,14671663104,1541,0,10149,10146,51,7.7,617989
1786102343,2018464,14240,83886080,14726238208,1542,0,10154,10154,37,7.7,618020
1786102353,2028936,14240,83886080,14771372032,1541,0,10158,10158,45,7.7,620916
1786102363,2018124,14240,83886080,14813351936,1542,0,10166,10166,34,7.7,617920
1786102373,2020068,14240,83886080,14853242880,1542,0,10171,10171,37,7.7,618027
1786102383,2030640,14240,83886080,14899425280,1542,0,10175,10175,46,7.7,619385
1786102393,2022496,14240,83886080,14947700736,1542,0,10183,10183,35,7.7,619199
1786102403,2022988,14240,83886080,14984437760,1542,0,10188,10188,40,7.7,618405
1786102413,2020024,14240,83886080,15026429952,1542,0,10195,10195,34,7.7,618017
1786102423,2026080,14240,83886080,15075753984,1542,0,10200,10200,42,7.7,622370
1786102433,2030476,14240,83886080,15115644928,1541,0,10204,10204,48,7.7,621485
1786102444,2018656,14240,83886080,15169175552,1542,0,10212,10212,32,7.7,618870
1786102454,2026328,14240,83886080,15208001536,1541,0,10217,10217,39,7.7,622220
1786102464,2027732,14240,83886080,15244742656,1541,0,10222,10222,42,7.7,620885
1786102474,2024468,14240,83886080,15287775232,1541,0,10229,10229,36,7.7,619808
1786102484,2021720,14240,83886080,15328706560,1541,0,10234,10234,44,7.7,621890
1786102494,2018940,14240,83886080,15369641984,1541,0,10242,10241,36,7.7,620361
1786102504,2030768,14240,83886080,15412678656,1541,0,10246,10246,42,7.7,619388
1786102514,2016948,14240,83886080,15445213184,1540,0,10253,10252,46,7.7,618007
1786102524,2024532,14240,83886080,15484051456,1540,0,10259,10259,39,7.7,619697
1786102534,2020456,14240,83886080,15517638656,1540,0,10263,10263,49,7.7,628658
1786102544,2017764,14240,83886080,15542829056,1540,0,10267,10267,51,7.7,625283
1786102555,2033060,14240,83886080,15564865536,1540,0,10271,10271,53,7.7,621690
1786102565,2024068,14240,83886080,15604752384,1540,0,10279,10279,36,7.7,617942
1786102575,2025784,14240,83886080,15640444928,1540,0,10285,10285,39,7.7,622633
1786102585,2029732,14240,83886080,15671926784,1539,0,10291,10291,39,7.7,618411
1786102595,2026620,14240,83886080,15702368256,1539,0,10297,10297,43,7.7,621730
1786102605,2020420,14240,83886080,15739101184,1539,0,10304,10304,35,7.7,622965
1786102615,2031124,14240,83886080,15774789632,1539,0,10309,10309,43,7.7,622468
1786102625,2021940,14240,83886080,15811526656,1539,0,10317,10317,35,7.7,617988
1786102636,2027480,14240,83886080,15838814208,1538,0,10321,10321,45,7.7,619963
1786102646,2021068,14240,83886080,15871352832,1538,0,10329,10329,35,7.7,619882
1786102656,2025560,14240,83886080,15899693056,1538,0,10333,10333,44,7.7,619863
1786102666,2020748,14240,83886080,15924879360,1538,0,10341,10341,35,7.7,619011
1786102676,2026356,14240,83886080,15958474752,1537,0,10346,10346,39,7.7,617945
1786102686,2021140,14240,83886080,15992053760,1537,0,10353,10353,34,7.7,618860
1786102696,2021364,14240,83886080,16023543808,1537,0,10358,10358,38,7.7,622717
1786102706,2031244,14240,83886080,16058179584,1537,0,10362,10362,47,7.7,617966
1786102716,2021708,14240,83886080,16089669632,1536,0,10370,10370,33,7.7,619502
1786102726,2029468,14240,83886080,16122208256,1536,0,10374,10374,44,7.7,619802
1786102736,2020228,14240,83886080,16161042432,1536,0,10382,10382,33,7.7,618671
1786102746,2027296,14240,83886080,16205127680,1536,0,10386,10386,42,7.7,618744
1786102757,2029320,14240,83886080,16235569152,1536,0,10392,10392,44,7.7,619338
1786102767,2020872,14240,83886080,16283844608,1536,0,10400,10400,33,7.7,619197
1786102777,2025292,14240,83886080,16327929856,1536,0,10404,10404,46,7.7,617968
1786102787,2019772,14240,83886080,16372015104,1536,0,10412,10412,34,7.7,617926
1786102797,2027036,14240,83886080,16424480768,1536,0,10417,10417,38,7.7,618056
1786102807,2023440,14240,83886080,16482209792,1536,0,10424,10424,35,7.7,622520
1786102817,2021872,14240,83886080,16532586496,1537,0,10429,10429,38,7.7,618930
1786102827,2030248,14240,83886080,16577720320,1537,0,10433,10433,44,7.7,622951
1786102837,2022148,14240,83886080,16638599168,1537,0,10441,10441,34,7.7,617969
1786102847,2025360,14240,83886080,16684785664,1537,0,10446,10446,39,7.7,620166
1786102857,2023804,14240,83886080,16733061120,1537,0,10450,10450,47,7.7,620532
1786102867,2022368,14240,83886080,16794992640,1537,0,10458,10458,33,7.7,621842
1786102878,2020212,14240,83886080,16818085888,1537,0,10458,10458,55,7.7,629085
1786102888,2019140,14240,83886080,16859021312,1537,0,10462,10462,58,7.7,617972
1786102898,2024920,14240,83886080,16923041792,1538,0,10470,10470,36,7.7,626397
1786102908,2036028,14240,83886080,16973426688,1538,0,10474,10474,48,7.7,618027
1786102918,2023976,14240,83886080,17013309440,1538,0,10482,10482,35,7.7,623347
1786102929,2029984,14240,83886080,17063690240,1537,0,10487,10487,42,7.7,617928
1786102939,2026088,14240,83886080,17119318016,1538,0,10494,10494,36,7.7,618245
1786102949,2033108,14240,83886080,17161310208,1538,0,10499,10499,43,7.7,622187
1786102959,2020844,14240,83886080,17209597952,1538,0,10507,10507,33,7.7,619919
1786102969,2034172,14240,83886080,17255792640,1538,0,10511,10511,45,7.7,620378
1786102979,2033644,14240,83886080,17296744448,1538,0,10515,10515,50,7.7,618824
1786102989,2023236,14240,83886080,17352376320,1539,0,10523,10523,36,7.7,618006
1786102999,2031880,14240,83886080,17404858368,1539,0,10528,10528,43,7.7,618023
1786103009,2019184,14240,83886080,17414303744,1539,0,10528,10528,55,7.7,619492
1786103019,2024684,14240,83886080,17476222976,1539,0,10536,10536,36,7.7,623717
1786103029,2027700,14240,83886080,17527660544,1539,0,10541,10541,42,7.7,619736
1786103040,2021136,14240,83886080,17587482624,1539,0,10548,10548,37,7.7,618712
1786103050,2033024,14240,83886080,17635766272,1539,0,10553,10553,41,7.7,619399
1786103060,2027124,14240,83886080,17692446720,1539,0,10560,10560,39,7.7,618002
1786103070,2027164,14240,83886080,16652267520,1539,0,10565,10565,42,7.7,621753
1786103080,2024220,14240,83886080,16703688704,1539,0,10572,10572,36,7.7,618378
1786103090,2023556,14240,83886080,16749875200,1539,0,10577,10577,40,7.7,618026
1786103100,2020060,14240,83886080,16782413824,1539,0,10581,10581,50,7.7,620383
1786103110,2019128,14240,83886080,16793960448,1540,0,10586,10586,36,7.7,619245
1786103120,2021148,14240,83886080,16805502976,1540,0,10590,10590,44,7.7,617897
1786103130,2020060,14240,83886080,16823345152,1540,0,10598,10598,34,7.7,622306
1786103141,2019516,14240,83886080,16829640704,1540,0,10599,10599,53,7.7,625209
1786103151,2020328,14240,83886080,16844337152,1540,0,10607,10607,31,7.7,618046
1786103162,2019768,14240,83886080,16867430400,1540,0,10611,10611,38,7.7,617939
1786103172,2020260,14240,83886080,16883175424,1541,0,10616,10616,44,7.7,624357
1786103183,2018804,14240,83886080,16907317248,1541,0,10623,10623,35,7.7,620400
1786103193,2020524,14240,83886080,16926208000,1541,0,10628,10628,42,7.7,620335
1786103203,2019624,14240,83886080,16940904448,1541,0,10636,10636,34,7.7,617906
1786103213,2020020,14240,83886080,16955596800,1541,0,10641,10641,37,7.7,624420
1786103223,2021192,14240,83886080,16971341824,1541,0,10648,10648,35,7.7,617977
1786103233,2020128,14240,83886080,16988135424,1541,0,10654,10654,38,7.7,620360
1786103243,2020880,14240,83886080,17019629568,1541,0,10660,10660,38,7.7,620334
1786103253,2019900,14240,83886080,17035366400,1542,0,10666,10666,40,7.7,622367
1786103263,2019340,14240,83886080,17046908928,1542,0,10670,10670,47,7.7,619667
1786103273,2019932,14240,83886080,15983656960,1542,0,10674,10674,51,7.7,622292
1786103284,2019620,14240,83886080,16001499136,1542,0,10682,10682,32,7.7,618187
1786103294,2020668,14240,83886080,16013049856,1542,0,10687,10687,39,7.7,618004
1786103304,2018952,14240,83886080,16019345408,1542,0,10690,10690,42,7.7,621151
1786103314,2019148,14240,83886080,13892837376,1543,0,10698,10698,30,7.7,619984
1786103324,2020148,14240,83886080,13911732224,1543,0,10702,10702,42,7.7,619662
1786103334,2019112,14240,83886080,13930627072,1543,0,10708,10708,39,7.7,618231
1786103344,2018768,14240,83886080,13949517824,1543,0,10714,10714,40,7.7,619950
1786103354,2020304,14240,83886080,13975756800,1543,0,10722,10722,32,7.7,619185
1786103364,2019952,14240,83886080,13988356096,1543,0,10726,10726,39,7.7,619324
1786103374,2019676,14240,83886080,14006194176,1544,0,10730,10730,42,7.7,622679
1786103384,2019804,14240,83886080,14027186176,1544,0,10738,10738,30,7.7,618009
1786103394,2018872,14240,83886080,14046081024,1544,0,10742,10742,40,7.7,623227
1786103405,2019932,14240,83886080,14060773376,1544,0,10747,10747,47,7.7,617882
1786103415,2019504,14240,83886080,14083862528,1544,0,10755,10755,32,7.7,617985
1786103425,2020844,14240,83886080,14093312000,1544,0,10759,10759,40,7.7,621188
1786103436,2019976,14240,83886080,14099603456,1545,0,10760,10760,53,7.7,627144
1786103446,2019224,14240,83886080,14121652224,1545,0,10768,10768,35,7.7,617902
1786103456,2020528,14240,83886080,14133198848,1545,0,10772,10772,46,7.7,619952
1786103466,2019848,14240,83886080,14146842624,1545,0,10777,10777,50,7.7,617992
1786103477,2019652,14240,83886080,14164684800,1545,0,10785,10785,34,7.7,623949
1786103487,2019244,14240,83886080,14177280000,1545,0,10790,10789,45,7.7,617930
1786103497,2020388,14240,83886080,14188822528,1545,0,10797,10797,36,7.7,618006
1786103507,2018924,14240,83886080,14200369152,1546,0,10801,10801,34,7.7,617976
1786103517,2021172,14240,83886080,14208765952,1546,0,10805,10805,43,7.7,617951
1786103527,2019284,14240,83886080,14218211328,1546,0,10810,10810,45,7.7,620235
1786103537,2020008,14240,83886080,14226612224,1546,0,10815,10814,50,7.7,617975
1786103547,2019276,14240,83886080,14233960448,1545,0,10822,10822,37,7.7,621970
1786103557,2019928,14240,83886080,14236057600,1546,0,10830,10830,29,7.7,620222
1786103567,2019436,14240,83886080,14239207424,1546,0,10834,10834,40,7.7,620272
1786103578,2019632,14240,83886080,14240256000,1545,0,10838,10836,51,7.7,633649
1786103589,2018684,14240,83886080,14241304576,1545,0,10838,10838,51,7.7,619029
1786103599,2020460,14240,83886080,14243405824,1546,0,10846,10846,36,7.7,618948
1786103609,2020164,14240,83886080,14245502976,1545,0,10850,10850,45,7.7,618035
1786103619,2019620,14240,83886080,14248652800,1545,0,10858,10858,32,7.7,625585
1786103629,2021312,14240,83886080,14253899776,1546,0,10862,10862,42,7.7,621362
1786103639,2019960,14240,83886080,14257045504,1546,0,10870,10870,34,7.7,621976
1786103649,2020808,14240,83886080,14259146752,1545,0,10876,10876,34,7.7,617927
1786103659,2019384,14240,83886080,14263345152,1546,0,10882,10882,38,7.7,618059
1786103669,2017840,14240,83886080,14267543552,1546,0,10888,10888,38,7.7,619312
1786103680,2020152,14240,83886080,14267543552,1545,0,10894,10894,38,7.7,619319
1786103690,2019932,14240,83886080,14270693376,1545,0,10901,10901,35,7.7,619209
1786103700,2029596,14240,83886080,14283288576,1545,0,10906,10906,43,7.7,617985
1786103710,2025036,14240,83886080,14305329152,1545,0,10913,10913,39,7.7,618899
1786103720,2020636,14240,83886080,14334722048,1545,0,10918,10918,47,7.7,622939
1786103730,2024564,14240,83886080,14363058176,1545,0,10926,10926,39,7.7,619625
1786103740,2019452,14240,83886080,14368301056,1545,0,10926,10926,56,7.7,617883
1786103750,2021640,14240,83886080,14387204096,1545,0,10934,10934,34,7.7,618004
1786103760,2033192,14240,83886080,14419738624,1545,0,10938,10938,44,7.7,623329
1786103770,2017960,14240,83886080,14438629376,1545,0,10945,10943,48,7.7,617950
1786103780,2028324,14240,83886080,14468018176,1545,0,10950,10950,41,7.7,620558
1786103790,2020608,14240,83886080,14499508224,1545,0,10955,10955,47,7.7,620405
1786103801,2021360,14240,83886080,14528897024,1545,0,10963,10963,34,7.7,623289
1786103811,2020588,14240,83886080,14544637952,1545,0,10963,10963,59,7.7,624286
1786103821,2019544,14240,83886080,14570881024,1544,0,10967,10967,62,7.7,618936
1786103831,2020376,14240,83886080,14611812352,1545,0,10975,10975,34,7.7,617948
1786103841,2029836,14240,83886080,14645399552,1544,0,10979,10979,44,7.7,618087
1786103852,2034848,14240,83886080,14669545472,1544,0,10983,10983,50,7.7,619319
1786103862,2023724,14240,83886080,14697881600,1544,0,10991,10991,36,7.7,620333
1786103872,2028840,14240,83886080,14731468800,1544,0,10996,10996,40,7.7,620405
1786103882,2020932,14240,83886080,14759809024,1544,0,11000,11000,51,7.7,617858
1786103892,2020076,14240,83886080,14795493376,1544,0,11008,11008,32,7.7,617922
1786103902,2024776,14240,83886080,14833278976,1544,0,11012,11012,40,7.7,619786
1786103912,2029804,14240,83886080,14870016000,1544,0,11016,11016,46,7.7,620928
1786103922,2018460,14240,83886080,14908850176,1544,0,11024,11024,29,7.7,617913
1786103933,2026524,14240,83886080,14946635776,1544,0,11028,11028,41,7.7,625152
1786103943,2031796,14240,83886080,14978125824,1544,0,11032,11032,48,7.7,619092
1786103953,2021664,14240,83886080,15012761600,1544,0,11040,11040,35,7.7,625567
1786103963,2025100,14240,83886080,15049494528,1544,0,11045,11045,43,7.7,618078
1786103973,2024920,14240,83886080,15085182976,1544,0,11052,11052,37,7.7,620839
1786103983,2027092,14240,83886080,15127166976,1544,0,11058,11058,39,7.7,620221
1786103993,2024564,14240,83886080,15170203648,1544,0,11065,11065,36,7.7,618020
1786104003,2027340,14240,83886080,15198543872,1544,0,11070,11070,42,7.7,621637
1786104013,2019524,14240,83886080,15237373952,1544,0,11078,11078,32,7.7,618061
1786104023,2027684,14240,83886080,15277260800,1544,0,11082,11082,40,7.7,622538
1786104033,2030500,14240,83886080,15308750848,1544,0,11086,11086,47,7.7,623190
1786104043,2020620,14240,83886080,15347585024,1544,0,11094,11094,33,7.7,622009
1786104053,2025424,14240,83886080,15389569024,1544,0,11099,11099,38,7.7,619863
1786104064,2032608,14240,83886080,15427350528,1544,0,11103,11103,46,7.7,621660
1786104074,2023948,14240,83886080,15472488448,1544,0,11111,11111,36,7.7,624386
1786104084,2029316,14240,83886080,15513419776,1544,0,11116,11116,42,7.7,618454
1786104094,2022240,14240,83886080,15549108224,1544,0,11123,11123,31,7.7,620309
1786104104,2024544,14240,83886080,15596339200,1544,0,11128,11128,38,7.7,619803
1786104114,2019832,14240,83886080,15625732096,1544,0,11133,11133,45,7.7,625362
1786104124,2020648,14240,83886080,15641468928,1544,0,11137,11137,41,7.7,624393
1786104134,2030092,14240,83886080,15686606848,1544,0,11143,11143,42,7.7,618841
1786104144,2022976,14240,83886080,15728586752,1544,0,11151,11151,33,7.7,618954
1786104154,2023180,14240,83886080,15759028224,1544,0,11155,11155,44,7.7,617951
1786104164,2022900,14240,83886080,15801012224,1544,0,11163,11163,33,7.7,619981
1786104175,2023456,14240,83886080,15840894976,1544,0,11169,11169,35,7.7,620178
1786104185,2020304,14240,83886080,15872385024,1543,0,11173,11173,45,7.7,620884
1786104195,2019788,14240,83886080,15877632000,1543,0,11177,11177,38,7.7,622500
1786104205,2027528,14240,83886080,15913320448,1543,0,11183,11183,38,7.7,617930
1786104215,2019688,14240,83886080,15939559424,1543,0,11187,11187,48,7.7,617971
1786104225,2020376,14240,83886080,15955304448,1543,0,11193,11193,33,7.7,620296
1786104235,2025064,14240,83886080,15995191296,1543,0,11197,11197,44,7.7,618039
1786104246,2023380,14240,83886080,16027725824,1543,0,11205,11205,36,7.7,620829
1786104256,2024116,14240,83886080,16050819072,1543,0,11210,11210,43,7.7,621153
1786104266,2024176,14240,83886080,16082300928,1542,0,11217,11217,37,7.7,619433
1786104276,2026652,14240,83886080,16114843648,1542,0,11223,11223,39,7.7,618933
1786104286,2023184,14240,83886080,16136880128,1542,0,11230,11230,34,7.7,621981
1786104296,2026012,14240,83886080,16164175872,1542,0,11236,11236,38,7.7,617922
1786104306,2020552,14240,83886080,16187265024,1542,0,11243,11243,33,7.7,620061
1786104316,2022952,14240,83886080,16215601152,1542,0,11249,11249,37,7.7,618794
1786104326,2025264,14240,83886080,16251289600,1542,0,11256,11256,36,7.7,619529
1786104337,2021976,14240,83886080,16278581248,1542,0,11260,11260,46,7.7,627810
1786104347,2025340,14240,83886080,16316362752,1542,0,11268,11268,37,7.7,619730
1786104357,2019720,14240,83886080,16355196928,1541,0,11273,11273,42,7.7,623061
1786104367,2020380,14240,83886080,16391938048,1542,0,11280,11280,34,7.7,618117
1786104377,2027284,14240,83886080,16441270272,1542,0,11285,11285,38,7.7,618617
1786104387,2019668,14240,83886080,16482205696,1542,0,11289,11289,49,7.7,622452
1786104397,2019464,14240,83886080,16527331328,1542,0,11297,11297,36,7.7,620277
1786104407,2029560,14240,83886080,14416564224,1542,0,11301,11301,42,7.7,618007
1786104417,2018928,14240,83886080,14453305344,1541,0,11309,11309,31,7.7,618051
1786104427,2020088,14240,83886080,14484787200,1541,0,11313,11313,39,7.7,618526
1786104438,2031324,14240,83886080,14523621376,1541,0,11318,11318,43,7.7,620874
1786104448,2022996,14240,83886080,13483454464,1541,0,11326,11326,35,7.7,618121
1786104458,2025644,14240,83886080,13512847360,1541,0,11331,11331,40,7.7,619026
1786104468,2021676,14240,83886080,13547483136,1541,0,11338,11338,32,7.7,618030
1786104478,2030152,14240,83886080,13581066240,1540,0,11343,11343,40,7.7,618097
1786104488,2024148,14240,83886080,13616758784,1540,0,11350,11350,37,7.7,619840
1786104498,2026324,14240,83886080,13652439040,1540,0,11356,11356,39,7.7,620168
1786104508,2022240,14240,83886080,13692350464,1540,0,11363,11363,35,7.7,618745
1786104519,2019476,14240,83886080,13697605632,1540,0,11364,11364,50,7.7,627050
1786104531,2018796,14240,83886080,13717569536,1540,0,11368,11368,51,7.7,628413
1786104541,2018196,14240,83886080,13719666688,1540,0,11368,11368,60,7.7,625077
1786104551,2018460,14240,83886080,13721767936,1540,0,11368,11368,68,7.7,621153
1786104561,2025200,14240,83886080,13737512960,1540,0,11372,11372,66,7.7,618032
1786104571,2023428,14240,83886080,13778452480,1539,0,11380,11380,37,7.7,620312
1786104581,2018720,14240,83886080,13791051776,1539,0,11381,11381,53,7.7,621415
1786104592,2019936,14240,83886080,13817290752,1539,0,11386,11385,57,7.7,622205
1786104602,2020092,14240,83886080,13854019584,1539,0,11393,11393,39,7.7,619779
1786104612,2019692,14240,83886080,13864513536,1539,0,11398,11398,44,7.7,622962
1786104622,2019504,14240,83886080,13875011584,1539,0,11405,11402,52,7.7,619264
1786104632,2019472,14240,83886080,13885513728,1539,0,11410,11410,39,7.7,620210
1786104642,2019112,14240,83886080,13888663552,1539,0,11414,11414,49,7.7,619689
1786104652,2020308,14240,83886080,13904404480,1539,0,11422,11422,29,7.7,619643
1786104662,2019096,14240,83886080,13916999680,1539,0,11426,11426,42,7.7,619048
1786104673,2019076,14240,83886080,13928542208,1539,0,11431,11431,48,7.7,617941
1786104683,2019252,14240,83886080,13944287232,1539,0,11439,11439,34,7.7,618020
1786104693,2019936,14240,83886080,13954785280,1539,0,11444,11444,41,7.7,617933
1786104703,2019796,14240,83886080,13968433152,1539,0,11451,11451,34,7.7,627246
1786104713,2020432,14240,83886080,13982076928,1539,0,11456,11456,38,7.7,617942
1786104723,2020140,14240,83886080,13991522304,1539,0,11463,11463,33,7.7,619785
1786104733,2019096,14240,83886080,14002016256,1539,0,11468,11468,38,7.7,622525
1786104743,2020200,14240,83886080,14006214656,1539,0,11472,11472,44,7.7,617943
1786104753,2019848,14240,83886080,14013558784,1539,0,11480,11480,32,7.7,620215
1786104763,2019368,14240,83886080,14019858432,1539,0,11484,11484,39,7.7,621611
1786104773,2021268,14240,83886080,14023012352,1539,0,11488,11488,42,7.7,621814
1786104784,2019740,14240,83886080,14025113600,1539,0,11493,11492,53,7.7,621929
1786104794,2018960,14240,83886080,14028259328,1539,0,11500,11500,37,7.7,621617
1786104804,2019860,14240,83886080,14030356480,1539,0,11505,11505,39,7.7,621974
1786104814,2019436,14240,83886080,14033502208,1539,0,11512,11512,34,7.7,619328
1786104824,2019072,14240,83886080,14035603456,1539,0,11516,11516,40,7.7,619513
1786104834,2020388,14240,83886080,14035603456,1539,0,11520,11520,43,7.7,620171
1786104844,2019592,14240,83886080,14039797760,1539,0,11528,11528,30,7.7,617981
1786104854,2020800,14240,83886080,14042947584,1539,0,11532,11532,40,7.7,619247
1786104864,2019972,14240,83886080,14045052928,1539,0,11540,11540,31,7.7,620015
1786104874,2020764,14240,83886080,14048202752,1539,0,11545,11545,36,7.7,621531
1786104884,2020352,14240,83886080,14051348480,1539,0,11552,11552,33,7.7,617966
1786104895,2019492,14240,83886080,14054498304,1539,0,11556,11556,43,7.7,622412
1786104905,2019248,14240,83886080,14054498304,1539,0,11560,11560,44,7.7,619396
1786104915,2021060,14240,83886080,14057644032,1539,0,11564,11564,44,7.7,620052
1786104925,2019656,14240,83886080,14059741184,1538,0,11572,11572,35,7.7,618910
1786104935,2019632,14240,83886080,14061842432,1538,0,11577,11577,39,7.7,619936
1786104945,2020412,14240,83886080,14063943680,1538,0,11584,11584,35,7.7,621624
1786104955,2020196,14240,83886080,14067093504,1538,0,11591,11590,38,7.7,619532
1786104966,2019996,14240,83886080,14070243328,1538,0,11593,11593,50,7.7,628999
1786104977,2020588,14240,83886080,14070243328,1538,0,11598,11598,47,7.7,617975
1786104987,2019468,14240,83886080,14076538880,1538,0,11605,11605,37,7.7,617953
1786104997,2020444,14240,83886080,14081785856,1538,0,11611,11611,37,7.7,617938
1786105008,2020900,14240,83886080,14084935680,1538,0,11613,11613,50,7.7,626282
1786105018,2019576,14240,83886080,14097526784,1538,0,11621,11621,35,7.7,618875
1786105028,2020796,14240,83886080,14103822336,1538,0,11626,11626,38,7.7,620210
1786105038,2019520,14240,83886080,14111174656,1538,0,11630,11630,48,7.7,618877
1786105048,2019752,14240,83886080,14119571456,1538,0,11638,11638,35,7.7,617956
1786105058,2019372,14240,83886080,14125871104,1538,0,11643,11643,40,7.7,618184
1786105069,2019756,14240,83886080,14129020928,1538,0,11650,11650,37,7.7,618018
1786105079,2019196,14240,83886080,14135316480,1538,0,11655,11655,39,7.7,618000
1786105089,2019852,14240,83886080,14141616128,1538,0,11662,11662,36,7.7,618865
1786105099,2019924,14240,83886080,14151061504,1538,0,11667,11667,40,7.7,618537
1786105109,2020216,14240,83886080,14156328960,1538,0,11675,11675,32,7.7,620188
1786105119,2021164,14240,83886080,14163677184,1538,0,11680,11680,39,7.7,618406
1786105129,2019000,14240,83886080,14172069888,1538,0,11687,11687,37,7.7,621332
1786105139,2019584,14240,83886080,14178369536,1538,0,11692,11692,41,7.7,619714
1786105149,2019588,14240,83886080,14184669184,1538,0,11700,11700,29,7.7,617903
1786105159,2019460,14240,83886080,14192017408,1538,0,11704,11704,41,7.7,617949
1786105169,2019708,14240,83886080,14199365632,1538,0,11712,11712,32,7.7,619889
1786105179,2020032,14240,83886080,13129805824,1538,0,11717,11717,39,7.7,619825
1786105190,2020420,14240,83886080,13129805824,1538,0,11724,11724,34,7.7,621917
1786105200,2019424,14240,83886080,13134000128,1538,0,11729,11729,37,7.7,618113
1786105210,2020492,14240,83886080,13149749248,1538,0,11736,11736,33,7.7,622398
1786105220,2026888,14240,83886080,13173886976,1538,0,11741,11741,41,7.7,618284
1786105230,2022316,14240,83886080,13193830400,1538,0,11748,11748,37,7.7,621528
1786105240,2025924,14240,83886080,13217968128,1537,0,11753,11753,44,7.7,617996
1786105250,2022616,14240,83886080,13242109952,1537,0,11761,11761,35,7.7,620741
1786105260,2018832,14240,83886080,13250510848,1537,0,11762,11762,54,7.7,617916
1786105270,2019508,14240,83886080,13269401600,1537,0,11769,11766,65,7.7,618026
1786105281,2025512,14240,83886080,13296693248,1537,0,11774,11774,40,7.7,621678
1786105291,2018784,14240,83886080,13323980800,1536,0,11778,11778,51,7.7,617905
1786105301,2020284,14240,83886080,13341827072,1536,0,11782,11782,60,7.7,620194
1786105311,2019252,14240,83886080,13360717824,1536,0,11786,11786,63,7.7,622667
1786105321,2028788,14240,83886080,13375414272,1536,0,11791,11791,50,7.7,618157
1786105331,2022840,14240,83886080,13399552000,1536,0,11798,11798,36,7.7,619756
1786105341,2027524,14240,83886080,13419495424,1536,0,11803,11803,44,7.7,620541
1786105351,2020056,14240,83886080,13445738496,1535,0,11811,11811,32,7.7,619001
1786105362,2029800,14240,83886080,13464629248,1535,0,11815,11815,42,7.7,617960
1786105372,2018704,14240,83886080,13484568576,1535,0,11819,11819,52,7.7,617933
1786105382,2019472,14240,83886080,13501362176,1535,0,11827,11827,36,7.7,620954
1786105392,2028016,14240,83886080,13527601152,1535,0,11831,11831,44,7.7,618438
1786105402,2029068,14240,83886080,13549645824,1534,0,11835,11835,50,7.7,620190
1786105412,2019088,14240,83886080,13572739072,1534,0,11843,11843,34,7.7,619980
1786105422,2027412,14240,83886080,13598973952,1534,0,11847,11847,42,7.7,618488
1786105432,2030140,14240,83886080,13619970048,1534,0,11851,11851,50,7.7,618592
1786105442,2020316,14240,83886080,13643059200,1534,0,11859,11859,36,7.7,618895
1786105452,2026316,14240,83886080,13668249600,1533,0,11864,11864,43,7.7,619797
1786105462,2019128,14240,83886080,13671399424,1533,0,11864,11864,60,7.7,619882
1786105472,2023808,14240,83886080,13695541248,1533,0,11872,11872,39,7.7,617941
1786105482,2029388,14240,83886080,13721776128,1533,0,11877,11877,44,7.7,619996
1786105493,2021332,14240,83886080,13741719552,1533,0,11884,11884,37,7.7,622417
1786105503,2028760,14240,83886080,13764816896,1532,0,11889,11889,43,7.7,621479
1786105513,2021628,14240,83886080,13786857472,1532,0,11897,11897,34,7.7,617923
1786105523,2024368,14240,83886080,13807845376,1532,0,11901,11901,46,7.7,622723
1786105533,2024596,14240,83886080,13829890048,1532,0,11909,11909,39,7.7,617922
1786105543,2019928,14240,83886080,13856129024,1531,0,11914,11914,44,7.7,617948
1786105553,2019252,14240,83886080,13866627072,1531,0,11917,11917,54,7.7,618317
1786105563,2029304,14240,83886080,13882368000,1531,0,11922,11922,49,7.7,619357
1786105573,2025048,14240,83886080,13911760896,1531,0,11929,11929,37,7.7,617906
1786105583,2020664,14240,83886080,13939044352,1531,0,11935,11935,41,7.7,618446
1786105594,2019504,14240,83886080,13942194176,1531,0,11937,11937,49,7.7,618323
1786105604,2025512,14240,83886080,13975781376,1530,0,11945,11945,39,7.7,618759
1786105614,2020376,14240,83886080,14002012160,1530,0,11950,11950,44,7.7,617929
1786105624,2025752,14240,83886080,14038749184,1530,0,11957,11957,39,7.7,619213
1786105634,2033128,14240,83886080,14062895104,1530,0,11961,11961,49,7.7,621483
1786105644,2023220,14240,83886080,14099623936,1530,0,11969,11969,35,7.7,617950
1786105654,2024968,14240,83886080,14132166656,1529,0,11975,11975,38,7.7,623462
1786105664,2024028,14240,83886080,14159454208,1529,0,11981,11981,34,7.7,617889
1786105674,2021624,14240,83886080,14183596032,1529,0,11987,11987,37,7.7,624666
1786105684,2030140,14240,83886080,14216130560,1529,0,11991,11991,47,7.7,619524
1786105694,2020224,14240,83886080,14239219712,1529,0,11995,11995,55,7.7,617990
1786105704,2024888,14240,83886080,14272811008,1528,0,12003,12003,39,7.7,618000
1786105715,2019964,14240,83886080,14294851584,1528,0,12007,12007,48,7.7,617927
1786105725,2021644,14240,83886080,14322139136,1528,0,12015,12015,36,7.7,620313
1786105735,2026676,14240,83886080,14351532032,1528,0,12020,12020,42,7.7,619299
1786105745,2019604,14240,83886080,14373568512,1528,0,12027,12027,38,7.7,620196
1786105755,2026628,14240,83886080,14399815680,1527,0,12032,12032,41,7.7,622965
1786105765,2019712,14240,83886080,14423949312,1527,0,12036,12036,52,7.7,617887
1786105775,2020984,14240,83886080,14444941312,1527,0,12044,12044,38,7.7,623409
1786105785,2030680,14240,83886080,14473281536,1527,0,12048,12048,46,7.7,622944
1786105795,2020324,14240,83886080,14497427456,1527,0,12056,12056,35,7.7,617983
1786105805,2025568,14240,83886080,14521565184,1526,0,12061,12061,41,7.7,622275
1786105815,2025316,14240,83886080,14555152384,1526,0,12068,12068,37,7.7,619706
1786105826,2024576,14240,83886080,14592942080,1526,0,12074,12074,38,7.7,620818
1786105836,2021564,14240,83886080,14622322688,1526,0,12081,12081,37,7.7,618801
1786105846,2029644,14240,83886080,14655913984,1526,0,12085,12085,46,7.7,618092
1786105856,2020176,14240,83886080,14691602432,1525,0,12093,12093,32,7.7,617974
1786105866,2019352,14240,83886080,14710493184,1525,0,12094,12094,51,7.7,618110
1786105876,2037500,14240,83886080,14737780736,1525,0,12098,12098,57,7.7,618525
1786105886,2021808,14240,83886080,14771372032,1525,0,12106,12106,34,7.7,618032
1786105896,2028220,14240,83886080,14804963328,1525,0,12111,12111,39,7.7,620322
1786105906,2035240,14240,83886080,14832242688,1524,0,12115,12115,50,7.7,618668
1786105917,2019744,14240,83886080,14861635584,1524,0,12123,12123,34,7.7,618079
1786105927,2032456,14240,83886080,14896275456,1524,0,12127,12127,45,7.7,623366
1786105937,2034320,14240,83886080,14922514432,1524,0,12132,12132,51,7.7,624973
1786105947,2022296,14240,83886080,14951903232,1524,0,12140,12140,37,7.7,618529
1786105957,2036044,14240,83886080,14985486336,1523,0,12144,12144,46,7.7,621585
1786105967,2019976,14240,83886080,15008579584,1523,0,12149,12149,50,7.7,623501
1786105977,2027080,14240,83886080,15043215360,1523,0,12156,12156,41,7.7,618239
1786105987,2019432,14240,83886080,15074705408,1523,0,12161,12161,46,7.7,624434
1786105997,2023732,14240,83886080,15099895808,1522,0,12168,12168,37,7.7,621464
1786106008,2031904,14240,83886080,15135584256,1522,0,12173,12173,44,7.7,619363
1786106018,2018924,14240,83886080,15164968960,1522,0,12177,12177,52,7.7,620362
1786106028,2022580,14240,83886080,15177564160,1522,0,12182,12182,43,7.7,617950
1786106038,2030512,14240,83886080,15212204032,1522,0,12186,12186,45,7.7,624098
1786106048,2019788,14240,83886080,15258390528,1522,0,12194,12194,30,7.7,619715
1786106058,2022388,14240,83886080,15303520256,1522,0,12198,12198,41,7.7,622196
1786106068,2019440,14240,83886080,15349702656,1522,0,12203,12203,46,7.7,619493
1786106079,2025368,14240,83886080,15402180608,1522,0,12211,12211,37,7.7,623283
1786106089,2021812,14240,83886080,15446265856,1522,0,12215,12215,48,7.7,619334
1786106099,2020168,14240,83886080,15470407680,1522,0,12219,12219,40,7.7,619475
1786106109,2019504,14240,83886080,15500845056,1522,0,12223,12223,45,7.7,622216
1786106119,2020572,14240,83886080,15528132608,1522,0,12231,12231,32,7.7,617926
1786106129,2018964,14240,83886080,15554371584,1523,0,12235,12235,40,7.7,621438
1786106139,2020232,14240,83886080,15572213760,1523,0,12240,12240,42,7.7,617936
1786106149,2020416,14240,83886080,15601606656,1523,0,12247,12247,37,7.7,618032
1786106159,2020352,14240,83886080,15626792960,1523,0,12252,12252,41,7.7,617935
1786106170,2018636,14240,83886080,15656181760,1523,0,12260,12260,31,7.7,619610
1786106180,2020196,14240,83886080,15676125184,1523,0,12264,12264,40,7.7,622326
1786106190,2020068,14240,83886080,15680323584,1523,0,12265,12265,53,7.7,624585
1786106200,2019612,14240,83886080,15712866304,1524,0,12273,12273,33,7.7,620056
1786106210,2020424,14240,83886080,15733858304,1524,0,12277,12277,43,7.7,617894
1786106220,2020672,14240,83886080,15760097280,1524,0,12282,12282,46,7.7,624452
1786106231,2018784,14240,83886080,15770591232,1524,0,12289,12289,28,7.7,617933
1786106241,2019568,14240,83886080,15795781632,1524,0,12293,12293,39,7.7,618971
1786106251,2020476,14240,83886080,15815720960,1525,0,12301,12298,45,7.7,618751
1786106261,2019540,14240,83886080,15840915456,1525,0,12305,12305,37,7.7,619622
1786106271,2021384,14240,83886080,15858757632,1525,0,12310,12310,43,7.7,617919
1786106281,2019580,14240,83886080,15874502656,1525,0,12318,12318,34,7.7,620044
1786106291,2020084,14240,83886080,15880798208,1525,0,12322,12322,43,7.7,617987
1786106301,2019656,14240,83886080,15890243584,1525,0,12327,12327,45,7.7,617888
1786106312,2019464,14240,83886080,15895486464,1525,0,12327,12327,53,7.7,618018
1786106322,2020852,14240,83886080,15913336832,1525,0,12331,12331,52,7.7,618453
1786106332,2018592,14240,83886080,15951122432,1526,0,12339,12339,33,7.7,620913
1786106342,2019416,14240,83886080,15955316736,1526,0,12339,12339,53,7.7,618438
1786106352,2019196,14240,83886080,15961620480,1526,0,12340,12340,57,7.7,617918
1786106363,2020388,14240,83886080,15965818880,1526,0,12343,12343,56,7.7,626215
1786106373,2019896,14240,83886080,15970013184,1526,0,12344,12344,56,7.7,625407
1786106383,2019956,14240,83886080,15986810880,1526,0,12348,12348,35,7.7,617969
1786106393,2020124,14240,83886080,16005705728,1526,0,12352,12352,45,7.7,617961
1786106403,2018880,14240,83886080,16023543808,1526,0,12359,12357,47,7.7,623242
1786106413,2020012,14240,83886080,16050831360,1526,0,12364,12364,39,7.7,620509
1786106424,2020464,14240,83886080,16073924608,1526,0,12372,12372,30,7.7,620425
1786106434,2019796,14240,83886080,16097017856,1527,0,12373,12373,52,7.7,618939
1786106444,2021124,14240,83886080,16110661632,1527,0,12377,12377,50,7.7,618744
1786106454,2018868,14240,83886080,16135847936,1527,0,12385,12385,32,7.7,621045
1786106464,2020404,14240,83886080,16154746880,1527,0,12390,12390,40,7.7,619374
1786106474,2019500,14240,83886080,16176787456,1527,0,12397,12397,31,7.7,618376
1786106485,2020272,14240,83886080,16199876608,1527,0,12402,12402,38,7.7,618112
1786106495,2019644,14240,83886080,16227168256,1527,0,12410,12410,32,7.7,622983
1786106505,2019428,14240,83886080,16253407232,1528,0,12415,12415,38,7.7,618016
1786106515,2020364,14240,83886080,16283848704,1528,0,12422,12422,35,7.7,620285
1786106525,2019816,14240,83886080,16312188928,1528,0,12427,12427,40,7.7,623228
1786106535,2018768,14240,83886080,16340525056,1528,0,12435,12435,29,7.7,617930
1786106545,2019876,14240,83886080,16376205312,1528,0,12439,12439,39,7.7,618827
1786106555,2018652,14240,83886080,16403501056,1528,0,12446,12445,39,7.7,626514
1786106565,2019288,14240,83886080,16431841280,1529,0,12452,12452,37,7.7,617934
1786106575,2020620,14240,83886080,16464379904,1529,0,12459,12459,34,7.7,617982
1786106586,2019128,14240,83886080,16490614784,1529,0,12464,12464,42,7.7,625678
1786106596,2020036,14240,83886080,16518955008,1529,0,12468,12468,40,7.7,619233
1786106606,2019880,14240,83886080,16545198080,1529,0,12473,12473,39,7.7,617910
1786106616,2020388,14240,83886080,16588226560,1530,0,12480,12480,37,7.7,619634
1786106626,2020328,14240,83886080,16622870528,1530,0,12485,12485,39,7.7,620043
1786106636,2019000,14240,83886080,15573254144,1530,0,12490,12490,43,7.7,627802
1786106647,2020524,14240,83886080,15603687424,1531,0,12497,12497,37,7.7,619469
1786106657,2020752,14240,83886080,15627825152,1531,0,12502,12502,41,7.7,620574
1786106667,2020340,14240,83886080,15654064128,1531,0,12510,12510,29,7.7,618052
1786106677,2019888,14240,83886080,15683461120,1531,0,12515,12515,37,7.7,621365
1786106687,2020892,14240,83886080,15715991552,1532,0,12522,12522,33,7.7,619603
1786106697,2019868,14240,83886080,15742234624,1532,0,12527,12527,39,7.7,618360
1786106707,2021016,14240,83886080,15780020224,1532,0,12534,12534,36,7.7,619419
1786106718,2020660,14240,83886080,15801008128,1532,0,12535,12535,51,7.7,629532
1786106728,2020464,14240,83886080,15858737152,1533,0,12543,12543,31,7.7,620633
1786106738,2029260,14240,83886080,15905976320,1533,0,12547,12547,40,7.7,619166
1786106749,2019188,14240,83886080,15942705152,1533,0,12552,12552,43,7.7,623645
1786106759,2024116,14240,83886080,15973146624,1533,0,12559,12559,36,7.7,618040
1786106769,2030000,14240,83886080,16011980800,1533,0,12564,12564,43,7.7,620697
1786106779,2019012,14240,83886080,16018276352,1533,0,12567,12567,46,7.7,620451
1786106789,2019012,14240,83886080,16020373504,1533,0,12570,12568,50,7.7,620155
1786106799,2019332,14240,83886080,16034021376,1534,0,12571,12571,59,7.7,623678
1786106810,2019892,14240,83886080,16035069952,1534,0,12571,12571,68,7.7,618072
1786106820,2023236,14240,83886080,16065511424,1534,0,12579,12579,37,7.7,619159
1786106830,2033464,14240,83886080,16093847552,1533,0,12583,12583,46,7.7,619254
1786106840,2020312,14240,83886080,16111706112,1533,0,12587,12587,56,7.7,617929
1786106850,2025084,14240,83886080,16140054528,1533,0,12595,12595,37,7.7,623169
1786106860,2019304,14240,83886080,16169459712,1533,0,12600,12600,43,7.7,618186
1786106870,2020384,14240,83886080,16190447616,1533,0,12607,12607,37,7.7,619509
1786106880,2027712,14240,83886080,16218800128,1533,0,12612,12612,41,7.7,627228
1786106890,2019056,14240,83886080,16243990528,1533,0,12620,12620,30,7.7,618014
1786106900,2020408,14240,83886080,16258682880,1533,0,12621,12621,49,7.7,620042
1786106910,2030536,14240,83886080,16282824704,1533,0,12625,12625,52,7.7,617928
1786106921,2020872,14240,83886080,16305917952,1533,0,12633,12633,31,7.7,626830
1786106931,2026448,14240,83886080,16339501056,1533,0,12638,12638,42,7.7,618736
1786106941,2022160,14240,83886080,16365744128,1533,0,12642,12642,50,7.7,619284
1786106951,2025840,14240,83886080,16402481152,1533,0,12650,12650,38,7.7,618500
1786106961,2019348,14240,83886080,16440266752,1533,0,12654,12654,50,7.7,617933
1786106971,2019948,14240,83886080,16446558208,1533,0,12658,12658,41,7.7,619856
1786106981,2020636,14240,83886080,16473853952,1533,0,12662,12662,41,7.7,617982
1786106991,2021916,14240,83886080,16513736704,1533,0,12670,12670,34,7.7,619193
1786107001,2021664,14240,83886080,16538927104,1533,0,12675,12675,39,7.7,623405
1786107011,2024508,14240,83886080,16573562880,1533,0,12682,12682,36,7.7,618538
1786107021,2026600,14240,83886080,16608198656,1533,0,12688,12688,37,7.7,620583
1786107032,2022240,14240,83886080,16637591552,1533,0,12694,12694,38,7.7,617944
1786107042,2025324,14240,83886080,16663830528,1533,0,12700,12700,40,7.7,620686
1786107052,2022768,14240,83886080,16699514880,1533,0,12707,12707,32,7.7,622511
1786107063,2020396,14240,83886080,16720506880,1533,0,12708,12708,54,7.7,621339
1786107073,2018888,14240,83886080,16746749952,1533,0,12712,12712,59,7.7,618402
1786107083,2024724,14240,83886080,16787685376,1533,0,12720,12720,37,7.7,622185
1786107093,2031196,14240,83886080,16817074176,1533,0,12724,12724,45,7.7,619588
1786107104,2019440,14240,83886080,16847507456,1533,0,12729,12729,51,7.7,619588
1786107114,2023596,14240,83886080,16885297152,1533,0,12737,12737,37,7.7,623033
1786107124,2022012,14240,83886080,16920977408,1533,0,12741,12741,48,7.7,622985
1786107134,2023496,14240,83886080,16952471552,1533,0,12749,12749,36,7.7,617908
1786107144,2021568,14240,83886080,16983957504,1533,0,12753,12753,48,7.7,624059
1786107154,2025560,14240,83886080,17023840256,1533,0,12761,12761,38,7.7,617888
1786107164,2019772,14240,83886080,17032241152,1533,0,12761,12761,54,7.7,617918
1786107174,2020476,14240,83886080,17060577280,1533,0,12769,12769,39,7.7,619305
1786107184,2030504,14240,83886080,17094168576,1533,0,12773,12773,46,7.7,619763
1786107194,2018976,14240,83886080,17123557376,1533,0,12777,12777,53,7.7,621179
1786107204,2024292,14240,83886080,15014887424,1533,0,12785,12785,39,7.7,617941
1786107215,2034676,14240,83886080,15051628544,1533,0,12789,12789,49,7.7,617986
1786107225,2019552,14240,83886080,15083110400,1533,0,12793,12793,54,7.7,617980
1786107235,2023828,14240,83886080,14052392960,1533,0,12801,12801,37,7.7,618010
1786107245,2030144,14240,83886080,14089134080,1533,0,12806,12806,44,7.7,618572
1786107255,2018864,14240,83886080,14105927680,1533,0,12809,12809,49,7.7,621121
1786107265,2018280,14240,83886080,14108024832,1533,0,12809,12809,61,7.7,622757
1786107276,2019620,14240,83886080,14111174656,1533,0,12813,12813,51,7.7,617993
1786107286,2029188,14240,83886080,14139510784,1533,0,12818,12818,41,7.7,620012
1786107296,2020816,14240,83886080,14162604032,1533,0,12826,12826,33,7.7,619524
1786107306,2024876,14240,83886080,14181498880,1533,0,12830,12830,44,7.7,620456
1786107316,2019696,14240,83886080,14206685184,1533,0,12834,12834,49,7.7,617908
1786107326,2021784,14240,83886080,14231879680,1533,0,12842,12842,37,7.7,620391
1786107337,2026664,14240,83886080,14252871680,1533,0,12846,12846,45,7.7,620506
1786107347,2020584,14240,83886080,14274908160,1532,0,12850,12850,54,7.7,618001
1786107357,2023768,14240,83886080,14300106752,1532,0,12858,12858,39,7.7,620528
1786107367,2020136,14240,83886080,14306398208,1532,0,12858,12858,60,7.7,618102
1786107377,2019504,14240,83886080,14326341632,1532,0,12866,12866,34,7.7,618023
1786107387,2026840,14240,83886080,14353633280,1532,0,12870,12870,43,7.7,618862
1786107397,2019632,14240,83886080,14381973504,1532,0,12874,12874,52,7.7,619361
1786107407,2021272,14240,83886080,14391418880,1532,0,12878,12878,44,7.7,622608
1786107417,2027392,14240,83886080,14422908928,1532,0,12883,12883,41,7.7,618013
1786107428,2019292,14240,83886080,14453346304,1532,0,12891,12891,32,7.7,619527
1786107438,2023548,14240,83886080,14478536704,1532,0,12895,12895,39,7.7,619272
1786107448,2025984,14240,83886080,14505824256,1532,0,12901,12901,40,7.7,618040
1786107458,2025788,14240,83886080,14523670528,1532,0,12907,12907,42,7.7,619426
1786107468,2020232,14240,83886080,14541508608,1532,0,12913,12913,40,7.7,620282
1786107478,2028532,14240,83886080,14566699008,1532,0,12919,12919,42,7.7,621392
1786107488,2021236,14240,83886080,14590844928,1532,0,12927,12927,34,7.7,622390
1786107498,2025868,14240,83886080,14611836928,1531,0,12931,12931,45,7.7,624876
1786107508,2019424,14240,83886080,14644367360,1531,0,12936,12936,45,7.7,618856
1786107519,2025060,14240,83886080,14676914176,1531,0,12943,12943,39,7.7,622111
1786107530,2020744,14240,83886080,14687408128,1531,0,12944,12944,55,7.7,629267
1786107540,2021452,14240,83886080,14723092480,1531,0,12952,12952,37,7.7,617998
1786107550,2029108,14240,83886080,14753533952,1531,0,12956,12956,45,7.7,624070
1786107561,2019676,14240,83886080,14779768832,1531,0,12960,12960,54,7.7,618082
1786107571,2020644,14240,83886080,14792364032,1531,0,12964,12964,45,7.7,621877
1786107581,2027388,14240,83886080,14823854080,1531,0,12968,12968,44,7.7,618061
1786107591,2020096,14240,83886080,14853238784,1531,0,12972,12972,52,7.7,620713
1786107601,2019832,14240,83886080,14883684352,1530,0,12980,12980,37,7.7,618010
1786107611,2020016,14240,83886080,14904672256,1530,0,12984,12984,43,7.7,623142
1786107621,2020276,14240,83886080,14913073152,1530,0,12988,12988,51,7.7,618122
1786107631,2018520,14240,83886080,14923567104,1530,0,12992,12992,53,7.7,624545
1786107641,2019452,14240,83886080,14931963904,1530,0,12997,12997,46,7.7,619673
1786107651,2020284,14240,83886080,14946660352,1530,0,13004,13004,36,7.7,619266
1786107662,2019780,14240,83886080,14957154304,1530,0,13009,13009,42,7.7,620640
1786107672,2020064,14240,83886080,14968696832,1530,0,13016,13016,39,7.7,622460
1786107682,2018328,14240,83886080,14979194880,1530,0,13022,13022,42,7.7,618041
1786107692,2020728,14240,83886080,14991790080,1530,0,13029,13029,37,7.7,617925
1786107702,2021040,14240,83886080,14998093824,1530,0,13034,13034,45,7.7,623440
1786107712,2019428,14240,83886080,15003336704,1530,0,13042,13042,31,7.7,618001
1786107722,2020688,14240,83886080,15020130304,1530,0,13047,13047,37,7.7,619957
1786107732,2019788,14240,83886080,15043219456,1530,0,13054,13054,33,7.7,622275
1786107742,2018944,14240,83886080,15049519104,1530,0,13058,13058,38,7.7,621502
1786107752,2020996,14240,83886080,15050567680,1530,0,13058,13058,50,7.7,618375
1786107763,2020412,14240,83886080,15056867328,1530,0,13058,13058,57,7.7,630343
1786107773,2019316,14240,83886080,15061061632,1530,0,13062,13062,43,7.7,626020
1786107783,2019684,14240,83886080,15076806656,1530,0,13066,13066,32,7.7,621219
1786107794,2020060,14240,83886080,15096750080,1531,0,13070,13070,45,7.7,620533
1786107804,2019240,14240,83886080,15119839232,1531,0,13078,13078,30,7.7,618106
1786107814,2019352,14240,83886080,15145033728,1531,0,13082,13082,39,7.7,620952
1786107824,2020140,14240,83886080,15149232128,1531,0,13086,13086,43,7.7,622795
1786107834,2018744,14240,83886080,15170224128,1531,0,13090,13090,45,7.7,617919
1786107844,2019880,14240,83886080,15203807232,1531,0,13098,13098,36,7.7,620810
1786107854,2020532,14240,83886080,15226900480,1531,0,13102,13102,47,7.7,624171
1786107864,2019060,14240,83886080,15257337856,1531,0,13110,13110,34,7.7,618041
1786107874,2020404,14240,83886080,15266787328,1532,0,13114,13114,44,7.7,620184
1786107884,2018368,14240,83886080,15287779328,1532,0,13122,13122,36,7.7,620665
1786107894,2019836,14240,83886080,15299321856,1532,0,13127,13127,41,7.7,619624
1786107905,2020032,14240,83886080,15304568832,1532,0,13131,13131,47,7.7,617935
1786107915,2019576,14240,83886080,15308767232,1532,0,13139,13139,36,7.7,619872
1786107925,2020848,14240,83886080,15309815808,1532,0,13143,13143,44,7.7,622675
1786107935,2019488,14240,83886080,15314014208,1532,0,13148,13148,46,7.7,621629
1786107945,2018928,14240,83886080,15319265280,1532,0,13156,13156,35,7.7,617972
1786107955,2019924,14240,83886080,15323467776,1532,0,13160,13160,46,7.7,621401
1786107965,2019096,14240,83886080,15331864576,1532,0,13168,13168,33,7.7,621679
1786107975,2019912,14240,83886080,15337107456,1532,0,13173,13173,40,7.7,622067
1786107985,2018824,14240,83886080,15346552832,1532,0,13177,13177,52,7.7,617960
1786107995,2020808,14240,83886080,15361249280,1532,0,13185,13185,37,7.7,619419
1786108005,2019088,14240,83886080,15370698752,1532,0,13190,13190,44,7.7,622136
1786108015,2021112,14240,83886080,15388540928,1532,0,13197,13197,38,7.7,620504
1786108025,2021404,14240,83886080,15404281856,1532,0,13201,13201,48,7.7,622490
1786108035,2018848,14240,83886080,15439970304,1533,0,13209,13209,34,7.7,621585
1786108045,2019860,14240,83886080,15470411776,1533,0,13214,13214,39,7.7,617916
1786108056,2019128,14240,83886080,15511343104,1533,0,13221,13221,34,7.7,621428
1786108066,2020584,14240,83886080,15540736000,1533,0,13226,13226,42,7.7,620049
1786108076,2018496,14240,83886080,15584817152,1534,0,13233,13233,38,7.7,619784
1786108086,2021244,14240,83886080,15610007552,1534,0,13238,13238,42,7.7,617969
1786108096,2019884,14240,83886080,15645687808,1534,0,13246,13246,30,7.7,618212
1786108106,2019832,14240,83886080,15679279104,1535,0,13250,13250,40,7.7,619437
1786108117,2020836,14240,83886080,15704469504,1535,0,13254,13254,45,7.7,624855
1786108127,2020476,14240,83886080,15737008128,1535,0,13258,13258,48,7.7,620439
1786108137,2021336,14240,83886080,15787384832,1536,0,13266,13266,34,7.7,618882
1786108147,2020920,14240,83886080,15816777728,1536,0,13270,13270,44,7.7,617976
1786108157,2020900,14240,83886080,15851413504,1536,0,13275,13275,48,7.7,627027
1786108167,2019220,14240,83886080,15903891456,1536,0,13283,13283,36,7.7,617941
1786108177,2019516,14240,83886080,15931183104,1537,0,13287,13287,47,7.7,622508
1786108187,2019720,14240,83886080,15977361408,1537,0,13295,13295,29,7.7,622050
1786108197,2020116,14240,83886080,16004657152,1537,0,13299,13299,40,7.7,618004
1786108208,2020780,14240,83886080,16043487232,1537,0,13305,13304,44,7.7,626031
1786108218,2025108,14240,83886080,16105414656,1538,0,13312,13312,36,7.7,624701
1786108228,2023048,14240,83886080,16161046528,1538,0,13317,13317,42,7.7,620085
1786108238,2029852,14240,83886080,16227172352,1538,0,13324,13324,38,7.7,617962
1786108248,2019580,14240,83886080,16280698880,1538,0,13329,13329,44,7.7,623374
1786108258,2028752,14240,83886080,16354177024,1539,0,13336,13336,38,7.7,621557
1786108268,2020700,14240,83886080,16412950528,1539,0,13341,13341,46,7.7,620442
1786108278,2020236,14240,83886080,16468578304,1539,0,13349,13349,31,7.7,617996
1786108289,2030700,14240,83886080,16531554304,1539,0,13353,13353,41,7.7,631018
1786108299,2020164,14240,83886080,16577736704,1539,0,13358,13358,44,7.7,631608
1786108309,2022932,14240,83886080,15561711616,1539,0,13365,13365,38,7.7,618226
1786108319,2033888,14240,83886080,14530994176,1539,0,13370,13370,44,7.7,622197
1786108329,2019472,14240,83886080,13485576192,1539,0,13374,13374,53,7.7,618009
1786108339,2019428,14240,83886080,13488726016,1539,0,13381,13381,30,7.7,620243
1786108349,2029428,14240,83886080,13529661440,1539,0,13386,13386,39,7.7,629844
1786108359,2020388,14240,83886080,13561147392,1539,0,13391,13391,46,7.7,620599
1786108369,2018240,14240,83886080,13586337792,1539,0,13399,13399,31,7.7,617897
1786108379,2028364,14240,83886080,13615726592,1539,0,13403,13403,41,7.7,621235
1786108390,2019012,14240,83886080,13641965568,1539,0,13408,13408,45,7.7,618096
1786108400,2023504,14240,83886080,13665054720,1539,0,13415,13415,36,7.7,619125
1786108410,2028952,14240,83886080,13694443520,1538,0,13420,13420,43,7.7,617963
1786108420,2020392,14240,83886080,13716488192,1538,0,13425,13425,46,7.7,617931
1786108430,2024016,14240,83886080,13725933568,1538,0,13429,13429,44,7.7,620018
1786108440,2031464,14240,83886080,13756370944,1538,0,13433,13433,47,7.7,618269
1786108450,2020688,14240,83886080,13786808320,1538,0,13441,13441,34,7.7,618013
1786108460,2023072,14240,83886080,13811998720,1538,0,13445,13445,43,7.7,620310
1786108470,2019808,14240,83886080,13819346944,1538,0,13449,13449,42,7.7,620767
1786108481,2030668,14240,83886080,13852934144,1538,0,13453,13453,44,7.7,617893
1786108491,2021804,14240,83886080,13885476864,1538,0,13461,13461,33,7.7,622290
1786108501,2019780,14240,83886080,13900169216,1537,0,13462,13462,52,7.7,628654
1786108511,2018356,14240,83886080,13924323328,1537,0,13466,13466,57,7.7,617897
1786108521,2021524,14240,83886080,13964251136,1537,0,13474,13474,38,7.7,619521
1786108531,2029696,14240,83886080,13994688512,1537,0,13478,13478,47,7.7,621319
1786108541,2019764,14240,83886080,14027223040,1537,0,13486,13486,32,7.7,618000
1786108551,2028572,14240,83886080,14063964160,1537,0,13490,13490,42,7.7,620287
1786108561,2019908,14240,83886080,14088122368,1537,0,13495,13495,46,7.7,617929
1786108572,2023736,14240,83886080,13022769152,1537,0,13499,13499,47,7.7,620300
1786108582,2032132,14240,83886080,13052157952,1536,0,13503,13503,47,7.7,624528
1786108592,2019624,14240,83886080,13076295680,1536,0,13511,13511,35,7.7,621415
1786108602,2024808,14240,83886080,13098340352,1536,0,13515,13515,42,7.7,619433
1786108612,2028244,14240,83886080,13124579328,1536,0,13520,13520,45,7.7,620668
1786108622,2022804,14240,83886080,13149769728,1536,0,13527,13527,38,7.7,618594
1786108633,2026988,14240,83886080,13170757632,1536,0,13532,13532,41,7.7,619264
1786108643,2020372,14240,83886080,13194903552,1536,0,13540,13540,31,7.7,618622
1786108653,2027672,14240,83886080,13216944128,1535,0,13544,13544,41,7.7,620770
1786108663,2029008,14240,83886080,13237936128,1535,0,13549,13549,44,7.7,617892
1786108673,2022844,14240,83886080,13264175104,1535,0,13556,13556,36,7.7,619301
1786108683,2028156,14240,83886080,13289365504,1535,0,13561,13561,42,7.7,620244
1786108693,2019052,14240,83886080,13311406080,1535,0,13565,13565,51,7.7,621155
1786108703,2024216,14240,83886080,13336596480,1535,0,13573,13573,36,7.7,618943
1786108713,2028660,14240,83886080,13362839552,1534,0,13578,13578,43,7.7,618689
1786108724,2020332,14240,83886080,13364936704,1534,0,13581,13581,43,7.7,627349
1786108734,2023732,14240,83886080,13389078528,1534,0,13588,13588,35,7.7,617992
1786108744,2026348,14240,83886080,13414264832,1534,0,13594,13594,39,7.7,619184
1786108754,2020328,14240,83886080,13427912704,1534,0,13599,13599,45,7.7,618069
1786108764,2021664,14240,83886080,13435260928,1534,0,13603,13603,44,7.7,620970
1786108774,2031920,14240,83886080,13461499904,1534,0,13607,13607,45,7.7,622508
1786108784,2022584,14240,83886080,13486690304,1534,0,13615,13615,35,7.7,621215
1786108794,2020208,14240,83886080,13499281408,1533,0,13619,13619,44,7.7,617946
1786108805,2029820,14240,83886080,13513977856,1533,0,13623,13623,47,7.7,619825
1786108815,2019732,14240,83886080,13539172352,1533,0,13631,13631,32,7.7,621965
1786108825,2031596,14240,83886080,13572755456,1533,0,13635,13635,43,7.7,620080
1786108835,2031028,14240,83886080,13598998528,1533,0,13640,13640,47,7.7,618028
1786108845,2022244,14240,83886080,13628387328,1532,0,13648,13648,35,7.7,621459
1786108855,2027276,14240,83886080,13653573632,1532,0,13652,13652,46,7.7,620408
1786108865,2022084,14240,83886080,13672468480,1532,0,13660,13660,34,7.7,618027
1786108876,2031644,14240,83886080,13705003008,1532,0,13665,13665,43,7.7,618141
1786108886,2027924,14240,83886080,13737541632,1532,0,13672,13672,39,7.7,623686
1786108896,2019624,14240,83886080,13760634880,1532,0,13677,13677,44,7.7,620851
1786108906,2027932,14240,83886080,13793173504,1531,0,13684,13684,41,7.7,620365
1786108916,2020740,14240,83886080,13821509632,1531,0,13690,13690,42,7.7,626719
1786108926,2024836,14240,83886080,13848801280,1531,0,13697,13697,35,7.7,619664
1786108936,2024660,14240,83886080,13880287232,1531,0,13702,13702,42,7.7,624307
1786108946,2020560,14240,83886080,13904429056,1531,0,13710,13710,35,7.7,619741
1786108956,2022656,14240,83886080,13933821952,1530,0,13716,13716,36,7.7,618684
1786108966,2028896,14240,83886080,13967409152,1530,0,13722,13722,39,7.7,620541
1786108976,2023232,14240,83886080,13992595456,1530,0,13726,13726,50,7.7,618086
1786108987,2023396,14240,83886080,14000996352,1530,0,13730,13730,48,7.7,618003
1786108997,2027944,14240,83886080,14031433728,1530,0,13735,13735,40,7.7,618021
1786109007,2022080,14240,83886080,14061875200,1529,0,13742,13742,35,7.7,620644
1786109017,2023528,14240,83886080,14087061504,1529,0,13747,13747,38,7.7,618034
1786109027,2034220,14240,83886080,14125895680,1529,0,13751,13751,45,7.7,620181
1786109037,2020692,14240,83886080,14195167232,1529,0,13759,13759,34,7.7,618024
1786109047,2019108,14240,83886080,14217216000,1529,0,13759,13759,53,7.7,617960
1786109057,2027976,14240,83886080,14259195904,1529,0,13763,13763,56,7.7,624701
1786109067,2025236,14240,83886080,14328471552,1530,0,13771,13771,36,7.7,619104
1786109077,2028108,14240,83886080,14386200576,1530,0,13776,13776,44,7.7,619724
1786109088,2023624,14240,83886080,14441828352,1530,0,13783,13783,33,7.7,618507
1786109098,2025004,14240,83886080,14514249728,1530,0,13789,13789,36,7.7,619732
1786109108,2026528,14240,83886080,14587719680,1530,0,13795,13795,36,7.7,628063
1786109118,2019840,14240,83886080,14630756352,1530,0,13801,13801,35,7.7,618669
1786109128,2019820,14240,83886080,14674833408,1531,0,13807,13807,35,7.7,617917
1786109138,2018852,14240,83886080,14714724352,1531,0,13813,13813,38,7.7,617953
1786109148,2020684,14240,83886080,14758805504,1531,0,13819,13819,38,7.7,618068
1786109158,2020012,14240,83886080,14804987904,1532,0,13825,13825,41,7.7,619769
1786109168,2019836,14240,83886080,14836473856,1532,0,13831,13831,39,7.7,619457
1786109179,2020480,14240,83886080,14871113728,1532,0,13835,13835,39,7.7,619700
1786109189,2020520,14240,83886080,14898405376,1532,0,13839,13839,45,7.7,626778
1786109199,2019468,14240,83886080,14946684928,1532,0,13847,13847,36,7.7,619318
1786109209,2019052,14240,83886080,14954033152,1532,0,13847,13847,55,7.7,621004
1786109219,2019852,14240,83886080,14979219456,1532,0,13852,13852,50,7.7,621376
1786109229,2020320,14240,83886080,15018061824,1533,0,13859,13859,36,7.7,620846
1786109239,2019704,14240,83886080,15044300800,1533,0,13865,13865,38,7.7,621404
1786109249,2018876,14240,83886080,15060041728,1533,0,13867,13867,49,7.7,629558
1786109259,2019060,14240,83886080,15081033728,1533,0,13872,13872,46,7.7,619077
1786109269,2020840,14240,83886080,15096778752,1533,0,13879,13879,39,7.7,622186
1786109279,2018920,14240,83886080,15102025728,1533,0,13885,13884,45,7.7,621022
1786109290,2020152,14240,83886080,15104122880,1533,0,13892,13892,32,7.7,619176
1786109300,2019796,14240,83886080,15107276800,1533,0,13897,13897,38,7.7,619198
1786109310,2018736,14240,83886080,15115669504,1533,0,13904,13904,34,7.7,620154
1786109320,2019740,14240,83886080,15120920576,1533,0,13909,13909,38,7.7,618857
1786109330,2020756,14240,83886080,15129313280,1533,0,13916,13916,34,7.7,617991
1786109340,2021108,14240,83886080,15138762752,1533,0,13921,13921,40,7.7,618847
1786109350,2019420,14240,83886080,15156609024,1534,0,13929,13929,29,7.7,618584
1786109360,2020400,14240,83886080,15171297280,1534,0,13933,13933,40,7.7,617948
1786109370,2019576,14240,83886080,15185989632,1534,0,13938,13938,46,7.7,617963
1786109380,2020148,14240,83886080,15206985728,1534,0,13946,13946,34,7.7,622374
1786109391,2020148,14240,83886080,15216435200,1534,0,13950,13950,46,7.7,618413
1786109401,2019492,14240,83886080,15238471680,1534,0,13958,13958,33,7.7,623196
1786109411,2020604,14240,83886080,15247921152,1534,0,13963,13963,37,7.7,622802
1786109421,2017744,14240,83886080,15273111552,1535,0,13970,13970,31,7.7,622270
1786109431,2020616,14240,83886080,15285706752,1535,0,13975,13975,38,7.7,621219
1786109441,2019536,14240,83886080,15301447680,1535,0,13983,13983,29,7.7,620138
1786109451,2019760,14240,83886080,15317188608,1535,0,13987,13987,40,7.7,619529
1786109461,2019084,14240,83886080,15330840576,1535,0,13991,13991,50,7.7,619057
1786109471,2018644,14240,83886080,15354982400,1535,0,13999,13999,34,7.7,619654
1786109481,2021136,14240,83886080,15369678848,1535,0,14003,14003,43,7.7,619585
1786109492,2019228,14240,83886080,15386468352,1536,0,14011,14011,31,7.7,622123
1786109502,2021028,14240,83886080,15401164800,1536,0,14015,14015,40,7.7,617958
1786109512,2020184,14240,83886080,15416905728,1536,0,14023,14023,31,7.7,626364
1786109522,2019832,14240,83886080,15438946304,1536,0,14027,14027,41,7.7,630139
1786109532,2019440,14240,83886080,15454695424,1536,0,14032,14032,44,7.7,622752
1786109542,2019584,14240,83886080,15472533504,1536,0,14039,14039,38,7.7,619213
1786109552,2019592,14240,83886080,15489331200,1536,0,14044,14044,45,7.7,618774
1786109562,2021112,14240,83886080,15510323200,1537,0,14051,14051,40,7.7,621351
1786109572,2020068,14240,83886080,15532359680,1537,0,14057,14057,40,7.7,617985
1786109582,2019804,14240,83886080,15554404352,1537,0,14064,14064,37,7.7,618598
1786109593,2019208,14240,83886080,15573299200,1537,0,14071,14071,35,7.7,619323
1786109603,2019628,14240,83886080,15595335680,1537,0,14077,14077,36,7.7,626057
1786109613,2019700,14240,83886080,15615279104,1537,0,14083,14083,38,7.7,629121
1786109623,2020608,14240,83886080,15628926976,1537,0,14089,14089,38,7.7,618943
1786109633,2020404,14240,83886080,15653064704,1537,0,14096,14096,36,7.7,617923
1786109643,2020300,14240,83886080,15661461504,1537,0,14101,14101,43,7.7,618008
1786109653,2020020,14240,83886080,15666708480,1537,0,14101,14101,55,7.7,631619
1786109663,2017924,14240,83886080,15685607424,1537,0,14109,14109,33,7.7,621011
1786109674,2020844,14240,83886080,15694004224,1537,0,14113,14113,41,7.7,617938
1786109684,2020024,14240,83886080,15705550848,1537,0,14118,14117,50,7.7,617843
1786109694,2020044,14240,83886080,15722340352,1537,0,14122,14122,42,7.7,619894
1786109704,2019216,14240,83886080,15738085376,1537,0,14126,14126,47,7.7,617923
1786109714,2024516,14240,83886080,15765372928,1537,0,14134,14134,37,7.7,622077
1786109724,2028904,14240,83886080,15798960128,1537,0,14138,14138,43,7.7,617939
1786109734,2021580,14240,83886080,15837794304,1537,0,14143,14143,46,7.7,620549
1786109744,2019896,14240,83886080,15874531328,1537,0,14151,14151,33,7.7,618653
1786109754,2023784,14240,83886080,15901822976,1537,0,14155,14155,40,7.7,618002
1786109764,2035064,14240,83886080,15941705728,1537,0,14159,14159,46,7.7,624677
1786109775,2023128,14240,83886080,15982637056,1537,0,14167,14167,35,7.7,617937
1786109785,2022336,14240,83886080,16012025856,1537,0,14172,14172,40,7.7,621404
1786109795,2023780,14240,83886080,16048762880,1537,0,14179,14179,36,7.7,618485
1786109805,2024540,14240,83886080,16087601152,1537,0,14185,14185,36,7.7,620376
1786109815,2024236,14240,83886080,16127483904,1537,0,14191,14191,37,7.7,619372
1786109825,2025932,14240,83886080,16173670400,1537,0,14197,14197,38,7.7,618254
1786109835,2026036,14240,83886080,16231399424,1537,0,14203,14203,39,7.7,617996
1786109845,2020192,14240,83886080,16238743552,1537,0,14205,14205,47,7.7,625720
1786109855,2019860,14240,83886080,16289124352,1538,0,14213,14213,34,7.7,619830
1786109866,2030936,14240,83886080,16327958528,1537,0,14217,14217,43,7.7,619724
1786109876,2019784,14240,83886080,16363651072,1537,0,14222,14222,48,7.7,617960
1786109886,2024312,14240,83886080,16420323328,1538,0,14230,14230,36,7.7,618882
1786109896,2021336,14240,83886080,16470708224,1538,0,14234,14234,45,7.7,617911
1786109906,2019380,14240,83886080,16509534208,1538,0,14238,14238,51,7.7,626905
1786109917,2030368,14240,83886080,16548376576,1538,0,14242,14242,47,7.7,622374
1786109927,2019700,14240,83886080,16598753280,1538,0,14248,14247,47,7.7,622058
1786109937,2025940,14240,83886080,16665931776,1538,0,14254,14254,39,7.7,626242
1786109947,2018408,14240,83886080,16686919680,1538,0,14255,14255,51,7.7,629115
1786109957,2019396,14240,83886080,16750948352,1539,0,14263,14263,31,7.7,623768
1786109967,2028168,14240,83886080,16805527552,1539,0,14267,14267,40,7.7,619136
1786109977,2020688,14240,83886080,16864305152,1539,0,14272,14272,47,7.7,625465
1786109987,2022580,14240,83886080,16927285248,1539,0,14280,14280,32,7.7,620775
1786109998,2030180,14240,83886080,16991305728,1539,0,14285,14285,41,7.7,618289
1786110008,2021624,14240,83886080,17038536704,1539,0,14291,14291,38,7.7,617963
1786110018,2024740,14240,83886080,17065828352,1540,0,14295,14295,36,7.7,619789
1786110028,2032564,14240,83886080,17109913600,1540,0,14299,14299,44,7.7,621104
1786110038,2021708,14240,83886080,17170788352,1540,0,14307,14307,32,7.7,619708
1786110048,2026120,14240,83886080,17216978944,1540,0,14312,14312,38,7.7,620343
1786110058,2024108,14240,83886080,17269501952,1540,0,14317,14317,42,7.7,619590
1786110068,2023240,14240,83886080,16239833088,1540,0,14325,14325,36,7.7,621554
1786110078,2026556,14240,83886080,15192317952,1540,0,14329,14329,44,7.7,620267
1786110089,2020936,14240,83886080,14149005312,1540,0,14333,14333,52,7.7,618132
1786110099,2023900,14240,83886080,13099393024,1540,0,14341,14341,38,7.7,622335
1786110109,2027892,14240,83886080,13124579328,1540,0,14345,14345,44,7.7,621684
1786110119,2020588,14240,83886080,13152919552,1540,0,14349,14349,50,7.7,619741
1786110129,2024592,14240,83886080,13179158528,1540,0,14357,14357,36,7.7,620370
1786110139,2026068,14240,83886080,13201203200,1540,0,14361,14361,45,7.7,617997
1786110149,2020736,14240,83886080,13230596096,1539,0,14365,14365,49,7.7,620531
1786110159,2023572,14240,83886080,13257879552,1539,0,14373,14373,36,7.7,623853
1786110169,2021780,14240,83886080,13266276352,1539,0,14373,14373,59,7.7,619594
1786110179,2020704,14240,83886080,13285167104,1539,0,14377,14377,64,7.7,619515
1786110189,2024960,14240,83886080,13309313024,1539,0,14385,14385,38,7.7,617914
1786110199,2030940,14240,83886080,13333450752,1539,0,14389,14389,47,7.7,619919
1786110210,2033852,14240,83886080,13353390080,1539,0,14393,14393,53,7.7,621613
1786110220,2022032,14240,83886080,13375434752,1539,0,14401,14401,36,7.7,618082
1786110230,2030828,14240,83886080,13400625152,1539,0,14405,14405,46,7.7,620208
1786110240,2025216,14240,83886080,13418471424,1539,0,14410,14410,49,7.7,619689
1786110250,2024052,14240,83886080,13441560576,1538,0,14418,14418,35,7.7,620799
1786110260,2033232,14240,83886080,13465698304,1538,0,14422,14422,46,7.7,617957
1786110270,2021304,14240,83886080,13466746880,1538,0,14423,14423,59,7.7,621344
1786110280,2024520,14240,83886080,13486694400,1538,0,14431,14431,37,7.7,619188
1786110290,2032664,14240,83886080,13512933376,1538,0,14435,14435,47,7.7,620726
1786110300,2020904,14240,83886080,13531824128,1538,0,14440,14440,50,7.7,620141
1786110310,2023356,14240,83886080,13557014528,1538,0,14448,14448,38,7.7,617927
1786110320,2025316,14240,83886080,13589557248,1537,0,14452,14452,48,7.7,618021
1786110331,2019860,14240,83886080,13613694976,1537,0,14458,14457,50,7.7,621439
1786110341,2027664,14240,83886080,13646233600,1537,0,14465,14465,38,7.7,619875
1786110351,2023932,14240,83886080,13677723648,1537,0,14472,14472,34,7.7,620589
1786110361,2024420,14240,83886080,13702909952,1537,0,14477,14477,40,7.7,619380
1786110371,2026680,14240,83886080,13736497152,1537,0,14484,14484,37,7.7,620677
1786110381,2030148,14240,83886080,13770084352,1536,0,14490,14490,39,7.7,618808
1786110391,2022832,14240,83886080,13791076352,1536,0,14497,14497,37,7.7,620166
1786110401,2031052,14240,83886080,13825712128,1536,0,14502,14502,42,7.7,618650
1786110411,2021228,14240,83886080,13856149504,1536,0,14510,14510,32,7.7,619452
1786110422,2022148,14240,83886080,13871894528,1536,0,14511,14511,53,7.7,619157
1786110433,2020168,14240,83886080,13897089024,1536,0,14515,14515,59,7.7,624624
1786110443,2027916,14240,83886080,13929623552,1535,0,14523,14523,39,7.7,617994
1786110453,2029020,14240,83886080,13963210752,1535,0,14527,14527,49,7.7,617973
1786110463,2024008,14240,83886080,13984206848,1535,0,14533,14533,45,7.7,618002
1786110473,2027736,14240,83886080,14025138176,1535,0,14540,14540,37,7.7,622095
1786110483,2024116,14240,83886080,14063976448,1535,0,14545,14545,44,7.7,623503
1786110493,2023660,14240,83886080,14101757952,1535,0,14553,14553,33,7.7,619958
1786110503,2028224,14240,83886080,14145843200,1535,0,14559,14559,36,7.7,618038
1786110513,2021248,14240,83886080,14181527552,1534,0,14564,14564,41,7.7,618533
1786110524,2025976,14240,83886080,14201475072,1535,0,14568,14568,39,7.7,619357
1786110534,2033844,14240,83886080,14256050176,1535,0,14573,14573,42,7.7,619767
1786110544,2023164,14240,83886080,14305382400,1535,0,14580,14580,38,7.7,618102
1786110554,2027788,14240,83886080,14351560704,1535,0,14585,14585,42,7.7,618061
1786110564,2022568,14240,83886080,14405095424,1535,0,14593,14593,34,7.7,618062
1786110574,2037388,14240,83886080,14451277824,1534,0,14597,14597,45,7.7,620618
1786110584,2022156,14240,83886080,14488010752,1535,0,14605,14605,32,7.7,618652
1786110594,2029688,14240,83886080,14548889600,1535,0,14609,14609,40,7.7,619829
1786110604,2028648,14240,83886080,14586671104,1535,0,14614,14614,43,7.7,618005
1786110615,2021604,14240,83886080,14610817024,1535,0,14617,14617,48,7.7,625215
1786110625,2022064,14240,83886080,14622359552,1535,0,14622,14622,42,7.7,619425
1786110635,2020320,14240,83886080,14629707776,1535,0,14629,14629,35,7.7,618577
1786110645,2022212,14240,83886080,14639153152,1535,0,14634,14634,43,7.7,620247
1786110655,2020856,14240,83886080,14642302976,1535,0,14637,14637,50,7.7,618041
1786110665,2020064,14240,83886080,14648598528,1535,0,14643,14642,46,7.7,618028
1786110675,2021736,14240,83886080,14653849600,1535,0,14649,14649,40,7.7,622451
1786110685,2020728,14240,83886080,14656999424,1535,0,14654,14654,45,7.7,621351
1786110695,2021180,14240,83886080,14658048000,1535,0,14658,14658,42,7.7,620050
1786110705,2021004,14240,83886080,14663294976,1535,0,14663,14663,42,7.7,617980
1786110716,2021428,14240,83886080,14665392128,1534,0,14667,14667,53,7.7,621844
1786110726,2020768,14240,83886080,14673788928,1534,0,14675,14675,37,7.7,618362
1786110736,2023688,14240,83886080,14677991424,1534,0,14679,14679,43,7.7,619568
1786110746,2021164,14240,83886080,14684286976,1534,0,14687,14687,32,7.7,619922
1786110756,2021424,14240,83886080,14693732352,1534,0,14692,14692,38,7.7,620853
1786110766,2022212,14240,83886080,14698979328,1534,0,14696,14696,45,7.7,621333
1786110776,2022008,14240,83886080,14714728448,1534,0,14704,14704,32,7.7,619919
1786110786,2020556,14240,83886080,14717874176,1534,0,14708,14708,41,7.7,621613
1786110796,2022900,14240,83886080,14726270976,1535,0,14712,14712,42,7.7,617936
1786110807,2021424,14240,83886080,14737817600,1535,0,14720,14720,31,7.7,624578
1786110817,2021728,14240,83886080,14748315648,1535,0,14724,14724,41,7.7,619374
1786110827,2021496,14240,83886080,14756708352,1535,0,14732,14732,31,7.7,620132
1786110837,2022632,14240,83886080,14768254976,1535,0,14737,14737,39,7.7,621904
1786110847,2022396,14240,83886080,14775603200,1535,0,14744,14744,31,7.7,622713
1786110857,2021892,14240,83886080,14781898752,1535,0,14745,14745,50,7.7,621523
1786110867,2021432,14240,83886080,14785048576,1535,0,14745,14745,62,7.7,621497
1786110878,2022988,14240,83886080,14798696448,1535,0,14753,14753,32,7.7,622736
1786110888,2021480,14240,83886080,14811287552,1535,0,14757,14757,43,7.7,617929
1786110898,2021860,14240,83886080,14823886848,1535,0,14765,14765,30,7.7,617939
1786110908,2021520,14240,83886080,14833332224,1535,0,14770,14770,36,7.7,617928
1786110918,2022076,14240,83886080,14841724928,1535,0,14777,14777,32,7.7,621512
1786110928,2021744,14240,83886080,14853275648,1535,0,14782,14782,39,7.7,621195
1786110938,2022756,14240,83886080,14859571200,1535,0,14787,14787,45,7.7,617934
1786110948,2021500,14240,83886080,14866919424,1535,0,14795,14795,33,7.7,622651
1786110958,2022584,14240,83886080,14870069248,1535,0,14799,14799,43,7.7,619456
1786110968,2021884,14240,83886080,14870069248,1535,0,14803,14802,50,7.7,620047
1786110978,2021308,14240,83886080,14873214976,1535,0,14810,14810,35,7.7,617964
1786110988,2021952,14240,83886080,14876360704,1535,0,14815,14815,41,7.7,623847
1786110999,2022108,14240,83886080,14878461952,1535,0,14822,14822,34,7.7,619976
1786111009,2021432,14240,83886080,14881611776,1535,0,14828,14828,38,7.7,618075
1786111019,2020420,14240,83886080,14887911424,1535,0,14835,14835,34,7.7,623207
1786111029,2021552,14240,83886080,14892109824,1535,0,14840,14840,40,7.7,620720
1786111039,2021520,14240,83886080,14907850752,1535,0,14847,14847,34,7.7,618607
1786111049,2021712,14240,83886080,14924648448,1535,0,14853,14853,38,7.7,622248
1786111059,2022136,14240,83886080,14950891520,1536,0,14860,14860,35,7.7,620382
1786111069,2022092,14240,83886080,14967676928,1536,0,14864,14864,47,7.7,620892
1786111079,2022096,14240,83886080,14996017152,1536,0,14872,14872,35,7.7,620739
1786111089,2021112,14240,83886080,15014912000,1536,0,14877,14877,40,7.7,621522
1786111099,2022436,14240,83886080,15044304896,1537,0,14884,14884,33,7.7,617999
1786111110,2023488,14240,83886080,15063195648,1537,0,14890,14890,38,7.7,621772
1786111120,2021172,14240,83886080,15087333376,1537,0,14894,14894,48,7.7,623168
1786111130,2022676,14240,83886080,15104131072,1537,0,14898,14898,43,7.7,619873
1786111140,2022388,14240,83886080,15125114880,1537,0,14903,14903,39,7.7,621052
1786111150,2021252,14240,83886080,15156609024,1537,0,14910,14910,35,7.7,617986
1786111160,2021732,14240,83886080,15179698176,1537,0,14916,14916,37,7.7,617941
1786111170,2022596,14240,83886080,15217479680,1538,0,14923,14922,40,7.7,617944
1786111180,2021300,14240,83886080,15256322048,1538,0,14928,14928,40,7.7,622853
1786111190,2021144,14240,83886080,15303553024,1538,0,14936,14936,33,7.7,617967
1786111200,2022960,14240,83886080,15335043072,1539,0,14940,14940,42,7.7,632018
1786111211,2022280,14240,83886080,15390666752,1539,0,14948,14948,31,7.7,618017
1786111221,2026828,14240,83886080,15431602176,1539,0,14952,14952,39,7.7,622065
1786111231,2034616,14240,83886080,15489327104,1539,0,14957,14957,45,7.7,618066
1786111241,2025032,14240,83886080,15560704000,1540,0,14965,14965,35,7.7,620823
1786111251,2026860,14240,83886080,15607939072,1540,0,14970,14970,39,7.7,619732
1786111261,2024160,14240,83886080,15670910976,1540,0,14977,14977,34,7.7,623637
1786111271,2025024,14240,83886080,15733882880,1540,0,14982,14982,37,7.7,617956
1786111281,2030888,14240,83886080,15784271872,1540,0,14986,14986,45,7.7,620161
1786111291,2021176,14240,83886080,15842000896,1540,0,14990,14990,49,7.7,617983
1786111301,2028856,14240,83886080,15914422272,1541,0,14998,14998,39,7.7,621076
1786111311,2029580,14240,83886080,15955353600,1541,0,15003,15003,41,7.7,617961
1786111321,2025324,14240,83886080,16025677824,1541,0,15010,15010,36,7.7,618805
1786111331,2031076,14240,83886080,16080261120,1541,0,15015,15015,41,7.7,618061
1786111342,2025708,14240,83886080,16130641920,1541,0,15022,15022,36,7.7,617968
1786111352,2032904,14240,83886080,16187318272,1541,0,15027,15027,42,7.7,620088
1786111362,2021864,14240,83886080,16252391424,1542,0,15035,15035,31,7.7,617966
1786111372,2025664,14240,83886080,16299622400,1542,0,15039,15039,36,7.7,617984
1786111382,2031972,14240,83886080,16352104448,1542,0,15043,15043,44,7.7,618246
1786111392,2022092,14240,83886080,16420331520,1542,0,15051,15051,31,7.7,619039
1786111402,2024240,14240,83886080,16484356096,1542,0,15055,15055,36,7.7,623911
1786111412,2033228,14240,83886080,16539983872,1542,0,15059,15059,45,7.7,617922
1786111422,2020964,14240,83886080,16609255424,1543,0,15067,15067,32,7.7,618541
1786111432,2023576,14240,83886080,16669085696,1543,0,15071,15071,38,7.7,618731
1786111442,2032988,14240,83886080,16724713472,1543,0,15075,15075,40,7.7,619730
1786111452,2022428,14240,83886080,16786640896,1543,0,15083,15083,31,7.7,620045
1786111463,2023300,14240,83886080,16839122944,1543,0,15087,15087,36,7.7,619537
1786111473,2033320,14240,83886080,16884248576,1543,0,15091,15091,42,7.7,618602
1786111483,2022696,14240,83886080,16923086848,1543,0,15099,15099,31,7.7,621972
1786111493,2024656,14240,83886080,16951427072,1543,0,15103,15103,39,7.7,619531
1786111503,2033236,14240,83886080,16986058752,1543,0,15108,15108,44,7.7,617947
1786111513,2022156,14240,83886080,17014403072,1543,0,15116,15116,32,7.7,623713
1786111523,2028240,14240,83886080,17042739200,1542,0,15120,15120,42,7.7,618373
1786111533,2021416,14240,83886080,17080528896,1542,0,15125,15125,44,7.7,619610
1786111543,2026008,14240,83886080,16043507712,1542,0,15132,15132,38,7.7,617950
1786111553,2021940,14240,83886080,16056107008,1542,0,15136,15135,45,7.7,627645
1786111563,2030016,14240,83886080,15007539200,1542,0,15141,15141,34,7.7,617952
1786111573,2027696,14240,83886080,13957959680,1542,0,15147,15147,41,7.7,618632
1786111584,2023796,14240,83886080,13991567360,1542,0,15155,15155,34,7.7,617982
1786111594,2022732,14240,83886080,13997867008,1542,0,15155,15155,54,7.7,626057
1786111604,2025964,14240,83886080,14030405632,1542,0,15163,15163,37,7.7,620326
1786111614,2034332,14240,83886080,14062944256,1542,0,15167,15167,46,7.7,618008
1786111624,2020952,14240,83886080,14092353536,1542,0,15171,15171,52,7.7,618058
1786111634,2026532,14240,83886080,14102847488,1542,0,15175,15175,48,7.7,617971
1786111644,2028872,14240,83886080,14129090560,1542,0,15180,15180,42,7.7,621863
1786111655,2026220,14240,83886080,13080522752,1541,0,15187,15187,37,7.7,620331
1786111665,2021452,14240,83886080,13092073472,1541,0,15189,15189,49,7.7,636508
1786111675,2022068,14240,83886080,13108867072,1541,0,15194,15194,46,7.7,622796
1786111685,2030608,14240,83886080,13137207296,1541,0,15201,15201,38,7.7,622129
1786111695,2022904,14240,83886080,13158199296,1541,0,15207,15207,40,7.7,618034
1786111705,2024840,14240,83886080,13180239872,1541,0,15214,15214,35,7.7,617990
1786111715,2032140,14240,83886080,13206474752,1541,0,15219,15219,43,7.7,621830
1786111725,2022388,14240,83886080,13225369600,1541,0,15225,15225,44,7.7,620346
1786111735,2024412,14240,83886080,13251608576,1541,0,15231,15231,41,7.7,618097
1786111745,2024768,14240,83886080,13276798976,1540,0,15239,15239,33,7.7,618653
1786111756,2021708,14240,83886080,13294641152,1540,0,15241,15241,51,7.7,621759
1786111766,2032256,14240,83886080,13308289024,1540,0,15245,15245,54,7.7,617916
1786111776,2023512,14240,83886080,13331382272,1540,0,15253,15253,32,7.7,621694
1786111786,2030548,14240,83886080,13356572672,1540,0,15257,15257,46,7.7,620300
1786111796,2022644,14240,83886080,13377560576,1540,0,15262,15262,48,7.7,617963
1786111806,2030828,14240,83886080,13408006144,1539,0,15269,15269,42,7.7,623846
1786111816,2022316,14240,83886080,13431091200,1539,0,15274,15274,46,7.7,617915
1786111826,2024240,14240,83886080,13440536576,1539,0,15278,15278,45,7.7,619598
1786111836,2034868,14240,83886080,13475176448,1539,0,15282,15282,47,7.7,620189
1786111847,2021968,14240,83886080,13507715072,1539,0,15290,15290,31,7.7,622427
1786111857,2022912,14240,83886080,13536047104,1539,0,15294,15294,40,7.7,620806
1786111867,2033860,14240,83886080,13572788224,1538,0,15298,15298,44,7.7,617992
1786111877,2021900,14240,83886080,13604274176,1538,0,15306,15306,32,7.7,621622
1786111887,2024828,14240,83886080,13632614400,1538,0,15310,15310,39,7.7,619993
1786111897,2032460,14240,83886080,13668302848,1538,0,15315,15315,44,7.7,621391
1786111907,2025812,14240,83886080,13697695744,1538,0,15322,15322,38,7.7,620250
1786111917,2024932,14240,83886080,13726027776,1537,0,15327,15327,41,7.7,623971
1786111927,2037696,14240,83886080,13761716224,1537,0,15331,15331,46,7.7,620535
1786111937,2021556,14240,83886080,13793202176,1537,0,15339,15339,34,7.7,618035
1786111947,2027280,14240,83886080,13821546496,1537,0,15343,15343,42,7.7,622457
1786111958,2038016,14240,83886080,13858275328,1537,0,15347,15347,48,7.7,618080
1786111968,2023088,14240,83886080,13891862528,1536,0,15355,15355,33,7.7,620008
1786111978,2022540,14240,83886080,13901312000,1536,0,15355,15355,57,7.7,618031
1786111988,2040372,14240,83886080,13926506496,1536,0,15359,15359,62,7.7,620627
1786111998,2023560,14240,83886080,13957988352,1536,0,15367,15367,36,7.7,618045
1786112008,2035252,14240,83886080,13993676800,1536,0,15371,15371,47,7.7,620174
1786112018,2038204,14240,83886080,14017818624,1535,0,15375,15375,52,7.7,618031
1786112028,2022080,14240,83886080,14047207424,1535,0,15383,15383,34,7.7,620329
1786112038,2031108,14240,83886080,14084997120,1535,0,15387,15387,43,7.7,618969
1786112048,2022312,14240,83886080,14113329152,1535,0,15392,15392,48,7.7,617979
1786112058,2024916,14240,83886080,14153216000,1535,0,15399,15399,39,7.7,618069
1786112069,2023224,14240,83886080,14191005696,1535,0,15404,15404,46,7.7,617996
1786112079,2021524,14240,83886080,14218293248,1535,0,15408,15408,51,7.7,618074
1786112089,2035280,14240,83886080,14247682048,1535,0,15412,15412,54,7.7,622678
1786112099,2022820,14240,83886080,14294913024,1535,0,15420,15420,33,7.7,628054
1786112109,2034388,14240,83886080,14325354496,1534,0,15424,15424,42,7.7,620510
1786112119,2023788,14240,83886080,14353690624,1534,0,15429,15429,45,7.7,619443
1786112129,2023544,14240,83886080,14379933696,1535,0,15437,15437,32,7.7,620281
1786112139,2022400,14240,83886080,14395674624,1535,0,15441,15441,42,7.7,622153
1786112149,2021592,14240,83886080,14412468224,1535,0,15447,15446,45,7.7,617992
1786112159,2023172,14240,83886080,14434508800,1535,0,15453,15453,38,7.7,619258
1786112169,2021356,14240,83886080,14461800448,1535,0,15461,15461,30,7.7,620014
1786112179,2022944,14240,83886080,14477545472,1535,0,15465,15465,42,7.7,618199
1786112190,2021224,14240,83886080,14507982848,1536,0,15473,15473,32,7.7,617960
1786112200,2022860,14240,83886080,14517428224,1536,0,15477,15477,44,7.7,619702
1786112210,2023288,14240,83886080,14527922176,1536,0,15479,15479,49,7.7,626096
1786112220,2022184,14240,83886080,14558363648,1536,0,15487,15487,37,7.7,617966
1786112230,2021772,14240,83886080,14579351552,1536,0,15493,15493,37,7.7,619013
1786112241,2022220,14240,83886080,14596145152,1536,0,15497,15497,44,7.7,625333
1786112251,2023192,14240,83886080,14616092672,1536,0,15501,15501,44,7.7,617917
1786112261,2021868,14240,83886080,14640234496,1536,0,15509,15509,30,7.7,619797
1786112271,2022784,14240,83886080,14660173824,1537,0,15513,15513,41,7.7,624486
1786112281,2021600,14240,83886080,14681165824,1537,0,15521,15521,31,7.7,617897
1786112291,2020968,14240,83886080,14705307648,1537,0,15527,15527,36,7.7,617982
1786112301,2022776,14240,83886080,14724198400,1537,0,15533,15533,38,7.7,622166
1786112311,2021324,14240,83886080,14730498048,1537,0,15534,15534,49,7.7,617954
1786112321,2022608,14240,83886080,14753587200,1537,0,15542,15542,35,7.7,619313
1786112332,2022496,14240,83886080,14772477952,1537,0,15548,15548,38,7.7,617991
1786112342,2022928,14240,83886080,14791372800,1537,0,15554,15554,41,7.7,617934
1786112352,2023840,14240,83886080,14811320320,1538,0,15560,15560,41,7.7,621670
1786112362,2022440,14240,83886080,14830211072,1538,0,15568,15568,31,7.7,618065
1786112372,2023856,14240,83886080,14844907520,1538,0,15572,15572,43,7.7,619156
1786112382,2022220,14240,83886080,14855401472,1538,0,15576,15576,53,7.7,620021
1786112392,2021776,14240,83886080,14871146496,1538,0,15584,15584,37,7.7,623688
1786112402,2022244,14240,83886080,14875344896,1538,0,15589,15589,44,7.7,618044
1786112412,2022024,14240,83886080,14879543296,1538,0,15596,15596,32,7.7,618956
1786112422,2022748,14240,83886080,14883737600,1538,0,15601,15601,39,7.7,618050
1786112432,2022604,14240,83886080,14887936000,1538,0,15606,15606,45,7.7,621444
1786112443,2022420,14240,83886080,14894235648,1538,0,15613,15613,35,7.7,621592
1786112453,2022596,14240,83886080,14900531200,1538,0,15618,15618,42,7.7,618281
1786112463,2022592,14240,83886080,14903676928,1538,0,15626,15626,33,7.7,618025
1786112473,2022504,14240,83886080,14908928000,1538,0,15630,15630,42,7.7,620160
1786112483,2021804,14240,83886080,14920474624,1538,0,15638,15638,32,7.7,619988
1786112493,2021840,14240,83886080,14929928192,1538,0,15642,15642,41,7.7,617919
1786112503,2022628,14240,83886080,14936219648,1538,0,15647,15647,47,7.7,617957
1786112513,2022048,14240,83886080,14945669120,1538,0,15654,15654,37,7.7,620393
1786112523,2021804,14240,83886080,14953013248,1538,0,15659,15659,44,7.7,625375
1786112534,2021668,14240,83886080,14959308800,1538,0,15666,15666,35,7.7,622835
1786112544,2024356,14240,83886080,14965608448,1538,0,15671,15671,44,7.7,623808
1786112554,2022660,14240,83886080,14966657024,1538,0,15679,15679,34,7.7,621379
1786112564,2022436,14240,83886080,14969810944,1538,0,15684,15684,40,7.7,619076
1786112574,2022200,14240,83886080,14971908096,1538,0,15691,15691,35,7.7,618005
1786112584,2021968,14240,83886080,14976102400,1538,0,15697,15696,42,7.7,620008
1786112594,2022880,14240,83886080,14977155072,1538,0,15703,15703,40,7.7,621997
1786112604,2021320,14240,83886080,14982402048,1538,0,15709,15709,42,7.7,620023
1786112614,2022376,14240,83886080,14988701696,1538,0,15716,15716,39,7.7,622733
1786112624,2021796,14240,83886080,14998142976,1538,0,15721,15721,45,7.7,618000
1786112634,2021676,14240,83886080,15011790848,1538,0,15729,15729,32,7.7,619108
1786112645,2021996,14240,83886080,15023333376,1538,0,15733,15733,40,7.7,624216
1786112655,2022452,14240,83886080,15038029824,1538,0,15737,15737,46,7.7,618785
1786112665,2022112,14240,83886080,15066365952,1539,0,15745,15745,34,7.7,625791
1786112675,2022672,14240,83886080,15083163648,1539,0,15750,15750,38,7.7,617918
1786112685,2022704,14240,83886080,15089459200,1539,0,15751,15751,51,7.7,617889
1786112695,2021532,14240,83886080,15124099072,1539,0,15759,15759,32,7.7,618528
1786112705,2023528,14240,83886080,15144038400,1539,0,15763,15763,42,7.7,621330
1786112716,2022788,14240,83886080,15167131648,1539,0,15768,15768,46,7.7,620472
1786112726,2025088,14240,83886080,15219613696,1539,0,15776,15776,34,7.7,619001
1786112736,2034548,14240,83886080,15264743424,1539,0,15780,15780,44,7.7,617932
1786112747,2022336,14240,83886080,15299383296,1539,0,15787,15784,52,7.7,626022
1786112757,2027996,14240,83886080,15321423872,1539,0,15791,15791,34,7.7,622609
1786112767,2030056,14240,83886080,15364456448,1539,0,15796,15796,44,7.7,619674
1786112777,2023784,14240,83886080,15414837248,1540,0,15804,15804,33,7.7,621555
1786112787,2027620,14240,83886080,15444230144,1540,0,15809,15809,39,7.7,623541
1786112797,2026300,14240,83886080,15482015744,1540,0,15816,15816,36,7.7,619265
1786112807,2025188,14240,83886080,15522947072,1540,0,15821,15821,43,7.7,621099
1786112817,2025500,14240,83886080,15565983744,1540,0,15828,15828,35,7.7,618001
1786112828,2028884,14240,83886080,15613214720,1540,0,15833,15833,40,7.7,621763
1786112838,2023604,14240,83886080,15659397120,1540,0,15841,15841,31,7.7,627748
1786112848,2021332,14240,83886080,15677239296,1540,0,15841,15841,50,7.7,620034
1786112858,2021272,14240,83886080,15711875072,1540,0,15845,15845,58,7.7,617914
1786112868,2024520,14240,83886080,15768547328,1540,0,15853,15853,36,7.7,618038
1786112878,2033428,14240,83886080,15812636672,1540,0,15857,15857,45,7.7,617898
1786112888,2022248,14240,83886080,15851470848,1540,0,15861,15861,51,7.7,619111
1786112898,2026580,14240,83886080,15910244352,1540,0,15869,15869,35,7.7,618548
1786112908,2032084,14240,83886080,15963766784,1540,0,15874,15874,42,7.7,620454
1786112918,2023936,14240,83886080,16019398656,1541,0,15881,15881,35,7.7,630433
1786112929,2029092,14240,83886080,16065581056,1541,0,15886,15886,39,7.7,618793
1786112939,2022144,14240,83886080,16113856512,1541,0,15891,15890,48,7.7,621912
1786112949,2026452,14240,83886080,16162144256,1541,0,15898,15898,34,7.7,617870
1786112959,2022028,14240,83886080,16215674880,1541,0,15903,15903,42,7.7,633465
1786112969,2028188,14240,83886080,16275501056,1541,0,15910,15910,37,7.7,621456
1786112979,2020644,14240,83886080,16289144832,1541,0,15911,15910,53,7.7,626241
1786112989,2027824,14240,83886080,16353165312,1541,0,15918,15918,37,7.7,617999
1786112999,2023408,14240,83886080,16411951104,1542,0,15923,15923,43,7.7,619288
1786113011,2023884,14240,83886080,16457080832,1542,0,15927,15927,49,7.7,626613
1786113021,2038424,14240,83886080,16500113408,1542,0,15931,15931,52,7.7,617980
1786113031,2026708,14240,83886080,16569384960,1542,0,15939,15939,33,7.7,627150
1786113041,2032796,14240,83886080,16625012736,1542,0,15944,15944,40,7.7,621297
1786113052,2026488,14240,83886080,16670146560,1542,0,15951,15951,34,7.7,620338
1786113062,2026432,14240,83886080,16722628608,1542,0,15957,15957,37,7.7,617995
1786113072,2023152,14240,83886080,16763564032,1543,0,15961,15961,47,7.7,627413
1786113082,2021712,14240,83886080,16771956736,1543,0,15964,15964,47,7.7,625367
1786113092,2021240,14240,83886080,16813948928,1543,0,15971,15971,37,7.7,618891
1786113102,2032700,14240,83886080,16858025984,1543,0,15976,15976,40,7.7,619603
1786113112,2022160,14240,83886080,16902111232,1543,0,15981,15981,46,7.7,617929
1786113122,2024592,14240,83886080,16967184384,1543,0,15989,15989,35,7.7,617947
1786113132,2025084,14240,83886080,17013374976,1543,0,15993,15993,45,7.7,618403
1786113142,2021488,14240,83886080,17053253632,1543,0,16001,16001,34,7.7,620148
1786113152,2027788,14240,83886080,17102589952,1543,0,16005,16005,40,7.7,619949
1786113163,2023312,14240,83886080,16070819840,1543,0,16013,16013,32,7.7,617990
1786113173,2023676,14240,83886080,16109658112,1543,0,16018,16018,34,7.7,619921
1786113183,2034872,14240,83886080,16151662592,1543,0,16022,16022,43,7.7,618351
1786113193,2023796,14240,83886080,16196808704,1543,0,16030,16030,33,7.7,617979
1786113203,2025764,14240,83886080,15155601408,1543,0,16035,16035,37,7.7,618310
1786113213,2024996,14240,83886080,14115442688,1543,0,16039,16039,47,7.7,621197
1786113223,2028232,14240,83886080,13066887168,1543,0,16047,16047,35,7.7,623052
1786113233,2027336,14240,83886080,13087879168,1543,0,16052,16052,40,7.7,617965
1786113243,2023324,14240,83886080,13116211200,1543,0,16059,16059,33,7.7,620376
1786113253,2028916,14240,83886080,13145604096,1543,0,16064,16064,39,7.7,618916
1786113263,2033196,14240,83886080,13167648768,1543,0,16068,16068,46,7.7,623229
1786113273,2021940,14240,83886080,13193883648,1543,0,16076,16076,32,7.7,618019
1786113283,2032240,14240,83886080,13224325120,1542,0,16080,16080,41,7.7,622069
1786113294,2022776,14240,83886080,13228523520,1542,0,16081,16081,60,7.7,632730
1786113304,2021312,14240,83886080,13253718016,1542,0,16089,16089,34,7.7,623490
1786113314,2032320,14240,83886080,13283098624,1542,0,16093,16093,44,7.7,617949
1786113324,2022188,14240,83886080,13309341696,1542,0,16097,16097,52,7.7,621391
1786113334,2025824,14240,83886080,13317742592,1542,0,16101,16101,48,7.7,618084
1786113344,2035980,14240,83886080,13353422848,1542,0,16105,16105,47,7.7,620483
1786113354,2021816,14240,83886080,13382811648,1542,0,16113,16113,33,7.7,621210
1786113364,2023360,14240,83886080,13400662016,1542,0,16114,16114,53,7.7,618104
1786113375,2025376,14240,83886080,13421649920,1541,0,16119,16118,56,7.7,619628
1786113385,2029952,14240,83886080,13455237120,1541,0,16126,16126,41,7.7,617988
1786113395,2022904,14240,83886080,13488824320,1541,0,16130,16130,51,7.7,620346
1786113405,2021644,14240,83886080,13491970048,1541,0,16134,16134,47,7.7,621531
1786113415,2024508,14240,83886080,13522411520,1541,0,16142,16142,36,7.7,618099
1786113425,2036164,14240,83886080,13558095872,1541,0,16146,16146,44,7.7,618063
1786113435,2022592,14240,83886080,13580140544,1541,0,16150,16150,53,7.7,620310
1786113445,2030580,14240,83886080,13593780224,1541,0,16154,16154,52,7.7,618037
1786113456,2022620,14240,83886080,13627367424,1540,0,16158,16158,51,7.7,621607
1786113466,2029328,14240,83886080,13659906048,1540,0,16166,16166,37,7.7,619871
1786113476,2029252,14240,83886080,13686153216,1540,0,16171,16171,43,7.7,619805
1786113486,2026108,14240,83886080,13715529728,1540,0,16178,16178,36,7.7,620902
1786113496,2029560,14240,83886080,13749125120,1540,0,16184,16184,38,7.7,619849
1786113506,2026392,14240,83886080,13772218368,1540,0,16191,16191,34,7.7,618026
1786113516,2034244,14240,83886080,13805801472,1539,0,16196,16196,42,7.7,620891
1786113526,2021496,14240,83886080,13822595072,1539,0,16200,16200,52,7.7,620239
1786113536,2027252,14240,83886080,13847789568,1539,0,16208,16208,38,7.7,619145
1786113546,2026644,14240,83886080,13878222848,1539,0,16212,16212,48,7.7,617980
1786113556,2028608,14240,83886080,13911810048,1539,0,16220,16220,38,7.7,618568
1786113567,2034880,14240,83886080,13937008640,1539,0,16224,16224,48,7.7,618024
1786113577,2022924,14240,83886080,13969539072,1538,0,16232,16232,32,7.7,621794
1786113587,2033852,14240,83886080,14003130368,1538,0,16236,16236,44,7.7,621029
1786113597,2021840,14240,83886080,14027268096,1538,0,16241,16241,46,7.7,622435
1786113607,2030836,14240,83886080,14082899968,1538,0,16248,16248,41,7.7,622105
1786113617,2033172,14240,83886080,14125928448,1538,0,16253,16253,44,7.7,622857
1786113627,2020652,14240,83886080,14146920448,1538,0,16261,16261,30,7.7,620089
1786113637,2023512,14240,83886080,14165819392,1538,0,16265,16265,40,7.7,617901
1786113647,2021888,14240,83886080,14184710144,1538,0,16270,16270,45,7.7,621690
1786113657,2021616,14240,83886080,14215147520,1539,0,16277,16277,35,7.7,619922
1786113667,2022952,14240,83886080,14226694144,1539,0,16282,16282,41,7.7,620626
1786113678,2023176,14240,83886080,14245584896,1539,0,16286,16286,51,7.7,630686
1786113688,2021912,14240,83886080,14265528320,1539,0,16294,16294,37,7.7,618296
1786113698,2021692,14240,83886080,14290718720,1539,0,16299,16299,42,7.7,626513
1786113708,2022640,14240,83886080,14312759296,1539,0,16306,16306,38,7.7,622777
1786113718,2022152,14240,83886080,14333755392,1539,0,16311,16311,44,7.7,619922
1786113728,2022840,14240,83886080,14354747392,1540,0,16319,16319,35,7.7,620113
1786113738,2020592,14240,83886080,14379933696,1540,0,16324,16324,40,7.7,618051
1786113749,2022192,14240,83886080,14403022848,1540,0,16331,16331,32,7.7,618018
1786113759,2022168,14240,83886080,14425067520,1540,0,16336,16336,37,7.7,617903
1786113769,2021976,14240,83886080,14442909696,1540,0,16340,16340,48,7.7,617912
1786113779,2023164,14240,83886080,14451306496,1540,0,16345,16345,36,7.7,617998
1786113789,2023464,14240,83886080,14463901696,1540,0,16350,16350,38,7.7,618687
1786113799,2022256,14240,83886080,14479646720,1540,0,16357,16357,37,7.7,620481
1786113809,2022908,14240,83886080,14482796544,1540,0,16363,16363,38,7.7,624459
1786113819,2022836,14240,83886080,14488043520,1540,0,16370,16370,37,7.7,619444
1786113829,2022412,14240,83886080,14490140672,1540,0,16377,16377,36,7.7,618482
1786113839,2022684,14240,83886080,14491189248,1540,0,16379,16378,50,7.7,624951
1786113849,2022344,14240,83886080,14501691392,1540,0,16386,16386,32,7.7,618082
1786113860,2023152,14240,83886080,14503788544,1540,0,16391,16391,39,7.7,617944
1786113870,2021432,14240,83886080,14507982848,1540,0,16398,16398,35,7.7,618757
1786113880,2022924,14240,83886080,14510084096,1540,0,16403,16403,41,7.7,620584
1786113890,2022492,14240,83886080,14516379648,1540,0,16411,16411,33,7.7,617963
1786113900,2021788,14240,83886080,14522679296,1540,0,16415,16415,44,7.7,617911
1786113910,2021816,14240,83886080,14527926272,1540,0,16419,16419,43,7.7,623695
1786113920,2023192,14240,83886080,14535274496,1540,0,16423,16423,46,7.7,618422
1786113930,2021360,14240,83886080,14543671296,1541,0,16431,16431,34,7.7,620580
1786113940,2022336,14240,83886080,14546821120,1541,0,16432,16432,53,7.7,626334
1786113951,2023228,14240,83886080,14551015424,1541,0,16436,16436,58,7.7,620210
1786113961,2021876,14240,83886080,14559420416,1541,0,16444,16444,36,7.7,619338
1786113971,2022264,14240,83886080,14565711872,1541,0,16449,16449,42,7.7,617907
1786113981,2022700,14240,83886080,14572011520,1541,0,16456,16456,36,7.7,617967
1786113991,2022504,14240,83886080,14576209920,1541,0,16461,16461,42,7.7,621004
1786114001,2023016,14240,83886080,14581456896,1541,0,16468,16468,36,7.7,617925
1786114011,2022884,14240,83886080,14583554048,1541,0,16473,16473,42,7.7,617877
1786114021,2021848,14240,83886080,14585651200,1541,0,16478,16478,44,7.7,619569
1786114031,2023260,14240,83886080,14587752448,1541,0,16485,16485,39,7.7,618000
1786114041,2022112,14240,83886080,14590902272,1541,0,16490,16490,44,7.7,618378
1786114051,2023272,14240,83886080,14591950848,1541,0,16498,16498,35,7.7,617998
1786114061,2022664,14240,83886080,14595104768,1541,0,16503,16503,41,7.7,617991
1786114071,2022368,14240,83886080,14597201920,1541,0,16510,16510,37,7.7,620779
1786114082,2022852,14240,83886080,14599299072,1541,0,16515,16515,43,7.7,619671
1786114092,2022848,14240,83886080,14602444800,1541,0,16522,16522,37,7.7,618011
1786114102,2022988,14240,83886080,14604546048,1541,0,16527,16527,43,7.7,619938
1786114112,2022252,14240,83886080,14609797120,1541,0,16535,16535,33,7.7,617949
1786114122,2022396,14240,83886080,14615044096,1541,0,16540,16540,40,7.7,618098
1786114132,2021716,14240,83886080,14618193920,1541,0,16544,16544,48,7.7,621052
1786114142,2023024,14240,83886080,14625538048,1541,0,16548,16548,51,7.7,619375
1786114152,2022864,14240,83886080,14637084672,1541,0,16556,16556,29,7.7,617940
1786114162,2022336,14240,83886080,14646534144,1541,0,16560,16560,40,7.7,618847
1786114172,2022276,14240,83886080,14657028096,1541,0,16568,16568,33,7.7,618008
1786114182,2022500,14240,83886080,14670671872,1541,0,16572,16572,40,7.7,617923
1786114192,2022316,14240,83886080,14689566720,1541,0,16580,16580,32,7.7,617970
1786114203,2022376,14240,83886080,14694817792,1541,0,16582,16582,45,7.7,632432
1786114213,2022312,14240,83886080,14711607296,1542,0,16586,16586,49,7.7,618080
1786114223,2023752,14240,83886080,14753595392,1542,0,16594,16594,34,7.7,618480
1786114233,2036264,14240,83886080,14803976192,1542,0,16598,16598,43,7.7,619581
1786114243,2021916,14240,83886080,14837559296,1542,0,16604,16604,39,7.7,624680
1786114253,2031668,14240,83886080,14887940096,1542,0,16610,16610,38,7.7,618933
1786114264,2022820,14240,83886080,14947766272,1543,0,16618,16618,31,7.7,619766
1786114274,2027088,14240,83886080,14995001344,1543,0,16622,16622,40,7.7,618624
1786114284,2030616,14240,83886080,15057977344,1543,0,16628,16628,39,7.7,619705
1786114294,2023540,14240,83886080,15119904768,1543,0,16634,16634,40,7.7,620635
1786114304,2022196,14240,83886080,15183929344,1543,0,16642,16642,30,7.7,618039
1786114314,2033188,14240,83886080,15245856768,1544,0,16646,16646,40,7.7,620393
1786114324,2024516,14240,83886080,15322476544,1544,0,16654,16654,34,7.7,617993
1786114334,2024548,14240,83886080,15368663040,1544,0,16660,16659,37,7.7,622846
1786114344,2027172,14240,83886080,15430582272,1544,0,16665,16664,44,7.7,617924
1786114354,2025636,14240,83886080,15499857920,1544,0,16672,16672,33,7.7,620100
1786114365,2027032,14240,83886080,15546040320,1544,0,16678,16678,34,7.7,618448
1786114375,2025528,14240,83886080,15600619520,1544,0,16684,16684,35,7.7,620258
1786114385,2028768,14240,83886080,15652052992,1544,0,16690,16690,36,7.7,617941
1786114395,2026336,14240,83886080,15704530944,1544,0,16696,16696,35,7.7,623954
1786114405,2027256,14240,83886080,15758061568,1544,0,16702,16702,35,7.7,625454
1786114415,2029508,14240,83886080,15818936320,1545,0,16708,16708,36,7.7,617986
1786114425,2022060,14240,83886080,15832584192,1545,0,16708,16708,53,7.7,622347
1786114435,2021476,14240,83886080,15896608768,1545,0,16716,16716,31,7.7,622687
1786114445,2032184,14240,83886080,15944888320,1545,0,16720,16720,41,7.7,621962
1786114456,2021924,14240,83886080,15991070720,1545,0,16724,16724,49,7.7,620647
1786114466,2021160,14240,83886080,16032002048,1545,0,16728,16728,55,7.7,617973
1786114476,2025484,14240,83886080,16090783744,1545,0,16736,16736,35,7.7,624304
1786114486,2036672,14240,83886080,16136966144,1545,0,16740,16740,44,7.7,618073
1786114496,2033044,14240,83886080,16166350848,1545,0,16744,16744,49,7.7,620763
1786114506,2021060,14240,83886080,16214634496,1545,0,16752,16752,29,7.7,620489
1786114516,2031180,14240,83886080,16268161024,1545,0,16756,16756,38,7.7,620539
1786114526,2035864,14240,83886080,16304902144,1545,0,16760,16760,46,7.7,623698
1786114536,2022552,14240,83886080,16357380096,1545,0,16768,16768,32,7.7,622530
1786114546,2022748,14240,83886080,16392015872,1545,0,16772,16772,41,7.7,619075
1786114556,2031040,14240,83886080,16431906816,1545,0,16778,16778,41,7.7,620209
1786114566,2028968,14240,83886080,16479133696,1545,0,16785,16785,37,7.7,620880
1786114576,2028088,14240,83886080,16521117696,1545,0,16790,16790,42,7.7,619120
1786114586,2023408,14240,83886080,16559955968,1545,0,16798,16798,32,7.7,617879
1786114597,2035972,14240,83886080,16608235520,1545,0,16802,16802,43,7.7,618069
1786114607,2026728,14240,83886080,16657567744,1545,0,16810,16810,36,7.7,617919
1786114617,2029780,14240,83886080,16696406016,1545,0,16815,16815,41,7.7,622236
1786114627,2029712,14240,83886080,16747831296,1545,0,16822,16822,37,7.7,617953
1786114637,2022148,14240,83886080,16787722240,1545,0,16827,16827,44,7.7,617898
1786114647,2023772,14240,83886080,15758069760,1545,0,16835,16835,34,7.7,621818
1786114657,2035928,14240,83886080,15797968896,1545,0,16839,16839,43,7.7,617993
1786114667,2022096,14240,83886080,15828410368,1545,0,16843,16843,50,7.7,626133
1786114678,2026384,14240,83886080,15844171776,1545,0,16847,16847,45,7.7,618365
1786114688,2033956,14240,83886080,14805057536,1545,0,16852,16852,44,7.7,619882
1786114698,2027904,14240,83886080,14841794560,1545,0,16859,16859,38,7.7,617973
1786114709,2023268,14240,83886080,14853341184,1545,0,16861,16861,51,7.7,629675
1786114719,2022980,14240,83886080,13802672128,1544,0,16869,16869,31,7.7,617982
1786114729,2030896,14240,83886080,13834162176,1544,0,16873,16873,43,7.7,620959
1786114739,2023684,14240,83886080,13855158272,1544,0,16881,16879,44,7.7,625465
1786114749,2025872,14240,83886080,13883494400,1544,0,16887,16887,36,7.7,617952
1786114760,2029012,14240,83886080,13911834624,1544,0,16893,16893,38,7.7,621611
1786114770,2023864,14240,83886080,13928628224,1544,0,16899,16899,40,7.7,618564
1786114780,2028100,14240,83886080,13961162752,1544,0,16905,16905,38,7.7,619574
1786114790,2028616,14240,83886080,13992652800,1543,0,16911,16911,40,7.7,617957
1786114800,2023280,14240,83886080,14022041600,1543,0,16917,16917,37,7.7,618017
1786114810,2034176,14240,83886080,14056681472,1543,0,16921,16921,44,7.7,619767
1786114820,2023908,14240,83886080,14095511552,1543,0,16929,16929,34,7.7,619571
1786114830,2020784,14240,83886080,14112305152,1543,0,16930,16930,53,7.7,619385
1786114840,2035276,14240,83886080,14134349824,1543,0,16934,16934,58,7.7,618083
1786114850,2020736,14240,83886080,14156390400,1543,0,16938,16938,56,7.7,618598
1786114860,2027432,14240,83886080,14194176000,1543,0,16946,16946,40,7.7,622463
1786114871,2021228,14240,83886080,14207819776,1543,0,16946,16946,58,7.7,619894
1786114881,2021392,14240,83886080,14241406976,1543,0,16954,16954,31,7.7,619202
1786114891,2030220,14240,83886080,14282342400,1542,0,16958,16958,41,7.7,618460
1786114901,2022044,14240,83886080,14321172480,1542,0,16963,16963,47,7.7,618014
1786114911,2022652,14240,83886080,14322225152,1542,0,16968,16968,37,7.7,619580
1786114921,2028564,14240,83886080,14365261824,1542,0,16974,16974,38,7.7,618042
1786114931,2022064,14240,83886080,14400946176,1542,0,16980,16980,40,7.7,619818
1786114941,2025756,14240,83886080,14434533376,1542,0,16986,16986,38,7.7,619509
1786114951,2035616,14240,83886080,14466023424,1542,0,16990,16990,47,7.7,619686
1786114962,2026452,14240,83886080,14490165248,1542,0,16998,16998,36,7.7,620321
1786114972,2029952,14240,83886080,14511153152,1541,0,17003,17003,42,7.7,619474
1786114982,2026084,14240,83886080,14537392128,1541,0,17010,17010,38,7.7,621651
1786114992,2029576,14240,83886080,14569930752,1541,0,17016,17016,40,7.7,620810
1786115002,2029780,14240,83886080,14604566528,1541,0,17022,17022,41,7.7,619907
1786115012,2022316,14240,83886080,14637109248,1541,0,17028,17028,39,7.7,617944
1786115022,2030396,14240,83886080,14674911232,1541,0,17034,17034,41,7.7,619113
1786115032,2029400,14240,83886080,14705344512,1541,0,17038,17038,51,7.7,618024
1786115042,2026524,14240,83886080,14745239552,1540,0,17046,17046,37,7.7,621301
1786115052,2031944,14240,83886080,14779871232,1540,0,17051,17051,42,7.7,619516
1786115062,2022360,14240,83886080,14781968384,1540,0,17052,17052,53,7.7,625067
1786115073,2024892,14240,83886080,14816608256,1540,0,17060,17060,35,7.7,617968
1786115083,2035540,14240,83886080,14849142784,1540,0,17064,17064,46,7.7,621283
1786115093,2022136,14240,83886080,14875389952,1540,0,17069,17069,48,7.7,618082
1786115103,2029932,14240,83886080,14903721984,1540,0,17076,17076,38,7.7,618020
1786115113,2022168,14240,83886080,14934163456,1540,0,17081,17081,45,7.7,618032
1786115123,2022772,14240,83886080,14953058304,1539,0,17088,17088,38,7.7,620295
1786115133,2023516,14240,83886080,14954106880,1539,0,17092,17092,37,7.7,619864
1786115143,2022284,14240,83886080,14959353856,1539,0,17096,17096,44,7.7,617917
1786115153,2022732,14240,83886080,14966697984,1539,0,17104,17104,34,7.7,622923
1786115163,2021892,14240,83886080,14972997632,1539,0,17106,17106,47,7.7,626141
1786115174,2022668,14240,83886080,14979297280,1539,0,17110,17110,50,7.7,621298
1786115184,2020924,14240,83886080,14991896576,1539,0,17118,17118,34,7.7,618459
1786115194,2022948,14240,83886080,14995046400,1539,0,17123,17123,40,7.7,619237
1786115204,2021648,14240,83886080,15004487680,1539,0,17130,17130,38,7.7,621629
1786115214,2022936,14240,83886080,15011835904,1539,0,17135,17135,43,7.7,617929
1786115224,2021860,14240,83886080,15023378432,1539,0,17143,17143,33,7.7,621030
1786115234,2023412,14240,83886080,15031775232,1539,0,17148,17148,40,7.7,620079
1786115244,2021128,14240,83886080,15043321856,1539,0,17155,17155,34,7.7,619092
1786115254,2023584,14240,83886080,15049617408,1539,0,17160,17160,39,7.7,617972
1786115264,2021300,14240,83886080,15059062784,1539,0,17167,17167,35,7.7,620671
1786115274,2023304,14240,83886080,15063261184,1539,0,17173,17173,39,7.7,617932
1786115284,2022400,14240,83886080,15071662080,1539,0,17180,17180,35,7.7,622166
1786115294,2023372,14240,83886080,15077961728,1539,0,17185,17185,41,7.7,625082
1786115304,2021584,14240,83886080,14010499072,1539,0,17193,17193,31,7.7,619772
1786115315,2024432,14240,83886080,14012604416,1539,0,17197,17197,42,7.7,619729
1786115325,2022436,14240,83886080,14015750144,1539,0,17201,17201,49,7.7,618425
1786115335,2024000,14240,83886080,14016798720,1539,0,17209,17209,36,7.7,617921
1786115345,2022612,14240,83886080,14019944448,1539,0,17214,17214,39,7.7,623955
1786115355,2023448,14240,83886080,14022041600,1539,0,17221,17221,38,7.7,623381
1786115365,2021964,14240,83886080,14025199616,1539,0,17227,17227,39,7.7,622828
1786115375,2024672,14240,83886080,14029393920,1539,0,17233,17233,40,7.7,620929
1786115385,2022516,14240,83886080,14029393920,1539,0,17239,17239,40,7.7,617960
1786115395,2023028,14240,83886080,14033592320,1539,0,17245,17245,41,7.7,618000
1786115405,2022624,14240,83886080,14034644992,1539,0,17253,17253,33,7.7,620758
1786115415,2022628,14240,83886080,14035693568,1539,0,17253,17253,55,7.7,618049
1786115426,2021572,14240,83886080,14038839296,1539,0,17261,17260,38,7.7,619325
1786115436,2024540,14240,83886080,14041989120,1539,0,17265,17265,39,7.7,619592
1786115446,2022836,14240,83886080,14043041792,1539,0,17272,17271,42,7.7,626557
1786115456,2021984,14240,83886080,14046191616,1539,0,17278,17278,34,7.7,617944
1786115466,2022576,14240,83886080,14048288768,1539,0,17285,17285,33,7.7,619589
1786115476,2021300,14240,83886080,14052487168,1539,0,17290,17290,40,7.7,617944
1786115486,2023184,14240,83886080,14053535744,1539,0,17298,17298,35,7.7,619109
1786115496,2021700,14240,83886080,14057730048,1539,0,17305,17303,41,7.7,622430
1786115506,2023592,14240,83886080,14057730048,1539,0,17310,17310,39,7.7,619871
1786115516,2021436,14240,83886080,14060879872,1539,0,17313,17313,47,7.7,618080
1786115527,2022408,14240,83886080,14061932544,1539,0,17321,17321,28,7.7,619649
1786115537,2023452,14240,83886080,14066130944,1539,0,17325,17325,41,7.7,622386
1786115547,2022108,14240,83886080,14068228096,1539,0,17333,17333,34,7.7,620950
1786115557,2024608,14240,83886080,14071377920,1539,0,17337,17337,45,7.7,618015
1786115567,2023008,14240,83886080,14073479168,1539,0,17345,17345,36,7.7,617923
1786115577,2022404,14240,83886080,14075580416,1539,0,17351,17351,36,7.7,621267
1786115587,2023200,14240,83886080,14076633088,1539,0,17357,17357,39,7.7,623839
1786115597,2022624,14240,83886080,14080827392,1539,0,17362,17361,45,7.7,618057
1786115607,2023040,14240,83886080,14082924544,1539,0,17369,17369,37,7.7,618048
1786115617,2021752,14240,83886080,14085021696,1539,0,17375,17375,39,7.7,621008
1786115627,2023404,14240,83886080,14087118848,1539,0,17381,17381,40,7.7,618282
1786115638,2021736,14240,83886080,14090272768,1539,0,17389,17389,30,7.7,620159
1786115648,2022264,14240,83886080,14091321344,1539,0,17390,17390,49,7.7,620907
1786115658,2024540,14240,83886080,14098665472,1539,0,17395,17395,44,7.7,620635
1786115668,2022320,14240,83886080,14109159424,1539,0,17402,17402,37,7.7,621781
1786115678,2023132,14240,83886080,14115459072,1539,0,17407,17407,43,7.7,622913
1786115688,2023612,14240,83886080,14120710144,1539,0,17411,17411,47,7.7,622924
1786115698,2022580,14240,83886080,14129106944,1539,0,17419,17419,35,7.7,622221
1786115708,2023728,14240,83886080,14133305344,1539,0,17424,17424,41,7.7,619719
1786115718,2022888,14240,83886080,14141702144,1539,0,17431,17431,36,7.7,621610
1786115728,2025208,14240,83886080,14160592896,1538,0,17438,17438,36,7.7,617961
1786115738,2030548,14240,83886080,14191034368,1538,0,17444,17444,40,7.7,619612
1786115748,2028620,14240,83886080,14225670144,1538,0,17450,17450,42,7.7,619570
1786115759,2022536,14240,83886080,14272901120,1538,0,17458,17458,32,7.7,617913
1786115769,2026320,14240,83886080,14319083520,1538,0,17464,17464,35,7.7,622655
1786115779,2021844,14240,83886080,14330630144,1538,0,17464,17464,53,7.7,620785
1786115789,2026332,14240,83886080,14391504896,1538,0,17472,17472,37,7.7,618836
1786115799,2031368,14240,83886080,14436642816,1538,0,17477,17477,43,7.7,619526
1786115809,2025184,14240,83886080,14496473088,1538,0,17484,17484,37,7.7,619963
1786115819,2029128,14240,83886080,14532157440,1538,0,17488,17488,45,7.7,618969
1786115829,2026100,14240,83886080,14594080768,1538,0,17496,17496,35,7.7,622545
1786115839,2028928,14240,83886080,14632919040,1538,0,17501,17501,41,7.7,622361
1786115849,2022796,14240,83886080,14672805888,1538,0,17508,17508,35,7.7,621769
1786115860,2031860,14240,83886080,14717935616,1538,0,17513,17513,43,7.7,622907
1786115870,2035468,14240,83886080,14758866944,1538,0,17517,17517,50,7.7,618002
1786115880,2026064,14240,83886080,14814498816,1539,0,17525,17525,36,7.7,619392
1786115890,2031384,14240,83886080,14862778368,1539,0,17530,17530,43,7.7,619525
1786115900,2025436,14240,83886080,14902661120,1539,0,17534,17534,53,7.7,619708
1786115910,2028164,14240,83886080,14950944768,1539,0,17542,17542,39,7.7,618646
1786115920,2021812,14240,83886080,14993981440,1539,0,17546,17546,50,7.7,621311
1786115931,2023956,14240,83886080,15037014016,1539,0,17554,17554,32,7.7,618894
1786115941,2033548,14240,83886080,15078998016,1539,0,17558,17558,42,7.7,621314
1786115951,2021548,14240,83886080,15116779520,1539,0,17563,17563,48,7.7,618034
1786115961,2024784,14240,83886080,15166115840,1539,0,17571,17571,34,7.7,619005
1786115971,2033688,14240,83886080,15202844672,1539,0,17575,17575,44,7.7,618020
1786115981,2022172,14240,83886080,15233286144,1539,0,17580,17580,45,7.7,617986
1786115991,2032100,14240,83886080,15256375296,1539,0,17584,17584,43,7.7,617930
1786116001,2022544,14240,83886080,15297318912,1539,0,17590,17590,40,7.7,621987
1786116012,2031252,14240,83886080,15343493120,1539,0,17596,17596,38,7.7,620833
1786116022,2023072,14240,83886080,15372886016,1539,0,17604,17604,31,7.7,617945
1786116032,2029280,14240,83886080,15406473216,1539,0,17608,17608,40,7.7,621341
1786116042,2024224,14240,83886080,15432716288,1539,0,17616,17616,35,7.7,620060
1786116052,2022928,14240,83886080,15449509888,1539,0,17622,17622,34,7.7,618026
1786116062,2027628,14240,83886080,15473643520,1539,0,17628,17628,34,7.7,620223
1786116072,2027576,14240,83886080,15499890688,1539,0,17634,17634,37,7.7,622669
1786116082,2030412,14240,83886080,15519830016,1539,0,17639,17639,39,7.7,623375
1786116092,2026148,14240,83886080,15548166144,1539,0,17646,17646,35,7.7,620871
1786116102,2028856,14240,83886080,15574409216,1538,0,17652,17652,37,7.7,619138
1786116112,2029096,14240,83886080,15595401216,1538,0,17658,17658,38,7.7,619999
1786116122,2023548,14240,83886080,15620591616,1538,0,17664,17664,42,7.7,617964
1786116133,2024756,14240,83886080,15644729344,1538,0,17672,17672,34,7.7,620927
1786116143,2027312,14240,83886080,15668875264,1538,0,17678,17678,35,7.7,617952
1786116153,2028268,14240,83886080,15696158720,1538,0,17684,17684,37,7.7,619311
1786116163,2022420,14240,83886080,15718199296,1538,0,17688,17688,48,7.7,618145
1786116173,2023572,14240,83886080,15724503040,1538,0,17692,17692,45,7.7,622071
1786116183,2031540,14240,83886080,15755984896,1538,0,17697,17697,39,7.7,620251
1786116193,2024504,14240,83886080,15783280640,1538,0,17705,17705,32,7.7,619193
1786116203,2022084,14240,83886080,15797968896,1538,0,17708,17708,42,7.7,617983
1786116213,2031868,14240,83886080,15813713920,1538,0,17712,17712,47,7.7,617943
1786116223,2022492,14240,83886080,15838904320,1538,0,17720,17720,30,7.7,621316
1786116233,2028580,14240,83886080,15867244544,1537,0,17725,17725,37,7.7,617938
1786116243,2026180,14240,83886080,15890337792,1537,0,17730,17730,44,7.7,618611
1786116253,2025120,14240,83886080,15924969472,1537,0,17738,17738,35,7.7,620022
1786116264,2026908,14240,83886080,15955410944,1537,0,17743,17742,46,7.7,625415
1786116274,2025072,14240,83886080,15990050816,1537,0,17750,17750,34,7.7,619027
1786116284,2027580,14240,83886080,16025735168,1537,0,17756,17756,38,7.7,618815
1786116294,2025008,14240,83886080,16058269696,1537,0,17762,17762,37,7.7,619818
1786116304,2030364,14240,83886080,16099205120,1537,0,17768,17768,39,7.7,617962
1786116314,2023884,14240,83886080,16151687168,1537,0,17776,17776,31,7.7,619212
1786116324,2027892,14240,83886080,16184225792,1537,0,17780,17780,41,7.7,617992
1786116334,2026316,14240,83886080,16245100544,1537,0,17788,17788,34,7.7,617996
1786116344,2025784,14240,83886080,16293384192,1537,0,17793,17792,44,7.7,618252
1786116354,2024224,14240,83886080,16360562688,1537,0,17800,17800,34,7.7,619378
1786116364,2033760,14240,83886080,16416186368,1537,0,17804,17804,41,7.7,623152
1786116375,2022248,14240,83886080,16478113792,1537,0,17812,17812,28,7.7,623413
1786116385,2023284,14240,83886080,16520097792,1538,0,17812,17812,52,7.7,628790
1786116395,2037832,14240,83886080,16562081792,1538,0,17816,17816,55,7.7,618068
1786116406,2022736,14240,83886080,16641851392,1538,0,17824,17824,33,7.7,619070
1786116416,2034096,14240,83886080,16706924544,1538,0,17828,17828,41,7.7,620326
1786116426,2022784,14240,83886080,16751009792,1538,0,17833,17833,44,7.7,619135
1786116436,2028936,14240,83886080,16827633664,1538,0,17840,17840,40,7.7,618444
1786116446,2025384,14240,83886080,16889556992,1538,0,17845,17845,45,7.7,628598
1786116456,2028084,14240,83886080,16933646336,1538,0,17852,17852,41,7.7,618063
1786116466,2023324,14240,83886080,16979820544,1538,0,17858,17858,41,7.7,619313
1786116476,2031388,14240,83886080,17031254016,1538,0,17865,17865,37,7.7,618045
1786116486,2026700,14240,83886080,17065889792,1538,0,17870,17870,44,7.7,627122
1786116497,2031148,14240,83886080,17124667392,1538,0,17877,17877,40,7.7,618844
1786116507,2022084,14240,83886080,17168752640,1538,0,17882,17882,45,7.7,625645
1786116517,2025160,14240,83886080,17233858560,1538,0,17890,17890,33,7.7,620940
1786116527,2037176,14240,83886080,17287389184,1538,0,17894,17894,44,7.7,622497
1786116537,2022416,14240,83886080,17327280128,1538,0,17900,17900,45,7.7,620345
1786116547,2032160,14240,83886080,17376608256,1538,0,17906,17906,41,7.7,621173
1786116557,2023496,14240,83886080,17422802944,1538,0,17914,17912,43,7.7,621046
1786116567,2023356,14240,83886080,17468981248,1538,0,17919,17919,34,7.7,622991
1786116577,2032020,14240,83886080,17509916672,1538,0,17923,17923,44,7.7,619891
1786116587,2023048,14240,83886080,17556103168,1538,0,17931,17931,37,7.7,619660
1786116598,2027052,14240,83886080,17599131648,1538,0,17935,17935,41,7.7,618496
1786116608,2036668,14240,83886080,17649512448,1538,0,17940,17940,45,7.7,625850
1786116618,2025880,14240,83886080,17706192896,1538,0,17948,17948,34,7.7,620134
1786116628,2023252,14240,83886080,17738731520,1538,0,17952,17952,41,7.7,621052
1786116638,2022432,14240,83886080,17760772096,1539,0,17956,17956,47,7.7,624051
1786116648,2022792,14240,83886080,17785966592,1539,0,17964,17964,36,7.7,620653
1786116658,2023584,14240,83886080,17806954496,1539,0,17969,17969,41,7.7,618276
1786116668,2022448,14240,83886080,17833193472,1539,0,17976,17976,33,7.7,620357
1786116678,2023336,14240,83886080,17853140992,1539,0,17981,17981,39,7.7,625618
1786116689,2022448,14240,83886080,17875177472,1539,0,17985,17985,46,7.7,617940
1786116699,2022968,14240,83886080,17906667520,1539,0,17993,17993,32,7.7,627225
1786116709,2023248,14240,83886080,17928708096,1540,0,17997,17997,41,7.7,619023
1786116719,2023484,14240,83886080,17945505792,1540,0,18002,18002,44,7.7,619262
1786116729,2021712,14240,83886080,17973841920,1540,0,18010,18010,31,7.7,622954
1786116739,2023392,14240,83886080,17991684096,1540,0,18014,18014,41,7.7,619532
1786116749,2024444,14240,83886080,18004279296,1540,0,18019,18019,44,7.7,618475
1786116759,2021976,14240,83886080,16949420032,1540,0,18026,18026,37,7.7,617938
1786116769,2023172,14240,83886080,16964124672,1540,0,18031,18031,43,7.7,623435
1786116779,2022088,14240,83886080,16977764352,1540,0,18035,18035,48,7.7,617951
1786116790,2023312,14240,83886080,16993505280,1540,0,18039,18039,51,7.7,617975
1786116800,2022392,14240,83886080,17022898176,1540,0,18047,18047,31,7.7,617969
1786116810,2022520,14240,83886080,17040740352,1541,0,18051,18051,40,7.7,619469
1786116820,2023568,14240,83886080,15980634112,1541,0,18059,18059,30,7.7,620237
1786116830,2022268,14240,83886080,13852020736,1541,0,18063,18063,42,7.7,620806
1786116840,2022364,14240,83886080,13870923776,1541,0,18071,18071,32,7.7,620205
1786116850,2023092,14240,83886080,13888765952,1541,0,18076,18076,38,7.7,620687
1786116860,2021776,14240,83886080,13902405632,1541,0,18080,18080,46,7.7,620429
1786116870,2023748,14240,83886080,13918150656,1541,0,18088,18088,39,7.7,620439
1786116881,2022124,14240,83886080,13923397632,1541,0,18088,18088,57,7.7,632522
1786116891,2022792,14240,83886080,13940191232,1541,0,18096,18096,32,7.7,618860
1786116901,2021968,14240,83886080,13949640704,1541,0,18100,18100,42,7.7,619820
1786116911,2023432,14240,83886080,13961183232,1541,0,18105,18105,48,7.7,622187
1786116921,2022880,14240,83886080,13969580032,1541,0,18110,18110,39,7.7,622021
1786116931,2023000,14240,83886080,13979025408,1541,0,18115,18115,38,7.7,622124
1786116941,2023068,14240,83886080,14002122752,1541,0,18122,18122,36,7.7,618012
1786116951,2021868,14240,83886080,14008422400,1541,0,18126,18126,42,7.7,622126
1786116962,2023364,14240,83886080,14018912256,1542,0,18130,18130,45,7.7,619282
1786116972,2023068,14240,83886080,14034657280,1542,0,18138,18138,37,7.7,617944
1786116982,2023696,14240,83886080,14045151232,1542,0,18142,18142,46,7.7,619816
1786116992,2021804,14240,83886080,14059847680,1542,0,18150,18150,34,7.7,617939
1786117002,2023372,14240,83886080,14069293056,1542,0,18155,18155,41,7.7,619091
1786117012,2022424,14240,83886080,14089232384,1542,0,18162,18162,34,7.7,619738
1786117022,2022360,14240,83886080,14095532032,1542,0,18164,18163,53,7.7,624537
1786117033,2021652,14240,83886080,14113378304,1542,0,18168,18168,50,7.7,619766
1786117043,2022972,14240,83886080,14137516032,1543,0,18176,18176,36,7.7,617965
1786117053,2022988,14240,83886080,14156410880,1543,0,18182,18182,37,7.7,619650
1786117063,2022376,14240,83886080,14162710528,1543,0,18184,18184,49,7.7,617979
1786117073,2022844,14240,83886080,14188949504,1543,0,18192,18192,33,7.7,621524
1786117083,2023384,14240,83886080,14200496128,1543,0,18196,18196,42,7.7,617908
1786117093,2021384,14240,83886080,14224633856,1543,0,18204,18204,34,7.7,620564
1786117104,2022500,14240,83886080,14234079232,1543,0,18209,18209,37,7.7,620487
1786117114,2022636,14240,83886080,14243528704,1543,0,18214,18214,42,7.7,617967
1786117124,2023412,14240,83886080,14251921408,1543,0,18221,18221,38,7.7,621606
1786117134,2022324,14240,83886080,14258221056,1543,0,18227,18227,40,7.7,622165
1786117144,2022592,14240,83886080,14267670528,1543,0,18234,18234,35,7.7,620656
1786117154,2023056,14240,83886080,14277115904,1543,0,18239,18239,43,7.7,617918
1786117164,2022780,14240,83886080,14286561280,1543,0,18246,18246,39,7.7,618458
1786117174,2021816,14240,83886080,14298107904,1543,0,18251,18251,44,7.7,617936
1786117184,2022836,14240,83886080,14309650432,1543,0,18258,18258,40,7.7,619824
1786117195,2022996,14240,83886080,14313852928,1543,0,18259,18259,57,7.7,623135
1786117205,2021652,14240,83886080,14320148480,1543,0,18267,18267,31,7.7,618810
1786117215,2022420,14240,83886080,14326448128,1543,0,18271,18271,40,7.7,617933
1786117225,2021592,14240,83886080,14329593856,1543,0,18276,18276,44,7.7,617957
1786117235,2026696,14240,83886080,14350585856,1543,0,18283,18283,35,7.7,617999
1786117245,2031032,14240,83886080,14375776256,1543,0,18288,18288,42,7.7,618957
1786117256,2022704,14240,83886080,14402015232,1543,0,18296,18296,34,7.7,618219
1786117266,2033704,14240,83886080,14424059904,1543,0,18300,18300,44,7.7,619369
1786117276,2024356,14240,83886080,14442950656,1543,0,18308,18308,34,7.7,617980
1786117286,2028616,14240,83886080,14472335360,1543,0,18313,18313,42,7.7,618007
1786117296,2025292,14240,83886080,14497529856,1543,0,18317,18317,50,7.7,618179
1786117306,2027040,14240,83886080,14526914560,1543,0,18325,18325,38,7.7,618664
1786117316,2036708,14240,83886080,14559457280,1543,0,18329,18329,48,7.7,620028
1786117326,2024388,14240,83886080,14582550528,1543,0,18337,18337,31,7.7,621151
1786117336,2030416,14240,83886080,14611939328,1543,0,18342,18342,40,7.7,617962
1786117346,2025004,14240,83886080,14640279552,1543,0,18349,18349,36,7.7,618241
1786117356,2028408,14240,83886080,14665465856,1543,0,18355,18355,39,7.7,620318
1786117367,2024716,14240,83886080,14694854656,1543,0,18362,18362,34,7.7,619841
1786117377,2032052,14240,83886080,14729494528,1543,0,18367,18367,42,7.7,617966
1786117387,2021944,14240,83886080,14737891328,1543,0,18367,18367,57,7.7,617909
1786117397,2026088,14240,83886080,14781972480,1543,0,18375,18375,37,7.7,617919
1786117407,2025236,14240,83886080,14811365376,1543,0,18379,18379,49,7.7,627166
1786117418,2022528,14240,83886080,14843899904,1543,0,18387,18387,36,7.7,618139
1786117428,2034312,14240,83886080,14881685504,1543,0,18391,18391,47,7.7,618737
1786117438,2022640,14240,83886080,14917373952,1543,0,18397,18396,50,7.7,619085
1786117448,2025260,14240,83886080,14969847808,1543,0,18403,18403,38,7.7,622199
1786117458,2021616,14240,83886080,15008686080,1543,0,18408,18408,43,7.7,622260
1786117468,2024340,14240,83886080,15044370432,1543,0,18415,18415,38,7.7,620919
1786117478,2026484,14240,83886080,15079014400,1543,0,18419,18419,46,7.7,625663
1786117488,2024320,14240,83886080,15126241280,1544,0,18427,18427,35,7.7,621850
1786117498,2028392,14240,83886080,15165075456,1544,0,18432,18432,40,7.7,621889
1786117508,2023672,14240,83886080,15201812480,1544,0,18436,18436,51,7.7,618004
1786117518,2024476,14240,83886080,15249043456,1544,0,18444,18444,36,7.7,618009
1786117528,2034560,14240,83886080,15289974784,1544,0,18448,18448,46,7.7,624285
1786117538,2021880,14240,83886080,15328813056,1544,0,18452,18452,53,7.7,617960
1786117549,2025956,14240,83886080,15376048128,1544,0,18460,18460,37,7.7,621333
1786117559,2034020,14240,83886080,15418028032,1544,0,18464,18464,47,7.7,617994
1786117569,2021340,14240,83886080,15448469504,1544,0,18468,18468,50,7.7,617995
1786117579,2022836,14240,83886080,15493599232,1544,0,18476,18476,33,7.7,621542
1786117589,2030940,14240,83886080,15532437504,1544,0,18480,18480,44,7.7,620596
1786117599,2022612,14240,83886080,15566024704,1544,0,18485,18485,45,7.7,620027
1786117609,2024640,14240,83886080,15574417408,1544,0,18489,18489,39,7.7,618048
1786117619,2028832,14240,83886080,15617454080,1544,0,18495,18495,38,7.7,618704
1786117629,2026892,14240,83886080,15653138432,1544,0,18501,18501,39,7.7,620513
1786117639,2024028,14240,83886080,15702474752,1544,0,18509,18509,33,7.7,618661
1786117649,2026996,14240,83886080,15744458752,1544,0,18515,18515,36,7.7,621832
1786117660,2029304,14240,83886080,15790641152,1544,0,18521,18521,38,7.7,620136
1786117670,2034552,14240,83886080,15823175680,1544,0,18525,18525,46,7.7,619205
1786117680,2027168,14240,83886080,15856758784,1544,0,18533,18533,34,7.7,620248
1786117690,2027856,14240,83886080,15891398656,1544,0,18539,18539,38,7.7,617929
1786117700,2027424,14240,83886080,15930236928,1544,0,18545,18545,36,7.7,618290
1786117710,2029036,14240,83886080,15965921280,1544,0,18551,18551,39,7.7,620081
1786117720,2022384,14240,83886080,15996362752,1544,0,18557,18557,40,7.7,618053
1786117730,2030908,14240,83886080,16041492480,1544,0,18563,18563,41,7.7,617949
1786117740,2024644,14240,83886080,16083476480,1544,0,18571,18571,33,7.7,618482
1786117750,2021812,14240,83886080,16119160832,1544,0,18577,18577,33,7.7,619968
1786117760,2030452,14240,83886080,16157999104,1544,0,18581,18581,41,7.7,622791
1786117770,2023100,14240,83886080,16198934528,1544,0,18589,18589,32,7.7,618934
1786117781,2027940,14240,83886080,16228319232,1544,0,18593,18593,41,7.7,618992
1786117791,2025176,14240,83886080,16267153408,1543,0,18601,18601,32,7.7,617931
1786117801,2025588,14240,83886080,16300744704,1543,0,18607,18607,35,7.7,620304
1786117811,2024312,14240,83886080,16332234752,1543,0,18613,18613,34,7.7,617972
1786117821,2028352,14240,83886080,16371068928,1543,0,18619,18619,36,7.7,619224
1786117831,2029368,14240,83886080,15338246144,1543,0,18625,18625,38,7.7,618136
1786117841,2030720,14240,83886080,15370784768,1543,0,18629,18629,49,7.7,622097
1786117851,2030948,14240,83886080,14342168576,1543,0,18637,18637,38,7.7,618979
1786117862,2021908,14240,83886080,14383099904,1543,0,18643,18643,38,7.7,619073
1786117872,2028968,14240,83886080,14419828736,1543,0,18649,18649,36,7.7,618087
1786117882,2030356,14240,83886080,14462869504,1543,0,18655,18655,38,7.7,618794
1786117892,2024172,14240,83886080,14498557952,1543,0,18661,18661,38,7.7,618374
1786117902,2030052,14240,83886080,14546837504,1542,0,18667,18667,37,7.7,621887
1786117912,2022860,14240,83886080,14594068480,1542,0,18673,18673,38,7.7,621971
1786117922,2022548,14240,83886080,14625558528,1542,0,18677,18677,47,7.7,621638
1786117932,2035644,14240,83886080,13574897664,1542,0,18681,18681,49,7.7,620886
1786117942,2022136,14240,83886080,13612679168,1542,0,18689,18689,31,7.7,618841
1786117952,2034748,14240,83886080,13653663744,1542,0,18693,18693,41,7.7,619747
1786117963,2027664,14240,83886080,13682012160,1542,0,18699,18699,42,7.7,621053
1786117973,2030352,14240,83886080,13719797760,1542,0,18706,18706,39,7.7,624273
1786117983,2026480,14240,83886080,13756530688,1541,0,18713,18713,35,7.7,621592
1786117993,2028376,14240,83886080,13780676608,1541,0,18719,18719,36,7.7,619657
1786118003,2025576,14240,83886080,13820559360,1541,0,18726,18726,33,7.7,621767
1786118013,2032076,14240,83886080,13859397632,1541,0,18731,18731,40,7.7,618476
1786118023,2022480,14240,83886080,13868843008,1541,0,18735,18735,36,7.7,618068
1786118033,2032380,14240,83886080,13915021312,1541,0,18739,18739,41,7.7,622944
1786118043,2022544,14240,83886080,13954908160,1541,0,18744,18744,44,7.7,618126
1786118054,2023828,14240,83886080,13993738240,1540,0,18751,18751,37,7.7,623579
1786118064,2033728,14240,83886080,14034673664,1540,0,18756,18756,41,7.7,618012
1786118074,2021568,14240,83886080,14076661760,1540,0,18764,18764,33,7.7,619086
1786118084,2025532,14240,83886080,14110248960,1540,0,18768,18768,40,7.7,618860
1786118094,2033836,14240,83886080,14151180288,1540,0,18773,18773,42,7.7,617963
1786118104,2026944,14240,83886080,14181621760,1539,0,18780,18780,38,7.7,618028
1786118114,2029188,14240,83886080,14206812160,1539,0,18785,18785,43,7.7,625125
1786118124,2021948,14240,83886080,14240399360,1539,0,18789,18789,49,7.7,619563
1786118134,2023212,14240,83886080,14270840832,1539,0,18797,18797,39,7.7,619956
1786118145,2021904,14240,83886080,14275039232,1539,0,18798,18798,54,7.7,626491
1786118155,2023232,14240,83886080,14291828736,1539,0,18806,18806,33,7.7,618058
1786118165,2022896,14240,83886080,14300225536,1539,0,18810,18810,44,7.7,620501
1786118176,2021944,14240,83886080,14307573760,1539,0,18816,18816,45,7.7,618085
1786118186,2023072,14240,83886080,14313869312,1539,0,18823,18823,36,7.7,622603
1786118196,2022196,14240,83886080,14322266112,1539,0,18830,18830,36,7.7,623079
1786118206,2022576,14240,83886080,14328561664,1539,0,18836,18836,36,7.7,617895
1786118216,2022796,14240,83886080,14336962560,1539,0,18843,18843,36,7.7,618011
1786118226,2021952,14240,83886080,14346407936,1539,0,18850,18850,34,7.7,619999
1786118236,2021780,14240,83886080,14348509184,1539,0,18853,18853,43,7.7,620541
1786118246,2021904,14240,83886080,14354804736,1539,0,18857,18857,51,7.7,619729
1786118256,2022172,14240,83886080,14363201536,1539,0,18865,18865,32,7.7,619118
1786118267,2023676,14240,83886080,14368448512,1539,0,18869,18869,42,7.7,617955
1786118277,2022320,14240,83886080,14368448512,1539,0,18870,18870,59,7.7,623933
1786118287,2022524,14240,83886080,14382092288,1539,0,18878,18878,36,7.7,618623
1786118297,2023064,14240,83886080,14388391936,1539,0,18882,18882,42,7.7,620156
1786118307,2022704,14240,83886080,14394691584,1539,0,18887,18887,48,7.7,617906
1786118317,2022388,14240,83886080,14405185536,1539,0,18895,18895,36,7.7,622787
1786118327,2022828,14240,83886080,14411481088,1539,0,18899,18899,46,7.7,619799
1786118337,2022680,14240,83886080,14417780736,1539,0,18907,18907,35,7.7,618006
1786118347,2022552,14240,83886080,14425124864,1539,0,18912,18912,38,7.7,621433
1786118357,2023192,14240,83886080,14425124864,1539,0,18919,18919,35,7.7,620636
1786118367,2021708,14240,83886080,14429335552,1539,0,18924,18924,41,7.7,622812
1786118378,2022152,14240,83886080,14429335552,1539,0,18928,18928,40,7.7,617929
1786118388,2023120,14240,83886080,14433546240,1539,0,18932,18932,41,7.7,621328
1786118398,2022860,14240,83886080,14434594816,1539,0,18937,18937,45,7.7,618422
1786118408,2022028,14240,83886080,14437744640,1539,0,18944,18944,38,7.7,617912
1786118418,2022916,14240,83886080,14439841792,1539,0,18949,18949,39,7.7,619686
1786118428,2021656,14240,83886080,14444040192,1539,0,18957,18957,33,7.7,620562
1786118438,2023264,14240,83886080,14446137344,1539,0,18962,18962,40,7.7,621204
1786118448,2022812,14240,83886080,14452436992,1539,0,18969,18969,36,7.7,621945
1786118458,2021568,14240,83886080,14456635392,1539,0,18974,18974,43,7.7,617930
1786118469,2022220,14240,83886080,14461882368,1539,0,18982,18982,34,7.7,619851
1786118479,2022944,14240,83886080,14467133440,1539,0,18986,18986,40,7.7,619567
1786118489,2022412,14240,83886080,14473428992,1539,0,18994,18994,30,7.7,617977
1786118499,2023156,14240,83886080,14479724544,1539,0,18998,18998,42,7.7,619741
1786118509,2021960,14240,83886080,14486020096,1539,0,19003,19003,44,7.7,618056
1786118519,2023360,14240,83886080,14496522240,1539,0,19010,19010,39,7.7,621056
1786118529,2021476,14240,83886080,14505967616,1539,0,19017,19016,37,7.7,623313
1786118539,2023100,14240,83886080,14517514240,1539,0,19023,19023,37,7.7,619687
1786118549,2022728,14240,83886080,14529060864,1539,0,19030,19030,35,7.7,618117
1786118559,2022452,14240,83886080,14537453568,1539,0,19035,19035,40,7.7,617934
1786118569,2022816,14240,83886080,14550048768,1539,0,19043,19043,31,7.7,618780
1786118579,2023700,14240,83886080,14557392896,1539,0,19048,19048,37,7.7,620017
1786118589,2022000,14240,83886080,14567890944,1538,0,19055,19055,36,7.7,620502
1786118600,2021404,14240,83886080,13493080064,1539,0,19059,19059,36,7.7,617935
1786118610,2024252,14240,83886080,13496229888,1538,0,19063,19063,41,7.7,621295
1786118620,2021772,14240,83886080,13498331136,1538,0,19071,19071,30,7.7,621708
1786118630,2022156,14240,83886080,13501476864,1538,0,19076,19076,36,7.7,617949
1786118640,2022868,14240,83886080,13502525440,1538,0,19081,19081,39,7.7,619687
1786118650,2023268,14240,83886080,13505671168,1538,0,19088,19088,36,7.7,624538
1786118660,2021932,14240,83886080,13507768320,1538,0,19096,19096,29,7.7,618344
1786118670,2022656,14240,83886080,13509869568,1538,0,19100,19100,43,7.7,617937
1786118680,2021632,14240,83886080,13513023488,1538,0,19106,19105,47,7.7,618054
1786118690,2022496,14240,83886080,13514076160,1538,0,19110,19109,49,7.7,620442
1786118700,2023788,14240,83886080,13516173312,1538,0,19114,19114,46,7.7,617948
1786118711,2022308,14240,83886080,13519319040,1538,0,19122,19122,30,7.7,621804
1786118721,2022824,14240,83886080,13520367616,1538,0,19126,19126,40,7.7,619115
1786118731,2024928,14240,83886080,13525614592,1538,0,19130,19130,49,7.7,622958
1786118741,2025016,14240,83886080,13550809088,1538,0,19138,19138,34,7.7,624562
1786118751,2029344,14240,83886080,13579145216,1538,0,19142,19142,44,7.7,619630
1786118761,2022600,14240,83886080,13601185792,1538,0,19148,19147,52,7.7,626489
1786118771,2023780,14240,83886080,13617979392,1538,0,19155,19155,37,7.7,618454
1786118781,2031952,14240,83886080,13635825664,1538,0,19159,19159,47,7.7,620951
1786118791,2021928,14240,83886080,13662064640,1537,0,19163,19163,51,7.7,617928
1786118801,2026372,14240,83886080,13683056640,1537,0,19171,19171,37,7.7,619546
1786118812,2033212,14240,83886080,13711392768,1537,0,19176,19176,43,7.7,619413
1786118822,2026920,14240,83886080,13736579072,1537,0,19183,19183,37,7.7,617965
1786118832,2029188,14240,83886080,13758619648,1537,0,19188,19188,44,7.7,617944
1786118842,2022204,14240,83886080,13783810048,1537,0,19196,19196,31,7.7,622310
1786118852,2032736,14240,83886080,13812150272,1537,0,19200,19200,44,7.7,619394
1786118862,2022648,14240,83886080,13832089600,1536,0,19208,19208,32,7.7,618017
1786118872,2030340,14240,83886080,13859381248,1536,0,19213,19213,40,7.7,620938
1786118882,2028396,14240,83886080,13885620224,1536,0,19220,19220,37,7.7,620578
1786118892,2022588,14240,83886080,13889818624,1536,0,19220,19220,59,7.7,619587
1786118903,2026456,14240,83886080,13917110272,1536,0,19228,19228,37,7.7,620014
1786118913,2032328,14240,83886080,13944397824,1536,0,19233,19233,43,7.7,617951
1786118923,2021424,14240,83886080,13961187328,1536,0,19237,19237,49,7.7,617989
1786118933,2028876,14240,83886080,13970636800,1536,0,19241,19241,51,7.7,617938
1786118943,2021592,14240,83886080,14000029696,1535,0,19245,19245,49,7.7,623148
1786118953,2025216,14240,83886080,14026264576,1535,0,19253,19253,37,7.7,617926
1786118963,2030460,14240,83886080,14048305152,1535,0,19257,19257,46,7.7,618830
1786118973,2022460,14240,83886080,14067200000,1535,0,19263,19262,47,7.7,617940
1786118984,2030036,14240,83886080,14097633280,1535,0,19269,19269,41,7.7,621225
1786118994,2031508,14240,83886080,14121775104,1535,0,19274,19274,45,7.7,619933
1786119004,2023176,14240,83886080,14143811584,1535,0,19278,19278,53,7.7,621813
1786119014,2027664,14240,83886080,14176346112,1534,0,19286,19286,40,7.7,620925
1786119024,2032896,14240,83886080,14203637760,1534,0,19290,19290,48,7.7,617953
1786119034,2021820,14240,83886080,14235127808,1534,0,19298,19298,31,7.7,620117
1786119044,2030144,14240,83886080,14266613760,1534,0,19302,19302,41,7.7,623430
1786119054,2022528,14240,83886080,14294953984,1534,0,19310,19308,40,7.7,617974
1786119064,2027668,14240,83886080,14333792256,1534,0,19314,19314,42,7.7,621409
1786119074,2023340,14240,83886080,14368423936,1533,0,19319,19319,49,7.7,620491
1786119084,2027212,14240,83886080,14404116480,1533,0,19327,19327,37,7.7,620056
1786119094,2024868,14240,83886080,14440849408,1533,0,19334,19334,33,7.7,619524
1786119105,2030484,14240,83886080,14477582336,1533,0,19339,19339,40,7.7,618570
1786119115,2022304,14240,83886080,14506979328,1533,0,19344,19344,44,7.7,618364
1786119125,2029344,14240,83886080,14544760832,1533,0,19351,19351,40,7.7,620660
1786119135,2023256,14240,83886080,14581493760,1533,0,19357,19356,45,7.7,617968
1786119145,2031704,14240,83886080,14620332032,1532,0,19363,19363,40,7.7,619912
1786119155,2024532,14240,83886080,14667558912,1532,0,19371,19371,31,7.7,619166
1786119165,2030660,14240,83886080,14716895232,1532,0,19376,19376,38,7.7,618746
1786119177,2022860,14240,83886080,14733688832,1532,0,19377,19377,53,7.7,622961
1786119187,2028188,14240,83886080,14786162688,1532,0,19385,19385,36,7.7,620465
1786119197,2034224,14240,83886080,14838648832,1532,0,19390,19390,43,7.7,622244
1786119207,2023028,14240,83886080,14876434432,1532,0,19394,19394,50,7.7,620671
1786119218,2029556,14240,83886080,14932058112,1532,0,19402,19402,39,7.7,617911
1786119228,2021668,14240,83886080,14977196032,1532,0,19406,19406,49,7.7,620233
1786119238,2022280,14240,83886080,15016026112,1532,0,19414,19414,32,7.7,619063
1786119248,2030308,14240,83886080,15063261184,1533,0,19418,19418,39,7.7,617987
1786119258,2023528,14240,83886080,15106297856,1533,0,19423,19423,46,7.7,619708
1786119268,2024536,14240,83886080,15143030784,1533,0,19431,19431,34,7.7,621729
1786119278,2028012,14240,83886080,15185018880,1533,0,19436,19436,41,7.7,618076
1786119288,2030408,14240,83886080,15230148608,1533,0,19443,19443,39,7.7,621804
1786119298,2022716,14240,83886080,15257444352,1533,0,19450,19450,34,7.7,620244
1786119309,2031520,14240,83886080,15302574080,1533,0,19456,19456,39,7.7,623450
1786119319,2029844,14240,83886080,15356096512,1533,0,19463,19463,36,7.7,623141
1786119329,2034772,14240,83886080,15398084608,1533,0,19468,19468,44,7.7,620398
1786119339,2024344,14240,83886080,15440068608,1533,0,19476,19476,32,7.7,620102
1786119349,2035188,14240,83886080,15478902784,1532,0,19480,19480,44,7.7,618096
1786119359,2023964,14240,83886080,15510396928,1532,0,19488,19488,33,7.7,617956
1786119369,2031796,14240,83886080,15554473984,1532,0,19493,19493,39,7.7,621245
1786119379,2025380,14240,83886080,15589109760,1532,0,19498,19498,46,7.7,619896
1786119389,2024316,14240,83886080,15631097856,1532,0,19506,19506,34,7.7,625462
1786119399,2039008,14240,83886080,15675183104,1532,0,19510,19510,44,7.7,620053
1786119410,2022772,14240,83886080,15712968704,1532,0,19514,19514,56,7.7,619620
1786119420,2028092,14240,83886080,15761248256,1532,0,19522,19522,36,7.7,621439
1786119430,2040176,14240,83886080,15803232256,1532,0,19526,19526,46,7.7,617984
1786119440,2023020,14240,83886080,15841017856,1532,0,19534,19534,32,7.7,617996
1786119450,2033788,14240,83886080,15893495808,1532,0,19538,19538,41,7.7,623595
1786119460,2023148,14240,83886080,15935479808,1532,0,19546,19546,32,7.7,621886
1786119470,2026720,14240,83886080,15977463808,1532,0,19551,19550,41,7.7,618099
1786119480,2025604,14240,83886080,16033095680,1532,0,19556,19556,42,7.7,618091
1786119490,2029280,14240,83886080,16091865088,1532,0,19563,19563,37,7.7,624707
1786119500,2033244,14240,83886080,16138055680,1532,0,19568,19568,44,7.7,619828
1786119510,2022752,14240,83886080,16192634880,1532,0,19576,19576,30,7.7,617977
1786119520,2037812,14240,83886080,16247209984,1532,0,19580,19580,42,7.7,619158
1786119531,2021788,14240,83886080,16261906432,1532,0,19581,19581,50,7.7,629435
1786119541,2026764,14240,83886080,16326979584,1532,0,19589,19589,36,7.7,617967
1786119551,2032960,14240,83886080,16384704512,1532,0,19594,19594,42,7.7,619977
1786119561,2025440,14240,83886080,16440340480,1532,0,19601,19601,37,7.7,617985
1786119571,2021888,14240,83886080,16470777856,1532,0,19605,19605,35,7.7,617978
1786119581,2035000,14240,83886080,16530608128,1532,0,19609,19609,41,7.7,620578
1786119591,2022932,14240,83886080,16599879680,1533,0,19617,19617,32,7.7,621005
1786119601,2024272,14240,83886080,16653410304,1533,0,19622,19622,34,7.7,617990
1786119611,2033732,14240,83886080,16717430784,1533,0,19627,19627,40,7.7,619336
1786119621,2028900,14240,83886080,16779362304,1533,0,19634,19634,36,7.7,619364
1786119631,2032380,14240,83886080,16823447552,1533,0,19639,19639,41,7.7,617984
1786119642,2022292,14240,83886080,16857034752,1533,0,19647,19647,34,7.7,622849
1786119652,2022808,14240,83886080,16880119808,1533,0,19652,19652,40,7.7,617993
1786119662,2023428,14240,83886080,16907411456,1533,0,19659,19659,35,7.7,618052
1786119672,2022776,14240,83886080,16939962368,1533,0,19666,19666,33,7.7,617927
1786119682,2021596,14240,83886080,16971448320,1533,0,19672,19672,36,7.7,617949
1786119692,2024064,14240,83886080,16991391744,1534,0,19676,19676,48,7.7,617922
1786119702,2023852,14240,83886080,17035472896,1534,0,19684,19684,33,7.7,618907
1786119712,2024200,14240,83886080,17058566144,1534,0,19689,19689,40,7.7,617964
1786119722,2022332,14240,83886080,17077456896,1534,0,19694,19694,41,7.7,618448
1786119732,2023716,14240,83886080,17112096768,1534,0,19701,19701,36,7.7,620766
1786119742,2022928,14240,83886080,17123639296,1534,0,19707,19707,36,7.7,618067
1786119752,2022060,14240,83886080,17141481472,1534,0,19713,19713,38,7.7,617979
1786119762,2022012,14240,83886080,17170870272,1535,0,19721,19721,33,7.7,618461
1786119772,2023924,14240,83886080,17190825984,1535,0,19726,19726,38,7.7,618076
1786119783,2022236,14240,83886080,17198174208,1535,0,19727,19727,48,7.7,633543
1786119793,2022944,14240,83886080,17221279744,1535,0,19734,19734,36,7.7,624348
1786119803,2022976,14240,83886080,17246470144,1535,0,19739,19739,43,7.7,619975
1786119813,2021644,14240,83886080,17263259648,1535,0,19744,19743,48,7.7,618037
1786119823,2022892,14240,83886080,17270607872,1535,0,19748,19748,45,7.7,620148
1786119833,2022808,14240,83886080,17282154496,1535,0,19756,19756,36,7.7,620603
1786119843,2023800,14240,83886080,17293701120,1535,0,19762,19762,34,7.7,618042
1786119853,2022056,14240,83886080,17304195072,1535,0,19768,19768,34,7.7,619596
1786119863,2023092,14240,83886080,17312591872,1535,0,19774,19774,36,7.7,624097
1786119873,2023308,14240,83886080,17315741696,1535,0,19780,19780,40,7.7,617894
1786119883,2023968,14240,83886080,17315741696,1535,0,19782,19780,58,7.7,617921
1786119894,2022900,14240,83886080,17324134400,1535,0,19788,19788,37,7.7,620253
1786119904,2022744,14240,83886080,17332535296,1535,0,19794,19794,39,7.7,622255
1786119914,2023332,14240,83886080,17345130496,1535,0,19800,19800,42,7.7,617922
1786119924,2022688,14240,83886080,17356673024,1535,0,19808,19808,29,7.7,617910
1786119934,2022988,14240,83886080,17369268224,1535,0,19812,19812,41,7.7,619096
1786119944,2022728,14240,83886080,17376616448,1535,0,19817,19817,46,7.7,618040
1786119954,2022824,14240,83886080,17391308800,1535,0,19825,19825,32,7.7,620315
1786119964,2023584,14240,83886080,17401810944,1535,0,19829,19829,44,7.7,617937
1786119974,2023372,14240,83886080,17431195648,1536,0,19837,19837,33,7.7,620788
1786119984,2023380,14240,83886080,17447989248,1536,0,19842,19842,40,7.7,619016
1786119994,2022828,14240,83886080,17475280896,1536,0,19849,19849,34,7.7,622576
1786120005,2023812,14240,83886080,17496272896,1536,0,19854,19854,40,7.7,619929
1786120015,2022992,14240,83886080,17518313472,1536,0,19862,19862,28,7.7,618507
1786120025,2022688,14240,83886080,17545601024,1536,0,19866,19866,39,7.7,619129
1786120035,2022352,14240,83886080,17562398720,1536,0,19871,19871,45,7.7,622738
1786120045,2022552,14240,83886080,17594945536,1536,0,19878,19878,34,7.7,619844
1786120055,2024132,14240,83886080,17609641984,1537,0,19883,19883,39,7.7,621257
1786120065,2023164,14240,83886080,16551632896,1537,0,19888,19888,46,7.7,620869
1786120075,2022560,14240,83886080,16570527744,1537,0,19895,19895,38,7.7,618408
1786120085,2022472,14240,83886080,16587321344,1537,0,19901,19901,39,7.7,618971
1786120096,2024160,14240,83886080,16608313344,1537,0,19908,19908,37,7.7,617947
1786120106,2023388,14240,83886080,16615657472,1537,0,19908,19908,57,7.7,627019
1786120116,2023120,14240,83886080,16635600896,1537,0,19916,19916,34,7.7,620039
1786120126,2023636,14240,83886080,16648196096,1537,0,19921,19921,40,7.7,621379
1786120136,2023372,14240,83886080,16664989696,1537,0,19928,19928,35,7.7,626522
1786120146,2023368,14240,83886080,16685981696,1537,0,19933,19933,38,7.7,622421
1786120156,2023792,14240,83886080,16696479744,1538,0,19939,19938,44,7.7,618892
1786120167,2022496,14240,83886080,15633223680,1538,0,19945,19945,39,7.7,620311
1786120177,2024436,14240,83886080,15646867456,1538,0,19950,19950,42,7.7,620360
1786120187,2023484,14240,83886080,15661563904,1538,0,19958,19958,34,7.7,617991
1786120197,2023104,14240,83886080,15669960704,1538,0,19963,19963,39,7.7,621686
1786120207,2023484,14240,83886080,15682555904,1538,0,19970,19970,35,7.7,622498
1786120217,2023456,14240,83886080,15692001280,1538,0,19977,19977,33,7.7,617935
1786120227,2024084,14240,83886080,15701450752,1538,0,19982,19982,41,7.7,617906
1786120237,2022704,14240,83886080,14645530624,1538,0,19986,19986,52,7.7,617932
1786120247,2028824,14240,83886080,14682271744,1538,0,19994,19994,38,7.7,617926
1786120257,2034056,14240,83886080,13632659456,1538,0,19998,19998,47,7.7,620945
1786120267,2024128,14240,83886080,13659951104,1538,0,20006,20006,32,7.7,619679
1786120277,2031692,14240,83886080,13691432960,1538,0,20010,20010,44,7.7,617940
1786120287,2023632,14240,83886080,13712429056,1538,0,20017,20016,43,7.7,620495
1786120298,2028824,14240,83886080,13740769280,1538,0,20023,20023,38,7.7,621119
1786120308,2024004,14240,83886080,13768060928,1538,0,20027,20027,49,7.7,620453
1786120318,2022104,14240,83886080,13772255232,1538,0,20031,20031,48,7.7,619839
1786120328,2030856,14240,83886080,13802696704,1538,0,20035,20035,43,7.7,620188
1786120338,2021620,14240,83886080,13833134080,1538,0,20043,20043,29,7.7,625076
1786120348,2022044,14240,83886080,13855170560,1538,0,20044,20044,51,7.7,617949
1786120359,2029208,14240,83886080,13868818432,1538,0,20048,20048,49,7.7,618333
1786120369,2023108,14240,83886080,13894008832,1538,0,20055,20054,41,7.7,620059
1786120379,2031320,14240,83886080,13933891584,1538,0,20060,20060,41,7.7,620438
1786120389,2033184,14240,83886080,13953839104,1538,0,20064,20064,49,7.7,617877
1786120399,2023796,14240,83886080,13986373632,1538,0,20072,20072,34,7.7,618246
1786120409,2032164,14240,83886080,14019960832,1538,0,20077,20077,40,7.7,618007
1786120419,2027344,14240,83886080,14043054080,1538,0,20084,20084,37,7.7,619903
1786120429,2029896,14240,83886080,14071390208,1538,0,20090,20090,41,7.7,617981
1786120439,2026328,14240,83886080,14097633280,1538,0,20097,20097,36,7.7,620188
1786120449,2022808,14240,83886080,14098685952,1538,0,20097,20097,55,7.7,621598
1786120460,2028216,14240,83886080,14123868160,1538,0,20105,20105,37,7.7,619305
1786120470,2033796,14240,83886080,14151159808,1537,0,20110,20110,43,7.7,617958
1786120480,2023960,14240,83886080,14173204480,1537,0,20117,20117,38,7.7,620060
1786120490,2031112,14240,83886080,14200496128,1537,0,20122,20122,42,7.7,619847
1786120500,2022936,14240,83886080,14235127808,1537,0,20130,20130,29,7.7,618048
1786120510,2026272,14240,83886080,14263468032,1537,0,20134,20134,38,7.7,622074
1786120520,2035080,14240,83886080,14294958080,1537,0,20138,20138,47,7.7,617918
1786120530,2022784,14240,83886080,14316998656,1537,0,20146,20146,33,7.7,621478
1786120540,2023812,14240,83886080,14342189056,1537,0,20150,20150,39,7.7,619696
1786120550,2032992,14240,83886080,14371577856,1537,0,20154,20154,45,7.7,622243
1786120560,2023956,14240,83886080,14402011136,1537,0,20162,20162,35,7.7,617942
1786120570,2028232,14240,83886080,14426157056,1537,0,20166,20166,43,7.7,617912
1786120580,2023460,14240,83886080,14428258304,1537,0,20170,20170,39,7.7,619073
1786120591,2026196,14240,83886080,14454497280,1537,0,20174,20174,41,7.7,618317
1786120601,2023980,14240,83886080,14479687680,1536,0,20179,20179,47,7.7,618094
1786120611,2022924,14240,83886080,14495432704,1536,0,20183,20183,52,7.7,621842
1786120621,2030732,14240,83886080,14506971136,1536,0,20187,20187,53,7.7,621272
1786120631,2023228,14240,83886080,14531121152,1536,0,20191,20191,51,7.7,626798
1786120641,2027308,14240,83886080,14556311552,1536,0,20199,20199,38,7.7,619966
1786120651,2029924,14240,83886080,14581497856,1536,0,20203,20203,48,7.7,621522
1786120661,2021936,14240,83886080,14609838080,1536,0,20207,20207,52,7.7,617969
1786120671,2026976,14240,83886080,14641324032,1536,0,20215,20215,39,7.7,619003
1786120681,2030796,14240,83886080,14667567104,1536,0,20219,20219,44,7.7,618018
1786120691,2023628,14240,83886080,14700105728,1536,0,20223,20223,52,7.7,619883
1786120702,2026968,14240,83886080,14741037056,1536,0,20231,20231,39,7.7,620461
1786120712,2031276,14240,83886080,14768328704,1536,0,20235,20235,46,7.7,621034
1786120722,2022608,14240,83886080,14793515008,1536,0,20239,20239,50,7.7,623018
1786120732,2025832,14240,83886080,14821859328,1535,0,20247,20247,36,7.7,621337
1786120742,2029020,14240,83886080,14850199552,1535,0,20251,20251,45,7.7,620067
1786120752,2022644,14240,83886080,14882734080,1535,0,20259,20259,32,7.7,618756
1786120762,2031780,14240,83886080,14914220032,1535,0,20263,20263,42,7.7,619539
1786120772,2022460,14240,83886080,14942560256,1535,0,20267,20267,52,7.7,620450
1786120782,2026220,14240,83886080,14974046208,1535,0,20275,20275,34,7.7,623574
1786120792,2032416,14240,83886080,15004487680,1535,0,20280,20280,41,7.7,617936
1786120803,2023256,14240,83886080,15033876480,1535,0,20287,20287,36,7.7,621723
1786120813,2031212,14240,83886080,15067463680,1535,0,20292,20292,40,7.7,620197
1786120823,2022076,14240,83886080,15094755328,1535,0,20300,20300,32,7.7,620012
1786120833,2025216,14240,83886080,15118888960,1534,0,20304,20304,37,7.7,620128
1786120843,2039488,14240,83886080,15157727232,1534,0,20308,20308,46,7.7,619810
1786120853,2023368,14240,83886080,15195516928,1534,0,20316,20316,33,7.7,618060
1786120863,2026316,14240,83886080,15224897536,1534,0,20321,20321,38,7.7,622511
1786120873,2035824,14240,83886080,15264788480,1534,0,20325,20325,46,7.7,620191
1786120883,2028220,14240,83886080,15310970880,1534,0,20333,20333,35,7.7,619835
1786120893,2022316,14240,83886080,15329865728,1534,0,20334,20334,51,7.7,625863
1786120904,2022440,14240,83886080,15363452928,1534,0,20338,20338,55,7.7,618023
1786120914,2027232,14240,83886080,15414882304,1534,0,20346,20346,35,7.7,618023
1786120924,2037228,14240,83886080,15458963456,1533,0,20350,20350,45,7.7,617997
1786120934,2023732,14240,83886080,15505149952,1533,0,20358,20358,33,7.7,620841
1786120944,2038132,14240,83886080,15551332352,1533,0,20362,20362,44,7.7,618704
1786120954,2024364,14240,83886080,15602761728,1533,0,20370,20370,33,7.7,620805
1786120964,2033824,14240,83886080,15651037184,1533,0,20374,20374,43,7.7,618559
1786120974,2023516,14240,83886080,15702470656,1533,0,20381,20379,45,7.7,619342
1786120984,2027828,14240,83886080,15760199680,1533,0,20386,20386,40,7.7,622218
1786120995,2035076,14240,83886080,15802183680,1533,0,20391,20391,44,7.7,618472
1786121005,2022056,14240,83886080,15850467328,1533,0,20399,20398,36,7.7,618116
1786121015,2032932,14240,83886080,15908192256,1533,0,20403,20403,40,7.7,619009
1786121025,2036984,14240,83886080,15956475904,1533,0,20408,20408,45,7.7,619719
1786121035,2024908,14240,83886080,16026800128,1533,0,20416,20416,32,7.7,627182
1786121045,2040124,14240,83886080,16079278080,1533,0,20420,20420,44,7.7,618013
1786121055,2022932,14240,83886080,16128614400,1533,0,20424,20424,50,7.7,618709
1786121065,2027984,14240,83886080,16202084352,1533,0,20432,20432,34,7.7,618117
1786121075,2039304,14240,83886080,16258760704,1533,0,20436,20436,46,7.7,618351
1786121085,2022496,14240,83886080,16302845952,1533,0,20440,20440,52,7.7,621480
1786121095,2030152,14240,83886080,16360570880,1533,0,20448,20448,37,7.7,619233
1786121106,2035928,14240,83886080,16407805952,1533,0,20453,20453,43,7.7,618778
1786121116,2035408,14240,83886080,16434040832,1533,0,20457,20457,45,7.7,626594
1786121126,2029536,14240,83886080,16482328576,1533,0,20465,20465,35,7.7,623693
1786121136,2022548,14240,83886080,16524312576,1533,0,20472,20472,34,7.7,618026
1786121146,2024164,14240,83886080,16546353152,1533,0,20477,20477,40,7.7,617925
1786121156,2023056,14240,83886080,16574693376,1533,0,20485,20485,33,7.7,622647
1786121166,2022768,14240,83886080,16591482880,1533,0,20490,20490,38,7.7,619599
1786121176,2023176,14240,83886080,16615628800,1534,0,20497,20497,34,7.7,617979
1786121186,2023496,14240,83886080,16622972928,1534,0,20502,20502,41,7.7,620266
1786121196,2022660,14240,83886080,16629268480,1534,0,20508,20508,41,7.7,618915
1786121206,2022400,14240,83886080,16634515456,1534,0,20512,20512,38,7.7,620462
1786121216,2023468,14240,83886080,16639762432,1534,0,20517,20517,41,7.7,619574
1786121227,2022232,14240,83886080,16653414400,1534,0,20524,20524,36,7.7,617908
1786121237,2024008,14240,83886080,16659709952,1534,0,20530,20530,40,7.7,617953
1786121247,2022520,14240,83886080,16671252480,1534,0,20534,20534,47,7.7,624291
1786121257,2023312,14240,83886080,16692244480,1534,0,20542,20542,36,7.7,618256
1786121267,2023436,14240,83886080,16702742528,1534,0,20546,20546,45,7.7,618777
1786121277,2022988,14240,83886080,16723734528,1534,0,20554,20554,31,7.7,622545
1786121287,2022908,14240,83886080,16743677952,1534,0,20558,20558,40,7.7,620735
1786121297,2022344,14240,83886080,16760471552,1534,0,20563,20563,42,7.7,617996
1786121307,2023288,14240,83886080,16778309632,1534,0,20570,20570,39,7.7,619760
1786121317,2023336,14240,83886080,16796155904,1534,0,20575,20575,44,7.7,617952
1786121327,2022760,14240,83886080,15746543616,1534,0,20583,20583,34,7.7,618594
1786121338,2024012,14240,83886080,15761240064,1534,0,20587,20587,41,7.7,622363
1786121348,2022896,14240,83886080,15783280640,1535,0,20595,20595,34,7.7,619573
1786121358,2022544,14240,83886080,15793774592,1535,0,20600,20600,38,7.7,620099
1786121368,2023004,14240,83886080,14731567104,1535,0,20607,20607,31,7.7,618604
1786121378,2024252,14240,83886080,14742061056,1535,0,20612,20612,38,7.7,617881
1786121388,2023956,14240,83886080,14749405184,1535,0,20617,20617,45,7.7,617902
1786121398,2023448,14240,83886080,14759907328,1535,0,20625,20625,36,7.7,617945
1786121408,2023256,14240,83886080,13694550016,1535,0,20632,20630,42,7.7,627243
1786121418,2023268,14240,83886080,13695598592,1535,0,20632,20632,53,7.7,620401
1786121428,2023580,14240,83886080,13703995392,1535,0,20640,20640,40,7.7,617928
1786121438,2023068,14240,83886080,13710290944,1535,0,20644,20644,48,7.7,621990
1786121449,2022380,14240,83886080,13715537920,1535,0,20652,20652,34,7.7,623828
1786121459,2023704,14240,83886080,13727088640,1535,0,20657,20657,38,7.7,621931
1786121469,2022788,14240,83886080,13733384192,1535,0,20664,20664,33,7.7,619242
1786121479,2022884,14240,83886080,13740732416,1535,0,20665,20665,54,7.7,619020
1786121489,2024652,14240,83886080,13747027968,1535,0,20669,20669,57,7.7,619154
1786121500,2023256,14240,83886080,13759619072,1535,0,20677,20677,36,7.7,619187
1786121510,2023060,14240,83886080,13765918720,1535,0,20683,20683,36,7.7,623278
1786121520,2023312,14240,83886080,13770117120,1535,0,20686,20686,49,7.7,617923
1786121530,2024360,14240,83886080,13776416768,1535,0,20690,20690,54,7.7,620522
1786121540,2023032,14240,83886080,13784817664,1535,0,20698,20698,33,7.7,619955
1786121550,2024248,14240,83886080,13792161792,1535,0,20703,20703,40,7.7,617977
1786121561,2023460,14240,83886080,13794258944,1535,0,20704,20704,51,7.7,626525
1786121571,2023360,14240,83886080,13804756992,1535,0,20711,20711,36,7.7,617920
1786121581,2022488,14240,83886080,13814202368,1535,0,20716,20716,44,7.7,617952
1786121591,2023480,14240,83886080,13828894720,1535,0,20723,20723,38,7.7,619133
1786121601,2022628,14240,83886080,13835194368,1535,0,20728,20728,45,7.7,617902
1786121611,2022436,14240,83886080,13838344192,1535,0,20736,20736,35,7.7,621201
1786121621,2023396,14240,83886080,13840441344,1535,0,20741,20741,42,7.7,619849
1786121631,2022532,14240,83886080,13843591168,1535,0,20748,20748,36,7.7,619300
1786121641,2023256,14240,83886080,13846740992,1535,0,20753,20753,40,7.7,617941
1786121651,2022920,14240,83886080,13848842240,1535,0,20760,20760,35,7.7,621903
1786121661,2023128,14240,83886080,13850939392,1535,0,20765,20765,39,7.7,623725
1786121672,2024160,14240,83886080,13855137792,1535,0,20769,20769,45,7.7,621177
1786121682,2022672,14240,83886080,13857239040,1535,0,20777,20777,35,7.7,619226
1786121692,2022784,14240,83886080,13859336192,1535,0,20782,20782,41,7.7,620430
1786121702,2023516,14240,83886080,13861433344,1535,0,20789,20789,36,7.7,618003
1786121712,2023620,14240,83886080,13864583168,1535,0,20795,20795,40,7.7,618008
1786121722,2024300,14240,83886080,13870878720,1535,0,20802,20802,35,7.7,618984
1786121732,2023280,14240,83886080,13878226944,1535,0,20809,20809,33,7.7,619231
1786121742,2026336,14240,83886080,13888724992,1535,0,20814,20814,41,7.7,617921
1786121752,2028360,14240,83886080,12835983360,1535,0,20821,20821,34,7.7,620448
1786121762,2025140,14240,83886080,12859072512,1535,0,20827,20827,38,7.7,621639
1786121772,2027376,14240,83886080,12884262912,1534,0,20834,20834,36,7.7,618008
1786121782,2025472,14240,83886080,12903157760,1534,0,20841,20840,37,7.7,619158
1786121793,2028468,14240,83886080,12928348160,1534,0,20847,20847,36,7.7,621178
1786121803,2023128,14240,83886080,12947238912,1534,0,20852,20852,45,7.7,618339
1786121813,2027032,14240,83886080,12972445696,1534,0,20860,20860,35,7.7,622292
1786121823,2025900,14240,83886080,12995563520,1534,0,20867,20867,32,7.7,617997
1786121833,2023404,14240,83886080,13013405696,1534,0,20871,20871,43,7.7,625643
1786121844,2029392,14240,83886080,13024960512,1534,0,20875,20875,49,7.7,619119
1786121854,2023068,14240,83886080,13048061952,1534,0,20881,20880,46,7.7,619849
1786121864,2026304,14240,83886080,13068001280,1534,0,20887,20887,41,7.7,618579
1786121874,2032792,14240,83886080,13087944704,1534,0,20892,20892,42,7.7,617974
1786121884,2027720,14240,83886080,13112082432,1534,0,20899,20899,38,7.7,618908
1786121894,2028728,14240,83886080,13130977280,1534,0,20904,20904,44,7.7,620480
1786121904,2025828,14240,83886080,13154070528,1533,0,20912,20912,35,7.7,618040
1786121914,2037364,14240,83886080,13180309504,1533,0,20916,20916,47,7.7,621637
1786121924,2022604,14240,83886080,13199200256,1533,0,20924,20924,34,7.7,618024
1786121934,2030900,14240,83886080,13225443328,1533,0,20928,20928,40,7.7,619701
1786121944,2022492,14240,83886080,13243285504,1533,0,20933,20933,45,7.7,617974
1786121954,2023356,14240,83886080,13263224832,1533,0,20940,20940,38,7.7,620709
1786121965,2028000,14240,83886080,13288423424,1533,0,20946,20946,38,7.7,624927
1786121975,2024652,14240,83886080,13311508480,1533,0,20953,20953,35,7.7,620505
1786121985,2029116,14240,83886080,13331447808,1533,0,20958,20958,42,7.7,624223
1786121995,2022660,14240,83886080,13353496576,1533,0,20966,20966,32,7.7,622794
1786122005,2034568,14240,83886080,13379735552,1533,0,20970,20970,43,7.7,619448
1786122015,2025412,14240,83886080,13395476480,1533,0,20978,20978,34,7.7,617888
1786122025,2030124,14240,83886080,13417517056,1532,0,20982,20982,44,7.7,618430
1786122035,2026448,14240,83886080,13438509056,1532,0,20990,20990,37,7.7,617997
1786122045,2028508,14240,83886080,13455302656,1532,0,20995,20995,43,7.7,617959
1786122055,2025068,14240,83886080,13476298752,1532,0,21002,21002,36,7.7,619895
1786122065,2030012,14240,83886080,13498339328,1532,0,21007,21007,42,7.7,617919
1786122075,2029140,14240,83886080,13510934528,1532,0,21011,21011,51,7.7,618059
1786122085,2026908,14240,83886080,13529829376,1532,0,21019,21019,36,7.7,617975
1786122096,2028372,14240,83886080,13549768704,1532,0,21024,21024,43,7.7,621466
1786122106,2025456,14240,83886080,13567610880,1532,0,21031,21031,35,7.7,622725
1786122116,2028328,14240,83886080,13588602880,1532,0,21036,21036,43,7.7,617894
1786122126,2023540,14240,83886080,13605392384,1531,0,21041,21041,49,7.7,620476
1786122136,2026160,14240,83886080,13626388480,1531,0,21049,21049,35,7.7,618056
1786122146,2026732,14240,83886080,13646336000,1531,0,21054,21053,47,7.7,621267
1786122156,2023160,14240,83886080,13662081024,1531,0,21061,21061,37,7.7,617944
1786122166,2026044,14240,83886080,13682020352,1531,0,21067,21067,36,7.7,622780
1786122176,2025944,14240,83886080,13703008256,1531,0,21073,21073,40,7.7,617966
1786122186,2024308,14240,83886080,13714558976,1531,0,21079,21079,36,7.7,618888
1786122196,2025956,14240,83886080,13734498304,1531,0,21085,21085,38,7.7,617945
1786122207,2027944,14240,83886080,13755486208,1531,0,21091,21091,41,7.7,621232
1786122217,2027640,14240,83886080,13771231232,1530,0,21097,21097,41,7.7,617866
1786122227,2021568,14240,83886080,13793275904,1530,0,21103,21103,39,7.7,622826
1786122237,2027732,14240,83886080,13814272000,1530,0,21109,21109,40,7.7,621524
1786122247,2028400,14240,83886080,13826846720,1530,0,21115,21115,41,7.7,618012
1786122257,2023632,14240,83886080,13846794240,1530,0,21122,21122,37,7.7,619755
1786122267,2025740,14240,83886080,13867790336,1530,0,21127,21127,45,7.7,619065
1786122277,2023096,14240,83886080,13870936064,1530,0,21129,21129,52,7.7,627960
1786122288,2026092,14240,83886080,13890875392,1530,0,21137,21137,37,7.7,620856
1786122298,2027560,14240,83886080,13913968640,1530,0,21143,21143,37,7.7,619632
1786122308,2025832,14240,83886080,13930762240,1530,0,21149,21149,40,7.7,619256
1786122318,2023496,14240,83886080,13952806912,1530,0,21155,21155,41,7.7,617965
1786122328,2024612,14240,83886080,13974843392,1529,0,21162,21162,39,7.7,618635
1786122338,2023484,14240,83886080,13991636992,1529,0,21169,21169,36,7.7,618420
1786122348,2030776,14240,83886080,14021029888,1529,0,21174,21174,42,7.7,619333
1786122358,2027588,14240,83886080,14050418688,1529,0,21181,21181,38,7.7,623107
1786122368,2029408,14240,83886080,14078758912,1529,0,21187,21187,38,7.7,624416
1786122378,2023600,14240,83886080,14103945216,1529,0,21194,21194,34,7.7,618656
1786122388,2029852,14240,83886080,14138585088,1529,0,21199,21199,40,7.7,618128
1786122399,2031564,14240,83886080,14166921216,1529,0,21203,21203,51,7.7,617992
1786122409,2028504,14240,83886080,14204710912,1528,0,21211,21211,38,7.7,619775
1786122419,2023804,14240,83886080,14251941888,1528,0,21217,21217,39,7.7,622503
1786122429,2025896,14240,83886080,14286573568,1528,0,21223,21223,36,7.7,618015
1786122439,2028380,14240,83886080,14340108288,1528,0,21229,21229,37,7.7,617978
1786122449,2024816,14240,83886080,14389440512,1528,0,21235,21235,37,7.7,617986
1786122459,2029424,14240,83886080,14439821312,1529,0,21241,21241,37,7.7,618726
1786122469,2031004,14240,83886080,14493351936,1529,0,21247,21247,41,7.7,622622
1786122479,2023824,14240,83886080,14536380416,1529,0,21253,21251,49,7.7,625717
1786122490,2030376,14240,83886080,14595166208,1529,0,21259,21259,38,7.7,619154
1786122500,2021812,14240,83886080,14641344512,1529,0,21266,21266,32,7.7,619374
1786122510,2023808,14240,83886080,14684377088,1529,0,21271,21271,39,7.7,617978
1786122520,2031780,14240,83886080,14724259840,1529,0,21277,21277,39,7.7,618002
1786122530,2022760,14240,83886080,14772543488,1529,0,21285,21285,31,7.7,618119
1786122540,2027132,14240,83886080,14820823040,1529,0,21289,21289,38,7.7,619940
1786122550,2037768,14240,83886080,14876450816,1529,0,21293,21293,46,7.7,618230
1786122560,2026000,14240,83886080,14936285184,1529,0,21301,21301,35,7.7,621229
1786122570,2028196,14240,83886080,14982459392,1529,0,21306,21306,36,7.7,620108
1786122580,2024588,14240,83886080,15034945536,1529,0,21311,21311,41,7.7,621750
1786122590,2029760,14240,83886080,15098974208,1529,0,21318,21318,37,7.7,622240
1786122600,2025416,14240,83886080,15152496640,1529,0,21325,21325,32,7.7,617976
1786122610,2029452,14240,83886080,15217577984,1529,0,21331,21331,35,7.7,624737
1786122621,2026032,14240,83886080,15281602560,1529,0,21337,21337,37,7.7,620144
1786122631,2030704,14240,83886080,15335124992,1529,0,21343,21343,38,7.7,621028
1786122641,2023760,14240,83886080,15390756864,1529,0,21350,21350,34,7.7,620176
1786122651,2023544,14240,83886080,15420149760,1529,0,21355,21355,42,7.7,621398
1786122661,2022356,14240,83886080,15450583040,1530,0,21363,21363,28,7.7,623350
1786122671,2024564,14240,83886080,15482073088,1530,0,21367,21367,39,7.7,619104
1786122681,2023952,14240,83886080,15509364736,1530,0,21375,21375,31,7.7,620434
1786122691,2024112,14240,83886080,15532457984,1530,0,21379,21379,43,7.7,617950
1786122701,2022292,14240,83886080,15572340736,1530,0,21387,21387,35,7.7,621149
1786122711,2023152,14240,83886080,15595429888,1530,0,21391,21391,44,7.7,626780
1786122721,2022396,14240,83886080,15633219584,1530,0,21399,21399,31,7.7,624587
1786122732,2023036,14240,83886080,15655260160,1530,0,21403,21403,41,7.7,621144
1786122742,2023236,14240,83886080,15675203584,1531,0,21408,21408,47,7.7,617952
1786122752,2023980,14240,83886080,15688847360,1531,0,21412,21412,42,7.7,617945
1786122762,2023592,14240,83886080,15710883840,1531,0,21417,21417,41,7.7,618478
1786122772,2023188,14240,83886080,15742373888,1531,0,21424,21424,34,7.7,617953
1786122782,2023892,14240,83886080,15767564288,1531,0,21429,21429,41,7.7,618055
1786122792,2023732,14240,83886080,15807447040,1531,0,21437,21437,35,7.7,619887
1786122802,2022472,14240,83886080,15827386368,1531,0,21442,21442,42,7.7,617877
1786122812,2022560,14240,83886080,15867277312,1532,0,21449,21449,35,7.7,617907
1786122822,2023896,14240,83886080,15888269312,1532,0,21454,21454,39,7.7,620370
1786122832,2022424,14240,83886080,15923957760,1532,0,21462,21462,31,7.7,619652
1786122842,2022704,14240,83886080,15957540864,1532,0,21466,21466,36,7.7,618012
1786122853,2025560,14240,83886080,15983783936,1532,0,21470,21470,42,7.7,617907
1786122863,2022788,14240,83886080,16024719360,1532,0,21478,21478,31,7.7,618864
1786122873,2022808,14240,83886080,16045711360,1533,0,21482,21482,39,7.7,617943
1786122883,2023312,14240,83886080,16070897664,1533,0,21490,21490,27,7.7,621789
1786122893,2023848,14240,83886080,16096088064,1533,0,21494,21494,39,7.7,619322
1786122903,2023572,14240,83886080,16107634688,1533,0,21499,21499,43,7.7,619465
1786122913,2023180,14240,83886080,16113930240,1533,0,21503,21503,42,7.7,618967
1786122923,2023232,14240,83886080,16120229888,1533,0,21507,21507,49,7.7,617913
1786122933,2023652,14240,83886080,16128634880,1533,0,21515,21515,37,7.7,617956
1786122944,2022832,14240,83886080,16134930432,1533,0,21520,21520,42,7.7,620004
1786122954,2023204,14240,83886080,16143323136,1533,0,21527,21527,34,7.7,618722
1786122964,2023376,14240,83886080,16151719936,1533,0,21532,21532,39,7.7,620039
1786122974,2024916,14240,83886080,16160112640,1533,0,21537,21537,44,7.7,620168
1786122984,2022900,14240,83886080,16183205888,1533,0,21544,21544,35,7.7,617953
1786122994,2023064,14240,83886080,16203149312,1533,0,21549,21549,41,7.7,622342
1786123004,2023172,14240,83886080,16226242560,1534,0,21556,21556,37,7.7,617975
1786123014,2023436,14240,83886080,16240934912,1534,0,21562,21562,38,7.7,621814
1786123024,2022972,14240,83886080,16252481536,1534,0,21569,21569,35,7.7,617921
1786123034,2023372,14240,83886080,16255631360,1534,0,21573,21573,44,7.7,618833
1786123045,2025480,14240,83886080,16265072640,1534,0,21577,21577,45,7.7,619460
1786123055,2023560,14240,83886080,16279773184,1534,0,21585,21585,32,7.7,618006
1786123065,2024608,14240,83886080,16288165888,1534,0,21590,21590,40,7.7,621704
1786123075,2023404,14240,83886080,16296562688,1534,0,21593,21593,50,7.7,628159
1786123086,2024360,14240,83886080,16302862336,1534,0,21597,21597,56,7.7,620856
1786123096,2023012,14240,83886080,16321753088,1534,0,21605,21605,35,7.7,618079
1786123106,2024452,14240,83886080,16330149888,1534,0,21609,21609,45,7.7,621527
1786123116,2023976,14240,83886080,16341696512,1534,0,21615,21614,49,7.7,625196
1786123126,2023324,14240,83886080,16354287616,1534,0,21622,21622,38,7.7,620301
1786123136,2022548,14240,83886080,16359538688,1534,0,21627,21627,41,7.7,626226
1786123146,2022812,14240,83886080,16372137984,1534,0,21634,21634,34,7.7,618610
1786123156,2023132,14240,83886080,16380534784,1534,0,21640,21640,36,7.7,618195
1786123167,2022604,14240,83886080,16389980160,1534,0,21646,21646,37,7.7,620805
1786123177,2022456,14240,83886080,16396275712,1534,0,21652,21652,39,7.7,621943
1786123187,2024956,14240,83886080,16409919488,1534,0,21659,21659,38,7.7,617987
1786123197,2023716,14240,83886080,16418316288,1534,0,21664,21664,43,7.7,621258
1786123207,2022456,14240,83886080,16435113984,1534,0,21672,21672,33,7.7,620240
1786123217,2024208,14240,83886080,16444559360,1534,0,21676,21676,45,7.7,617966
1786123227,2023288,14240,83886080,16456101888,1534,0,21680,21680,53,7.7,622740
1786123237,2023692,14240,83886080,16468697088,1534,0,21684,21684,49,7.7,620922
1786123247,2022452,14240,83886080,16501235712,1534,0,21689,21689,45,7.7,619781
1786123258,2031568,14240,83886080,16546365440,1534,0,21696,21696,39,7.7,622499
1786123268,2028620,14240,83886080,16574709760,1534,0,21702,21702,41,7.7,622158
1786123278,2025944,14240,83886080,16619839488,1534,0,21709,21709,34,7.7,617920
1786123288,2025896,14240,83886080,16657625088,1534,0,21714,21714,43,7.7,622339
1786123298,2028736,14240,83886080,16680718336,1534,0,21721,21721,37,7.7,618016
1786123308,2034492,14240,83886080,16711151616,1534,0,21726,21726,45,7.7,618006
1786123318,2026196,14240,83886080,16739491840,1534,0,21734,21734,35,7.7,621372
1786123328,2033376,14240,83886080,16766787584,1534,0,21739,21739,41,7.7,620827
1786123338,2027668,14240,83886080,16801419264,1534,0,21746,21746,37,7.7,620178
1786123348,2028400,14240,83886080,16833961984,1534,0,21751,21751,44,7.7,620052
1786123358,2024312,14240,83886080,16872796160,1534,0,21758,21758,35,7.7,620901
1786123368,2032420,14240,83886080,16914776064,1534,0,21763,21763,43,7.7,620747
1786123379,2023560,14240,83886080,16944164864,1534,0,21768,21768,46,7.7,620106
1786123389,2025244,14240,83886080,16965160960,1534,0,21772,21772,39,7.7,623080
1786123399,2033116,14240,83886080,17011343360,1534,0,21776,21776,43,7.7,618010
1786123409,2023096,14240,83886080,17061720064,1534,0,21784,21784,31,7.7,626728
1786123419,2024116,14240,83886080,17105805312,1534,0,21788,21788,39,7.7,618342
1786123429,2025720,14240,83886080,17138356224,1534,0,21792,21792,43,7.7,617973
1786123439,2025036,14240,83886080,17184542720,1534,0,21800,21800,31,7.7,619917
1786123449,2025064,14240,83886080,17229668352,1534,0,21805,21805,39,7.7,618011
1786123459,2032928,14240,83886080,17266417664,1534,0,21809,21809,44,7.7,619595
1786123470,2023368,14240,83886080,17312616448,1534,0,21817,21817,32,7.7,621332
1786123480,2023772,14240,83886080,16272449536,1534,0,21821,21821,38,7.7,626304
1786123490,2028780,14240,83886080,15224934400,1534,0,21825,21825,43,7.7,619703
1786123500,2022944,14240,83886080,14180573184,1534,0,21829,21829,51,7.7,617966
1786123510,2022580,14240,83886080,13125713920,1534,0,21837,21834,51,7.7,619669
1786123520,2028388,14240,83886080,13150900224,1534,0,21841,21841,42,7.7,617874
1786123530,2023508,14240,83886080,13176094720,1534,0,21845,21845,51,7.7,618112
1786123540,2024636,14240,83886080,13193936896,1534,0,21853,21853,36,7.7,620562
1786123550,2030404,14240,83886080,13222277120,1534,0,21857,21857,40,7.7,621202
1786123560,2022364,14240,83886080,13242220544,1534,0,21865,21865,30,7.7,621751
1786123570,2026480,14240,83886080,13263208448,1534,0,21869,21869,41,7.7,617912
1786123580,2032528,14240,83886080,13288398848,1533,0,21874,21874,44,7.7,620372
1786123591,2024224,14240,83886080,13310443520,1533,0,21882,21882,35,7.7,618427
1786123601,2027668,14240,83886080,13330382848,1533,0,21886,21886,46,7.7,619295
1786123611,2036616,14240,83886080,13355581440,1533,0,21890,21890,50,7.7,621225
1786123621,2025008,14240,83886080,13380763648,1533,0,21898,21898,35,7.7,619849
1786123631,2026504,14240,83886080,13399654400,1533,0,21902,21902,44,7.7,621334
1786123641,2034068,14240,83886080,13425901568,1533,0,21906,21906,48,7.7,622843
1786123651,2024300,14240,83886080,13447938048,1533,0,21914,21914,35,7.7,620721
1786123661,2033912,14240,83886080,13473128448,1533,0,21918,21918,46,7.7,621087
1786123671,2022316,14240,83886080,13476282368,1533,0,21921,21920,56,7.7,625884
1786123681,2027592,14240,83886080,13497270272,1533,0,21928,21928,37,7.7,620399
1786123691,2021908,14240,83886080,13522468864,1533,0,21934,21934,37,7.7,621439
1786123702,2022268,14240,83886080,13535051776,1533,0,21936,21936,54,7.7,624572
1786123712,2032348,14240,83886080,13547651072,1533,0,21940,21940,56,7.7,621258
1786123722,2023932,14240,83886080,13568643072,1532,0,21948,21948,31,7.7,619046
1786123732,2033312,14240,83886080,13594886144,1532,0,21952,21952,42,7.7,625004
1786123742,2023152,14240,83886080,13600129024,1532,0,21956,21956,48,7.7,619385
1786123752,2022184,14240,83886080,13619019776,1532,0,21960,21960,55,7.7,620664
1786123762,2027100,14240,83886080,13644218368,1532,0,21968,21968,40,7.7,620288
1786123772,2035192,14240,83886080,13668356096,1532,0,21972,21972,51,7.7,617988
1786123783,2023504,14240,83886080,13685145600,1532,0,21976,21976,58,7.7,621069
1786123793,2026836,14240,83886080,13710344192,1532,0,21984,21984,40,7.7,620666
1786123803,2022272,14240,83886080,13733429248,1532,0,21988,21988,51,7.7,617993
1786123813,2023824,14240,83886080,13748125696,1532,0,21993,21993,53,7.7,619210
1786123823,2026056,14240,83886080,13771218944,1532,0,22000,22000,40,7.7,617987
1786123833,2022304,14240,83886080,13791158272,1532,0,22005,22005,47,7.7,618365
1786123843,2022264,14240,83886080,13795356672,1531,0,22009,22009,43,7.7,620314
1786123854,2032804,14240,83886080,13827895296,1531,0,22013,22013,44,7.7,621077
1786123864,2021512,14240,83886080,13858332672,1531,0,22018,22018,49,7.7,620048
1786123874,2025952,14240,83886080,13883523072,1531,0,22025,22025,37,7.7,621211
1786123884,2033656,14240,83886080,13916057600,1531,0,22030,22030,44,7.7,619923
1786123894,2024084,14240,83886080,13944397824,1531,0,22038,22038,34,7.7,619518
1786123904,2029104,14240,83886080,13969592320,1531,0,22042,22042,44,7.7,625349
1786123914,2039120,14240,83886080,13994782720,1531,0,22046,22046,48,7.7,618046
1786123924,2024092,14240,83886080,14022074368,1530,0,22054,22054,36,7.7,621985
1786123934,2035068,14240,83886080,14055657472,1530,0,22058,22058,45,7.7,619124
1786123944,2037628,14240,83886080,14087147520,1530,0,22062,22062,54,7.7,621365
1786123954,2023556,14240,83886080,14119686144,1530,0,22070,22070,34,7.7,626630
1786123965,2033184,14240,83886080,14154317824,1530,0,22074,22074,44,7.7,620677
1786123975,2037780,14240,83886080,14185807872,1530,0,22078,22078,52,7.7,619752
1786123985,2022772,14240,83886080,14219399168,1530,0,22086,22086,33,7.7,620083
1786123995,2034108,14240,83886080,14261383168,1529,0,22090,22090,44,7.7,619604
1786124005,2022996,14240,83886080,14289719296,1529,0,22095,22095,43,7.7,620250
1786124015,2030600,14240,83886080,14345347072,1529,0,22102,22102,40,7.7,621968
1786124025,2023312,14240,83886080,14396780544,1529,0,22108,22107,47,7.7,622240
1786124036,2022652,14240,83886080,14423019520,1529,0,22110,22110,49,7.7,629179
1786124046,2023244,14240,83886080,14467096576,1529,0,22114,22114,56,7.7,620695
1786124056,2028292,14240,83886080,14531129344,1529,0,22122,22122,37,7.7,622523
1786124066,2034916,14240,83886080,14582554624,1529,0,22126,22126,47,7.7,619070
1786124076,2023052,14240,83886080,14633992192,1529,0,22134,22134,31,7.7,618025
1786124086,2033880,14240,83886080,14691717120,1529,0,22138,22138,42,7.7,620598
1786124096,2025416,14240,83886080,14746296320,1529,0,22146,22146,31,7.7,620705
1786124108,2024340,14240,83886080,14770438144,1529,0,22147,22147,49,7.7,630564
1786124118,2025244,14240,83886080,14835511296,1529,0,22155,22155,36,7.7,620695
1786124128,2038220,14240,83886080,14882742272,1529,0,22159,22159,43,7.7,618601
1786124138,2022960,14240,83886080,14933131264,1529,0,22164,22164,47,7.7,627687
1786124148,2022212,14240,83886080,14974058496,1530,0,22172,22172,31,7.7,620509
1786124158,2023320,14240,83886080,14997151744,1530,0,22176,22176,41,7.7,619376
1786124168,2023612,14240,83886080,15030738944,1530,0,22182,22181,46,7.7,623208
1786124179,2022660,14240,83886080,15067475968,1530,0,22189,22189,35,7.7,626361
1786124189,2023844,14240,83886080,15086362624,1530,0,22194,22194,40,7.7,619897
1786124199,2023788,14240,83886080,15110504448,1530,0,22201,22201,39,7.7,619796
1786124209,2024056,14240,83886080,15133597696,1530,0,22205,22205,37,7.7,619611
1786124219,2023080,14240,83886080,15153545216,1530,0,22209,22209,43,7.7,622077
1786124229,2022408,14240,83886080,15167184896,1531,0,22217,22217,30,7.7,621982
1786124239,2024060,14240,83886080,15171383296,1531,0,22221,22221,39,7.7,620351
1786124249,2023684,14240,83886080,15174533120,1531,0,22225,22225,44,7.7,618010
1786124259,2022680,14240,83886080,15178735616,1531,0,22233,22233,33,7.7,621254
1786124269,2023328,14240,83886080,15181881344,1531,0,22238,22238,38,7.7,620495
1786124280,2023492,14240,83886080,15185027072,1531,0,22243,22243,42,7.7,617946
1786124290,2023732,14240,83886080,15187124224,1531,0,22250,22250,39,7.7,617949
1786124300,2022836,14240,83886080,15191326720,1531,0,22258,22258,31,7.7,617917
1786124310,2024108,14240,83886080,15193423872,1531,0,22263,22263,38,7.7,617976
1786124320,2023144,14240,83886080,15197626368,1531,0,22270,22270,34,7.7,617923
1786124330,2023712,14240,83886080,15199723520,1531,0,22275,22275,39,7.7,623063
1786124340,2022492,14240,83886080,15202873344,1531,0,22283,22283,29,7.7,620076
1786124350,2023672,14240,83886080,15206023168,1531,0,22287,22287,39,7.7,617946
1786124360,2023872,14240,83886080,15208120320,1531,0,22291,22291,48,7.7,620056
1786124370,2022528,14240,83886080,15211270144,1531,0,22299,22299,35,7.7,621588
1786124380,2023572,14240,83886080,15213371392,1531,0,22304,22304,42,7.7,622039
1786124390,2022740,14240,83886080,15214419968,1531,0,22305,22304,62,7.7,622625
1786124401,2023328,14240,83886080,15217565696,1531,0,22312,22312,38,7.7,620425
1786124411,2021668,14240,83886080,15223865344,1531,0,22317,22317,43,7.7,617993
1786124421,2023112,14240,83886080,15227011072,1530,0,22324,22324,35,7.7,621718
1786124431,2023536,14240,83886080,15233314816,1530,0,22329,22329,39,7.7,621222
1786124441,2022800,14240,83886080,15238561792,1530,0,22334,22334,43,7.7,621448
1786124451,2022356,14240,83886080,15250104320,1531,0,22341,22341,36,7.7,619341
1786124461,2023896,14240,83886080,15262699520,1531,0,22346,22346,40,7.7,617938
1786124471,2022768,14240,83886080,15277395968,1531,0,22354,22354,30,7.7,620072
1786124481,2022600,14240,83886080,15284740096,1531,0,22359,22359,40,7.7,618813
1786124491,2022712,14240,83886080,15298383872,1531,0,22366,22366,34,7.7,620476
1786124501,2023224,14240,83886080,15315181568,1531,0,22371,22371,42,7.7,619246
1786124511,2023128,14240,83886080,15329873920,1531,0,22376,22376,44,7.7,622194
1786124522,2023028,14240,83886080,15341420544,1531,0,22380,22380,45,7.7,618739
1786124532,2022208,14240,83886080,15349817344,1531,0,22385,22385,41,7.7,620062
1786124542,2023952,14240,83886080,15359262720,1531,0,22392,22392,37,7.7,621773
1786124552,2023004,14240,83886080,15368708096,1531,0,22397,22397,43,7.7,617954
1786124562,2023636,14240,83886080,15372906496,1531,0,22401,22401,39,7.7,619664
1786124572,2023160,14240,83886080,15388651520,1531,0,22405,22405,39,7.7,617925
1786124582,2023068,14240,83886080,15405445120,1531,0,22409,22409,48,7.7,618081
1786124592,2024424,14240,83886080,15435882496,1531,0,22417,22417,37,7.7,619558
1786124602,2023064,14240,83886080,15453724672,1531,0,22421,22421,44,7.7,618128
1786124612,2023168,14240,83886080,15479963648,1531,0,22429,22429,30,7.7,628898
1786124622,2024764,14240,83886080,15500959744,1531,0,22433,22433,40,7.7,618966
1786124633,2023384,14240,83886080,15513554944,1531,0,22438,22438,44,7.7,617941
1786124643,2024032,14240,83886080,15542943744,1531,0,22446,22446,34,7.7,619058
1786124653,2023656,14240,83886080,15557640192,1531,0,22450,22450,44,7.7,618828
1786124663,2022076,14240,83886080,15577579520,1532,0,22456,22456,41,7.7,626852
1786124673,2024176,14240,83886080,15596474368,1532,0,22463,22463,35,7.7,617962
1786124683,2022568,14240,83886080,15621660672,1532,0,22470,22470,33,7.7,618784
1786124693,2023332,14240,83886080,15641604096,1532,0,22476,22476,36,7.7,618307
1786124703,2023044,14240,83886080,15665745920,1532,0,22483,22483,33,7.7,624506
1786124713,2023664,14240,83886080,15685685248,1532,0,22488,22488,39,7.7,620105
1786124723,2024132,14240,83886080,15704584192,1532,0,22496,22496,29,7.7,619450
1786124733,2025108,14240,83886080,15727673344,1532,0,22500,22500,40,7.7,617891
1786124744,2023840,14240,83886080,15751811072,1532,0,22508,22508,33,7.7,620994
1786124754,2026836,14240,83886080,15793799168,1532,0,22512,22512,44,7.7,621562
1786124764,2023128,14240,83886080,15841030144,1532,0,22520,22520,30,7.7,617937
1786124774,2030596,14240,83886080,15894560768,1533,0,22524,22524,39,7.7,619570
1786124784,2021984,14240,83886080,15943892992,1533,0,22528,22528,48,7.7,619464
1786124794,2023444,14240,83886080,15990079488,1533,0,22536,22536,29,7.7,618041
1786124804,2029304,14240,83886080,16044654592,1533,0,22540,22540,40,7.7,618028
1786124814,2022392,14240,83886080,16087687168,1533,0,22544,22544,48,7.7,617921
1786124824,2022648,14240,83886080,16133869568,1533,0,22552,22552,32,7.7,619584
1786124834,2028380,14240,83886080,16190545920,1533,0,22556,22556,37,7.7,624191
1786124844,2023264,14240,83886080,16236728320,1533,0,22560,22560,47,7.7,618713
1786124855,2024136,14240,83886080,16299704320,1533,0,22568,22568,29,7.7,618035
1786124865,2028712,14240,83886080,16362680320,1533,0,22572,22572,39,7.7,617964
1786124875,2023748,14240,83886080,16416210944,1533,0,22576,22576,49,7.7,617969
1786124885,2023220,14240,83886080,16472887296,1534,0,22584,22584,29,7.7,617894
1786124895,2024200,14240,83886080,16527462400,1534,0,22588,22588,41,7.7,618499
1786124905,2024060,14240,83886080,16592539648,1534,0,22596,22596,31,7.7,622181
1786124915,2027252,14240,83886080,16641875968,1534,0,22601,22601,35,7.7,617926
1786124925,2023568,14240,83886080,16699604992,1534,0,22608,22607,37,7.7,621214
1786124935,2027744,14240,83886080,16770977792,1534,0,22613,22613,36,7.7,620926
1786124945,2023172,14240,83886080,16815058944,1534,0,22618,22617,44,7.7,624116
1786124955,2028492,14240,83886080,16884334592,1535,0,22625,22625,36,7.7,618024
1786124966,2023580,14240,83886080,16942059520,1535,0,22630,22630,43,7.7,620155
1786124976,2022152,14240,83886080,16957804544,1535,0,22634,22634,33,7.7,619253
1786124986,2028972,14240,83886080,17023934464,1535,0,22638,22638,39,7.7,626768
1786124996,2022780,14240,83886080,15998476288,1535,0,22642,22642,49,7.7,620072
1786125006,2022200,14240,83886080,16041512960,1535,0,22650,22649,38,7.7,621904
1786125016,2027596,14240,83886080,16096088064,1535,0,22655,22655,37,7.7,618899
1786125026,2026488,14240,83886080,16149618688,1536,0,22662,22662,32,7.7,618020
1786125036,2025800,14240,83886080,16202125312,1536,0,22667,22667,35,7.7,620533
1786125046,2032548,14240,83886080,16257785856,1536,0,22672,22672,41,7.7,624335
1786125056,2028212,14240,83886080,13066960896,1536,0,22679,22679,35,7.7,618015
1786125066,2023612,14240,83886080,13078511616,1536,0,22681,22681,53,7.7,617960
1786125077,2027212,14240,83886080,13096353792,1536,0,22687,22687,40,7.7,620356
1786125087,2027600,14240,83886080,13123641344,1536,0,22694,22693,41,7.7,622297
1786125097,2025684,14240,83886080,13147783168,1536,0,22699,22699,43,7.7,617945
1786125107,2023428,14240,83886080,13168771072,1536,0,22707,22707,32,7.7,619999
1786125117,2032928,14240,83886080,13198163968,1535,0,22711,22711,42,7.7,617912
1786125127,2022148,14240,83886080,13221249024,1535,0,22715,22715,53,7.7,621756
1786125137,2024268,14240,83886080,13244342272,1535,0,22723,22723,36,7.7,627475
1786125147,2032636,14240,83886080,13271629824,1535,0,22727,22727,44,7.7,619568
1786125158,2024248,14240,83886080,13294727168,1535,0,22731,22731,52,7.7,627241
1786125168,2025520,14240,83886080,13303119872,1535,0,22735,22735,46,7.7,622354
1786125178,2033656,14240,83886080,13328310272,1535,0,22739,22739,45,7.7,617934
1786125188,2022812,14240,83886080,13353504768,1535,0,22747,22747,33,7.7,623262
1786125199,2023372,14240,83886080,13362946048,1535,0,22748,22747,56,7.7,627161
1786125209,2033084,14240,83886080,13379739648,1535,0,22752,22752,54,7.7,617953
1786125219,2025036,14240,83886080,13403885568,1535,0,22760,22760,35,7.7,620479
1786125229,2035684,14240,83886080,13430120448,1535,0,22764,22764,46,7.7,622130
1786125239,2022372,14240,83886080,13434318848,1535,0,22765,22764,66,7.7,629241
1786125249,2026696,14240,83886080,13458464768,1535,0,22772,22772,38,7.7,618662
1786125259,2022728,14240,83886080,13483646976,1535,0,22777,22777,44,7.7,617936
1786125269,2024944,14240,83886080,13502545920,1535,0,22784,22784,39,7.7,624958
1786125279,2022512,14240,83886080,13506748416,1535,0,22788,22788,38,7.7,622293
1786125289,2030176,14240,83886080,13534027776,1534,0,22792,22792,43,7.7,617935
1786125299,2022100,14240,83886080,13558177792,1534,0,22796,22796,52,7.7,620343
1786125310,2024524,14240,83886080,13578117120,1534,0,22804,22804,39,7.7,619760
1786125320,2033068,14240,83886080,13604360192,1534,0,22808,22808,44,7.7,619515
1786125330,2022228,14240,83886080,13628497920,1534,0,22816,22816,33,7.7,623675
1786125340,2029196,14240,83886080,13649485824,1534,0,22820,22820,41,7.7,619191
1786125350,2025688,14240,83886080,13673635840,1534,0,22828,22828,33,7.7,618038
1786125360,2028488,14240,83886080,13704073216,1534,0,22834,22834,36,7.7,619950
1786125370,2023640,14240,83886080,13719814144,1534,0,22836,22836,52,7.7,618693
1786125380,2038460,14240,83886080,13740806144,1534,0,22840,22840,58,7.7,621909
1786125391,2026948,14240,83886080,13768097792,1534,0,22848,22848,36,7.7,617975
1786125401,2032596,14240,83886080,13797482496,1533,0,22853,22853,42,7.7,618534
1786125411,2026368,14240,83886080,13819531264,1533,0,22860,22860,35,7.7,618853
1786125421,2030380,14240,83886080,13847863296,1533,0,22865,22865,42,7.7,621539
1786125431,2023004,14240,83886080,13872009216,1533,0,22873,22872,36,7.7,619399
1786125441,2029676,14240,83886080,13895094272,1533,0,22878,22878,40,7.7,619783
1786125451,2030056,14240,83886080,13922390016,1533,0,22885,22885,38,7.7,618209
1786125461,2025280,14240,83886080,13942329344,1533,0,22890,22890,45,7.7,617972
1786125471,2027000,14240,83886080,13967515648,1533,0,22898,22898,35,7.7,618010
1786125481,2025264,14240,83886080,13995859968,1533,0,22903,22903,42,7.7,622498
1786125491,2022416,14240,83886080,14012649472,1532,0,22907,22907,49,7.7,618573
1786125502,2032168,14240,83886080,14026297344,1532,0,22911,22911,54,7.7,618661
1786125512,2022604,14240,83886080,14063030272,1532,0,22919,22919,31,7.7,626622
1786125522,2031556,14240,83886080,14122856448,1532,0,22923,22923,39,7.7,625607
1786125532,2022948,14240,83886080,14136504320,1532,0,22927,22927,37,7.7,618231
1786125542,2030196,14240,83886080,14175338496,1532,0,22932,22932,36,7.7,619472
1786125552,2025608,14240,83886080,14225719296,1532,0,22939,22939,34,7.7,622134
1786125562,2031768,14240,83886080,14276104192,1532,0,22944,22944,41,7.7,626066
1786125572,2022960,14240,83886080,14329634816,1532,0,22952,22952,30,7.7,621660
1786125583,2032324,14240,83886080,14368464896,1532,0,22956,22956,41,7.7,618024
1786125593,2022792,14240,83886080,14409400320,1532,0,22960,22960,51,7.7,621419
1786125603,2023340,14240,83886080,14454534144,1532,0,22968,22968,34,7.7,618054
1786125613,2033932,14240,83886080,14493368320,1532,0,22972,22972,44,7.7,618612
1786125623,2022636,14240,83886080,14528008192,1532,0,22976,22976,52,7.7,625400
1786125633,2024284,14240,83886080,14566842368,1532,0,22984,22984,36,7.7,623047
1786125643,2034664,14240,83886080,14602526720,1532,0,22988,22988,45,7.7,619852
1786125653,2022640,14240,83886080,14614073344,1532,0,22993,22993,49,7.7,620812
1786125663,2022560,14240,83886080,14620372992,1532,0,23000,23000,38,7.7,618917
1786125673,2023032,14240,83886080,14631915520,1532,0,23005,23005,45,7.7,620821
1786125683,2023108,14240,83886080,14639263744,1532,0,23012,23012,40,7.7,619527
1786125694,2023180,14240,83886080,14656057344,1532,0,23018,23018,41,7.7,617988
1786125704,2022508,14240,83886080,14678102016,1532,0,23025,23025,38,7.7,620188
1786125714,2022564,14240,83886080,14690693120,1532,0,23030,23030,41,7.7,619659
1786125724,2023728,14240,83886080,14711685120,1532,0,23037,23037,39,7.7,617970
1786125734,2024448,14240,83886080,14733729792,1533,0,23043,23043,40,7.7,621690
1786125744,2023624,14240,83886080,14750523392,1533,0,23050,23050,36,7.7,622047
1786125754,2022544,14240,83886080,14771511296,1533,0,23055,23055,45,7.7,618022
1786125764,2023516,14240,83886080,14796701696,1533,0,23063,23063,36,7.7,620458
1786125774,2022816,14240,83886080,14806151168,1533,0,23064,23064,51,7.7,627658
1786125785,2021840,14240,83886080,14825046016,1533,0,23069,23069,49,7.7,622537
1786125795,2023664,14240,83886080,14849183744,1533,0,23076,23076,39,7.7,620349
1786125805,2023044,14240,83886080,14871220224,1533,0,23081,23081,46,7.7,621403
1786125815,2022824,14240,83886080,14890119168,1533,0,23089,23089,29,7.7,621973
1786125825,2024692,14240,83886080,14904815616,1533,0,23093,23093,40,7.7,619644
1786125835,2023084,14240,83886080,14911111168,1533,0,23099,23099,40,7.7,617921
1786125845,2022092,14240,83886080,14916358144,1533,0,23103,23103,37,7.7,624737
1786125855,2023788,14240,83886080,14919512064,1533,0,23107,23107,42,7.7,619439
1786125865,2023092,14240,83886080,14922657792,1533,0,23115,23115,30,7.7,619564
1786125875,2024704,14240,83886080,14926856192,1533,0,23119,23119,41,7.7,618007
1786125885,2022552,14240,83886080,14927904768,1533,0,23124,23124,46,7.7,619619
1786125895,2022156,14240,83886080,14931054592,1533,0,23131,23131,38,7.7,621037
1786125906,2022880,14240,83886080,14934200320,1533,0,23136,23136,44,7.7,617977
1786125916,2022596,14240,83886080,14939451392,1533,0,23144,23144,31,7.7,618665
1786125926,2023776,14240,83886080,14943649792,1533,0,23148,23148,41,7.7,617995
1786125936,2023300,14240,83886080,14949945344,1533,0,23156,23156,33,7.7,618697
1786125946,2023040,14240,83886080,14956244992,1533,0,23161,23161,38,7.7,617919
1786125956,2023396,14240,83886080,14969884672,1533,0,23168,23168,34,7.7,622716
1786125966,2023248,14240,83886080,14982483968,1533,0,23174,23174,39,7.7,619953
1786125976,2023976,14240,83886080,14995083264,1533,0,23180,23180,38,7.7,621489
1786125986,2023316,14240,83886080,15009779712,1533,0,23188,23188,31,7.7,619018
1786125996,2023572,14240,83886080,15024472064,1533,0,23192,23192,41,7.7,619248
1786126007,2022824,14240,83886080,15032868864,1533,0,23200,23200,30,7.7,618015
1786126017,2024008,14240,83886080,15044411392,1533,0,23204,23204,41,7.7,619878
1786126027,2023476,14240,83886080,15053856768,1533,0,23212,23212,33,7.7,617965
1786126037,2022836,14240,83886080,15057006592,1533,0,23216,23216,44,7.7,619164
1786126047,2022908,14240,83886080,15059103744,1533,0,23224,23224,31,7.7,620550
1786126057,2023444,14240,83886080,15061200896,1533,0,23228,23228,41,7.7,623570
1786126067,2022504,14240,83886080,15064350720,1533,0,23234,23233,46,7.7,617907
1786126077,2022928,14240,83886080,15066451968,1533,0,23241,23241,35,7.7,620605
1786126087,2021964,14240,83886080,15069597696,1533,0,23246,23246,41,7.7,617974
1786126097,2023884,14240,83886080,15075893248,1533,0,23253,23253,37,7.7,621083
1786126107,2022664,14240,83886080,15077998592,1533,0,23254,23254,52,7.7,617979
1786126118,2023272,14240,83886080,15085342720,1533,0,23262,23262,31,7.7,617995
1786126128,2024084,14240,83886080,15100043264,1534,0,23266,23266,39,7.7,622723
1786126138,2021996,14240,83886080,15121035264,1534,0,23271,23271,44,7.7,619468
1786126148,2022868,14240,83886080,15151468544,1534,0,23279,23279,31,7.7,622587
1786126158,2023896,14240,83886080,15170363392,1534,0,23283,23283,40,7.7,621045
1786126168,2022072,14240,83886080,15203950592,1534,0,23291,23291,30,7.7,618194
1786126178,2022716,14240,83886080,15224942592,1534,0,23295,23295,38,7.7,619641
1786126188,2023584,14240,83886080,15246979072,1534,0,23300,23300,42,7.7,621695
1786126198,2023948,14240,83886080,15278473216,1534,0,23307,23307,39,7.7,617939
1786126208,2022424,14240,83886080,15308906496,1534,0,23312,23312,41,7.7,617891
1786126219,2022248,14240,83886080,15337250816,1534,0,23320,23320,30,7.7,619763
1786126229,2022900,14240,83886080,15363489792,1535,0,23324,23324,40,7.7,624695
1786126239,2023036,14240,83886080,15386578944,1535,0,23329,23329,44,7.7,621935
1786126249,2026780,14240,83886080,15429611520,1535,0,23336,23336,34,7.7,618919
1786126259,2032900,14240,83886080,15483146240,1535,0,23341,23341,42,7.7,622404
1786126269,2021688,14240,83886080,15535624192,1535,0,23349,23349,32,7.7,622235
1786126279,2030400,14240,83886080,15598600192,1535,0,23354,23354,38,7.7,619847
1786126289,2026088,14240,83886080,15665774592,1535,0,23361,23361,34,7.7,621665
1786126299,2028560,14240,83886080,15717199872,1535,0,23366,23366,36,7.7,622981
1786126309,2026560,14240,83886080,15779127296,1535,0,23372,23372,39,7.7,617901
1786126319,2031804,14240,83886080,15833702400,1536,0,23378,23378,38,7.7,619058
1786126329,2023128,14240,83886080,15894581248,1536,0,23386,23386,30,7.7,619428
1786126340,2027656,14240,83886080,15952302080,1536,0,23391,23391,37,7.7,621040
1786126350,2024392,14240,83886080,16004780032,1536,0,23398,23398,32,7.7,617945
1786126360,2030952,14240,83886080,16047820800,1536,0,23403,23403,38,7.7,619264
1786126370,2022796,14240,83886080,16095051776,1536,0,23409,23409,38,7.7,618632
1786126380,2032996,14240,83886080,16145432576,1536,0,23415,23415,39,7.7,618995
1786126390,2036540,14240,83886080,16195809280,1536,0,23420,23420,44,7.7,618921
1786126400,2026188,14240,83886080,16253542400,1536,0,23428,23428,32,7.7,618015
1786126410,2026628,14240,83886080,16308121600,1536,0,23433,23433,40,7.7,628586
1786126421,2025848,14240,83886080,16373190656,1536,0,23440,23440,32,7.7,620108
1786126431,2031896,14240,83886080,16439320576,1537,0,23445,23445,39,7.7,618331
1786126441,2023432,14240,83886080,16488648704,1537,0,23450,23450,43,7.7,619201
1786126451,2027724,14240,83886080,16562126848,1537,0,23457,23457,36,7.7,620860
1786126461,2036072,14240,83886080,16627195904,1537,0,23462,23462,43,7.7,622266
1786126471,2022836,14240,83886080,16681779200,1537,0,23466,23466,50,7.7,624182
1786126481,2029396,14240,83886080,16756301824,1537,0,23474,23474,38,7.7,617953
1786126491,2023496,14240,83886080,16814022656,1537,0,23479,23479,43,7.7,622748
1786126501,2024428,14240,83886080,16863354880,1537,0,23486,23486,37,7.7,618974
1786126511,2033128,14240,83886080,16918986752,1537,0,23491,23491,39,7.7,620767
1786126521,2022528,14240,83886080,16968314880,1537,0,23496,23496,46,7.7,617943
1786126531,2024376,14240,83886080,17017647104,1537,0,23503,23503,37,7.7,622029
1786126541,2032476,14240,83886080,17074327552,1537,0,23508,23508,39,7.7,619787
1786126552,2022972,14240,83886080,17126809600,1537,0,23516,23516,31,7.7,618052
1786126562,2025772,14240,83886080,17166696448,1537,0,23520,23520,37,7.7,618516
1786126572,2033712,14240,83886080,17213935616,1537,0,23525,23525,40,7.7,622359
1786126582,2030596,14240,83886080,17267478528,1537,0,23532,23532,39,7.7,618422
1786126592,2029472,14240,83886080,16234672128,1537,0,23538,23538,37,7.7,621289
1786126602,2026760,14240,83886080,16273510400,1537,0,23545,23545,33,7.7,617941
1786126612,2034064,14240,83886080,13085847552,1537,0,23550,23550,43,7.7,619289
1786126622,2035544,14240,83886080,13111042048,1537,0,23555,23555,46,7.7,619247
1786126632,2025524,14240,83886080,13140430848,1537,0,23562,23562,39,7.7,623714
1786126642,2036780,14240,83886080,13171912704,1537,0,23567,23567,44,7.7,617935
1786126652,2022220,14240,83886080,13176111104,1537,0,23567,23567,62,7.7,621683
1786126663,2028248,14240,83886080,13205504000,1537,0,23575,23575,37,7.7,617907
1786126673,2034360,14240,83886080,13236989952,1537,0,23580,23580,42,7.7,618008
1786126683,2023208,14240,83886080,13260079104,1537,0,23584,23584,49,7.7,617969
1786126693,2026332,14240,83886080,13268475904,1537,0,23588,23588,48,7.7,619472
1786126703,2036916,14240,83886080,13298917376,1536,0,23592,23592,48,7.7,618189
1786126713,2026668,14240,83886080,13328306176,1536,0,23600,23600,36,7.7,618029
1786126723,2023356,14240,83886080,13341949952,1536,0,23601,23601,55,7.7,620272
1786126733,2038164,14240,83886080,13361893376,1536,0,23605,23605,62,7.7,619111
1786126743,2025556,14240,83886080,13388124160,1536,0,23613,23613,35,7.7,623600
1786126753,2031436,14240,83886080,13418557440,1536,0,23618,23618,41,7.7,618046
1786126764,2022804,14240,83886080,13420654592,1536,0,23618,23618,59,7.7,622640
1786126774,2029552,14240,83886080,13451100160,1536,0,23626,23626,39,7.7,618084
1786126784,2034652,14240,83886080,13481537536,1536,0,23631,23631,43,7.7,618114
1786126794,2022856,14240,83886080,13498331136,1536,0,23635,23634,53,7.7,626809
1786126804,2032220,14240,83886080,13514076160,1536,0,23639,23639,51,7.7,622011
1786126814,2023600,14240,83886080,13539266560,1536,0,23647,23647,33,7.7,621379
1786126825,2033028,14240,83886080,13569703936,1535,0,23651,23651,44,7.7,620122
1786126835,2023164,14240,83886080,13574950912,1535,0,23651,23651,63,7.7,621360
1786126845,2025036,14240,83886080,13600141312,1535,0,23659,23659,36,7.7,617994
1786126855,2034016,14240,83886080,13632679936,1535,0,23664,23664,41,7.7,621402
1786126865,2027272,14240,83886080,13665218560,1535,0,23671,23671,35,7.7,620908
1786126875,2032176,14240,83886080,13691453440,1535,0,23676,23676,42,7.7,619374
1786126885,2027472,14240,83886080,13724000256,1535,0,23683,23683,37,7.7,622273
1786126895,2030712,14240,83886080,13752332288,1535,0,23688,23688,42,7.7,627212
1786126905,2023568,14240,83886080,13780672512,1535,0,23696,23696,33,7.7,621513
1786126916,2035776,14240,83886080,13815308288,1534,0,23700,23700,43,7.7,619749
1786126926,2022940,14240,83886080,13842595840,1534,0,23708,23708,32,7.7,621840
1786126936,2029356,14240,83886080,13870936064,1534,0,23713,23713,38,7.7,619516
1786126946,2026164,14240,83886080,13900324864,1534,0,23720,23720,34,7.7,620096
1786126956,2034580,14240,83886080,13933916160,1534,0,23725,23725,42,7.7,618814
1786126966,2023612,14240,83886080,13958053888,1534,0,23730,23730,46,7.7,627122
1786126976,2032144,14240,83886080,13991645184,1534,0,23737,23737,39,7.7,620413
1786126986,2022728,14240,83886080,14019981312,1534,0,23742,23742,44,7.7,618094
1786126996,2027496,14240,83886080,14049370112,1533,0,23749,23749,35,7.7,620494
1786127007,2034936,14240,83886080,14088208384,1533,0,23754,23754,46,7.7,621176
1786127017,2021932,14240,83886080,14117593088,1533,0,23758,23758,50,7.7,618104
1786127027,2027516,14240,83886080,14129139712,1533,0,23762,23762,47,7.7,620766
1786127037,2039780,14240,83886080,14173220864,1533,0,23766,23766,50,7.7,617979
1786127047,2023548,14240,83886080,14236200960,1533,0,23774,23774,34,7.7,619507
1786127057,2030500,14240,83886080,14283436032,1533,0,23778,23778,40,7.7,618372
1786127067,2035652,14240,83886080,14338011136,1533,0,23783,23783,43,7.7,618051
1786127077,2026068,14240,83886080,14395736064,1533,0,23790,23790,34,7.7,618084
1786127087,2031772,14240,83886080,14444019712,1533,0,23795,23795,40,7.7,620044
1786127097,2023256,14240,83886080,14493347840,1533,0,23802,23802,34,7.7,618072
1786127108,2034196,14240,83886080,14556332032,1533,0,23807,23807,40,7.7,620071
1786127118,2023012,14240,83886080,14606704640,1533,0,23815,23815,29,7.7,620034
1786127128,2031400,14240,83886080,14673883136,1533,0,23820,23820,36,7.7,619759
1786127138,2026092,14240,83886080,14724263936,1533,0,23827,23827,32,7.7,617963
1786127148,2022368,14240,83886080,14745251840,1533,0,23828,23828,47,7.7,627815
1786127158,2022752,14240,83886080,14774644736,1533,0,23836,23836,31,7.7,617996
1786127168,2022560,14240,83886080,14812430336,1533,0,23840,23840,37,7.7,617978
1786127178,2022908,14240,83886080,14833422336,1534,0,23845,23845,41,7.7,620998
1786127188,2023220,14240,83886080,14861762560,1534,0,23852,23852,33,7.7,621194
1786127198,2023960,14240,83886080,14886948864,1534,0,23858,23858,36,7.7,622319
1786127209,2021756,14240,83886080,14926839808,1534,0,23864,23864,36,7.7,617973
1786127219,2022548,14240,83886080,14949924864,1534,0,23868,23868,32,7.7,619548
1786127229,2024516,14240,83886080,14966718464,1534,0,23872,23872,40,7.7,619010
1786127239,2022264,14240,83886080,15004512256,1534,0,23880,23880,31,7.7,617955
1786127249,2023184,14240,83886080,15012904960,1534,0,23883,23882,44,7.7,617956
1786127259,2023672,14240,83886080,15032844288,1534,0,23888,23888,33,7.7,617853
1786127269,2022688,14240,83886080,15062237184,1535,0,23896,23896,29,7.7,620260
1786127279,2024436,14240,83886080,15075876864,1535,0,23900,23900,41,7.7,617974
1786127289,2022116,14240,83886080,15096872960,1535,0,23908,23908,32,7.7,621907
1786127299,2024376,14240,83886080,15116816384,1535,0,23913,23913,40,7.7,619006
1786127310,2024576,14240,83886080,15143055360,1535,0,23920,23920,36,7.7,619367
1786127320,2023700,14240,83886080,15158800384,1535,0,23925,23925,41,7.7,619747
1786127330,2024384,14240,83886080,15169298432,1535,0,23933,23933,34,7.7,620202
1786127340,2023552,14240,83886080,15175593984,1535,0,23938,23938,40,7.7,620855
1786127350,2024100,14240,83886080,15185039360,1535,0,23945,23945,34,7.7,623524
1786127360,2023928,14240,83886080,15188189184,1535,0,23950,23950,40,7.7,618322
1786127370,2022344,14240,83886080,15191334912,1535,0,23955,23955,45,7.7,617985
1786127380,2022944,14240,83886080,15191334912,1535,0,23959,23959,42,7.7,618004
1786127390,2024032,14240,83886080,15195529216,1535,0,23963,23963,44,7.7,617897
1786127401,2022808,14240,83886080,15196581888,1535,0,23971,23971,34,7.7,620964
1786127411,2022256,14240,83886080,15199735808,1535,0,23975,23975,42,7.7,618067
1786127421,2024608,14240,83886080,15202885632,1535,0,23979,23979,47,7.7,619798
1786127431,2023296,14240,83886080,15208132608,1535,0,23987,23987,36,7.7,617901
1786127441,2022504,14240,83886080,15214432256,1535,0,23992,23992,43,7.7,619267
1786127451,2023500,14240,83886080,15219675136,1535,0,23999,23999,36,7.7,619774
1786127461,2024416,14240,83886080,15225974784,1535,0,24004,24004,41,7.7,617918
1786127471,2023132,14240,83886080,15230177280,1535,0,24008,24008,49,7.7,621892
1786127481,2023500,14240,83886080,15233323008,1535,0,24012,24012,49,7.7,621977
1786127491,2022324,14240,83886080,15237517312,1535,0,24016,24016,50,7.7,621861
1786127501,2024104,14240,83886080,15240667136,1535,0,24024,24024,36,7.7,619904
1786127511,2023352,14240,83886080,15243816960,1535,0,24028,24028,44,7.7,619246
1786127522,2022072,14240,83886080,15246966784,1535,0,24033,24033,43,7.7,618001
1786127532,2023704,14240,83886080,15248015360,1535,0,24040,24040,38,7.7,622709
1786127542,2021884,14240,83886080,15252213760,1535,0,24045,24045,45,7.7,617973
1786127552,2022812,14240,83886080,15262711808,1535,0,24053,24053,35,7.7,618729
1786127562,2022684,14240,83886080,15275307008,1535,0,24058,24058,40,7.7,625184
1786127572,2023480,14240,83886080,15292096512,1535,0,24065,24065,37,7.7,619662
1786127582,2024024,14240,83886080,15306792960,1535,0,24070,24070,40,7.7,622576
1786127592,2023444,14240,83886080,15331983360,1536,0,24078,24078,29,7.7,618095
1786127602,2023344,14240,83886080,15351926784,1536,0,24082,24082,37,7.7,619740
1786127612,2023764,14240,83886080,15375015936,1536,0,24086,24086,47,7.7,620735
1786127622,2022976,14240,83886080,15416999936,1536,0,24094,24094,31,7.7,622818
1786127633,2023020,14240,83886080,15433797632,1536,0,24098,24098,44,7.7,618938
1786127643,2022584,14240,83886080,15455834112,1536,0,24103,24103,48,7.7,618803
1786127653,2022296,14240,83886080,15476830208,1536,0,24111,24111,36,7.7,617931
1786127663,2024820,14240,83886080,15492571136,1536,0,24115,24115,47,7.7,621844
1786127673,2023280,14240,83886080,15523012608,1536,0,24123,24123,33,7.7,621834
1786127683,2023628,14240,83886080,15541907456,1536,0,24127,24127,44,7.7,624620
1786127693,2023468,14240,83886080,15575486464,1536,0,24135,24135,31,7.7,619361
1786127703,2022728,14240,83886080,15606980608,1536,0,24139,24139,38,7.7,617970
1786127713,2023368,14240,83886080,15630069760,1536,0,24144,24144,39,7.7,622970
1786127723,2022532,14240,83886080,15672057856,1537,0,24151,24151,35,7.7,624903
1786127733,2024028,14240,83886080,15695147008,1537,0,24156,24156,39,7.7,620282
1786127744,2022092,14240,83886080,15740276736,1537,0,24163,24163,33,7.7,621108
1786127754,2030468,14240,83886080,15769669632,1537,0,24168,24168,39,7.7,617980
1786127764,2022560,14240,83886080,15814799360,1537,0,24176,24176,31,7.7,622180
1786127774,2035420,14240,83886080,15872528384,1537,0,24180,24180,40,7.7,619874
1786127784,2022748,14240,83886080,15920807936,1537,0,24188,24188,30,7.7,620210
1786127794,2026284,14240,83886080,15968043008,1537,0,24192,24192,39,7.7,621302
1786127804,2035676,14240,83886080,16016322560,1537,0,24197,24197,41,7.7,617926
1786127814,2024392,14240,83886080,16071950336,1537,0,24205,24205,33,7.7,625695
1786127824,2022604,14240,83886080,16085594112,1537,0,24206,24206,48,7.7,621202
1786127834,2022404,14240,83886080,16124432384,1537,0,24211,24211,44,7.7,621045
1786127844,2031668,14240,83886080,16185311232,1537,0,24218,24218,37,7.7,617989
1786127855,2022992,14240,83886080,16239890432,1537,0,24223,24223,42,7.7,617914
1786127865,2032364,14240,83886080,16293416960,1537,0,24230,24230,38,7.7,619640
1786127875,2024868,14240,83886080,16343801856,1537,0,24238,24238,31,7.7,619260
1786127885,2031692,14240,83886080,16398376960,1537,0,24243,24243,38,7.7,621547
1786127895,2021892,14240,83886080,16408879104,1537,0,24244,24244,45,7.7,618007
1786127905,2030028,14240,83886080,16458203136,1537,0,24251,24251,39,7.7,618013
1786127915,2024484,14240,83886080,16503341056,1538,0,24256,24256,42,7.7,621576
1786127925,2022832,14240,83886080,16544268288,1538,0,24264,24264,33,7.7,618231
1786127935,2031156,14240,83886080,16595701760,1538,0,24268,24268,39,7.7,618433
1786127946,2022472,14240,83886080,16640835584,1538,0,24276,24276,29,7.7,620604
1786127956,2024760,14240,83886080,16672325632,1538,0,24280,24280,38,7.7,618451
1786127966,2030872,14240,83886080,16722702336,1538,0,24285,24285,40,7.7,618580
1786127976,2022388,14240,83886080,16770981888,1538,0,24291,24290,45,7.7,622533
1786127986,2025364,14240,83886080,16819269632,1538,0,24297,24297,37,7.7,619328
1786127996,2032848,14240,83886080,16869650432,1538,0,24302,24302,42,7.7,617949
1786128006,2023436,14240,83886080,16922128384,1538,0,24310,24310,32,7.7,617978
1786128016,2030188,14240,83886080,16965165056,1538,0,24314,24314,40,7.7,619597
1786128026,2024556,14240,83886080,17009246208,1538,0,24319,24319,45,7.7,617908
1786128036,2026564,14240,83886080,17068019712,1538,0,24327,24327,34,7.7,620791
1786128047,2034716,14240,83886080,17104756736,1538,0,24331,24331,44,7.7,618021
1786128057,2022560,14240,83886080,17153040384,1538,0,24339,24339,34,7.7,619653
1786128067,2031924,14240,83886080,16121270272,1538,0,24344,24344,41,7.7,618543
1786128077,2024132,14240,83886080,15075880960,1538,0,24351,24351,32,7.7,619916
1786128087,2028768,14240,83886080,14036783104,1538,0,24357,24357,35,7.7,620432
1786128097,2024624,14240,83886080,14066204672,1538,0,24363,24363,39,7.7,618654
1786128107,2032616,14240,83886080,14092439552,1538,0,24369,24369,39,7.7,618911
1786128117,2029528,14240,83886080,13047029760,1537,0,24376,24376,36,7.7,622050
1786128127,2023472,14240,83886080,13070123008,1537,0,24381,24381,41,7.7,617956
1786128137,2027192,14240,83886080,13099507712,1537,0,24389,24389,35,7.7,620587
1786128147,2025364,14240,83886080,13128900608,1537,0,24395,24395,36,7.7,617979
1786128158,2023540,14240,83886080,13146742784,1537,0,24397,24397,51,7.7,629275
1786128169,2031112,14240,83886080,13165633536,1537,0,24401,24401,59,7.7,617920
1786128179,2021940,14240,83886080,13182427136,1537,0,24405,24405,55,7.7,619126
1786128189,2031288,14240,83886080,13211820032,1537,0,24413,24413,39,7.7,617923
1786128199,2021872,14240,83886080,13223362560,1537,0,24414,24414,55,7.7,618037
1786128209,2022968,14240,83886080,13241212928,1537,0,24419,24419,52,7.7,619873
1786128219,2029424,14240,83886080,13269540864,1537,0,24426,24426,38,7.7,619179
1786128229,2023684,14240,83886080,13294739456,1537,0,24431,24431,46,7.7,618300
1786128239,2022772,14240,83886080,13296836608,1537,0,24435,24435,42,7.7,619056
1786128249,2031496,14240,83886080,13325180928,1537,0,24439,24439,41,7.7,618266
1786128260,2022732,14240,83886080,13348265984,1537,0,24445,24445,42,7.7,620406
1786128270,2022052,14240,83886080,13358759936,1537,0,24448,24448,49,7.7,620732
1786128280,2024500,14240,83886080,13375553536,1536,0,24452,24452,59,7.7,625405
1786128290,2025976,14240,83886080,13403893760,1536,0,24460,24460,38,7.7,622579
1786128300,2035704,14240,83886080,13431185408,1536,0,24464,24464,48,7.7,620542
1786128310,2022540,14240,83886080,13433282560,1536,0,24464,24464,64,7.7,620907
1786128320,2027436,14240,83886080,13460570112,1536,0,24472,24472,38,7.7,622074
1786128331,2027064,14240,83886080,13486813184,1536,0,24477,24477,43,7.7,617945
1786128341,2024836,14240,83886080,13507805184,1536,0,24484,24484,36,7.7,618009
1786128351,2026860,14240,83886080,13531947008,1536,0,24490,24490,37,7.7,618013
1786128361,2028480,14240,83886080,13561331712,1536,0,24496,24496,39,7.7,618727
1786128371,2023140,14240,83886080,13582327808,1536,0,24503,24502,41,7.7,618047
1786128381,2030876,14240,83886080,13611712512,1536,0,24509,24509,39,7.7,618052
1786128391,2026756,14240,83886080,13639004160,1535,0,24516,24516,34,7.7,619410
1786128401,2027936,14240,83886080,13662093312,1535,0,24521,24521,40,7.7,619592
1786128411,2031008,14240,83886080,13691482112,1535,0,24526,24526,43,7.7,618117
1786128421,2027864,14240,83886080,13718777856,1535,0,24534,24534,35,7.7,620385
1786128431,2024696,14240,83886080,13740814336,1535,0,24540,24540,34,7.7,619090
1786128441,2026924,14240,83886080,13771255808,1535,0,24546,24546,39,7.7,620989
1786128452,2029448,14240,83886080,13799591936,1535,0,24553,24553,36,7.7,618024
1786128462,2029452,14240,83886080,13820588032,1535,0,24559,24559,35,7.7,620269
1786128472,2025880,14240,83886080,13848932352,1535,0,24566,24566,34,7.7,622176
1786128482,2033344,14240,83886080,13878308864,1534,0,24571,24571,41,7.7,618048
1786128492,2021804,14240,83886080,13885661184,1534,0,24574,24574,46,7.7,622595
1786128502,2022500,14240,83886080,13907701760,1534,0,24582,24582,29,7.7,621969
1786128512,2030260,14240,83886080,13931847680,1534,0,24586,24586,40,7.7,619013
1786128522,2035280,14240,83886080,13959131136,1534,0,24590,24590,48,7.7,618772
1786128532,2024152,14240,83886080,13979074560,1534,0,24596,24596,41,7.7,622057
1786128542,2033288,14240,83886080,14012661760,1534,0,24602,24602,40,7.7,618143
1786128553,2023788,14240,83886080,14035755008,1534,0,24608,24608,41,7.7,622935
1786128563,2023536,14240,83886080,14063042560,1534,0,24616,24616,32,7.7,618025
1786128573,2028032,14240,83886080,14092431360,1534,0,24620,24620,45,7.7,620173
1786128583,2023780,14240,83886080,14113419264,1533,0,24628,24628,34,7.7,617968
1786128593,2027384,14240,83886080,14147010560,1533,0,24634,24634,35,7.7,618894
1786128603,2028044,14240,83886080,14191095808,1533,0,24640,24640,37,7.7,621244
1786128613,2025680,14240,83886080,14221537280,1533,0,24644,24644,46,7.7,630650
1786128623,2027748,14240,83886080,14277160960,1533,0,24652,24652,34,7.7,619518
1786128633,2028188,14240,83886080,14319149056,1533,0,24658,24658,36,7.7,620467
1786128643,2024628,14240,83886080,14365327360,1533,0,24664,24664,35,7.7,618010
1786128654,2029368,14240,83886080,14417809408,1533,0,24670,24670,37,7.7,621535
1786128664,2022600,14240,83886080,14443003904,1533,0,24676,24676,37,7.7,619351
1786128674,2022696,14240,83886080,14472388608,1533,0,24682,24682,39,7.7,620794
1786128684,2024964,14240,83886080,14497574912,1533,0,24688,24688,41,7.7,621407
1786128694,2022848,14240,83886080,14535364608,1534,0,24696,24696,31,7.7,620872
1786128704,2023068,14240,83886080,14550056960,1534,0,24699,24699,42,7.7,625973
1786128714,2023528,14240,83886080,14567899136,1534,0,24704,24704,35,7.7,619591
1786128724,2022432,14240,83886080,14601494528,1534,0,24711,24711,34,7.7,617917
1786128734,2024092,14240,83886080,14622486528,1534,0,24716,24716,39,7.7,618739
1786128745,2023724,14240,83886080,14645571584,1534,0,24721,24721,42,7.7,618619
1786128755,2024100,14240,83886080,14672867328,1534,0,24728,24728,34,7.7,617915
1786128765,2023328,14240,83886080,14695956480,1534,0,24733,24733,42,7.7,619635
1786128775,2022324,14240,83886080,14711701504,1534,0,24740,24740,33,7.7,624522
1786128785,2023804,14240,83886080,14732685312,1534,0,24745,24745,37,7.7,619273
1786128795,2022444,14240,83886080,14752632832,1534,0,24753,24753,28,7.7,620326
1786128805,2023640,14240,83886080,14773628928,1534,0,24757,24757,40,7.7,617970
1786128815,2023284,14240,83886080,14795665408,1535,0,24765,24765,31,7.7,621272
1786128825,2023880,14240,83886080,14813507584,1535,0,24770,24770,39,7.7,619039
1786128835,2022984,14240,83886080,14828204032,1535,0,24777,24777,32,7.7,617953
1786128846,2023664,14240,83886080,14846042112,1535,0,24782,24782,40,7.7,619390
1786128856,2023112,14240,83886080,14862839808,1535,0,24789,24788,42,7.7,621122
1786128866,2023384,14240,83886080,14884876288,1535,0,24795,24795,34,7.7,617929
1786128876,2024088,14240,83886080,14899576832,1535,0,24802,24802,33,7.7,617968
1786128886,2024144,14240,83886080,14907973632,1535,0,24807,24807,39,7.7,620984
1786128896,2023460,14240,83886080,14910070784,1535,0,24813,24812,43,7.7,617933
1786128906,2023096,14240,83886080,14914269184,1535,0,24819,24819,42,7.7,618017
1786128916,2023092,14240,83886080,14915317760,1535,0,24824,24824,44,7.7,618038
1786128926,2022816,14240,83886080,14916370432,1535,0,24828,24828,45,7.7,619204
1786128937,2023608,14240,83886080,14919520256,1535,0,24832,24832,48,7.7,618697
1786128947,2023016,14240,83886080,14922670080,1535,0,24840,24840,34,7.7,619305
1786128957,2023348,14240,83886080,14925815808,1535,0,24844,24844,44,7.7,617942
1786128967,2022916,14240,83886080,14932111360,1535,0,24849,24849,44,7.7,617906
1786128977,2024020,14240,83886080,14939463680,1535,0,24857,24857,36,7.7,626307
1786128987,2022920,14240,83886080,14947856384,1535,0,24861,24861,45,7.7,617996
1786128997,2022228,14240,83886080,14957301760,1535,0,24869,24866,45,7.7,619680
1786129007,2024332,14240,83886080,14968848384,1535,0,24873,24873,40,7.7,622821
1786129017,2023392,14240,83886080,14974095360,1535,0,24878,24878,42,7.7,622963
1786129027,2024112,14240,83886080,14988791808,1535,0,24885,24885,38,7.7,620452
1786129037,2022216,14240,83886080,14997188608,1535,0,24891,24891,40,7.7,623124
1786129048,2024064,14240,83886080,14999285760,1535,0,24897,24897,40,7.7,621375
1786129058,2022484,14240,83886080,15001391104,1535,0,24905,24905,32,7.7,619891
1786129068,2023960,14240,83886080,15003488256,1535,0,24911,24911,34,7.7,618874
1786129078,2023116,14240,83886080,15005585408,1535,0,24915,24915,45,7.7,620251
1786129088,2022600,14240,83886080,15008735232,1535,0,24923,24923,37,7.7,628888
1786129098,2023184,14240,83886080,15010832384,1535,0,24929,24929,38,7.7,621046
1786129108,2023292,14240,83886080,15013978112,1535,0,24935,24935,41,7.7,617951
1786129118,2022064,14240,83886080,15017132032,1535,0,24943,24943,32,7.7,620109
1786129128,2023052,14240,83886080,15020285952,1535,0,24948,24948,38,7.7,620601
1786129139,2022240,14240,83886080,15022383104,1535,0,24949,24949,54,7.7,626122
1786129149,2023444,14240,83886080,15034974208,1535,0,24957,24957,37,7.7,619268
1786129159,2023708,14240,83886080,15045468160,1535,0,24961,24961,46,7.7,618292
1786129169,2022916,14240,83886080,15058063360,1535,0,24966,24966,49,7.7,620266
1786129179,2023264,14240,83886080,15064363008,1535,0,24970,24970,41,7.7,619336
1786129189,2024292,14240,83886080,15075909632,1535,0,24977,24977,39,7.7,621281
1786129199,2022604,14240,83886080,15094800384,1535,0,24985,24985,29,7.7,622713
1786129209,2024128,14240,83886080,15116845056,1535,0,24990,24990,38,7.7,617905
1786129220,2022960,14240,83886080,15142031360,1535,0,24995,24995,42,7.7,619693
1786129230,2022176,14240,83886080,15169327104,1535,0,25002,25002,40,7.7,623096
1786129240,2025388,14240,83886080,15191363584,1535,0,25007,25007,44,7.7,618164
1786129250,2023620,14240,83886080,15218651136,1536,0,25015,25015,34,7.7,620573
1786129260,2026588,14240,83886080,15250141184,1536,0,25021,25020,43,7.7,621500
1786129270,2030904,14240,83886080,15293173760,1536,0,25027,25027,36,7.7,617985
1786129280,2023092,14240,83886080,15348805632,1536,0,25035,25035,32,7.7,621335
1786129290,2028472,14240,83886080,15396036608,1536,0,25040,25039,43,7.7,624287
1786129300,2024736,14240,83886080,15454814208,1536,0,25047,25047,35,7.7,620768
1786129311,2032304,14240,83886080,15509393408,1536,0,25052,25052,40,7.7,622262
1786129321,2023428,14240,83886080,15552421888,1536,0,25056,25056,50,7.7,617968
1786129331,2027852,14240,83886080,15592312832,1536,0,25060,25060,43,7.7,620276
1786129341,2037880,14240,83886080,15653187584,1536,0,25064,25064,46,7.7,618030
1786129351,2025868,14240,83886080,15727714304,1536,0,25072,25072,33,7.7,618707
1786129361,2026536,14240,83886080,15774945280,1536,0,25077,25077,36,7.7,618316
1786129371,2028720,14240,83886080,15842119680,1536,0,25081,25081,45,7.7,620885
1786129381,2025788,14240,83886080,15902994432,1536,0,25089,25089,32,7.7,621348
1786129391,2033360,14240,83886080,15957573632,1536,0,25093,25093,41,7.7,618087
1786129401,2024064,14240,83886080,16017387520,1536,0,25101,25101,30,7.7,620497
1786129412,2031860,14240,83886080,16090865664,1537,0,25105,25105,40,7.7,620085
1786129422,2031784,14240,83886080,16139145216,1537,0,25110,25110,44,7.7,618637
1786129432,2028020,14240,83886080,16195825664,1537,0,25117,25117,36,7.7,621303
1786129442,2026080,14240,83886080,16249352192,1537,0,25123,25123,38,7.7,620088
1786129452,2029108,14240,83886080,16299737088,1537,0,25129,25129,39,7.7,617958
1786129462,2023396,14240,83886080,16346968064,1537,0,25137,25137,31,7.7,620817
1786129472,2028556,14240,83886080,16400494592,1537,0,25141,25141,40,7.7,620561
1786129482,2033480,14240,83886080,16444579840,1537,0,25145,25145,44,7.7,619992
1786129492,2023300,14240,83886080,16506507264,1537,0,25153,25153,31,7.7,622697
1786129502,2030268,14240,83886080,16566333440,1537,0,25158,25158,38,7.7,617921
1786129512,2036016,14240,83886080,16612515840,1537,0,25162,25162,47,7.7,617938
1786129522,2025396,14240,83886080,16684937216,1538,0,25170,25170,33,7.7,617929
1786129533,2032844,14240,83886080,16735318016,1538,0,25174,25174,46,7.7,620599
1786129543,2036528,14240,83886080,16787795968,1538,0,25179,25179,47,7.7,618330
1786129553,2026524,14240,83886080,16854974464,1538,0,25187,25187,35,7.7,617958
1786129563,2035716,14240,83886080,16908500992,1538,0,25191,25191,43,7.7,621202
1786129573,2022760,14240,83886080,16922148864,1538,0,25191,25191,57,7.7,625593
1786129583,2027020,14240,83886080,16993517568,1538,0,25199,25199,36,7.7,617916
1786129593,2032680,14240,83886080,17039704064,1538,0,25204,25204,42,7.7,621874
1786129603,2023992,14240,83886080,17090084864,1538,0,25209,25208,51,7.7,621572
1786129613,2024420,14240,83886080,17118433280,1538,0,25215,25215,28,7.7,623368
1786129624,2032128,14240,83886080,17162514432,1538,0,25219,25219,44,7.7,624844
1786129634,2025116,14240,83886080,17205551104,1539,0,25227,25227,35,7.7,620097
1786129644,2027652,14240,83886080,17235988480,1538,0,25232,25232,40,7.7,622140
1786129654,2027212,14240,83886080,17271685120,1538,0,25236,25236,49,7.7,617940
1786129664,2028044,14240,83886080,17312632832,1538,0,25244,25244,38,7.7,617951
1786129674,2030208,14240,83886080,17349378048,1538,0,25248,25248,44,7.7,617980
1786129684,2022192,14240,83886080,16305016832,1538,0,25252,25252,51,7.7,618015
1786129694,2024972,14240,83886080,16348053504,1538,0,25260,25260,36,7.7,619448
1786129704,2028160,14240,83886080,16379539456,1538,0,25264,25264,40,7.7,617911
1786129714,2030040,14240,83886080,16421523456,1538,0,25269,25269,45,7.7,619862
1786129724,2030792,14240,83886080,15381352448,1538,0,25276,25276,40,7.7,620581
1786129734,2023396,14240,83886080,15392899072,1538,0,25278,25278,51,7.7,619254
1786129745,2021848,14240,83886080,14347489280,1539,0,25286,25286,32,7.7,617925
1786129755,2030876,14240,83886080,14376873984,1538,0,25290,25290,42,7.7,622944
1786129765,2023348,14240,83886080,13327265792,1538,0,25295,25295,46,7.7,617960
1786129775,2026864,14240,83886080,13352456192,1538,0,25302,25302,36,7.7,622903
1786129785,2033736,14240,83886080,13380800512,1538,0,25307,25307,43,7.7,618384
1786129795,2022420,14240,83886080,13402836992,1538,0,25311,25311,53,7.7,618820
1786129806,2029292,14240,83886080,13429080064,1538,0,25319,25319,37,7.7,624747
1786129816,2023540,14240,83886080,13455314944,1538,0,25324,25324,46,7.7,620507
1786129826,2024148,14240,83886080,13472108544,1538,0,25328,25328,50,7.7,620522
1786129836,2031636,14240,83886080,13484707840,1538,0,25332,25332,50,7.7,618006
1786129846,2022948,14240,83886080,13510942720,1538,0,25337,25337,47,7.7,617920
1786129856,2030676,14240,83886080,13534035968,1538,0,25344,25344,38,7.7,620014
1786129866,2022296,14240,83886080,13545582592,1538,0,25345,25345,56,7.7,618582
1786129876,2022072,14240,83886080,13570772992,1538,0,25352,25351,45,7.7,619468
1786129886,2032400,14240,83886080,13605412864,1538,0,25357,25357,39,7.7,623882
1786129896,2023880,14240,83886080,13634797568,1537,0,25363,25363,41,7.7,618432
1786129906,2022152,14240,83886080,13638995968,1537,0,25368,25367,40,7.7,621297
1786129917,2032112,14240,83886080,13672583168,1537,0,25373,25373,41,7.7,618003
1786129927,2021996,14240,83886080,13706174464,1537,0,25379,25379,40,7.7,621425
1786129937,2023928,14240,83886080,13724016640,1537,0,25382,25382,49,7.7,626824
1786129947,2021872,14240,83886080,13726113792,1537,0,25382,25382,62,7.7,620188
1786129957,2022692,14240,83886080,13730316288,1537,0,25386,25386,61,7.7,624601
1786129968,2022640,14240,83886080,13742911488,1537,0,25390,25390,49,7.7,623785
1786129978,2035852,14240,83886080,13761802240,1537,0,25394,25394,51,7.7,619257
1786129988,2022844,14240,83886080,13791191040,1537,0,25398,25398,54,7.7,619691
1786129998,2022920,14240,83886080,13794336768,1537,0,25402,25402,52,7.7,624970
1786130008,2023280,14240,83886080,13794336768,1537,0,25402,25402,63,7.7,619032
1786130019,2022432,14240,83886080,13795385344,1537,0,25402,25402,73,7.7,619537
1786130029,2022300,14240,83886080,13816381440,1537,0,25406,25406,70,7.7,622529
1786130040,2027784,14240,83886080,13844721664,1537,0,25414,25414,36,7.7,618287
1786130050,2033084,14240,83886080,13869912064,1537,0,25419,25419,42,7.7,617982
1786130060,2028060,14240,83886080,13897199616,1536,0,25426,25426,36,7.7,618082
1786130070,2030184,14240,83886080,13926588416,1536,0,25432,25432,39,7.7,620970
1786130080,2025468,14240,83886080,13948628992,1536,0,25438,25438,38,7.7,618029
1786130090,2031120,14240,83886080,13978013696,1536,0,25444,25444,39,7.7,620376
1786130100,2022904,14240,83886080,14006358016,1536,0,25448,25448,50,7.7,621788
1786130110,2023616,14240,83886080,14031548416,1536,0,25456,25456,32,7.7,620593
1786130120,2036380,14240,83886080,14063034368,1536,0,25460,25460,43,7.7,619627
1786130130,2025060,14240,83886080,14098722816,1536,0,25468,25468,33,7.7,619498
1786130140,2030880,14240,83886080,14129160192,1536,0,25473,25473,40,7.7,619750
1786130150,2025456,14240,83886080,14178492416,1536,0,25480,25480,34,7.7,618003
1786130161,2023560,14240,83886080,14211026944,1536,0,25485,25485,40,7.7,620987
1786130171,2023740,14240,83886080,14226771968,1536,0,25490,25490,43,7.7,618307
1786130181,2022804,14240,83886080,14251962368,1536,0,25497,25497,37,7.7,621711
1786130191,2023216,14240,83886080,14265614336,1536,0,25504,25503,39,7.7,618681
1786130201,2022960,14240,83886080,14272958464,1536,0,25505,25505,45,7.7,617945
1786130211,2022988,14240,83886080,14288699392,1536,0,25513,25513,35,7.7,621457
1786130221,2023496,14240,83886080,14304444416,1536,0,25518,25518,41,7.7,621517
1786130231,2023628,14240,83886080,14312841216,1536,0,25523,25523,43,7.7,630108
1786130241,2022896,14240,83886080,14323339264,1536,0,25527,25527,42,7.7,621880
1786130251,2023464,14240,83886080,14334881792,1536,0,25533,25533,39,7.7,617984
1786130262,2023832,14240,83886080,14353776640,1536,0,25540,25540,35,7.7,622932
1786130272,2023864,14240,83886080,14368468992,1536,0,25545,25545,39,7.7,620238
1786130282,2023040,14240,83886080,14392606720,1536,0,25553,25553,32,7.7,625418
1786130292,2023676,14240,83886080,14402056192,1536,0,25557,25557,42,7.7,617922
1786130302,2022884,14240,83886080,14418849792,1536,0,25563,25563,43,7.7,621367
1786130312,2021916,14240,83886080,14439841792,1536,0,25571,25571,32,7.7,619337
1786130322,2023500,14240,83886080,14454538240,1536,0,25577,25577,33,7.7,618001
1786130332,2023408,14240,83886080,14477627392,1537,0,25583,25583,33,7.7,617948
1786130342,2022960,14240,83886080,14492323840,1537,0,25589,25589,36,7.7,621756
1786130352,2022804,14240,83886080,14508068864,1537,0,25595,25595,38,7.7,617964
1786130363,2023648,14240,83886080,14529060864,1537,0,25601,25601,40,7.7,618015
1786130373,2023504,14240,83886080,14554247168,1537,0,25609,25608,34,7.7,619629
1786130383,2023144,14240,83886080,14568943616,1537,0,25613,25613,42,7.7,619488
1786130393,2022240,14240,83886080,14586785792,1537,0,25621,25621,32,7.7,622594
1786130403,2022816,14240,83886080,14601482240,1537,0,25627,25627,34,7.7,619320
1786130413,2023276,14240,83886080,14611976192,1537,0,25631,25631,46,7.7,625368
1786130423,2021988,14240,83886080,14621425664,1537,0,25637,25637,45,7.7,619691
1786130433,2023260,14240,83886080,14627721216,1537,0,25645,25645,32,7.7,617972
1786130443,2023284,14240,83886080,14636113920,1537,0,25651,25651,37,7.7,617984
1786130453,2024360,14240,83886080,14640316416,1537,0,25657,25657,35,7.7,617962
1786130463,2022032,14240,83886080,14649761792,1537,0,25663,25663,37,7.7,617968
1786130474,2022056,14240,83886080,14656061440,1537,0,25669,25669,38,7.7,622637
1786130484,2022636,14240,83886080,14657110016,1537,0,25669,25669,54,7.7,620354
1786130494,2023632,14240,83886080,14661308416,1537,0,25673,25673,57,7.7,619403
1786130504,2022052,14240,83886080,14664458240,1537,0,25673,25673,67,7.7,620393
1786130515,2021812,14240,83886080,14671810560,1537,0,25677,25677,68,7.7,620391
1786130525,2022200,14240,83886080,14677053440,1537,0,25681,25681,45,7.7,627363
1786130535,2021808,14240,83886080,14683348992,1537,0,25685,25685,34,7.7,622753
1786130545,2022740,14240,83886080,14690697216,1537,0,25689,25689,41,7.7,617934
1786130555,2022832,14240,83886080,14692798464,1537,0,25689,25689,60,7.7,618026
1786130566,2022708,14240,83886080,14714834944,1537,0,25697,25697,37,7.7,619718
1786130576,2024288,14240,83886080,14731628544,1537,0,25701,25701,45,7.7,618803
1786130586,2023228,14240,83886080,14740029440,1537,0,25705,25705,53,7.7,621609
1786130596,2022152,14240,83886080,14748426240,1537,0,25713,25713,37,7.7,618679
1786130606,2025088,14240,83886080,14755778560,1537,0,25717,25717,48,7.7,617979
1786130616,2023032,14240,83886080,14761025536,1537,0,25722,25721,55,7.7,622673
1786130626,2022804,14240,83886080,14764171264,1537,0,25729,25729,39,7.7,621755
1786130636,2023920,14240,83886080,14768365568,1537,0,25734,25734,44,7.7,618950
1786130646,2023192,14240,83886080,14769414144,1537,0,25741,25741,33,7.7,618816
1786130656,2023188,14240,83886080,14772563968,1537,0,25746,25746,41,7.7,619980
1786130667,2021856,14240,83886080,14776766464,1537,0,25753,25753,36,7.7,617902
1786130677,2024108,14240,83886080,14778863616,1537,0,25758,25758,42,7.7,621438
1786130687,2022376,14240,83886080,14787260416,1537,0,25766,25766,33,7.7,617972
1786130697,2024360,14240,83886080,14793560064,1537,0,25770,25770,46,7.7,622625
1786130707,2022160,14240,83886080,14805106688,1537,0,25778,25778,33,7.7,617949
1786130717,2022988,14240,83886080,14815596544,1537,0,25783,25783,41,7.7,618009
1786130727,2023052,14240,83886080,14831345664,1537,0,25788,25787,51,7.7,630756
1786130737,2023544,14240,83886080,14848139264,1537,0,25794,25794,30,7.7,622091
1786130747,2023888,14240,83886080,14867034112,1538,0,25798,25798,44,7.7,617879
1786130758,2023620,14240,83886080,14900621312,1538,0,25806,25806,35,7.7,621325
1786130768,2024244,14240,83886080,14926856192,1538,0,25808,25808,48,7.7,627464
1786130779,2023960,14240,83886080,14969892864,1538,0,25814,25814,39,7.7,618385
1786130789,2029592,14240,83886080,15019220992,1538,0,25820,25820,43,7.7,618984
1786130799,2025724,14240,83886080,15074848768,1538,0,25826,25826,42,7.7,622492
1786130809,2025096,14240,83886080,15139926016,1538,0,25834,25834,34,7.7,621775
1786130819,2028352,14240,83886080,15198703616,1538,0,25840,25840,36,7.7,620191
1786130829,2031048,14240,83886080,15259582464,1539,0,25846,25846,39,7.7,622484
1786130839,2021864,14240,83886080,15315206144,1539,0,25851,25851,45,7.7,627393
1786130849,2030012,14240,83886080,15382388736,1539,0,25858,25858,37,7.7,621021
1786130859,2024180,14240,83886080,15445356544,1539,0,25863,25863,44,7.7,622415
1786130869,2024136,14240,83886080,15494688768,1539,0,25870,25870,34,7.7,618016
1786130879,2032448,14240,83886080,15562915840,1539,0,25875,25875,39,7.7,620680
1786130890,2023620,14240,83886080,15618547712,1539,0,25881,25880,45,7.7,620982
1786130900,2028052,14240,83886080,15688867840,1539,0,25888,25888,35,7.7,617953
1786130910,2025092,14240,83886080,15742398464,1539,0,25893,25893,42,7.7,619673
1786130920,2028184,14240,83886080,15787532288,1539,0,25900,25900,37,7.7,621237
1786130930,2026324,14240,83886080,15836864512,1539,0,25907,25907,35,7.7,617929
1786130940,2030840,14240,83886080,15885144064,1539,0,25913,25913,38,7.7,617981
1786130950,2026552,14240,83886080,15935524864,1540,0,25920,25920,33,7.7,620978
1786130960,2026568,14240,83886080,15976460288,1540,0,25926,25926,35,7.7,621711
1786130970,2028056,14240,83886080,16029990912,1540,0,25932,25932,37,7.7,622547
1786130980,2032368,14240,83886080,16071970816,1540,0,25937,25937,41,7.7,622253
1786130991,2025952,14240,83886080,16119205888,1540,0,25944,25944,35,7.7,620740
1786131001,2033924,14240,83886080,16174837760,1540,0,25949,25949,42,7.7,618024
1786131011,2022048,14240,83886080,16215769088,1540,0,25954,25954,44,7.7,618860
1786131021,2032228,14240,83886080,16270348288,1540,0,25961,25961,39,7.7,619213
1786131031,2022972,14240,83886080,16320729088,1540,0,25967,25967,40,7.7,617997
1786131041,2022556,14240,83886080,16329129984,1540,0,25970,25969,46,7.7,619355
1786131051,2029424,14240,83886080,16386854912,1540,0,25977,25977,37,7.7,621136
1786131061,2022632,14240,83886080,16433037312,1540,0,25982,25982,43,7.7,620351
1786131071,2024336,14240,83886080,16483418112,1540,0,25989,25989,36,7.7,617956
1786131081,2031464,14240,83886080,16526446592,1540,0,25994,25994,38,7.7,617964
1786131092,2023720,14240,83886080,16581029888,1540,0,26001,26001,34,7.7,619113
1786131102,2027048,14240,83886080,16624062464,1540,0,26006,26006,36,7.7,620875
1786131112,2036884,14240,83886080,16674443264,1540,0,26010,26010,46,7.7,621902
1786131122,2024048,14240,83886080,16731123712,1540,0,26018,26018,33,7.7,619300
1786131132,2026836,14240,83886080,16772050944,1540,0,26022,26022,40,7.7,623582
1786131142,2037128,14240,83886080,16818237440,1540,0,26026,26026,47,7.7,619803
1786131152,2027140,14240,83886080,16877019136,1540,0,26034,26034,34,7.7,620749
1786131162,2027880,14240,83886080,16918999040,1540,0,26039,26039,38,7.7,618572
1786131172,2026688,14240,83886080,16970428416,1540,0,26043,26043,47,7.7,621030
1786131182,2029832,14240,83886080,17028161536,1541,0,26051,26051,37,7.7,617978
1786131194,2022872,14240,83886080,17040748544,1541,0,26052,26052,52,7.7,629416
1786131204,2025004,14240,83886080,17086939136,1541,0,26060,26060,34,7.7,617933
1786131214,2032292,14240,83886080,17131016192,1541,0,26065,26065,40,7.7,618101
1786131224,2022892,14240,83886080,16100298752,1541,0,26072,26072,32,7.7,617964
1786131234,2029416,14240,83886080,16152797184,1541,0,26077,26077,38,7.7,617939
1786131244,2023284,14240,83886080,15110553600,1541,0,26084,26084,33,7.7,620308
1786131254,2021184,14240,83886080,14062022656,1541,0,26089,26089,34,7.7,617929
1786131265,2031616,14240,83886080,14091415552,1541,0,26093,26093,43,7.7,618404
1786131275,2028284,14240,83886080,14120804352,1541,0,26101,26101,36,7.7,619932
1786131285,2026716,14240,83886080,14145990656,1541,0,26106,26106,43,7.7,618280
1786131295,2029740,14240,83886080,14176436224,1540,0,26113,26113,36,7.7,620193
1786131305,2022772,14240,83886080,13129969664,1540,0,26119,26119,39,7.7,621255
1786131315,2022632,14240,83886080,13145714688,1540,0,26123,26123,48,7.7,621689
1786131325,2033024,14240,83886080,13159358464,1540,0,26127,26127,50,7.7,620928
1786131335,2022836,14240,83886080,13183504384,1540,0,26135,26135,30,7.7,624282
1786131346,2031872,14240,83886080,13210787840,1540,0,26139,26139,40,7.7,619812
1786131356,2022688,14240,83886080,13219188736,1540,0,26141,26140,57,7.7,623610
1786131366,2024872,14240,83886080,13246472192,1540,0,26148,26148,35,7.7,618049
1786131376,2031376,14240,83886080,13272715264,1540,0,26152,26152,44,7.7,621237
1786131386,2023920,14240,83886080,13303152640,1540,0,26157,26157,46,7.7,620477
1786131396,2025728,14240,83886080,13330440192,1540,0,26164,26164,32,7.7,618052
1786131406,2031064,14240,83886080,13366124544,1540,0,26169,26169,41,7.7,619980
1786131416,2023184,14240,83886080,13396570112,1540,0,26173,26173,51,7.7,625443
1786131427,2026208,14240,83886080,13403918336,1540,0,26177,26177,46,7.7,619165
1786131437,2037220,14240,83886080,13439606784,1540,0,26181,26181,45,7.7,618001
1786131447,2025104,14240,83886080,13471088640,1539,0,26189,26189,34,7.7,619090
1786131457,2022572,14240,83886080,13491032064,1539,0,26190,26190,55,7.7,619420
1786131467,2037188,14240,83886080,13510975488,1539,0,26194,26194,60,7.7,617953
1786131477,2025176,14240,83886080,13540364288,1539,0,26202,26202,35,7.7,619433
1786131487,2032348,14240,83886080,13573951488,1539,0,26207,26207,41,7.7,623964
1786131497,2025036,14240,83886080,13602287616,1539,0,26211,26211,50,7.7,622309
1786131508,2028156,14240,83886080,13631676416,1539,0,26219,26219,37,7.7,618055
1786131518,2038820,14240,83886080,13665267712,1539,0,26223,26223,48,7.7,619551
1786131528,2021700,14240,83886080,13690458112,1539,0,26228,26228,47,7.7,622250
1786131538,2031768,14240,83886080,13722996736,1539,0,26235,26235,40,7.7,618737
1786131548,2022804,14240,83886080,13752385536,1538,0,26240,26240,48,7.7,618958
1786131558,2025616,14240,83886080,13780717568,1538,0,26248,26248,35,7.7,619116
1786131568,2029244,14240,83886080,13814304768,1538,0,26253,26253,42,7.7,618845
1786131578,2031328,14240,83886080,13845794816,1538,0,26260,26260,39,7.7,621478
1786131588,2022664,14240,83886080,13868883968,1538,0,26265,26265,43,7.7,617964
1786131599,2031244,14240,83886080,13902475264,1538,0,26272,26272,38,7.7,618831
1786131609,2024016,14240,83886080,13935009792,1538,0,26277,26277,46,7.7,620261
1786131619,2023324,14240,83886080,13957058560,1538,0,26285,26285,30,7.7,621005
1786131629,2033912,14240,83886080,13991694336,1537,0,26289,26289,43,7.7,618015
1786131639,2024528,14240,83886080,14017929216,1537,0,26297,26297,33,7.7,623006
1786131649,2037964,14240,83886080,14046269440,1537,0,26301,26301,45,7.7,621778
1786131659,2026624,14240,83886080,14075662336,1537,0,26309,26309,34,7.7,621045
1786131669,2023860,14240,83886080,14079856640,1537,0,26313,26313,46,7.7,625326
1786131679,2023108,14240,83886080,14079856640,1537,0,26317,26317,44,7.7,618804
1786131690,2023828,14240,83886080,14083006464,1537,0,26321,26321,42,7.7,617940
1786131700,2023088,14240,83886080,14085107712,1537,0,26329,26329,33,7.7,621037
1786131710,2023012,14240,83886080,14087208960,1537,0,26334,26334,37,7.7,619574
1786131720,2023620,14240,83886080,14090354688,1537,0,26338,26338,44,7.7,617921
1786131730,2022980,14240,83886080,14092455936,1537,0,26346,26346,34,7.7,617914
1786131740,2022384,14240,83886080,14094553088,1537,0,26351,26351,41,7.7,623591
1786131750,2022748,14240,83886080,14096650240,1537,0,26358,26358,34,7.7,618039
1786131760,2023308,14240,83886080,14098747392,1537,0,26363,26363,42,7.7,617900
1786131770,2022792,14240,83886080,14100844544,1537,0,26371,26371,35,7.7,617973
1786131780,2023328,14240,83886080,14102949888,1537,0,26376,26376,40,7.7,618002
1786131790,2023708,14240,83886080,14107144192,1537,0,26383,26383,39,7.7,619900
1786131801,2022540,14240,83886080,14107144192,1537,0,26386,26386,47,7.7,620382
1786131811,2022300,14240,83886080,14109249536,1537,0,26391,26391,44,7.7,619863
1786131821,2022916,14240,83886080,14111346688,1537,0,26398,26398,39,7.7,619319
1786131831,2022504,14240,83886080,14114492416,1537,0,26403,26403,45,7.7,620203
1786131841,2023400,14240,83886080,14115540992,1537,0,26411,26411,32,7.7,620314
1786131851,2024600,14240,83886080,14123941888,1537,0,26415,26415,42,7.7,618469
1786131861,2023988,14240,83886080,14129188864,1537,0,26421,26421,42,7.7,628943
1786131871,2023052,14240,83886080,14135476224,1537,0,26428,26428,35,7.7,619650
1786131881,2023400,14240,83886080,14138621952,1537,0,26433,26433,43,7.7,617939
1786131891,2022936,14240,83886080,14148075520,1537,0,26441,26441,35,7.7,617924
1786131902,2022840,14240,83886080,14155419648,1537,0,26447,26447,36,7.7,622845
1786131912,2022980,14240,83886080,14164865024,1537,0,26453,26453,36,7.7,621757
1786131922,2023132,14240,83886080,14171160576,1537,0,26460,26460,34,7.7,621967
1786131932,2023536,14240,83886080,14179557376,1537,0,26465,26465,40,7.7,617906
1786131942,2022680,14240,83886080,14187958272,1537,0,26473,26473,29,7.7,617990
1786131952,2024284,14240,83886080,14192156672,1537,0,26478,26478,35,7.7,621782
1786131962,2023808,14240,83886080,14198448128,1537,0,26485,26485,32,7.7,620559
1786131972,2023644,14240,83886080,14207897600,1537,0,26490,26490,37,7.7,618471
1786131982,2022872,14240,83886080,14217347072,1537,0,26497,26497,35,7.7,617938
1786131992,2022920,14240,83886080,14223642624,1537,0,26502,26502,42,7.7,618071
1786132002,2023364,14240,83886080,14232035328,1537,0,26510,26510,32,7.7,618426
1786132012,2023616,14240,83886080,14237286400,1537,0,26515,26515,39,7.7,619290
1786132023,2023132,14240,83886080,14249885696,1537,0,26522,26522,35,7.7,622484
1786132033,2023152,14240,83886080,14262476800,1537,0,26527,26527,39,7.7,627979
1786132043,2023368,14240,83886080,14277173248,1537,0,26534,26534,36,7.7,624586
1786132053,2023780,14240,83886080,14288719872,1537,0,26540,26540,37,7.7,619299
1786132063,2022684,14240,83886080,14302363648,1537,0,26547,26547,35,7.7,617910
1786132073,2022748,14240,83886080,14313906176,1537,0,26554,26553,36,7.7,619874
1786132083,2022348,14240,83886080,14323355648,1537,0,26554,26554,50,7.7,632798
1786132093,2023656,14240,83886080,14335950848,1537,0,26562,26562,34,7.7,617924
1786132103,2022492,14240,83886080,14346448896,1537,0,26567,26567,40,7.7,617935
1786132113,2023004,14240,83886080,14357991424,1537,0,26572,26572,45,7.7,622157
1786132124,2023156,14240,83886080,14370590720,1537,0,26579,26579,36,7.7,617973
1786132134,2022928,14240,83886080,14381084672,1537,0,26587,26587,30,7.7,617965
1786132144,2022096,14240,83886080,14390530048,1537,0,26591,26591,41,7.7,618684
1786132154,2022988,14240,83886080,14399971328,1537,0,26597,26596,45,7.7,620343
1786132164,2024168,14240,83886080,14413619200,1537,0,26603,26603,40,7.7,618368
1786132174,2022568,14240,83886080,14423064576,1537,0,26608,26608,46,7.7,617912
1786132184,2023552,14240,83886080,14430412800,1537,0,26616,26616,33,7.7,617921
1786132194,2023724,14240,83886080,14436708352,1537,0,26621,26621,40,7.7,618431
1786132204,2022712,14240,83886080,14450360320,1537,0,26628,26628,38,7.7,622022
1786132215,2023092,14240,83886080,14457704448,1537,0,26633,26633,43,7.7,619922
1786132225,2023132,14240,83886080,14469246976,1537,0,26641,26641,34,7.7,620085
1786132235,2022732,14240,83886080,14477643776,1537,0,26646,26646,41,7.7,617923
1786132245,2023092,14240,83886080,14489190400,1537,0,26653,26653,33,7.7,620938
1786132255,2022528,14240,83886080,14498635776,1537,0,26658,26658,42,7.7,617872
1786132265,2025048,14240,83886080,14516482048,1537,0,26666,26666,33,7.7,620539
1786132275,2023700,14240,83886080,14536425472,1537,0,26670,26670,46,7.7,618435
1786132285,2026660,14240,83886080,14568964096,1537,0,26678,26678,35,7.7,617974
1786132295,2036200,14240,83886080,14603599872,1537,0,26682,26682,47,7.7,625098
1786132305,2024660,14240,83886080,14634033152,1536,0,26690,26690,34,7.7,619201
1786132315,2030176,14240,83886080,14669721600,1536,0,26694,26694,46,7.7,620060
1786132326,2024848,14240,83886080,14703308800,1537,0,26702,26702,37,7.7,617980
1786132336,2032744,14240,83886080,14728503296,1537,0,26706,26706,46,7.7,617951
1786132346,2022744,14240,83886080,14766284800,1536,0,26714,26714,32,7.7,619663
1786132356,2031060,14240,83886080,14808272896,1536,0,26718,26718,40,7.7,620062
1786132366,2023204,14240,83886080,14841860096,1536,0,26722,26722,50,7.7,620824
1786132376,2026616,14240,83886080,14888038400,1537,0,26730,26730,35,7.7,621235
1786132386,2030336,14240,83886080,14924779520,1537,0,26734,26734,47,7.7,620225
1786132396,2022988,14240,83886080,14974107648,1537,0,26742,26742,32,7.7,617932
1786132406,2028520,14240,83886080,15018188800,1537,0,26747,26747,37,7.7,618401
1786132416,2024248,14240,83886080,15052828672,1537,0,26751,26751,46,7.7,620385
1786132426,2026976,14240,83886080,15100059648,1537,0,26759,26759,34,7.7,622145
1786132436,2031964,14240,83886080,15146242048,1537,0,26764,26764,40,7.7,617950
1786132447,2024560,14240,83886080,15185076224,1537,0,26769,26768,50,7.7,623857
1786132457,2030108,14240,83886080,15242805248,1537,0,26776,26776,39,7.7,619488
1786132467,2022384,14240,83886080,15281643520,1537,0,26781,26781,44,7.7,617951
1786132477,2022048,14240,83886080,15316279296,1537,0,26785,26785,46,7.7,617946
1786132487,2033128,14240,83886080,15343566848,1537,0,26789,26789,46,7.7,618599
1786132497,2022436,14240,83886080,15392899072,1537,0,26797,26797,30,7.7,625059
1786132507,2030724,14240,83886080,15443279872,1537,0,26801,26801,40,7.7,617971
1786132517,2030292,14240,83886080,15470567424,1537,0,26805,26805,44,7.7,617972
1786132527,2023120,14240,83886080,15503106048,1537,0,26810,26810,44,7.7,618025
1786132537,2029776,14240,83886080,15550341120,1537,0,26817,26817,40,7.7,618602
1786132548,2030108,14240,83886080,15580778496,1537,0,26822,26822,40,7.7,618026
1786132558,2022980,14240,83886080,15622762496,1537,0,26826,26826,49,7.7,618156
1786132568,2028176,14240,83886080,15685738496,1537,0,26834,26834,36,7.7,622838
1786132578,2032212,14240,83886080,15732969472,1537,0,26838,26838,43,7.7,619294
1786132588,2022868,14240,83886080,15780200448,1537,0,26843,26842,51,7.7,624489
1786132598,2029792,14240,83886080,15838973952,1537,0,26850,26850,36,7.7,621371
1786132608,2033088,14240,83886080,15878868992,1537,0,26854,26854,44,7.7,622335
1786132618,2022308,14240,83886080,15932391424,1537,0,26862,26862,32,7.7,620117
1786132628,2032728,14240,83886080,15975428096,1537,0,26866,26866,40,7.7,617974
1786132638,2025896,14240,83886080,16009011200,1537,0,26872,26872,41,7.7,620340
1786132648,2030540,14240,83886080,16054145024,1537,0,26878,26878,38,7.7,617933
1786132659,2024800,14240,83886080,16099282944,1537,0,26884,26884,40,7.7,617879
1786132669,2031836,14240,83886080,16143364096,1537,0,26890,26890,40,7.7,620885
1786132679,2025340,14240,83886080,16177999872,1537,0,26896,26896,42,7.7,621719
1786132689,2026388,14240,83886080,16219983872,1537,0,26902,26902,44,7.7,618016
1786132699,2022112,14240,83886080,16245174272,1537,0,26910,26910,30,7.7,619051
1786132709,2031460,14240,83886080,16281907200,1537,0,26914,26914,40,7.7,617959
1786132719,2023120,14240,83886080,16312348672,1536,0,26919,26919,45,7.7,626471
1786132729,2027324,14240,83886080,16349085696,1536,0,26926,26926,35,7.7,623184
1786132739,2030740,14240,83886080,16386871296,1536,0,26932,26932,38,7.7,621697
1786132750,2023820,14240,83886080,16414158848,1536,0,26937,26937,43,7.7,621791
1786132760,2028244,14240,83886080,16430956544,1536,0,26942,26942,38,7.7,618575
1786132770,2023212,14240,83886080,16464539648,1536,0,26947,26947,42,7.7,619231
1786132780,2028972,14240,83886080,16509685760,1536,0,26954,26954,38,7.7,618530
1786132790,2022488,14240,83886080,16519131136,1536,0,26955,26955,56,7.7,617975
1786132801,2022620,14240,83886080,16554815488,1536,0,26963,26963,34,7.7,618007
1786132811,2032740,14240,83886080,16588402688,1536,0,26967,26967,42,7.7,617950
1786132821,2023628,14240,83886080,16620945408,1536,0,26971,26971,51,7.7,628897
1786132831,2025632,14240,83886080,16668176384,1536,0,26979,26979,33,7.7,620450
1786132841,2029768,14240,83886080,16713310208,1536,0,26984,26984,40,7.7,617983
1786132851,2024136,14240,83886080,16755290112,1536,0,26988,26988,50,7.7,618005
1786132861,2026732,14240,83886080,16809869312,1536,0,26996,26996,35,7.7,621373
1786132871,2039732,14240,83886080,16863404032,1536,0,27000,27000,45,7.7,619147
1786132882,2023392,14240,83886080,15837933568,1536,0,27005,27004,52,7.7,626016
1786132892,2028936,14240,83886080,15901958144,1536,0,27012,27012,37,7.7,620235
1786132902,2033952,14240,83886080,15948148736,1536,0,27016,27016,43,7.7,623126
1786132912,2022308,14240,83886080,15997485056,1536,0,27021,27021,44,7.7,627391
1786132922,2022888,14240,83886080,16007979008,1536,0,27026,27026,34,7.7,621741
1786132932,2027960,14240,83886080,16060461056,1536,0,27032,27032,34,7.7,624247
1786132942,2025964,14240,83886080,16092995584,1536,0,27036,27036,46,7.7,618052
1786132952,2024800,14240,83886080,16141283328,1536,0,27044,27044,32,7.7,618776
1786132963,2029968,14240,83886080,16185360384,1536,0,27048,27048,42,7.7,618001
1786132973,2028436,14240,83886080,16226291712,1536,0,27056,27056,35,7.7,623968
1786132983,2029128,14240,83886080,16259887104,1536,0,27062,27062,37,7.7,618063
1786132993,2031300,14240,83886080,16305012736,1536,0,27068,27068,39,7.7,618911
1786133003,2029688,14240,83886080,16349097984,1536,0,27074,27074,41,7.7,618625
1786133013,2023116,14240,83886080,16363794432,1536,0,27077,27077,47,7.7,618049
1786133023,2022924,14240,83886080,16399474688,1536,0,27085,27085,29,7.7,620450
1786133033,2032504,14240,83886080,16449863680,1536,0,27089,27089,41,7.7,623921
1786133044,2023128,14240,83886080,16493944832,1536,0,27095,27095,40,7.7,622279
1786133054,2027368,14240,83886080,16533827584,1536,0,27102,27102,33,7.7,620096
1786133064,2032872,14240,83886080,16576876544,1536,0,27107,27107,41,7.7,623003
1786133074,2022452,14240,83886080,16614666240,1536,0,27111,27111,50,7.7,626719
1786133084,2028520,14240,83886080,16626200576,1536,0,27115,27115,48,7.7,626543
1786133094,2026468,14240,83886080,16675545088,1536,0,27123,27123,33,7.7,627645
1786133104,2025376,14240,83886080,15639572480,1536,0,27128,27128,41,7.7,620681
1786133116,2022992,14240,83886080,15661617152,1536,0,27131,27131,50,7.7,631825
1786133126,2022384,14240,83886080,15694151680,1536,0,27135,27135,58,7.7,620050
1786133136,2026932,14240,83886080,15746637824,1536,0,27143,27143,38,7.7,617997
1786133146,2039884,14240,83886080,15787565056,1536,0,27147,27147,48,7.7,619705
1786133156,2023504,14240,83886080,15824306176,1536,0,27151,27151,52,7.7,618672
1786133166,2022876,14240,83886080,15867342848,1536,0,27159,27159,38,7.7,620175
1786133176,2024160,14240,83886080,15878885376,1536,0,27163,27163,46,7.7,618549
1786133186,2023152,14240,83886080,15894626304,1537,0,27167,27167,55,7.7,619827
1786133196,2024268,14240,83886080,15918772224,1537,0,27175,27175,37,7.7,619523
1786133206,2022624,14240,83886080,15929262080,1537,0,27180,27180,42,7.7,617909
1786133216,2021896,14240,83886080,15953408000,1537,0,27187,27187,33,7.7,620145
1786133226,2024176,14240,83886080,15962853376,1537,0,27192,27192,39,7.7,623476
1786133237,2022844,14240,83886080,15979638784,1537,0,27200,27200,31,7.7,620835
1786133247,2023912,14240,83886080,15990140928,1537,0,27204,27204,41,7.7,619802
1786133257,2022688,14240,83886080,16007983104,1537,0,27212,27212,30,7.7,619886
1786133267,2023972,14240,83886080,16019525632,1537,0,27216,27216,41,7.7,619010
1786133277,2023060,14240,83886080,16021626880,1537,0,27217,27217,54,7.7,619500
1786133287,2023676,14240,83886080,16032120832,1537,0,27225,27225,36,7.7,619457
1786133297,2022672,14240,83886080,16038420480,1537,0,27230,27230,42,7.7,618856
1786133307,2023244,14240,83886080,16048918528,1538,0,27234,27234,48,7.7,617946
1786133317,2023760,14240,83886080,16058363904,1538,0,27238,27238,48,7.7,619458
1786133328,2021652,14240,83886080,16073056256,1538,0,27244,27244,41,7.7,620580
1786133338,2024216,14240,83886080,16086704128,1538,0,27250,27250,40,7.7,622583
1786133348,2022956,14240,83886080,16098250752,1538,0,27258,27258,29,7.7,617954
1786133358,2024180,14240,83886080,15032893440,1538,0,27263,27263,37,7.7,620344
1786133368,2023360,14240,83886080,13964390400,1538,0,27270,27270,35,7.7,619165
1786133378,2023300,14240,83886080,13964390400,1538,0,27271,27271,51,7.7,621695
1786133388,2022244,14240,83886080,13965430784,1538,0,27279,27279,30,7.7,617912
1786133398,2023472,14240,83886080,13967536128,1538,0,27283,27283,40,7.7,619617
1786133408,2023292,14240,83886080,13969633280,1538,0,27288,27288,41,7.7,623861
1786133418,2023324,14240,83886080,13971730432,1538,0,27294,27294,38,7.7,620463
1786133428,2023088,14240,83886080,13975928832,1538,0,27300,27300,37,7.7,620055
1786133438,2023388,14240,83886080,13976977408,1538,0,27305,27305,42,7.7,617944
1786133449,2022960,14240,83886080,13978025984,1538,0,27310,27310,38,7.7,619888
1786133459,2023856,14240,83886080,13980123136,1538,0,27314,27314,42,7.7,619842
1786133469,2022716,14240,83886080,13986426880,1538,0,27322,27322,32,7.7,617951
1786133479,2023704,14240,83886080,13997969408,1538,0,27326,27326,38,7.7,617941
1786133489,2024636,14240,83886080,14004269056,1538,0,27331,27331,42,7.7,620043
1786133499,2023620,14240,83886080,14011617280,1538,0,27339,27339,33,7.7,617957
1786133509,2023004,14240,83886080,14014767104,1538,0,27343,27343,40,7.7,621367
1786133519,2024904,14240,83886080,14021062656,1538,0,27347,27347,47,7.7,623535
1786133529,2023104,14240,83886080,14026309632,1538,0,27355,27355,33,7.7,618263
1786133540,2022736,14240,83886080,14033657856,1538,0,27360,27360,37,7.7,621332
1786133550,2022216,14240,83886080,14035759104,1538,0,27360,27360,53,7.7,621804
1786133560,2024008,14240,83886080,14044151808,1538,0,27368,27368,36,7.7,619545
1786133570,2024128,14240,83886080,14051500032,1538,0,27373,27373,41,7.7,617938
1786133580,2023792,14240,83886080,14060949504,1538,0,27380,27380,36,7.7,618687
1786133590,2022840,14240,83886080,14066196480,1538,0,27386,27386,37,7.7,620493
1786133600,2022936,14240,83886080,14079844352,1538,0,27392,27392,39,7.7,618057
1786133610,2022980,14240,83886080,14085091328,1538,0,27398,27398,40,7.7,620684
1786133620,2022640,14240,83886080,14093484032,1538,0,27406,27406,31,7.7,617982
1786133630,2023544,14240,83886080,14097682432,1538,0,27410,27410,40,7.7,618027
1786133640,2022004,14240,83886080,14106075136,1538,0,27418,27418,32,7.7,619842
1786133651,2023712,14240,83886080,14114476032,1538,0,27423,27423,41,7.7,618106
1786133661,2023304,14240,83886080,14122872832,1538,0,27430,27430,35,7.7,621189
1786133671,2023532,14240,83886080,14131269632,1538,0,27435,27435,41,7.7,618971
1786133681,2022728,14240,83886080,14137569280,1538,0,27439,27439,39,7.7,618279
1786133691,2023568,14240,83886080,14143864832,1538,0,27443,27443,43,7.7,618127
1786133701,2022932,14240,83886080,14153314304,1538,0,27451,27451,33,7.7,617963
1786133711,2022388,14240,83886080,14160658432,1538,0,27456,27456,36,7.7,618011
1786133721,2024020,14240,83886080,14168002560,1538,0,27461,27461,40,7.7,620723
1786133731,2022884,14240,83886080,14173257728,1538,0,27468,27468,36,7.7,619203
1786133741,2022772,14240,83886080,14176403456,1538,0,27473,27473,44,7.7,618013
1786133751,2022800,14240,83886080,14180601856,1538,0,27481,27481,32,7.7,621908
1786133761,2024780,14240,83886080,14183747584,1538,0,27485,27485,43,7.7,622713
1786133772,2023760,14240,83886080,14201593856,1538,0,27493,27493,35,7.7,620241
1786133782,2033412,14240,83886080,14228885504,1538,0,27497,27497,42,7.7,618393
1786133792,2022252,14240,83886080,14258274304,1538,0,27505,27505,32,7.7,619603
1786133802,2032032,14240,83886080,14290808832,1538,0,27509,27509,42,7.7,619739
1786133812,2029788,14240,83886080,14322302976,1538,0,27515,27515,38,7.7,624850
1786133822,2026132,14240,83886080,14365331456,1538,0,27521,27521,38,7.7,621021
1786133832,2025788,14240,83886080,14406266880,1538,0,27527,27527,42,7.7,617955
1786133842,2022952,14240,83886080,14431457280,1538,0,27534,27533,39,7.7,621978
1786133852,2029356,14240,83886080,14465044480,1538,0,27539,27539,39,7.7,618938
1786133862,2022160,14240,83886080,14493380608,1538,0,27543,27543,48,7.7,620788
1786133873,2023028,14240,83886080,14526976000,1538,0,27548,27547,54,7.7,620071
1786133883,2028952,14240,83886080,14567903232,1538,0,27555,27555,38,7.7,621596
1786133893,2022176,14240,83886080,14607794176,1538,0,27560,27560,44,7.7,619684
1786133903,2029376,14240,83886080,14646624256,1538,0,27567,27567,38,7.7,617961
1786133913,2023844,14240,83886080,14684413952,1538,0,27573,27573,39,7.7,621684
1786133923,2027576,14240,83886080,14729539584,1538,0,27580,27580,36,7.7,617970
1786133933,2034928,14240,83886080,14756835328,1538,0,27584,27584,46,7.7,622535
1786133943,2027716,14240,83886080,14800912384,1538,0,27592,27592,36,7.7,618013
1786133953,2027688,14240,83886080,14837653504,1538,0,27597,27597,41,7.7,619008
1786133963,2025228,14240,83886080,14864941056,1538,0,27604,27604,37,7.7,617978
1786133973,2032044,14240,83886080,14905880576,1538,0,27609,27609,40,7.7,617971
1786133983,2024484,14240,83886080,14947864576,1538,0,27617,27617,32,7.7,618878
1786133994,2031512,14240,83886080,14970949632,1538,0,27622,27622,40,7.7,617984
1786134004,2027408,14240,83886080,15012933632,1538,0,27629,27629,36,7.7,617934
1786134014,2029512,14240,83886080,15052820480,1538,0,27634,27634,43,7.7,620394
1786134024,2023320,14240,83886080,15099006976,1538,0,27642,27642,31,7.7,619774
1786134034,2030136,14240,83886080,15136788480,1538,0,27646,27646,43,7.7,621419
1786134044,2023680,14240,83886080,15168274432,1538,0,27652,27652,43,7.7,627377
1786134054,2028912,14240,83886080,15218655232,1538,0,27659,27659,35,7.7,619252
1786134064,2026604,14240,83886080,15260639232,1538,0,27666,27666,33,7.7,619054
1786134074,2025028,14240,83886080,15293181952,1538,0,27671,27671,40,7.7,621003
1786134084,2028224,14240,83886080,15328866304,1538,0,27678,27678,36,7.7,619833
1786134094,2030580,14240,83886080,15369801728,1538,0,27684,27684,40,7.7,617915
1786134105,2022548,14240,83886080,15386595328,1538,0,27687,27687,47,7.7,620017
1786134115,2022816,14240,83886080,15418077184,1538,0,27692,27692,48,7.7,622195
1786134125,2025380,14240,83886080,15455866880,1538,0,27700,27700,34,7.7,622895
1786134136,2025080,14240,83886080,15494701056,1538,0,27704,27704,46,7.7,619776
1786134146,2022728,14240,83886080,15527239680,1538,0,27708,27708,55,7.7,621376
1786134156,2027648,14240,83886080,15565029376,1538,0,27716,27716,40,7.7,622321
1786134166,2036148,14240,83886080,15599661056,1538,0,27720,27720,47,7.7,617947
1786134176,2023424,14240,83886080,15622758400,1538,0,27724,27724,56,7.7,617916
1786134186,2026504,14240,83886080,15654244352,1538,0,27732,27732,39,7.7,619340
1786134196,2031524,14240,83886080,15682576384,1538,0,27737,27737,43,7.7,618622
1786134206,2024816,14240,83886080,15704621056,1538,0,27744,27744,34,7.7,623018
1786134216,2028984,14240,83886080,15734009856,1538,0,27749,27749,39,7.7,623747
1786134226,2022384,14240,83886080,15758151680,1537,0,27753,27753,49,7.7,623219
1786134236,2023972,14240,83886080,15762354176,1537,0,27757,27757,43,7.7,617921
1786134247,2032800,14240,83886080,15786491904,1537,0,27761,27761,44,7.7,617941
1786134257,2034084,14240,83886080,15806431232,1537,0,27765,27765,52,7.7,620258
1786134267,2022400,14240,83886080,15826378752,1537,0,27769,27769,55,7.7,617901
1786134277,2025384,14240,83886080,15853666304,1537,0,27777,27777,35,7.7,618011
1786134287,2032012,14240,83886080,15879901184,1537,0,27781,27781,45,7.7,620936
1786134297,2022652,14240,83886080,15905099776,1537,0,27786,27786,49,7.7,620818
1786134307,2026688,14240,83886080,15941832704,1537,0,27794,27794,36,7.7,619666
1786134317,2026028,14240,83886080,15973318656,1537,0,27799,27799,43,7.7,621436
1786134327,2024468,14240,83886080,16006909952,1537,0,27806,27806,36,7.7,617955
1786134337,2030808,14240,83886080,16046792704,1537,0,27811,27811,40,7.7,617988
1786134347,2022556,14240,83886080,16077230080,1537,0,27815,27815,52,7.7,625534
1786134357,2024576,14240,83886080,16108716032,1537,0,27823,27823,36,7.7,620761
1786134368,2030392,14240,83886080,16138108928,1537,0,27828,27828,39,7.7,623879
1786134378,2022660,14240,83886080,16182194176,1537,0,27835,27835,34,7.7,619932
1786134388,2025476,14240,83886080,16209477632,1537,0,27840,27840,37,7.7,620209
1786134398,2027532,14240,83886080,16254615552,1537,0,27847,27847,34,7.7,618925
1786134408,2033460,14240,83886080,16299745280,1537,0,27852,27852,40,7.7,621875
1786134418,2023076,14240,83886080,16345931776,1537,0,27860,27860,31,7.7,618131
1786134428,2036260,14240,83886080,16395259904,1537,0,27864,27864,43,7.7,623006
1786134438,2024752,14240,83886080,16455086080,1537,0,27872,27872,33,7.7,620887
1786134449,2023320,14240,83886080,16472928256,1537,0,27873,27873,52,7.7,627712
1786134459,2024040,14240,83886080,16514932736,1537,0,27881,27881,30,7.7,619111
1786134469,2029360,14240,83886080,16576860160,1537,0,27886,27886,38,7.7,624276
1786134479,2025308,14240,83886080,16624091136,1537,0,27891,27891,43,7.7,619822
1786134489,2026240,14240,83886080,16681820160,1537,0,27898,27898,37,7.7,618108
1786134500,2032700,14240,83886080,16729051136,1537,0,27903,27903,43,7.7,618813
1786134510,2023292,14240,83886080,16772087808,1537,0,27910,27910,39,7.7,621387
1786134520,2028880,14240,83886080,16819318784,1537,0,27916,27916,40,7.7,620922
1786134530,2027716,14240,83886080,16871800832,1537,0,27923,27923,40,7.7,621051
1786134540,2023056,14240,83886080,16902238208,1537,0,27927,27927,47,7.7,618059
1786134551,2036572,14240,83886080,16938975232,1537,0,27931,27931,48,7.7,619741
1786134561,2024060,14240,83886080,16997748736,1537,0,27939,27939,33,7.7,618260
1786134571,2029960,14240,83886080,17042886656,1537,0,27944,27944,40,7.7,621406
1786134581,2023372,14240,83886080,17053376512,1537,0,27948,27948,36,7.7,623400
1786134591,2031092,14240,83886080,16030003200,1537,0,27952,27952,39,7.7,619888
1786134601,2021992,14240,83886080,16069890048,1537,0,27957,27957,43,7.7,617977
1786134611,2023892,14240,83886080,16107679744,1537,0,27964,27964,37,7.7,622502
1786134621,2035404,14240,83886080,16155959296,1537,0,27969,27969,42,7.7,621572
1786134631,2025856,14240,83886080,16209502208,1537,0,27977,27977,33,7.7,619187
1786134641,2027776,14240,83886080,16245190656,1537,0,27982,27982,39,7.7,619540
1786134651,2027008,14240,83886080,16287178752,1537,0,27986,27986,47,7.7,634504
1786134662,2029080,14240,83886080,16331259904,1537,0,27994,27994,37,7.7,624362
1786134672,2023532,14240,83886080,16354349056,1537,0,27998,27998,45,7.7,617935
1786134682,2023500,14240,83886080,16363798528,1537,0,28006,28006,30,7.7,620102
1786134692,2023824,14240,83886080,16378494976,1537,0,28011,28011,37,7.7,617969
1786134702,2023812,14240,83886080,16392138752,1537,0,28015,28015,45,7.7,618010
1786134712,2022068,14240,83886080,16409993216,1537,0,28023,28023,31,7.7,625444
1786134722,2023468,14240,83886080,16422596608,1537,0,28027,28027,41,7.7,621622
1786134732,2023596,14240,83886080,16433090560,1537,0,28032,28032,45,7.7,620420
1786134742,2022580,14240,83886080,16457248768,1537,0,28040,28040,37,7.7,617943
1786134752,2022728,14240,83886080,16468799488,1537,0,28047,28047,32,7.7,618010
1786134762,2023384,14240,83886080,16477196288,1537,0,28048,28048,52,7.7,617935
1786134773,2023176,14240,83886080,16485593088,1537,0,28052,28052,55,7.7,619273
1786134783,2022860,14240,83886080,16499232768,1538,0,28060,28060,33,7.7,619235
1786134793,2024144,14240,83886080,16509730816,1538,0,28065,28065,39,7.7,617956
1786134803,2022480,14240,83886080,16514977792,1538,0,28065,28065,59,7.7,617964
1786134813,2023652,14240,83886080,16532824064,1538,0,28073,28073,35,7.7,617995
1786134823,2024744,14240,83886080,16546467840,1538,0,28077,28077,42,7.7,622599
1786134833,2022292,14240,83886080,16569556992,1538,0,28085,28085,32,7.7,627196
1786134843,2022944,14240,83886080,16585302016,1538,0,28089,28089,41,7.7,617890
1786134853,2023096,14240,83886080,16599998464,1538,0,28094,28094,46,7.7,628984
1786134863,2023740,14240,83886080,16619941888,1538,0,28101,28101,37,7.7,619610
1786134874,2023964,14240,83886080,16644079616,1538,0,28106,28106,43,7.7,619652
1786134884,2023252,14240,83886080,15590268928,1538,0,28114,28114,30,7.7,619828
1786134894,2023296,14240,83886080,15602864128,1538,0,28118,28118,42,7.7,619780
1786134904,2023552,14240,83886080,14538555392,1538,0,28123,28123,44,7.7,622996
1786134914,2021696,14240,83886080,13474246656,1538,0,28131,28131,32,7.7,621170
1786134924,2024828,14240,83886080,13476347904,1538,0,28135,28135,42,7.7,622359
1786134934,2023000,14240,83886080,13478449152,1538,0,28140,28140,45,7.7,619566
1786134944,2022752,14240,83886080,13481598976,1538,0,28147,28147,37,7.7,617947
1786134954,2021712,14240,83886080,13485793280,1538,0,28152,28152,43,7.7,619333
1786134964,2023820,14240,83886080,13485793280,1538,0,28160,28160,30,7.7,617952
1786134975,2022824,14240,83886080,13489991680,1538,0,28164,28164,41,7.7,617939
1786134985,2022220,14240,83886080,13493141504,1538,0,28170,28169,47,7.7,623702
1786134995,2022672,14240,83886080,13493141504,1538,0,28175,28175,34,7.7,625734
1786135005,2024588,14240,83886080,13496291328,1538,0,28180,28180,40,7.7,620214
1786135015,2024132,14240,83886080,13497339904,1538,0,28188,28188,32,7.7,621160
1786135025,2021556,14240,83886080,13501538304,1538,0,28191,28191,44,7.7,621408
1786135035,2023204,14240,83886080,13501538304,1538,0,28195,28195,50,7.7,617988
1786135045,2022496,14240,83886080,13504688128,1538,0,28203,28203,31,7.7,617956
1786135055,2024364,14240,83886080,13507837952,1538,0,28208,28208,37,7.7,617932
1786135065,2022704,14240,83886080,13508886528,1538,0,28211,28211,47,7.7,617987
1786135076,2024452,14240,83886080,13509935104,1538,0,28215,28215,51,7.7,618824
1786135086,2023140,14240,83886080,13513080832,1538,0,28223,28223,33,7.7,619972
1786135096,2023024,14240,83886080,13517283328,1538,0,28227,28227,43,7.7,619201
1786135106,2024152,14240,83886080,13517283328,1538,0,28232,28232,46,7.7,617961
1786135116,2023948,14240,83886080,13520433152,1538,0,28236,28236,48,7.7,621761
1786135126,2023764,14240,83886080,13521481728,1538,0,28241,28241,42,7.7,619444
1786135136,2022344,14240,83886080,13525680128,1538,0,28248,28248,37,7.7,621647
1786135146,2023244,14240,83886080,13526728704,1538,0,28254,28254,37,7.7,621610
1786135156,2022672,14240,83886080,13529874432,1538,0,28261,28261,32,7.7,619193
1786135167,2024384,14240,83886080,13531975680,1538,0,28266,28266,39,7.7,618613
1786135177,2023032,14240,83886080,13534072832,1538,0,28274,28274,31,7.7,618421
1786135187,2023808,14240,83886080,13537222656,1538,0,28278,28278,43,7.7,620148
1786135197,2022316,14240,83886080,13540376576,1538,0,28286,28286,32,7.7,621013
1786135207,2023648,14240,83886080,13541425152,1538,0,28290,28290,42,7.7,620102
1786135217,2023328,14240,83886080,13544570880,1538,0,28295,28295,46,7.7,619782
1786135227,2022864,14240,83886080,13547720704,1538,0,28303,28303,37,7.7,623528
1786135237,2024000,14240,83886080,13549817856,1538,0,28307,28307,46,7.7,619006
1786135247,2023496,14240,83886080,13551915008,1538,0,28315,28315,35,7.7,622565
1786135257,2023088,14240,83886080,13556117504,1538,0,28320,28320,40,7.7,621749
1786135267,2023992,14240,83886080,13556117504,1538,0,28327,28327,36,7.7,625266
1786135278,2027124,14240,83886080,13577109504,1538,0,28331,28331,44,7.7,617915
1786135288,2026080,14240,83886080,13604401152,1538,0,28339,28339,36,7.7,618666
1786135298,2027796,14240,83886080,13628538880,1538,0,28343,28343,46,7.7,618471
1786135308,2023132,14240,83886080,13651628032,1538,0,28351,28351,33,7.7,619758
1786135318,2035016,14240,83886080,13681016832,1538,0,28355,28355,44,7.7,617998
1786135328,2025032,14240,83886080,13705158656,1538,0,28363,28363,34,7.7,622064
1786135338,2023716,14240,83886080,13708308480,1538,0,28363,28363,54,7.7,623512
1786135348,2027280,14240,83886080,13733502976,1538,0,28371,28371,37,7.7,620488
1786135358,2036832,14240,83886080,13762883584,1537,0,28375,28375,46,7.7,623269
1786135368,2023096,14240,83886080,13781782528,1537,0,28379,28379,56,7.7,619950
1786135378,2028224,14240,83886080,13810118656,1537,0,28387,28387,40,7.7,617942
1786135388,2037656,14240,83886080,13838458880,1537,0,28391,28391,49,7.7,617991
1786135399,2023644,14240,83886080,13859450880,1537,0,28399,28399,35,7.7,624310
1786135409,2028920,14240,83886080,13887791104,1537,0,28403,28403,42,7.7,618099
1786135419,2025460,14240,83886080,13911932928,1537,0,28411,28411,35,7.7,617959
1786135429,2025312,14240,83886080,13933973504,1537,0,28417,28417,37,7.7,619584
1786135439,2036344,14240,83886080,13952864256,1537,0,28421,28421,47,7.7,617946
1786135449,2025672,14240,83886080,13991702528,1537,0,28429,28429,35,7.7,618913
1786135459,2029856,14240,83886080,14024237056,1537,0,28433,28433,47,7.7,621312
1786135469,2026364,14240,83886080,14066225152,1537,0,28441,28441,35,7.7,619262
1786135479,2032068,14240,83886080,14104010752,1536,0,28446,28446,41,7.7,618781
1786135489,2026924,14240,83886080,14136545280,1536,0,28453,28453,35,7.7,622603
1786135500,2033608,14240,83886080,14170136576,1536,0,28458,28458,42,7.7,619549
1786135510,2022120,14240,83886080,14200573952,1536,0,28466,28466,32,7.7,619953
1786135520,2026272,14240,83886080,14233108480,1536,0,28470,28470,40,7.7,619888
1786135530,2029028,14240,83886080,14264598528,1536,0,28474,28474,47,7.7,617961
1786135540,2021784,14240,83886080,14296084480,1536,0,28478,28478,52,7.7,619875
1786135550,2022796,14240,83886080,14334922752,1536,0,28486,28486,36,7.7,617993
1786135560,2031668,14240,83886080,14373752832,1536,0,28490,28490,42,7.7,619794
1786135570,2023176,14240,83886080,14410489856,1536,0,28494,28494,50,7.7,620077
1786135580,2023040,14240,83886080,14452473856,1536,0,28502,28502,35,7.7,617994
1786135590,2032640,14240,83886080,14492360704,1536,0,28506,28506,43,7.7,617972
1786135600,2023300,14240,83886080,14532247552,1535,0,28510,28510,52,7.7,627281
1786135610,2026252,14240,83886080,14593126400,1535,0,28518,28518,37,7.7,622757
1786135621,2035472,14240,83886080,14645600256,1535,0,28522,28522,47,7.7,618739
1786135631,2023808,14240,83886080,14703333376,1536,0,28530,28530,31,7.7,621641
1786135641,2028036,14240,83886080,14749515776,1535,0,28534,28534,39,7.7,617982
1786135651,2038136,14240,83886080,14798839808,1535,0,28538,28538,47,7.7,617915
1786135661,2027244,14240,83886080,14855524352,1536,0,28546,28546,36,7.7,619791
1786135671,2031764,14240,83886080,14895407104,1536,0,28550,28550,45,7.7,623631
1786135681,2023056,14240,83886080,14936346624,1536,0,28555,28555,47,7.7,620931
1786135691,2030520,14240,83886080,14986719232,1536,0,28562,28562,40,7.7,627829
1786135701,2022244,14240,83886080,14999314432,1536,0,28564,28564,47,7.7,619806
1786135712,2022240,14240,83886080,15041302528,1536,0,28572,28572,31,7.7,617914
1786135722,2034008,14240,83886080,15088537600,1536,0,28576,28576,40,7.7,617888
1786135732,2023000,14240,83886080,15134715904,1536,0,28581,28581,48,7.7,617876
1786135742,2024440,14240,83886080,15149412352,1536,0,28586,28586,38,7.7,618379
1786135752,2031464,14240,83886080,15198740480,1536,0,28592,28592,40,7.7,620825
1786135762,2023724,14240,83886080,15235477504,1536,0,28598,28598,41,7.7,625364
1786135772,2022812,14240,83886080,15250169856,1536,0,28600,28600,51,7.7,629736
1786135783,2023696,14240,83886080,15275364352,1536,0,28608,28608,32,7.7,622068
1786135793,2030568,14240,83886080,15313145856,1535,0,28612,28612,40,7.7,619912
1786135803,2023796,14240,83886080,15346733056,1535,0,28617,28617,44,7.7,617905
1786135813,2026300,14240,83886080,15383470080,1536,0,28624,28624,35,7.7,620087
1786135823,2029876,14240,83886080,15417061376,1536,0,28629,28629,42,7.7,625039
1786135833,2022756,14240,83886080,15451693056,1536,0,28636,28636,36,7.7,618037
1786135843,2022144,14240,83886080,15463239680,1536,0,28640,28640,35,7.7,618018
1786135853,2032740,14240,83886080,15493685248,1536,0,28644,28644,42,7.7,617995
1786135863,2023148,14240,83886080,15534616576,1536,0,28652,28652,33,7.7,626598
1786135873,2025740,14240,83886080,15559806976,1536,0,28657,28657,38,7.7,617996
1786135883,2026524,14240,83886080,15596539904,1536,0,28662,28662,42,7.7,621442
1786135893,2030932,14240,83886080,15637479424,1536,0,28669,28669,38,7.7,624343
1786135904,2032632,14240,83886080,15673159680,1536,0,28674,28674,42,7.7,621050
1786135914,2022492,14240,83886080,15722496000,1536,0,28682,28681,35,7.7,621437
1786135924,2034868,14240,83886080,15761330176,1535,0,28686,28686,42,7.7,619756
1786135934,2035372,14240,83886080,15800168448,1536,0,28690,28690,51,7.7,620131
1786135944,2028104,14240,83886080,15846350848,1536,0,28698,28698,37,7.7,619748
1786135954,2031628,14240,83886080,15887282176,1536,0,28703,28703,43,7.7,619701
1786135964,2027896,14240,83886080,15922970624,1536,0,28708,28708,45,7.7,619735
1786135974,2028448,14240,83886080,15965999104,1536,0,28716,28716,37,7.7,620603
1786135984,2025508,14240,83886080,16005890048,1536,0,28720,28720,46,7.7,621998
1786135994,2029300,14240,83886080,16052064256,1536,0,28728,28728,38,7.7,619497
1786136004,2021752,14240,83886080,16101400576,1536,0,28733,28733,43,7.7,621914
1786136015,2030012,14240,83886080,16166477824,1536,0,28740,28740,37,7.7,620993
1786136025,2023284,14240,83886080,16205312000,1536,0,28745,28745,42,7.7,618631
1786136035,2030232,14240,83886080,16268283904,1536,0,28752,28752,37,7.7,619944
1786136045,2023692,14240,83886080,16309219328,1536,0,28757,28757,44,7.7,619460
1786136055,2025340,14240,83886080,16337559552,1536,0,28761,28761,36,7.7,622085
1786136065,2033064,14240,83886080,16395288576,1536,0,28766,28766,41,7.7,619923
1786136075,2026476,14240,83886080,16446713856,1536,0,28773,28773,34,7.7,618715
1786136085,2024328,14240,83886080,16498143232,1536,0,28778,28778,38,7.7,618142
1786136095,2035040,14240,83886080,16550629376,1536,0,28783,28783,42,7.7,618609
1786136106,2027600,14240,83886080,16606261248,1536,0,28791,28791,36,7.7,623411
1786136116,2030232,14240,83886080,16651386880,1536,0,28796,28796,41,7.7,624208
1786136126,2026220,14240,83886080,16695476224,1536,0,28803,28803,37,7.7,618095
1786136136,2030020,14240,83886080,16730112000,1536,0,28809,28809,38,7.7,618544
1786136146,2025740,14240,83886080,16768946176,1536,0,28816,28816,33,7.7,622363
1786136156,2032520,14240,83886080,16809893888,1536,0,28821,28821,40,7.7,622101
1786136166,2024388,14240,83886080,16848728064,1536,0,28828,28828,37,7.7,618738
1786136176,2024224,14240,83886080,16862367744,1536,0,28833,28833,42,7.7,619890
1786136187,2022612,14240,83886080,16880214016,1536,0,28840,28840,37,7.7,623575
1786136197,2022844,14240,83886080,16892809216,1536,0,28845,28845,44,7.7,617938
1786136207,2023736,14240,83886080,16907505664,1536,0,28853,28853,31,7.7,621842
1786136217,2023772,14240,83886080,16917999616,1536,0,28857,28857,43,7.7,621734
1786136227,2023520,14240,83886080,16931643392,1536,0,28863,28862,47,7.7,621333
1786136237,2023080,14240,83886080,16952635392,1536,0,28870,28870,36,7.7,621704
1786136247,2022232,14240,83886080,16968384512,1536,0,28877,28877,33,7.7,618681
1786136257,2022580,14240,83886080,16979927040,1537,0,28881,28881,42,7.7,628103
1786136268,2023452,14240,83886080,16992522240,1537,0,28885,28885,44,7.7,619079
1786136278,2021804,14240,83886080,17014566912,1537,0,28893,28893,30,7.7,617885
1786136288,2024768,14240,83886080,17030307840,1537,0,28897,28897,40,7.7,618306
1786136298,2023480,14240,83886080,17038704640,1537,0,28898,28898,54,7.7,633612
1786136309,2023700,14240,83886080,17063895040,1537,0,28906,28906,33,7.7,621788
1786136319,2022808,14240,83886080,17079640064,1537,0,28911,28911,38,7.7,619544
1786136329,2022580,14240,83886080,17097482240,1537,0,28917,28916,44,7.7,617964
1786136339,2022232,14240,83886080,17123721216,1537,0,28924,28924,34,7.7,622541
1786136349,2023144,14240,83886080,17137369088,1537,0,28931,28931,31,7.7,620303
1786136359,2022584,14240,83886080,17158373376,1537,0,28936,28936,39,7.7,618131
1786136369,2023028,14240,83886080,17185660928,1537,0,28943,28943,32,7.7,619936
1786136379,2024420,14240,83886080,17205604352,1537,0,28948,28948,41,7.7,620410
1786136389,2022980,14240,83886080,17222397952,1537,0,28952,28952,51,7.7,620550
1786136399,2022880,14240,83886080,17251786752,1537,0,28960,28960,34,7.7,618683
1786136410,2024984,14240,83886080,17267527680,1538,0,28965,28965,42,7.7,619938
1786136420,2023668,14240,83886080,17287471104,1538,0,28972,28972,36,7.7,626808
1786136430,2022776,14240,83886080,17304268800,1538,0,28977,28977,40,7.7,617903
1786136440,2022376,14240,83886080,17317912576,1538,0,28985,28985,33,7.7,617939
1786136450,2023552,14240,83886080,17321058304,1538,0,28989,28989,45,7.7,620461
1786136460,2023764,14240,83886080,17328406528,1538,0,28997,28997,35,7.7,619575
1786136470,2024032,14240,83886080,17335750656,1538,0,29002,29002,39,7.7,621470
1786136480,2023472,14240,83886080,17342050304,1538,0,29006,29006,50,7.7,620446
1786136490,2023424,14240,83886080,17353601024,1538,0,29014,29014,40,7.7,621868
1786136500,2023268,14240,83886080,17364090880,1538,0,29020,29019,44,7.7,618257
1786136510,2022808,14240,83886080,17376690176,1538,0,29026,29026,39,7.7,622367
1786136520,2024088,14240,83886080,17391382528,1538,0,29031,29031,43,7.7,622821
1786136530,2022932,14240,83886080,16330227712,1538,0,29039,29039,33,7.7,620994
1786136541,2023408,14240,83886080,16338624512,1538,0,29043,29043,40,7.7,618060
1786136551,2023624,14240,83886080,16347021312,1538,0,29047,29047,47,7.7,620904
1786136561,2024352,14240,83886080,16364859392,1538,0,29055,29055,34,7.7,621678
1786136571,2022688,14240,83886080,16376410112,1538,0,29059,29059,46,7.7,617894
1786136581,2021748,14240,83886080,16394264576,1538,0,29067,29067,34,7.7,619665
1786136591,2023576,14240,83886080,16407908352,1538,0,29072,29072,38,7.7,618043
1786136601,2023708,14240,83886080,16415256576,1538,0,29076,29076,47,7.7,626538
1786136611,2023504,14240,83886080,15346741248,1538,0,29084,29084,33,7.7,620137
1786136621,2023328,14240,83886080,15356190720,1538,0,29088,29088,44,7.7,619133
1786136632,2022936,14240,83886080,15368802304,1538,0,29092,29092,51,7.7,619241
1786136642,2023012,14240,83886080,15386640384,1538,0,29100,29100,34,7.7,618425
1786136652,2024484,14240,83886080,15399235584,1538,0,29104,29104,44,7.7,617948
1786136662,2022448,14240,83886080,14332833792,1538,0,29108,29108,52,7.7,619343
1786136672,2023724,14240,83886080,14335979520,1538,0,29116,29116,37,7.7,621778
1786136682,2023452,14240,83886080,13267480576,1538,0,29120,29120,48,7.7,622030
1786136692,2022200,14240,83886080,13267472384,1538,0,29125,29125,47,7.7,618836
1786136702,2023588,14240,83886080,13268520960,1538,0,29129,29129,50,7.7,619919
1786136712,2022440,14240,83886080,13271670784,1538,0,29133,29133,53,7.7,621457
1786136723,2023164,14240,83886080,13273767936,1538,0,29141,29141,38,7.7,617991
1786136733,2024240,14240,83886080,13277966336,1538,0,29145,29145,46,7.7,622706
1786136743,2022408,14240,83886080,13277966336,1538,0,29146,29146,61,7.7,617901
1786136753,2023228,14240,83886080,13280067584,1538,0,29154,29154,40,7.7,618359
1786136763,2024216,14240,83886080,13283217408,1538,0,29158,29158,50,7.7,617981
1786136773,2022444,14240,83886080,13286367232,1538,0,29162,29162,56,7.7,617953
1786136783,2025872,14240,83886080,13311549440,1538,0,29170,29170,39,7.7,617912
1786136793,2031368,14240,83886080,13336743936,1538,0,29175,29175,44,7.7,619549
1786136803,2025260,14240,83886080,13356687360,1538,0,29179,29179,54,7.7,619333
1786136813,2025172,14240,83886080,13362982912,1538,0,29183,29183,45,7.7,619143
1786136823,2034528,14240,83886080,13393420288,1538,0,29187,29187,45,7.7,621478
1786136833,2037092,14240,83886080,13417558016,1538,0,29191,29191,55,7.7,618701
1786136843,2021848,14240,83886080,13438558208,1538,0,29196,29196,51,7.7,617926
1786136854,2028312,14240,83886080,13466894336,1538,0,29204,29204,40,7.7,617931
1786136864,2036396,14240,83886080,13494181888,1538,0,29208,29208,48,7.7,617967
1786136874,2022028,14240,83886080,13516226560,1538,0,29215,29215,39,7.7,621424
1786136884,2030636,14240,83886080,13545611264,1538,0,29221,29221,39,7.7,619978
1786136894,2025996,14240,83886080,13571850240,1538,0,29228,29228,35,7.7,618037
1786136904,2027676,14240,83886080,13593894912,1538,0,29233,29233,41,7.7,618204
1786136914,2025668,14240,83886080,13621186560,1538,0,29240,29240,37,7.7,620256
1786136924,2032320,14240,83886080,13650575360,1538,0,29245,29245,44,7.7,621044
1786136934,2022076,14240,83886080,13668417536,1538,0,29253,29253,32,7.7,618214
1786136944,2031132,14240,83886080,13697806336,1538,0,29257,29257,44,7.7,620856
1786136955,2023680,14240,83886080,13726142464,1537,0,29265,29265,31,7.7,618196
1786136965,2023644,14240,83886080,13735591936,1537,0,29265,29265,55,7.7,628628
1786136975,2021996,14240,83886080,13766033408,1537,0,29273,29273,35,7.7,617977
1786136985,2029432,14240,83886080,13790171136,1537,0,29277,29277,43,7.7,620879
1786136996,2023296,14240,83886080,13816410112,1537,0,29281,29281,52,7.7,618024
1786137006,2023964,14240,83886080,13841600512,1537,0,29289,29289,34,7.7,618036
1786137016,2030224,14240,83886080,13867839488,1537,0,29293,29293,44,7.7,618171
1786137026,2022688,14240,83886080,13891981312,1537,0,29297,29297,52,7.7,623132
1786137036,2023020,14240,83886080,13910876160,1537,0,29305,29305,33,7.7,617984
1786137046,2031156,14240,83886080,13936062464,1537,0,29309,29309,44,7.7,620246
1786137056,2023644,14240,83886080,13958107136,1537,0,29313,29313,54,7.7,620350
1786137066,2023416,14240,83886080,13983297536,1537,0,29321,29321,34,7.7,618630
1786137076,2029776,14240,83886080,14006386688,1537,0,29325,29325,44,7.7,624103
1786137086,2024092,14240,83886080,14027378688,1537,0,29330,29330,49,7.7,621264
1786137097,2027392,14240,83886080,14054670336,1536,0,29337,29337,40,7.7,620817
1786137107,2031960,14240,83886080,14086156288,1536,0,29342,29342,46,7.7,623245
1786137117,2022948,14240,83886080,14107152384,1536,0,29346,29346,54,7.7,624857
1786137127,2026480,14240,83886080,14120792064,1536,0,29350,29350,51,7.7,619702
1786137137,2034088,14240,83886080,14147039232,1536,0,29354,29354,50,7.7,620072
1786137147,2024512,14240,83886080,14176423936,1536,0,29362,29362,36,7.7,621550
1786137157,2027460,14240,83886080,14198464512,1536,0,29366,29366,45,7.7,625272
1786137167,2024512,14240,83886080,14223659008,1536,0,29374,29374,33,7.7,617959
1786137177,2027276,14240,83886080,14251999232,1536,0,29379,29379,42,7.7,621625
1786137187,2025852,14240,83886080,14278234112,1536,0,29386,29386,38,7.7,619489
1786137197,2027356,14240,83886080,14309720064,1536,0,29392,29392,38,7.7,620098
1786137208,2027432,14240,83886080,14343315456,1536,0,29398,29398,37,7.7,621911
1786137218,2034684,14240,83886080,14369550336,1535,0,29402,29402,47,7.7,618193
1786137228,2024408,14240,83886080,14404190208,1535,0,29410,29410,33,7.7,621764
1786137238,2032652,14240,83886080,14433574912,1535,0,29414,29414,47,7.7,620840
1786137249,2023632,14240,83886080,14437773312,1535,0,29416,29416,52,7.7,627324
1786137259,2026504,14240,83886080,14482907136,1535,0,29424,29424,37,7.7,620762
1786137269,2031520,14240,83886080,14517542912,1535,0,29428,29428,46,7.7,624798
1786137279,2025724,14240,83886080,14566875136,1535,0,29436,29436,37,7.7,617937
1786137289,2022600,14240,83886080,14573170688,1535,0,29436,29436,57,7.7,618027
1786137299,2025844,14240,83886080,14622498816,1535,0,29444,29444,38,7.7,619723
1786137309,2036020,14240,83886080,14656094208,1535,0,29448,29448,47,7.7,621332
1786137319,2022760,14240,83886080,14688628736,1535,0,29453,29453,47,7.7,618344
1786137329,2029600,14240,83886080,14730616832,1535,0,29460,29460,39,7.7,620317
1786137339,2023812,14240,83886080,14770499584,1535,0,29465,29465,46,7.7,627121
1786137350,2023388,14240,83886080,14805135360,1535,0,29472,29472,37,7.7,624827
1786137360,2029788,14240,83886080,14854463488,1535,0,29477,29477,41,7.7,620213
1786137370,2022664,14240,83886080,14896451584,1535,0,29481,29481,51,7.7,621042
1786137380,2024052,14240,83886080,14932131840,1535,0,29488,29486,51,7.7,621051
1786137390,2030900,14240,83886080,14985666560,1535,0,29493,29493,40,7.7,623394
1786137400,2023176,14240,83886080,15027650560,1535,0,29498,29498,44,7.7,621018
1786137410,2025976,14240,83886080,15060185088,1535,0,29502,29502,55,7.7,617996
1786137420,2025464,14240,83886080,15109521408,1535,0,29510,29510,33,7.7,619598
1786137430,2035408,14240,83886080,15152553984,1535,0,29514,29514,46,7.7,619443
1786137440,2023548,14240,83886080,15186141184,1535,0,29519,29519,47,7.7,620167
1786137450,2026412,14240,83886080,15232323584,1535,0,29527,29527,34,7.7,619878
1786137461,2037740,14240,83886080,15274307584,1535,0,29531,29531,46,7.7,618101
1786137471,2022836,14240,83886080,15308947456,1535,0,29536,29536,49,7.7,630704
1786137481,2029368,14240,83886080,15353032704,1535,0,29543,29543,39,7.7,619590
1786137491,2025408,14240,83886080,15392911360,1535,0,29548,29548,45,7.7,621961
1786137501,2023440,14240,83886080,15426494464,1535,0,29552,29552,53,7.7,618017
1786137511,2028612,14240,83886080,15481077760,1535,0,29560,29560,39,7.7,619399
1786137521,2038524,14240,83886080,15528312832,1535,0,29564,29564,50,7.7,618646
1786137531,2023108,14240,83886080,15568199680,1535,0,29568,29568,53,7.7,620456
1786137541,2029552,14240,83886080,15596535808,1535,0,29572,29572,47,7.7,620712
1786137551,2030360,14240,83886080,15645863936,1535,0,29576,29576,51,7.7,624117
1786137562,2026040,14240,83886080,15697297408,1535,0,29584,29584,35,7.7,621749
1786137572,2022300,14240,83886080,15715135488,1535,0,29584,29584,56,7.7,626920
1786137582,2023160,14240,83886080,15750823936,1535,0,29588,29588,59,7.7,626967
1786137592,2028224,14240,83886080,15809605632,1535,0,29596,29596,39,7.7,617981
1786137602,2034708,14240,83886080,15859982336,1535,0,29601,29601,42,7.7,618740
1786137612,2035636,14240,83886080,15887273984,1535,0,29605,29605,48,7.7,617971
1786137622,2024660,14240,83886080,15930306560,1535,0,29613,29613,35,7.7,621705
1786137632,2037204,14240,83886080,15968092160,1535,0,29617,29617,45,7.7,622416
1786137642,2023952,14240,83886080,15998529536,1535,0,29622,29622,51,7.7,618699
1786137652,2025724,14240,83886080,16033169408,1535,0,29630,29630,37,7.7,620169
1786137663,2034620,14240,83886080,16069902336,1535,0,29634,29634,47,7.7,619289
1786137673,2022868,14240,83886080,16098242560,1535,0,29638,29638,58,7.7,620078
1786137683,2022560,14240,83886080,16110841856,1535,0,29646,29646,40,7.7,617944
1786137693,2022768,14240,83886080,16116088832,1535,0,29650,29650,48,7.7,617931
1786137703,2021760,14240,83886080,16126582784,1535,0,29658,29658,32,7.7,617906
1786137713,2023400,14240,83886080,16132878336,1535,0,29662,29662,41,7.7,621897
1786137723,2022804,14240,83886080,16140222464,1535,0,29666,29666,50,7.7,617957
1786137733,2021396,14240,83886080,16154923008,1535,0,29674,29674,36,7.7,623455
1786137743,2023796,14240,83886080,16165421056,1535,0,29678,29678,42,7.7,619215
1786137753,2022640,14240,83886080,16178016256,1535,0,29683,29683,47,7.7,617957
1786137763,2022552,14240,83886080,16189558784,1535,0,29691,29691,35,7.7,622175
1786137774,2021812,14240,83886080,16199004160,1535,0,29695,29695,46,7.7,621754
1786137784,2022804,14240,83886080,16211595264,1535,0,29703,29703,35,7.7,617898
1786137794,2022740,14240,83886080,16221044736,1535,0,29707,29707,46,7.7,619905
1786137804,2022856,14240,83886080,16232587264,1535,0,29715,29715,36,7.7,617883
1786137814,2024680,14240,83886080,16254636032,1535,0,29719,29719,47,7.7,617982
1786137824,2022168,14240,83886080,16280870912,1535,0,29723,29723,53,7.7,618790
1786137834,2023700,14240,83886080,16311308288,1535,0,29731,29731,38,7.7,619526
1786137844,2022956,14240,83886080,16334401536,1535,0,29736,29736,44,7.7,617946
1786137854,2024156,14240,83886080,16367988736,1535,0,29743,29743,38,7.7,620168
1786137864,2024728,14240,83886080,16387932160,1535,0,29748,29748,42,7.7,617955
1786137875,2024100,14240,83886080,16420470784,1536,0,29755,29755,36,7.7,618046
1786137885,2023768,14240,83886080,16441458688,1536,0,29760,29760,42,7.7,619042
1786137895,2023140,14240,83886080,16464551936,1536,0,29768,29768,29,7.7,622440
1786137905,2023028,14240,83886080,16490790912,1536,0,29772,29772,40,7.7,617909
1786137915,2023976,14240,83886080,16513884160,1536,0,29777,29777,45,7.7,626031
1786137925,2022884,14240,83886080,16540127232,1536,0,29785,29785,35,7.7,618250
1786137935,2023608,14240,83886080,16561115136,1536,0,29790,29790,41,7.7,620395
1786137946,2022764,14240,83886080,16577912832,1536,0,29797,29797,37,7.7,621653
1786137956,2023008,14240,83886080,16595755008,1536,0,29805,29805,32,7.7,621404
1786137966,2023936,14240,83886080,16609398784,1536,0,29810,29810,39,7.7,617976
1786137976,2023684,14240,83886080,16621993984,1536,0,29814,29814,37,7.7,618605
1786137986,2024180,14240,83886080,16642985984,1536,0,29818,29818,40,7.7,617961
1786137996,2023600,14240,83886080,16657682432,1536,0,29822,29822,48,7.7,624377
1786138006,2022084,14240,83886080,16679723008,1536,0,29830,29830,35,7.7,621278
1786138016,2024736,14240,83886080,16692318208,1536,0,29834,29834,41,7.7,619923
1786138026,2023892,14240,83886080,16708059136,1537,0,29842,29842,31,7.7,617912
1786138036,2024108,14240,83886080,16726953984,1537,0,29846,29846,42,7.7,618013
1786138046,2022440,14240,83886080,15666843648,1537,0,29852,29851,45,7.7,620294
1786138056,2023384,14240,83886080,15681540096,1537,0,29858,29858,41,7.7,618063
1786138067,2022488,14240,83886080,15697293312,1537,0,29863,29863,46,7.7,617975
1786138077,2022256,14240,83886080,15713038336,1537,0,29871,29871,32,7.7,618313
1786138087,2023016,14240,83886080,15725633536,1537,0,29875,29875,42,7.7,617867
1786138097,2022048,14240,83886080,15740334080,1537,0,29881,29881,44,7.7,617965
1786138107,2023364,14240,83886080,15752929280,1537,0,29889,29889,35,7.7,618864
1786138117,2024480,14240,83886080,15764475904,1537,0,29895,29895,37,7.7,619915
1786138127,2022228,14240,83886080,15778119680,1537,0,29901,29901,39,7.7,617905
1786138137,2023192,14240,83886080,15793864704,1537,0,29909,29909,32,7.7,618621
1786138147,2023556,14240,83886080,15805411328,1537,0,29913,29913,42,7.7,619445
1786138157,2022712,14240,83886080,15820107776,1537,0,29917,29917,50,7.7,617938
1786138167,2022404,14240,83886080,15836901376,1537,0,29925,29925,38,7.7,617970
1786138178,2023232,14240,83886080,15847391232,1537,0,29930,29930,43,7.7,620025
1786138188,2022748,14240,83886080,15861039104,1537,0,29934,29934,50,7.7,620202
1786138198,2023340,14240,83886080,15869435904,1537,0,29938,29938,51,7.7,621205
1786138208,2022372,14240,83886080,15888330752,1537,0,29946,29946,32,7.7,619744
1786138218,2023656,14240,83886080,15906168832,1538,0,29951,29951,37,7.7,618032
1786138228,2022992,14240,83886080,15919820800,1538,0,29958,29958,32,7.7,624951
1786138238,2023324,14240,83886080,15934517248,1538,0,29963,29963,37,7.7,617922
1786138248,2023080,14240,83886080,15952355328,1538,0,29970,29970,34,7.7,617978
1786138258,2021868,14240,83886080,15956553728,1538,0,29972,29972,47,7.7,620294
1786138268,2022964,14240,83886080,14892244992,1538,0,29976,29976,54,7.7,620580
1786138278,2028384,14240,83886080,14921646080,1538,0,29984,29984,38,7.7,617999
1786138288,2037392,14240,83886080,14956290048,1538,0,29988,29988,46,7.7,618647
1786138299,2022136,14240,83886080,14989877248,1538,0,29992,29992,54,7.7,619293
1786138309,2025204,14240,83886080,15030808576,1538,0,30000,30000,37,7.7,619411
1786138319,2034916,14240,83886080,15063351296,1538,0,30004,30004,45,7.7,617915
1786138329,2032932,14240,83886080,14015836160,1538,0,30009,30009,45,7.7,621589
1786138339,2026960,14240,83886080,14052573184,1538,0,30016,30016,37,7.7,619494
1786138349,2032420,14240,83886080,14079864832,1538,0,30021,30021,42,7.7,617972
1786138359,2023692,14240,83886080,13027098624,1538,0,30025,30025,51,7.7,618433
1786138369,2029896,14240,83886080,13055438848,1538,0,30033,30033,37,7.7,617980
1786138379,2022680,14240,83886080,13079580672,1538,0,30039,30039,39,7.7,619498
1786138389,2031784,14240,83886080,13100593152,1538,0,30045,30045,39,7.7,620795
1786138399,2023568,14240,83886080,13124734976,1538,0,30053,30053,33,7.7,617895
1786138409,2025316,14240,83886080,13149941760,1538,0,30059,30058,40,7.7,621775
1786138420,2023684,14240,83886080,13162536960,1538,0,30065,30065,35,7.7,620040
1786138430,2032208,14240,83886080,13187727360,1538,0,30070,30070,42,7.7,620027
1786138440,2024108,14240,83886080,13208723456,1538,0,30075,30075,47,7.7,620533
1786138450,2023744,14240,83886080,13229711360,1538,0,30083,30083,34,7.7,618439
1786138460,2033496,14240,83886080,13256998912,1538,0,30087,30087,44,7.7,622928
1786138470,2022440,14240,83886080,13276946432,1538,0,30092,30092,48,7.7,627508
1786138481,2027152,14240,83886080,13284290560,1538,0,30096,30096,48,7.7,620576
1786138491,2034036,14240,83886080,13311582208,1538,0,30100,30100,49,7.7,619931
1786138501,2025132,14240,83886080,13334671360,1538,0,30108,30108,36,7.7,619597
1786138511,2022536,14240,83886080,13342019584,1538,0,30108,30108,57,7.7,617968
1786138521,2023116,14240,83886080,13359861760,1538,0,30116,30116,31,7.7,619645
1786138531,2030756,14240,83886080,13385052160,1537,0,30120,30120,44,7.7,623133
1786138541,2023324,14240,83886080,13408145408,1537,0,30125,30124,48,7.7,627821
1786138551,2022712,14240,83886080,13411291136,1537,0,30129,30129,43,7.7,618473
1786138561,2030036,14240,83886080,13437530112,1537,0,30133,30133,42,7.7,619114
1786138571,2021304,14240,83886080,13458530304,1537,0,30141,30141,30,7.7,618899
1786138582,2025588,14240,83886080,13478469632,1537,0,30145,30145,41,7.7,621179
1786138592,2032276,14240,83886080,13502607360,1537,0,30150,30150,45,7.7,619590
1786138602,2025464,14240,83886080,13523599360,1537,0,30158,30158,36,7.7,619611
1786138612,2028744,14240,83886080,13541445632,1537,0,30162,30162,43,7.7,625131
1786138622,2023636,14240,83886080,13564530688,1537,0,30169,30168,40,7.7,619743
1786138632,2027796,14240,83886080,13588672512,1537,0,30175,30175,38,7.7,620283
1786138642,2023480,14240,83886080,13605470208,1537,0,30179,30179,49,7.7,622246
1786138652,2028820,14240,83886080,13629607936,1537,0,30187,30187,39,7.7,618505
1786138662,2023708,14240,83886080,13650599936,1537,0,30194,30194,34,7.7,621417
1786138673,2026484,14240,83886080,13671596032,1537,0,30199,30199,42,7.7,620134
1786138683,2032180,14240,83886080,13695733760,1536,0,30204,30204,45,7.7,621242
1786138693,2025036,14240,83886080,13716725760,1536,0,30212,30212,36,7.7,617985
1786138703,2025300,14240,83886080,13734567936,1536,0,30216,30216,43,7.7,625773
1786138713,2033596,14240,83886080,13758709760,1536,0,30220,30220,48,7.7,618809
1786138723,2021936,14240,83886080,13780750336,1536,0,30228,30228,35,7.7,618620
1786138733,2021976,14240,83886080,13794398208,1536,0,30228,30228,60,7.7,618023
1786138744,2033796,14240,83886080,13806993408,1536,0,30232,30232,60,7.7,617992
1786138754,2024948,14240,83886080,13829033984,1536,0,30240,30240,35,7.7,620275
1786138764,2031448,14240,83886080,13854224384,1536,0,30244,30244,46,7.7,617933
1786138774,2030912,14240,83886080,13872066560,1536,0,30249,30249,48,7.7,620134
1786138784,2026964,14240,83886080,13894111232,1536,0,30256,30256,36,7.7,623879
1786138794,2031236,14240,83886080,13916147712,1536,0,30261,30261,42,7.7,620312
1786138804,2023152,14240,83886080,13932941312,1536,0,30269,30269,33,7.7,620221
1786138814,2030616,14240,83886080,13952888832,1536,0,30273,30273,43,7.7,617920
1786138824,2022620,14240,83886080,13979127808,1535,0,30279,30279,43,7.7,621287
1786138834,2026768,14240,83886080,14007463936,1535,0,30285,30285,40,7.7,620616
1786138844,2024172,14240,83886080,14029508608,1535,0,30290,30290,47,7.7,620513
1786138855,2026124,14240,83886080,14056796160,1535,0,30297,30297,41,7.7,618278
1786138865,2029508,14240,83886080,14086184960,1535,0,30302,30302,46,7.7,621031
1786138875,2026212,14240,83886080,14125023232,1535,0,30310,30310,36,7.7,617997
1786138885,2039652,14240,83886080,14165954560,1535,0,30314,30314,47,7.7,623267
1786138895,2023968,14240,83886080,14196396032,1535,0,30319,30319,51,7.7,618017
1786138905,2024684,14240,83886080,14214238208,1535,0,30326,30326,28,7.7,618400
1786138915,2036868,14240,83886080,14258319360,1535,0,30330,30330,45,7.7,618541
1786138925,2021812,14240,83886080,14289805312,1535,0,30336,30336,40,7.7,617999
1786138935,2024704,14240,83886080,14333894656,1535,0,30342,30342,39,7.7,618088
1786138945,2036152,14240,83886080,14383218688,1534,0,30346,30346,45,7.7,618051
1786138956,2024244,14240,83886080,14445150208,1535,0,30354,30354,32,7.7,625271
1786138966,2029044,14240,83886080,14485032960,1535,0,30358,30358,39,7.7,618131
1786138976,2022808,14240,83886080,14537515008,1535,0,30363,30363,44,7.7,618010
1786138986,2030028,14240,83886080,14600486912,1535,0,30370,30370,40,7.7,621462
1786138996,2022620,14240,83886080,14622531584,1535,0,30373,30371,55,7.7,627394
1786139006,2028172,14240,83886080,14655074304,1535,0,30378,30378,40,7.7,619522
1786139016,2025184,14240,83886080,14697054208,1534,0,30385,30384,44,7.7,620207
1786139026,2031680,14240,83886080,14755831808,1534,0,30391,30391,39,7.7,620945
1786139036,2028060,14240,83886080,14796767232,1534,0,30396,30396,47,7.7,620552
1786139046,2026636,14240,83886080,14870237184,1534,0,30404,30404,36,7.7,619432
1786139057,2026844,14240,83886080,14930071552,1535,0,30408,30408,46,7.7,629585
1786139067,2021844,14240,83886080,14999343104,1535,0,30416,30416,31,7.7,621072
1786139077,2033560,14240,83886080,15068618752,1535,0,30420,30420,41,7.7,620614
1786139087,2023716,14240,83886080,15117942784,1535,0,30425,30425,44,7.7,620777
1786139097,2030000,14240,83886080,15180918784,1535,0,30432,30432,36,7.7,620360
1786139107,2037344,14240,83886080,15247044608,1535,0,30437,30437,43,7.7,619790
1786139117,2022668,14240,83886080,15299526656,1535,0,30441,30441,51,7.7,617985
1786139127,2030704,14240,83886080,15376150528,1535,0,30449,30449,37,7.7,621405
1786139137,2023320,14240,83886080,15440171008,1535,0,30454,30454,44,7.7,620259
1786139148,2024196,14240,83886080,15488454656,1535,0,30458,30458,48,7.7,619936
1786139158,2029576,14240,83886080,15527288832,1535,0,30463,30463,40,7.7,618098
1786139168,2025832,14240,83886080,15590260736,1535,0,30470,30470,32,7.7,618043
1786139178,2030264,14240,83886080,15641694208,1535,0,30475,30475,39,7.7,618007
1786139188,2024020,14240,83886080,15661637632,1535,0,30480,30480,44,7.7,617990
1786139198,2023420,14240,83886080,15691030528,1535,0,30488,30488,33,7.7,617945
1786139208,2024288,14240,83886080,15716212736,1536,0,30492,30492,44,7.7,619531
1786139218,2023296,14240,83886080,15741403136,1536,0,30499,30499,35,7.7,619359
1786139228,2023416,14240,83886080,15762395136,1536,0,30505,30505,39,7.7,617920
1786139238,2023404,14240,83886080,15776047104,1536,0,30512,30512,35,7.7,620159
1786139248,2022612,14240,83886080,15778144256,1536,0,30512,30512,53,7.7,619749
1786139259,2023568,14240,83886080,15781298176,1536,0,30520,30520,35,7.7,622074
1786139269,2023804,14240,83886080,15784443904,1536,0,30524,30524,45,7.7,618056
1786139279,2023024,14240,83886080,15787589632,1536,0,30529,30529,49,7.7,617930
1786139289,2022964,14240,83886080,15790735360,1536,0,30536,30536,41,7.7,617883
1786139299,2023868,14240,83886080,15792832512,1536,0,30542,30542,40,7.7,617937
1786139309,2021968,14240,83886080,15797043200,1536,0,30549,30549,34,7.7,620458
1786139319,2023948,14240,83886080,15799140352,1536,0,30554,30554,40,7.7,621344
1786139329,2022656,14240,83886080,15802286080,1536,0,30562,30562,33,7.7,619822
1786139339,2024012,14240,83886080,15804383232,1536,0,30567,30567,40,7.7,619904
1786139349,2022652,14240,83886080,15807528960,1536,0,30573,30573,38,7.7,620650
1786139360,2022672,14240,83886080,15814873088,1536,0,30580,30580,36,7.7,617933
1786139370,2023344,14240,83886080,15823273984,1536,0,30586,30586,37,7.7,621961
1786139380,2023528,14240,83886080,15833776128,1536,0,30592,30592,38,7.7,619055
1786139390,2024196,14240,83886080,15846371328,1536,0,30598,30598,39,7.7,621546
1786139400,2023452,14240,83886080,15849517056,1536,0,30600,30600,47,7.7,620549
1786139410,2023356,14240,83886080,15865257984,1536,0,30608,30608,33,7.7,622790
1786139420,2024064,14240,83886080,15873654784,1536,0,30612,30612,41,7.7,617958
1786139430,2023144,14240,83886080,15882051584,1536,0,30617,30617,47,7.7,619843
1786139440,2023236,14240,83886080,15892549632,1536,0,30624,30624,38,7.7,617913
1786139450,2023744,14240,83886080,15907241984,1536,0,30630,30630,40,7.7,618996
1786139460,2022148,14240,83886080,15928238080,1536,0,30637,30637,37,7.7,621985
1786139470,2022172,14240,83886080,15933480960,1536,0,30637,30637,51,7.7,619128
1786139481,2022948,14240,83886080,15964971008,1536,0,30645,30645,35,7.7,619126
1786139491,2023476,14240,83886080,15987015680,1536,0,30650,30650,40,7.7,617954
1786139501,2023308,14240,83886080,16009056256,1536,0,30655,30654,49,7.7,621470
1786139511,2022828,14240,83886080,16028999680,1536,0,30659,30659,39,7.7,619664
1786139521,2024892,14240,83886080,16048939008,1536,0,30663,30663,48,7.7,617956
1786139531,2024088,14240,83886080,16080424960,1536,0,30671,30671,34,7.7,619334
1786139541,2023308,14240,83886080,16098267136,1536,0,30676,30676,40,7.7,617932
1786139551,2023268,14240,83886080,16120315904,1536,0,30683,30683,31,7.7,619424
1786139561,2024252,14240,83886080,16139202560,1536,0,30688,30688,39,7.7,618005
1786139572,2024076,14240,83886080,16158097408,1536,0,30692,30692,47,7.7,622748
1786139582,2023584,14240,83886080,16188534784,1537,0,30700,30700,33,7.7,620270
1786139592,2024708,14240,83886080,16211628032,1537,0,30705,30705,41,7.7,621063
1786139602,2021560,14240,83886080,16215822336,1537,0,30708,30708,45,7.7,623962
1786139612,2022268,14240,83886080,16238915584,1537,0,30714,30714,39,7.7,619145
1786139622,2022968,14240,83886080,16257810432,1537,0,30720,30720,41,7.7,619343
1786139632,2023544,14240,83886080,16273555456,1537,0,30726,30726,42,7.7,623876
1786139642,2023476,14240,83886080,16289300480,1537,0,30732,30732,40,7.7,621260
1786139652,2022968,14240,83886080,16308191232,1537,0,30740,30740,32,7.7,617922
1786139662,2023128,14240,83886080,16332328960,1537,0,30746,30746,34,7.7,617918
1786139673,2024284,14240,83886080,16340729856,1537,0,30750,30750,42,7.7,619373
1786139683,2023684,14240,83886080,16363819008,1537,0,30758,30758,31,7.7,617951
1786139693,2022356,14240,83886080,16372219904,1537,0,30762,30762,40,7.7,617988
1786139703,2024092,14240,83886080,16380612608,1537,0,30767,30767,41,7.7,620983
1786139713,2023412,14240,83886080,16396361728,1537,0,30774,30774,37,7.7,617994
1786139723,2023068,14240,83886080,16410001408,1537,0,30779,30779,44,7.7,617982
1786139733,2021932,14240,83886080,16432046080,1537,0,30786,30786,35,7.7,617927
1786139743,2023204,14240,83886080,16444645376,1537,0,30791,30791,44,7.7,619969
1786139753,2022120,14240,83886080,16460382208,1537,0,30795,30795,50,7.7,617854
1786139763,2022732,14240,83886080,16483475456,1537,0,30803,30803,35,7.7,621281
1786139774,2023792,14240,83886080,16500269056,1537,0,30807,30807,44,7.7,617936
1786139784,2023520,14240,83886080,16523358208,1537,0,30815,30815,34,7.7,620050
1786139794,2028540,14240,83886080,16544354304,1537,0,30820,30820,41,7.7,618353
1786139804,2024716,14240,83886080,16583184384,1537,0,30827,30827,34,7.7,621189
1786139814,2030180,14240,83886080,16618872832,1537,0,30832,30832,39,7.7,621185
1786139824,2035192,14240,83886080,16652464128,1538,0,30836,30836,50,7.7,619329
1786139834,2023392,14240,83886080,16694444032,1538,0,30844,30844,34,7.7,619340
1786139844,2032224,14240,83886080,16733282304,1538,0,30848,30848,44,7.7,617968
1786139854,2022812,14240,83886080,16773165056,1538,0,30856,30856,33,7.7,617966
1786139864,2031732,14240,83886080,16807796736,1538,0,30860,30860,43,7.7,617980
1786139874,2024136,14240,83886080,16840339456,1538,0,30868,30868,33,7.7,622403
1786139885,2026376,14240,83886080,16868675584,1538,0,30873,30873,39,7.7,619001
1786139895,2036864,14240,83886080,15823265792,1538,0,30877,30877,47,7.7,617911
1786139905,2026388,14240,83886080,14771539968,1538,0,30885,30885,35,7.7,621249
1786139915,2030812,14240,83886080,14798827520,1538,0,30889,30889,46,7.7,623476
1786139925,2024444,14240,83886080,14832410624,1538,0,30897,30897,32,7.7,620393
1786139935,2028216,14240,83886080,14870200320,1538,0,30902,30902,38,7.7,620112
1786139945,2032080,14240,83886080,14903787520,1538,0,30906,30906,44,7.7,617888
1786139955,2023264,14240,83886080,14946820096,1538,0,30914,30914,32,7.7,622559
1786139965,2031316,14240,83886080,14988820480,1538,0,30918,30918,41,7.7,620638
1786139975,2033920,14240,83886080,15025565696,1538,0,30922,30922,49,7.7,621002
1786139985,2024592,14240,83886080,15071744000,1538,0,30930,30930,33,7.7,623865
1786139996,2026672,14240,83886080,15104282624,1538,0,30935,30935,38,7.7,617976
1786140006,2022576,14240,83886080,15115829248,1538,0,30935,30935,56,7.7,625328
1786140016,2021228,14240,83886080,12993519616,1538,0,30943,30943,32,7.7,617962
1786140026,2029696,14240,83886080,13018722304,1538,0,30947,30947,43,7.7,617927
1786140036,2022608,14240,83886080,13047062528,1538,0,30951,30951,49,7.7,624944
1786140046,2022792,14240,83886080,13048111104,1538,0,30951,30951,67,7.7,618744
1786140056,2027796,14240,83886080,13075415040,1538,0,30959,30959,40,7.7,619540
1786140066,2031244,14240,83886080,13102702592,1538,0,30963,30963,51,7.7,617993
1786140076,2023124,14240,83886080,13121597440,1538,0,30968,30968,50,7.7,622200
1786140087,2029696,14240,83886080,13132091392,1538,0,30972,30972,47,7.7,617887
1786140097,2023764,14240,83886080,13157281792,1538,0,30978,30978,41,7.7,626425
1786140107,2031932,14240,83886080,13184573440,1538,0,30984,30984,41,7.7,619090
1786140117,2030292,14240,83886080,13203464192,1538,0,30990,30990,41,7.7,619916
1786140127,2022996,14240,83886080,13229707264,1538,0,30997,30997,35,7.7,617960
1786140137,2034644,14240,83886080,13255942144,1538,0,31002,31002,45,7.7,621800
1786140147,2025736,14240,83886080,13270642688,1538,0,31009,31009,40,7.7,620363
1786140157,2025200,14240,83886080,13289533440,1538,0,31017,31016,36,7.7,619153
1786140168,2027724,14240,83886080,13316820992,1538,0,31022,31022,38,7.7,621749
1786140178,2026932,14240,83886080,13333610496,1538,0,31026,31026,44,7.7,617952
1786140188,2027220,14240,83886080,13356707840,1538,0,31034,31034,35,7.7,619057
1786140198,2024824,14240,83886080,13380845568,1537,0,31041,31041,34,7.7,617913
1786140208,2022780,14240,83886080,13388197888,1537,0,31042,31042,50,7.7,617993
1786140218,2023264,14240,83886080,13408137216,1537,0,31050,31050,32,7.7,619257
1786140228,2031340,14240,83886080,13435424768,1537,0,31054,31054,42,7.7,617935
1786140238,2022756,14240,83886080,13458518016,1537,0,31058,31058,52,7.7,617974
1786140248,2023892,14240,83886080,13463764992,1537,0,31062,31062,47,7.7,619946
1786140258,2032940,14240,83886080,13491056640,1537,0,31066,31066,46,7.7,618657
1786140268,2024264,14240,83886080,13514145792,1537,0,31074,31074,33,7.7,623178
1786140278,2027864,14240,83886080,13534085120,1537,0,31078,31078,45,7.7,619870
1786140289,2024152,14240,83886080,13558226944,1537,0,31084,31083,47,7.7,620717
1786140299,2027244,14240,83886080,13584470016,1537,0,31091,31091,38,7.7,619954
1786140309,2029976,14240,83886080,13603364864,1537,0,31096,31096,44,7.7,620466
1786140319,2025156,14240,83886080,13628551168,1537,0,31103,31103,36,7.7,619650
1786140329,2030728,14240,83886080,13653741568,1537,0,31108,31108,42,7.7,619706
1786140339,2022776,14240,83886080,13657939968,1537,0,31110,31109,56,7.7,627525
1786140349,2028484,14240,83886080,13681033216,1537,0,31116,31116,38,7.7,619814
1786140360,2022684,14240,83886080,13706223616,1537,0,31122,31122,41,7.7,618598
1786140370,2024060,14240,83886080,13723017216,1536,0,31129,31129,37,7.7,620108
1786140380,2029436,14240,83886080,13748207616,1536,0,31134,31134,42,7.7,621396
1786140390,2024396,14240,83886080,13776543744,1536,0,31142,31142,35,7.7,621152
1786140400,2028984,14240,83886080,13801734144,1536,0,31146,31146,47,7.7,618002
1786140410,2024144,14240,83886080,13827977216,1536,0,31154,31154,33,7.7,621253
1786140420,2030204,14240,83886080,13859463168,1536,0,31159,31159,37,7.7,619761
1786140430,2022184,14240,83886080,13880455168,1536,0,31163,31163,48,7.7,618030
1786140440,2031156,14240,83886080,13893054464,1536,0,31167,31167,51,7.7,622241
1786140450,2022936,14240,83886080,13924540416,1536,0,31171,31171,53,7.7,620029
1786140461,2027396,14240,83886080,13953933312,1536,0,31179,31179,38,7.7,621399
1786140471,2034568,14240,83886080,13979119616,1536,0,31183,31183,50,7.7,618524
1786140481,2028144,14240,83886080,14007455744,1535,0,31191,31191,37,7.7,619876
1786140491,2029248,14240,83886080,14032646144,1535,0,31195,31195,48,7.7,622009
1786140501,2025148,14240,83886080,14059933696,1535,0,31203,31203,36,7.7,618005
1786140511,2032372,14240,83886080,14092472320,1535,0,31208,31208,44,7.7,618028
1786140521,2023832,14240,83886080,14120816640,1535,0,31215,31215,37,7.7,620479
1786140531,2030436,14240,83886080,14161747968,1535,0,31220,31220,38,7.7,620955
1786140541,2023992,14240,83886080,14199537664,1535,0,31228,31228,31,7.7,619965
1786140551,2025804,14240,83886080,14237323264,1535,0,31232,31232,40,7.7,621410
1786140561,2036380,14240,83886080,14275108864,1535,0,31237,31237,45,7.7,622737
1786140571,2024428,14240,83886080,14327586816,1535,0,31245,31245,35,7.7,619004
1786140581,2030080,14240,83886080,14377967616,1535,0,31249,31249,42,7.7,618010
1786140592,2023568,14240,83886080,14432546816,1535,0,31253,31253,49,7.7,620662
1786140602,2026068,14240,83886080,14507069440,1535,0,31261,31261,36,7.7,618918
1786140612,2030792,14240,83886080,14555353088,1535,0,31265,31265,43,7.7,619692
1786140622,2022568,14240,83886080,14617276416,1535,0,31269,31269,48,7.7,624748
1786140632,2027480,14240,83886080,14700199936,1535,0,31277,31277,36,7.7,623468
1786140642,2022164,14240,83886080,14724337664,1535,0,31280,31278,51,7.7,628679
1786140652,2031712,14240,83886080,14769467392,1535,0,31285,31285,34,7.7,624727
1786140662,2034200,14240,83886080,14829297664,1535,0,31290,31290,44,7.7,617966
1786140672,2027220,14240,83886080,14902767616,1535,0,31298,31298,34,7.7,622226
1786140683,2023836,14240,83886080,14923755520,1535,0,31298,31298,52,7.7,628530
1786140693,2023896,14240,83886080,14968893440,1535,0,31306,31306,32,7.7,621085
1786140703,2024020,14240,83886080,15000379392,1535,0,31311,31311,38,7.7,620991
1786140714,2023252,14240,83886080,15036067840,1535,0,31316,31316,43,7.7,625225
1786140724,2023580,14240,83886080,15082246144,1535,0,31324,31324,35,7.7,617942
1786140734,2022764,14240,83886080,15116886016,1536,0,31331,31331,31,7.7,619749
1786140744,2023644,14240,83886080,15146278912,1536,0,31336,31336,38,7.7,623310
1786140754,2023224,14240,83886080,15178813440,1536,0,31343,31343,34,7.7,620619
1786140764,2024156,14240,83886080,15206100992,1536,0,31348,31348,41,7.7,617895
1786140774,2023684,14240,83886080,15238639616,1536,0,31356,31356,35,7.7,619285
1786140784,2023640,14240,83886080,15252287488,1536,0,31360,31360,40,7.7,618191
1786140794,2022768,14240,83886080,15264882688,1536,0,31368,31368,30,7.7,617902
1786140804,2023852,14240,83886080,15276425216,1536,0,31373,31373,37,7.7,620221
1786140814,2024424,14240,83886080,15280623616,1536,0,31377,31377,46,7.7,617944
1786140825,2023292,14240,83886080,15284817920,1536,0,31385,31385,34,7.7,621643
1786140835,2021868,14240,83886080,15289020416,1536,0,31389,31389,44,7.7,618926
1786140845,2022912,14240,83886080,15292174336,1536,0,31395,31395,40,7.7,618369
1786140855,2024100,14240,83886080,15293222912,1536,0,31402,31402,38,7.7,620757
1786140865,2022372,14240,83886080,15297417216,1536,0,31409,31409,32,7.7,618001
1786140875,2023540,14240,83886080,15300562944,1536,0,31415,31415,35,7.7,617932
1786140885,2023580,14240,83886080,15303720960,1536,0,31422,31422,34,7.7,620890
1786140895,2024104,14240,83886080,15305818112,1536,0,31427,31427,38,7.7,621760
1786140905,2023036,14240,83886080,15310016512,1536,0,31434,31434,37,7.7,619739
1786140915,2021788,14240,83886080,15313162240,1536,0,31439,31439,44,7.7,620986
1786140925,2023044,14240,83886080,15314210816,1536,0,31447,31447,35,7.7,619405
1786140935,2022936,14240,83886080,15317356544,1536,0,31454,31454,31,7.7,619929
1786140945,2022348,14240,83886080,15320514560,1536,0,31459,31459,38,7.7,619785
1786140956,2023772,14240,83886080,15322611712,1536,0,31464,31464,45,7.7,619946
1786140966,2022536,14240,83886080,15325761536,1536,0,31472,31472,34,7.7,618605
1786140976,2022596,14240,83886080,15328907264,1536,0,31477,31477,42,7.7,622241
1786140986,2022804,14240,83886080,15328907264,1536,0,31480,31479,48,7.7,619698
1786140996,2023740,14240,83886080,15332052992,1536,0,31485,31485,40,7.7,619246
1786141006,2023412,14240,83886080,15337304064,1536,0,31490,31490,43,7.7,617970
1786141016,2024560,14240,83886080,15346749440,1536,0,31497,31497,39,7.7,619827
1786141026,2022872,14240,83886080,15354093568,1536,0,31503,31503,38,7.7,618042
1786141036,2023540,14240,83886080,15368794112,1536,0,31509,31509,40,7.7,622604
1786141046,2023088,14240,83886080,15382433792,1536,0,31515,31515,43,7.7,618001
1786141056,2023156,14240,83886080,15401328640,1536,0,31523,31523,32,7.7,618626
1786141066,2023132,14240,83886080,15420227584,1536,0,31529,31529,34,7.7,617952
1786141077,2023416,14240,83886080,15443308544,1536,0,31534,31534,41,7.7,621913
1786141087,2022684,14240,83886080,15462203392,1536,0,31542,31542,33,7.7,619210
1786141097,2022812,14240,83886080,15476899840,1536,0,31547,31547,41,7.7,617968
1786141107,2023540,14240,83886080,15489495040,1536,0,31551,31551,50,7.7,617942
1786141117,2023480,14240,83886080,15503134720,1536,0,31555,31555,49,7.7,618056
1786141127,2023112,14240,83886080,15520980992,1536,0,31559,31559,49,7.7,619715
1786141137,2023412,14240,83886080,15552471040,1536,0,31567,31567,36,7.7,620879
1786141147,2022952,14240,83886080,15566118912,1536,0,31572,31572,39,7.7,620184
1786141158,2021652,14240,83886080,15586062336,1536,0,31579,31579,34,7.7,619104
1786141168,2022972,14240,83886080,15602851840,1536,0,31584,31584,40,7.7,619177
1786141178,2023348,14240,83886080,15624892416,1536,0,31591,31591,34,7.7,618023
1786141188,2023268,14240,83886080,15640637440,1537,0,31597,31597,37,7.7,617902
1786141198,2023544,14240,83886080,15655333888,1537,0,31603,31603,40,7.7,620157
1786141208,2022080,14240,83886080,15663730688,1537,0,31605,31605,50,7.7,617911
1786141218,2023080,14240,83886080,15689969664,1537,0,31613,31613,31,7.7,618037
1786141228,2022828,14240,83886080,15714111488,1537,0,31617,31617,39,7.7,625725
1786141238,2023056,14240,83886080,15734054912,1537,0,31621,31621,50,7.7,621052
1786141249,2023268,14240,83886080,15771840512,1537,0,31629,31629,31,7.7,619288
1786141259,2023752,14240,83886080,15790731264,1537,0,31633,31633,42,7.7,617911
1786141269,2023480,14240,83886080,15814868992,1537,0,31638,31638,43,7.7,617984
1786141279,2024544,14240,83886080,15846354944,1537,0,31645,31645,36,7.7,617933
1786141289,2029704,14240,83886080,15880998912,1537,0,31649,31649,43,7.7,620364
1786141299,2022144,14240,83886080,15925080064,1537,0,31654,31654,43,7.7,617896
1786141309,2023584,14240,83886080,15955521536,1537,0,31658,31658,49,7.7,620367
1786141320,2030080,14240,83886080,15987007488,1537,0,31662,31662,45,7.7,618582
1786141330,2023644,14240,83886080,16031088640,1537,0,31666,31666,50,7.7,621609
1786141340,2026116,14240,83886080,16091963392,1538,0,31674,31674,35,7.7,617971
1786141350,2034056,14240,83886080,16127655936,1538,0,31678,31678,44,7.7,622480
1786141360,2023564,14240,83886080,16185376768,1538,0,31686,31686,30,7.7,619245
1786141370,2029168,14240,83886080,16224215040,1538,0,31690,31690,42,7.7,618375
1786141380,2033408,14240,83886080,16262004736,1538,0,31695,31695,46,7.7,619301
1786141390,2026852,14240,83886080,16307134464,1538,0,31703,31703,34,7.7,619046
1786141400,2025388,14240,83886080,16355418112,1538,0,31708,31708,42,7.7,621706
1786141410,2028716,14240,83886080,16397402112,1538,0,31714,31714,40,7.7,626576
1786141420,2025272,14240,83886080,16436236288,1538,0,31722,31722,32,7.7,624059
1786141430,2030636,14240,83886080,16486612992,1538,0,31727,31727,39,7.7,619900
1786141441,2029780,14240,83886080,16520204288,1538,0,31731,31731,43,7.7,619414
1786141451,2025264,14240,83886080,16563232768,1538,0,31736,31736,46,7.7,619792
1786141461,2025908,14240,83886080,16620961792,1538,0,31744,31744,35,7.7,620026
1786141471,2033240,14240,83886080,16672395264,1538,0,31748,31748,45,7.7,617980
1786141481,2024292,14240,83886080,16731172864,1538,0,31756,31756,29,7.7,618306
1786141491,2034244,14240,83886080,16781557760,1538,0,31760,31760,41,7.7,617933
1786141501,2034788,14240,83886080,16823537664,1538,0,31765,31765,48,7.7,618814
1786141511,2027460,14240,83886080,16881266688,1538,0,31772,31772,36,7.7,617914
1786141522,2028756,14240,83886080,16922202112,1538,0,31777,31777,41,7.7,618484
1786141532,2022968,14240,83886080,16967331840,1538,0,31781,31781,48,7.7,620323
1786141542,2027108,14240,83886080,17038721024,1538,0,31789,31789,35,7.7,617910
1786141552,2035072,14240,83886080,17093304320,1538,0,31794,31794,41,7.7,620701
1786141562,2026060,14240,83886080,16058384384,1538,0,31801,31801,33,7.7,622957
1786141572,2029160,14240,83886080,16109817856,1539,0,31806,31806,38,7.7,619654
1786141582,2024476,14240,83886080,16158097408,1539,0,31811,31811,45,7.7,622814
1786141592,2022240,14240,83886080,16205369344,1539,0,31819,31819,29,7.7,617955
1786141602,2027904,14240,83886080,16247353344,1539,0,31823,31823,40,7.7,617927
1786141612,2023584,14240,83886080,16290385920,1539,0,31827,31827,47,7.7,618049
1786141622,2022132,14240,83886080,15223980032,1539,0,31831,31831,43,7.7,621147
1786141633,2023976,14240,83886080,15260733440,1539,0,31839,31839,31,7.7,618510
1786141643,2029300,14240,83886080,14220566528,1539,0,31844,31844,38,7.7,619537
1786141653,2023872,14240,83886080,14246809600,1539,0,31851,31851,35,7.7,622217
1786141663,2031880,14240,83886080,14281449472,1539,0,31856,31856,40,7.7,621979
1786141673,2024228,14240,83886080,14312935424,1539,0,31864,31864,32,7.7,622401
1786141683,2022452,14240,83886080,14330773504,1539,0,31865,31865,51,7.7,620270
1786141693,2036200,14240,83886080,14348619776,1539,0,31869,31869,56,7.7,621346
1786141703,2022248,14240,83886080,13299007488,1539,0,31877,31877,34,7.7,619330
1786141713,2032804,14240,83886080,13328396288,1539,0,31881,31881,42,7.7,618800
1786141723,2022720,14240,83886080,13332594688,1539,0,31882,31882,56,7.7,620075
1786141734,2022788,14240,83886080,13349384192,1539,0,31890,31890,34,7.7,618114
1786141744,2028852,14240,83886080,13377724416,1539,0,31894,31894,41,7.7,617981
1786141754,2022516,14240,83886080,13405020160,1539,0,31898,31898,49,7.7,623113
1786141764,2023808,14240,83886080,13405020160,1539,0,31900,31898,66,7.7,620349
1786141774,2027184,14240,83886080,13433352192,1539,0,31906,31906,39,7.7,621374
1786141784,2037936,14240,83886080,13461692416,1539,0,31910,31910,49,7.7,626917
1786141794,2023036,14240,83886080,13480583168,1539,0,31915,31915,51,7.7,620616
1786141804,2028928,14240,83886080,13507874816,1539,0,31922,31922,40,7.7,617991
1786141815,2021908,14240,83886080,13534117888,1539,0,31928,31927,44,7.7,617921
1786141825,2023896,14240,83886080,13551960064,1538,0,31931,31931,49,7.7,628104
1786141835,2034044,14240,83886080,13565599744,1538,0,31935,31935,53,7.7,621258
1786141845,2024264,14240,83886080,13592891392,1538,0,31943,31943,35,7.7,620313
1786141855,2030232,14240,83886080,13622284288,1538,0,31948,31948,41,7.7,617940
1786141865,2022832,14240,83886080,13627527168,1538,0,31948,31948,61,7.7,620550
1786141875,2022828,14240,83886080,13644320768,1538,0,31956,31956,35,7.7,618829
1786141885,2033252,14240,83886080,13676859392,1538,0,31960,31960,43,7.7,622251
1786141896,2023080,14240,83886080,13706252288,1538,0,31968,31968,30,7.7,621905
1786141906,2032800,14240,83886080,13734592512,1538,0,31972,31972,42,7.7,619955
1786141916,2025068,14240,83886080,13765029888,1538,0,31978,31977,49,7.7,620378
1786141926,2026644,14240,83886080,13795467264,1538,0,31985,31985,39,7.7,619946
1786141936,2025568,14240,83886080,13824856064,1538,0,31989,31989,50,7.7,623453
1786141946,2029840,14240,83886080,13856342016,1538,0,31997,31997,40,7.7,618012
1786141956,2022288,14240,83886080,13884682240,1538,0,32001,32001,49,7.7,622180
1786141966,2024568,14240,83886080,13910925312,1537,0,32009,32009,34,7.7,618666
1786141976,2036240,14240,83886080,13943463936,1537,0,32013,32013,45,7.7,620294
1786141987,2022020,14240,83886080,13967601664,1537,0,32017,32017,51,7.7,620368
1786141997,2031724,14240,83886080,13981245440,1537,0,32021,32021,50,7.7,620703
1786142007,2023116,14240,83886080,14010638336,1537,0,32026,32026,48,7.7,620117
1786142017,2027816,14240,83886080,14043176960,1537,0,32033,32033,42,7.7,622887
1786142027,2024876,14240,83886080,14069411840,1537,0,32039,32039,41,7.7,622217
1786142037,2030300,14240,83886080,14104051712,1537,0,32046,32046,38,7.7,618037
1786142047,2026892,14240,83886080,14154432512,1537,0,32053,32053,34,7.7,621718
1786142057,2033392,14240,83886080,14198513664,1537,0,32058,32058,41,7.7,621095
1786142068,2025384,14240,83886080,14256242688,1537,0,32066,32066,33,7.7,622366
1786142078,2027952,14240,83886080,14313971712,1537,0,32071,32071,39,7.7,618136
1786142088,2025764,14240,83886080,14361198592,1537,0,32075,32075,49,7.7,619924
1786142098,2025584,14240,83886080,14421024768,1537,0,32083,32083,36,7.7,620702
1786142108,2037000,14240,83886080,14475603968,1537,0,32087,32087,46,7.7,618992
1786142118,2041212,14240,83886080,14521790464,1537,0,32091,32091,51,7.7,620275
1786142128,2027184,14240,83886080,14573223936,1537,0,32099,32099,36,7.7,620771
1786142138,2034640,14240,83886080,14618353664,1536,0,32104,32104,42,7.7,617969
1786142148,2021732,14240,83886080,14626754560,1536,0,32105,32105,49,7.7,627906
1786142158,2027904,14240,83886080,14683430912,1536,0,32113,32113,36,7.7,620424
1786142168,2025652,14240,83886080,14735908864,1536,0,32118,32118,43,7.7,621409
1786142178,2023852,14240,83886080,14785241088,1536,0,32125,32125,37,7.7,618422
1786142189,2024116,14240,83886080,14816727040,1536,0,32130,32130,41,7.7,617943
1786142199,2022632,14240,83886080,14835621888,1537,0,32138,32138,32,7.7,620540
1786142209,2022656,14240,83886080,14851358720,1537,0,32143,32143,39,7.7,617996
1786142219,2023552,14240,83886080,14874456064,1537,0,32150,32150,36,7.7,623980
1786142229,2023772,14240,83886080,14891249664,1537,0,32156,32156,38,7.7,617997
1786142239,2023720,14240,83886080,14913290240,1537,0,32162,32162,39,7.7,620584
1786142249,2022144,14240,83886080,14936379392,1537,0,32170,32170,32,7.7,619065
1786142259,2022672,14240,83886080,14954229760,1537,0,32176,32176,34,7.7,619997
1786142269,2022696,14240,83886080,14956326912,1537,0,32177,32177,48,7.7,618821
1786142279,2022648,14240,83886080,14985715712,1537,0,32185,32185,34,7.7,618003
1786142289,2022364,14240,83886080,14993063936,1537,0,32189,32189,47,7.7,621791
1786142299,2022568,14240,83886080,15000412160,1537,0,32197,32197,34,7.7,617936
1786142310,2023924,14240,83886080,15009853440,1537,0,32201,32201,40,7.7,619144
1786142320,2024304,14240,83886080,15011950592,1537,0,32205,32205,49,7.7,619057
1786142330,2022772,14240,83886080,15014047744,1537,0,32209,32209,54,7.7,617933
1786142340,2023464,14240,83886080,15017201664,1537,0,32217,32217,35,7.7,619515
1786142350,2024356,14240,83886080,15020355584,1537,0,32221,32221,45,7.7,621026
1786142360,2022616,14240,83886080,15022452736,1537,0,32226,32226,48,7.7,617972
1786142370,2023308,14240,83886080,15024549888,1537,0,32234,32234,35,7.7,619833
1786142380,2024404,14240,83886080,15027695616,1537,0,32238,32238,47,7.7,619441
1786142390,2022540,14240,83886080,15030845440,1537,0,32243,32243,50,7.7,617963
1786142400,2023528,14240,83886080,15035047936,1537,0,32251,32251,35,7.7,620620
1786142411,2023912,14240,83886080,15036096512,1537,0,32255,32255,47,7.7,619564
1786142421,2022384,14240,83886080,15039242240,1537,0,32260,32260,47,7.7,621203
1786142431,2023724,14240,83886080,15043444736,1537,0,32267,32267,37,7.7,617941
1786142441,2023632,14240,83886080,15048691712,1537,0,32273,32273,41,7.7,618033
1786142451,2023944,14240,83886080,15059189760,1537,0,32280,32280,37,7.7,617965
1786142461,2022260,14240,83886080,15069683712,1537,0,32287,32287,33,7.7,619977
1786142471,2022956,14240,83886080,15078080512,1537,0,32293,32293,35,7.7,618834
1786142481,2022176,14240,83886080,15086477312,1537,0,32299,32299,37,7.7,618901
1786142491,2023184,14240,83886080,15095922688,1537,0,32305,32305,38,7.7,620758
1786142501,2022368,14240,83886080,15104323584,1537,0,32309,32309,47,7.7,622210
1786142511,2024068,14240,83886080,15113764864,1537,0,32317,32317,36,7.7,622532
1786142522,2023444,14240,83886080,15119015936,1537,0,32321,32321,47,7.7,620919
1786142532,2022472,14240,83886080,15127408640,1537,0,32329,32329,36,7.7,621403
1786142542,2024264,14240,83886080,15129509888,1537,0,32333,32333,45,7.7,617989
1786142552,2022268,14240,83886080,15132663808,1537,0,32338,32337,52,7.7,623588
1786142562,2022784,14240,83886080,15134760960,1537,0,32345,32345,38,7.7,620425
1786142572,2023364,14240,83886080,15136858112,1537,0,32350,32350,44,7.7,618029
1786142582,2023152,14240,83886080,15138955264,1537,0,32357,32357,38,7.7,623384
1786142592,2023808,14240,83886080,15142105088,1537,0,32362,32362,40,7.7,622209
1786142602,2022308,14240,83886080,15146303488,1537,0,32370,32370,31,7.7,621750
1786142612,2024660,14240,83886080,15154700288,1537,0,32374,32374,42,7.7,619630
1786142623,2023788,14240,83886080,15165198336,1537,0,32379,32379,46,7.7,620017
1786142633,2022340,14240,83886080,15195635712,1537,0,32387,32387,34,7.7,617907
1786142643,2025128,14240,83886080,15210328064,1537,0,32391,32391,45,7.7,624623
1786142653,2023240,14240,83886080,15240769536,1538,0,32399,32399,34,7.7,622795
1786142663,2024824,14240,83886080,15256514560,1538,0,32404,32404,40,7.7,619551
1786142673,2023024,14240,83886080,15286951936,1538,0,32411,32411,35,7.7,618008
1786142683,2023480,14240,83886080,15305838592,1538,0,32416,32416,42,7.7,617873
1786142693,2023660,14240,83886080,15326834688,1538,0,32420,32420,36,7.7,618987
1786142703,2025172,14240,83886080,15350976512,1538,0,32424,32424,44,7.7,621187
1786142713,2023660,14240,83886080,15374065664,1538,0,32428,32428,51,7.7,622200
1786142723,2023484,14240,83886080,15400304640,1538,0,32436,32436,35,7.7,618044
1786142733,2023736,14240,83886080,15430742016,1538,0,32440,32440,40,7.7,622109
1786142744,2023012,14240,83886080,15455936512,1538,0,32445,32444,48,7.7,617915
1786142754,2022524,14240,83886080,15486377984,1538,0,32452,32452,33,7.7,620012
1786142764,2023692,14240,83886080,15501066240,1539,0,32452,32452,52,7.7,623124
1786142774,2022472,14240,83886080,15529406464,1539,0,32456,32456,51,7.7,622636
1786142784,2022584,14240,83886080,15571394560,1539,0,32464,32464,35,7.7,622203
1786142794,2022200,14240,83886080,15616528384,1539,0,32469,32469,40,7.7,617905
1786142804,2021544,14240,83886080,15623868416,1539,0,32472,32472,41,7.7,625307
1786142814,2025464,14240,83886080,15683694592,1539,0,32480,32480,33,7.7,621281
1786142824,2031816,14240,83886080,15734079488,1539,0,32485,32485,37,7.7,620805
1786142834,2028960,14240,83886080,15796006912,1539,0,32492,32492,36,7.7,621659
1786142845,2029136,14240,83886080,15847436288,1539,0,32498,32498,36,7.7,617968
1786142855,2032784,14240,83886080,15904116736,1539,0,32504,32504,37,7.7,621543
1786142865,2024728,14240,83886080,15952392192,1539,0,32510,32510,39,7.7,626965
1786142875,2024304,14240,83886080,16009076736,1539,0,32516,32516,37,7.7,620165
1786142885,2032680,14240,83886080,16063655936,1539,0,32522,32522,38,7.7,619731
1786142895,2022424,14240,83886080,16117182464,1539,0,32528,32528,38,7.7,618661
1786142905,2032412,14240,83886080,16167563264,1539,0,32534,32534,37,7.7,619921
1786142915,2025300,14240,83886080,16231596032,1540,0,32540,32540,39,7.7,619545
1786142926,2023684,14240,83886080,16293519360,1540,0,32546,32546,40,7.7,617955
1786142936,2023484,14240,83886080,16339701760,1540,0,32554,32554,30,7.7,617988
1786142946,2033864,14240,83886080,16395325440,1540,0,32558,32558,39,7.7,618000
1786142956,2023224,14240,83886080,16441511936,1540,0,32564,32564,38,7.7,617956
1786142966,2033388,14240,83886080,16499236864,1540,0,32570,32570,37,7.7,618011
1786142976,2025088,14240,83886080,16556969984,1540,0,32576,32576,39,7.7,624371
1786142986,2024324,14240,83886080,16609443840,1540,0,32582,32582,39,7.7,617957
1786142996,2025660,14240,83886080,16679772160,1540,0,32590,32590,31,7.7,619455
1786143006,2027556,14240,83886080,16737497088,1540,0,32594,32594,41,7.7,618017
1786143016,2024732,14240,83886080,16798375936,1540,0,32602,32602,31,7.7,625139
1786143026,2028492,14240,83886080,16854007808,1540,0,32608,32608,34,7.7,621745
1786143036,2029776,14240,83886080,16914882560,1540,0,32614,32614,36,7.7,621361
1786143046,2027612,14240,83886080,16965263360,1540,0,32620,32620,36,7.7,619310
1786143057,2032032,14240,83886080,17020891136,1540,0,32626,32626,39,7.7,621354
1786143067,2029920,14240,83886080,17082818560,1540,0,32632,32632,42,7.7,620635
1786143077,2032288,14240,83886080,17132150784,1540,0,32638,32638,40,7.7,619799
1786143087,2024752,14240,83886080,17184628736,1540,0,32646,32646,32,7.7,620686
1786143097,2037888,14240,83886080,17225564160,1540,0,32650,32650,43,7.7,617952
1786143107,2022796,14240,83886080,17233956864,1540,0,32652,32652,49,7.7,618025
1786143117,2027768,14240,83886080,16213766144,1540,0,32660,32660,35,7.7,617883
1786143127,2031568,14240,83886080,16254722048,1540,0,32664,32664,46,7.7,620803
1786143137,2022340,14240,83886080,16287260672,1540,0,32669,32669,48,7.7,617879
1786143147,2025464,14240,83886080,15238701056,1540,0,32676,32676,38,7.7,621447
1786143158,2024552,14240,83886080,15268089856,1540,0,32682,32682,40,7.7,621156
1786143168,2023764,14240,83886080,14217428992,1540,0,32688,32688,39,7.7,625484
1786143178,2029056,14240,83886080,13157322752,1540,0,32692,32692,41,7.7,621356
1786143188,2022336,14240,83886080,13184602112,1540,0,32698,32698,39,7.7,617968
1786143198,2033352,14240,83886080,13216096256,1540,0,32704,32704,40,7.7,619120
1786143208,2022464,14240,83886080,13222387712,1540,0,32705,32705,54,7.7,619429
1786143218,2025408,14240,83886080,13249679360,1540,0,32713,32713,35,7.7,620535
1786143228,2035816,14240,83886080,13280116736,1540,0,32717,32717,45,7.7,621407
1786143238,2022636,14240,83886080,13306355712,1540,0,32721,32721,51,7.7,618019
1786143248,2026280,14240,83886080,13312655360,1540,0,32725,32725,52,7.7,622270
1786143259,2034540,14240,83886080,13343088640,1540,0,32729,32729,43,7.7,621690
1786143269,2024356,14240,83886080,13369335808,1540,0,32737,32737,34,7.7,617964
1786143279,2024564,14240,83886080,13394522112,1540,0,32742,32742,38,7.7,620158
1786143289,2036676,14240,83886080,13423910912,1539,0,32746,32746,46,7.7,623020
1786143299,2024616,14240,83886080,13451198464,1539,0,32754,32754,36,7.7,621988
1786143309,2030896,14240,83886080,13472194560,1539,0,32759,32759,39,7.7,620889
1786143319,2025824,14240,83886080,13501579264,1539,0,32766,32766,35,7.7,617922
1786143329,2030516,14240,83886080,13533069312,1539,0,32771,32771,40,7.7,621316
1786143339,2023620,14240,83886080,13539368960,1539,0,32771,32771,60,7.7,627387
1786143349,2022188,14240,83886080,13564559360,1539,0,32779,32779,34,7.7,617954
1786143359,2033848,14240,83886080,13594996736,1539,0,32783,32783,44,7.7,627972
1786143369,2023664,14240,83886080,13617037312,1539,0,32788,32788,47,7.7,618018
1786143379,2026132,14240,83886080,13646430208,1539,0,32796,32796,36,7.7,619872
1786143389,2038324,14240,83886080,13676867584,1539,0,32800,32800,48,7.7,623198
1786143400,2024220,14240,83886080,13694709760,1539,0,32808,32808,36,7.7,621243
1786143410,2035956,14240,83886080,13728296960,1539,0,32813,32813,44,7.7,617943
1786143420,2028572,14240,83886080,13761884160,1538,0,32820,32820,37,7.7,618855
1786143430,2037432,14240,83886080,13795471360,1538,0,32825,32825,43,7.7,620920
1786143440,2022680,14240,83886080,13822763008,1538,0,32829,32829,53,7.7,618357
1786143450,2028808,14240,83886080,13856346112,1538,0,32837,32837,37,7.7,620023
1786143460,2040340,14240,83886080,13890985984,1538,0,32841,32841,48,7.7,620193
1786143470,2024780,14240,83886080,13916172288,1538,0,32846,32846,51,7.7,618615
1786143480,2029940,14240,83886080,13949759488,1538,0,32854,32854,39,7.7,618007
1786143490,2028408,14240,83886080,13983346688,1538,0,32858,32858,50,7.7,621233
1786143500,2023768,14240,83886080,13987545088,1538,0,32862,32862,44,7.7,618840
1786143510,2025752,14240,83886080,14016933888,1538,0,32867,32867,42,7.7,620774
1786143521,2028324,14240,83886080,14050521088,1538,0,32875,32875,36,7.7,620649
1786143531,2024156,14240,83886080,14077816832,1537,0,32879,32879,49,7.7,617984
1786143541,2030468,14240,83886080,14113501184,1537,0,32887,32887,38,7.7,618112
1786143551,2022208,14240,83886080,14151286784,1537,0,32892,32891,50,7.7,619719
1786143561,2024328,14240,83886080,14185922560,1537,0,32899,32899,37,7.7,621543
1786143571,2031868,14240,83886080,14233149440,1537,0,32904,32904,41,7.7,617954
1786143581,2024180,14240,83886080,14282485760,1537,0,32911,32911,36,7.7,619721
1786143591,2028944,14240,83886080,14322372608,1537,0,32916,32916,39,7.7,619521
1786143601,2022912,14240,83886080,14371700736,1537,0,32923,32923,34,7.7,619082
1786143611,2036476,14240,83886080,14416834560,1537,0,32928,32928,43,7.7,619383
1786143621,2021932,14240,83886080,14443069440,1537,0,32932,32932,47,7.7,617945
1786143632,2039080,14240,83886080,14478757888,1537,0,32936,32936,49,7.7,618043
1786143642,2023624,14240,83886080,14531244032,1537,0,32944,32944,32,7.7,619858
1786143652,2033804,14240,83886080,14587916288,1537,0,32948,32948,41,7.7,619987
1786143662,2035408,14240,83886080,14631997440,1537,0,32952,32952,47,7.7,622951
1786143672,2023076,14240,83886080,14676082688,1537,0,32956,32956,50,7.7,626334
1786143682,2029420,14240,83886080,14743261184,1537,0,32964,32964,38,7.7,617963
1786143692,2022576,14240,83886080,14759006208,1537,0,32965,32964,56,7.7,628626
1786143702,2023368,14240,83886080,14771597312,1537,0,32969,32969,52,7.7,619838
1786143712,2022484,14240,83886080,14805184512,1537,0,32977,32977,34,7.7,620192
1786143722,2022464,14240,83886080,14832472064,1537,0,32981,32981,44,7.7,619803
1786143732,2024076,14240,83886080,14860816384,1537,0,32989,32989,34,7.7,618051
1786143743,2023700,14240,83886080,14881808384,1537,0,32993,32993,44,7.7,621661
1786143753,2024004,14240,83886080,14919593984,1537,0,33001,33001,35,7.7,618420
1786143763,2022628,14240,83886080,14943731712,1537,0,33005,33005,45,7.7,622803
1786143773,2023864,14240,83886080,14976270336,1537,0,33013,33013,34,7.7,619704
1786143783,2023776,14240,83886080,14995165184,1537,0,33018,33018,40,7.7,617961
1786143793,2023640,14240,83886080,15019302912,1538,0,33025,33025,30,7.7,623194
1786143803,2023456,14240,83886080,15054991360,1538,0,33030,33030,37,7.7,619501
1786143813,2023208,14240,83886080,15070732288,1538,0,33037,33035,41,7.7,618036
1786143823,2023968,14240,83886080,15087525888,1538,0,33042,33042,36,7.7,618535
1786143833,2023812,14240,83886080,15104319488,1538,0,33047,33047,44,7.7,628161
1786143843,2023112,14240,83886080,15126368256,1538,0,33055,33055,33,7.7,617952
1786143854,2022932,14240,83886080,15141060608,1538,0,33059,33059,41,7.7,618229
1786143864,2022400,14240,83886080,15159947264,1538,0,33063,33063,45,7.7,617893
1786143874,2023256,14240,83886080,15175692288,1538,0,33071,33071,36,7.7,621944
1786143884,2023952,14240,83886080,15183040512,1538,0,33075,33075,42,7.7,617903
1786143894,2022996,14240,83886080,15191441408,1538,0,33081,33081,38,7.7,620786
1786143904,2022560,14240,83886080,15199838208,1538,0,33088,33088,34,7.7,624357
1786143914,2023984,14240,83886080,15199838208,1538,0,33093,33093,40,7.7,617913
1786143924,2022760,14240,83886080,15204036608,1538,0,33100,33100,37,7.7,618064
1786143934,2023300,14240,83886080,15208230912,1538,0,33108,33108,32,7.7,625001
1786143944,2023516,14240,83886080,15209283584,1538,0,33109,33109,51,7.7,621004
1786143954,2024560,14240,83886080,15211380736,1538,0,33113,33113,51,7.7,620108
1786143964,2023228,14240,83886080,15215579136,1538,0,33117,33117,47,7.7,618502
1786143974,2023440,14240,83886080,15219777536,1538,0,33125,33125,37,7.7,619885
1786143984,2022320,14240,83886080,15223980032,1538,0,33129,33129,45,7.7,620134
1786143995,2023956,14240,83886080,15227125760,1538,0,33133,33133,48,7.7,619006
1786144005,2022496,14240,83886080,15232376832,1538,0,33141,33141,31,7.7,617950
1786144015,2022864,14240,83886080,15236575232,1538,0,33145,33145,38,7.7,617948
1786144025,2023112,14240,83886080,15238672384,1538,0,33149,33149,49,7.7,617983
1786144035,2023920,14240,83886080,15241818112,1538,0,33157,33157,37,7.7,619025
1786144045,2024860,14240,83886080,15244967936,1538,0,33161,33161,46,7.7,617918
1786144055,2023020,14240,83886080,15247069184,1538,0,33165,33165,53,7.7,618030
1786144065,2023028,14240,83886080,15250219008,1538,0,33173,33173,37,7.7,617878
1786144075,2022320,14240,83886080,15258611712,1538,0,33179,33179,38,7.7,619440
1786144085,2024052,14240,83886080,15261765632,1538,0,33185,33185,39,7.7,619807
1786144095,2022220,14240,83886080,15277506560,1538,0,33191,33191,39,7.7,617908
1786144106,2024060,14240,83886080,15296397312,1538,0,33199,33199,33,7.7,619282
1786144116,2024512,14240,83886080,15312142336,1538,0,33203,33203,41,7.7,621967
1786144126,2024612,14240,83886080,15337336832,1538,0,33211,33211,33,7.7,619825
1786144136,2023496,14240,83886080,15355179008,1538,0,33216,33216,40,7.7,627492
1786144146,2023444,14240,83886080,15377215488,1538,0,33223,33223,38,7.7,620645
1786144156,2023744,14240,83886080,15398207488,1538,0,33231,33231,31,7.7,618774
1786144166,2023776,14240,83886080,15421304832,1538,0,33236,33236,37,7.7,620323
1786144176,2023976,14240,83886080,15448592384,1539,0,33243,33243,33,7.7,620232
1786144186,2023984,14240,83886080,15468535808,1539,0,33248,33248,39,7.7,623174
1786144196,2023796,14240,83886080,15489523712,1539,0,33256,33256,31,7.7,618473
1786144206,2024444,14240,83886080,15505272832,1539,0,33260,33260,42,7.7,617928
1786144217,2023564,14240,83886080,15519965184,1539,0,33266,33266,42,7.7,629980
1786144227,2022616,14240,83886080,15532560384,1539,0,33270,33270,37,7.7,619280
1786144237,2023068,14240,83886080,15544102912,1539,0,33276,33276,36,7.7,619680
1786144247,2024568,14240,83886080,15575597056,1539,0,33282,33282,38,7.7,619685
1786144257,2021556,14240,83886080,15589240832,1539,0,33284,33284,49,7.7,625393
1786144268,2022904,14240,83886080,15624925184,1539,0,33292,33292,31,7.7,622363
1786144278,2024520,14240,83886080,15648014336,1539,0,33296,33296,41,7.7,620716
1786144288,2022332,14240,83886080,15693148160,1539,0,33304,33304,31,7.7,617962
1786144298,2028316,14240,83886080,15738281984,1539,0,33309,33309,36,7.7,617946
1786144308,2025056,14240,83886080,15803355136,1539,0,33316,33316,33,7.7,617956
1786144318,2029464,14240,83886080,15855837184,1539,0,33321,33321,40,7.7,618436
1786144328,2022888,14240,83886080,15896772608,1540,0,33328,33327,38,7.7,621451
1786144338,2028504,14240,83886080,15938756608,1539,0,33333,33333,40,7.7,620831
1786144348,2023660,14240,83886080,15975489536,1539,0,33338,33338,43,7.7,620917
1786144358,2025188,14240,83886080,16012230656,1539,0,33345,33345,34,7.7,622070
1786144368,2031588,14240,83886080,16067854336,1540,0,33350,33350,40,7.7,619674
1786144378,2023764,14240,83886080,16122433536,1540,0,33357,33357,34,7.7,621402
1786144388,2029312,14240,83886080,16169668608,1540,0,33363,33363,36,7.7,617975
1786144399,2027384,14240,83886080,16241041408,1540,0,33370,33370,35,7.7,617985
1786144409,2026084,14240,83886080,16288272384,1540,0,33375,33375,41,7.7,617987
1786144419,2025860,14240,83886080,16359645184,1540,0,33382,33382,35,7.7,623629
1786144429,2036868,14240,83886080,16416325632,1540,0,33387,33387,43,7.7,618021
1786144439,2022864,14240,83886080,16464609280,1540,0,33394,33394,38,7.7,617897
1786144449,2024528,14240,83886080,16528625664,1540,0,33400,33400,39,7.7,617964
1786144459,2030080,14240,83886080,16594755584,1540,0,33407,33407,39,7.7,620012
1786144469,2025276,14240,83886080,16633593856,1540,0,33411,33411,45,7.7,617949
1786144479,2024812,14240,83886080,16695521280,1541,0,33419,33419,34,7.7,617914
1786144489,2030848,14240,83886080,16740646912,1541,0,33424,33424,38,7.7,620506
1786144500,2022436,14240,83886080,16782635008,1541,0,33428,33428,49,7.7,622560
1786144510,2028172,14240,83886080,16834064384,1541,0,33436,33436,38,7.7,619692
1786144520,2036628,14240,83886080,16874999808,1541,0,33440,33440,49,7.7,619880
1786144530,2024192,14240,83886080,16920133632,1541,0,33444,33444,53,7.7,617909
1786144540,2028536,14240,83886080,16983109632,1541,0,33452,33452,37,7.7,617944
1786144550,2022864,14240,83886080,17028239360,1541,0,33457,33457,41,7.7,620859
1786144560,2024228,14240,83886080,15997521920,1541,0,33464,33464,36,7.7,620570
1786144570,2030400,14240,83886080,16037404672,1541,0,33469,33469,40,7.7,617903
1786144580,2023644,14240,83886080,16079388672,1541,0,33476,33476,34,7.7,619997
1786144590,2026548,14240,83886080,16124547072,1541,0,33481,33481,39,7.7,622219
1786144600,2036508,14240,83886080,15088570368,1541,0,33485,33485,47,7.7,618843
1786144611,2025572,14240,83886080,14050529280,1541,0,33493,33493,36,7.7,622285
1786144621,2028700,14240,83886080,14079909888,1541,0,33498,33498,42,7.7,618045
1786144631,2025052,14240,83886080,14107242496,1541,0,33502,33502,49,7.7,619583
1786144641,2027296,14240,83886080,13059731456,1541,0,33510,33510,36,7.7,621741
1786144651,2033732,14240,83886080,13084917760,1541,0,33514,33514,44,7.7,618707
1786144661,2022916,14240,83886080,13110112256,1541,0,33519,33519,49,7.7,619657
1786144671,2028852,14240,83886080,13139492864,1540,0,33526,33526,40,7.7,617992
1786144681,2033776,14240,83886080,13158391808,1540,0,33530,33530,48,7.7,617958
1786144692,2022932,14240,83886080,13184630784,1540,0,33538,33538,32,7.7,618263
1786144702,2030908,14240,83886080,13214023680,1540,0,33542,33542,42,7.7,619710
1786144712,2022960,14240,83886080,13216120832,1540,0,33542,33542,61,7.7,619418
1786144722,2028032,14240,83886080,13244456960,1540,0,33550,33550,40,7.7,617971
1786144732,2033716,14240,83886080,13270695936,1540,0,33555,33555,44,7.7,618896
1786144742,2022968,14240,83886080,13286445056,1540,0,33559,33559,50,7.7,619904
1786144752,2032796,14240,83886080,13300088832,1540,0,33563,33563,52,7.7,619468
1786144762,2023152,14240,83886080,13326327808,1540,0,33571,33571,31,7.7,618008
1786144772,2029172,14240,83886080,13352566784,1540,0,33575,33575,42,7.7,617941
1786144783,2022824,14240,83886080,13371461632,1540,0,33582,33582,35,7.7,618347
1786144793,2028716,14240,83886080,13399797760,1540,0,33587,33587,42,7.7,617935
1786144803,2025112,14240,83886080,13426036736,1540,0,33595,33595,35,7.7,620130
1786144813,2023308,14240,83886080,13436538880,1540,0,33596,33596,52,7.7,620529
1786144823,2036828,14240,83886080,13455429632,1540,0,33600,33600,58,7.7,617953
1786144833,2026504,14240,83886080,13481660416,1540,0,33608,33608,36,7.7,619207
1786144843,2030964,14240,83886080,13505810432,1540,0,33613,33612,48,7.7,617960
1786144853,2025240,14240,83886080,13523652608,1539,0,33617,33617,50,7.7,618801
1786144864,2028280,14240,83886080,13550940160,1539,0,33625,33625,37,7.7,617973
1786144874,2025896,14240,83886080,13574033408,1539,0,33629,33629,49,7.7,617981
1786144884,2022056,14240,83886080,13577179136,1539,0,33633,33633,48,7.7,618018
1786144894,2026696,14240,83886080,13603422208,1539,0,33641,33641,38,7.7,620193
1786144904,2038692,14240,83886080,13639110656,1539,0,33645,33645,47,7.7,623636
1786144914,2023128,14240,83886080,13664292864,1539,0,33653,33653,34,7.7,621051
1786144924,2032152,14240,83886080,13701033984,1539,0,33657,33657,41,7.7,617988
1786144934,2023852,14240,83886080,13734621184,1539,0,33661,33661,52,7.7,620997
1786144944,2023748,14240,83886080,13757714432,1539,0,33669,33669,36,7.7,619310
1786144954,2035224,14240,83886080,13793398784,1539,0,33673,33673,45,7.7,620157
1786144965,2023284,14240,83886080,13824888832,1539,0,33681,33680,37,7.7,618436
1786144975,2026696,14240,83886080,13854277632,1538,0,33685,33685,40,7.7,621014
1786144985,2032888,14240,83886080,13887860736,1538,0,33690,33690,42,7.7,619319
1786144995,2024368,14240,83886080,13920395264,1538,0,33697,33697,36,7.7,620188
1786145005,2029704,14240,83886080,13948739584,1538,0,33702,33702,45,7.7,619325
1786145015,2025836,14240,83886080,13980225536,1538,0,33710,33710,34,7.7,622927
1786145025,2033768,14240,83886080,14015913984,1538,0,33715,33715,41,7.7,620599
1786145035,2022800,14240,83886080,14032707584,1538,0,33718,33718,53,7.7,618073
1786145046,2037976,14240,83886080,14053699584,1538,0,33722,33722,57,7.7,619093
1786145056,2023480,14240,83886080,14088335360,1538,0,33730,33730,36,7.7,621793
1786145066,2030236,14240,83886080,14120869888,1538,0,33735,33735,40,7.7,618047
1786145076,2028128,14240,83886080,14157606912,1538,0,33740,33740,46,7.7,621332
1786145086,2028096,14240,83886080,14202744832,1537,0,33748,33748,35,7.7,621271
1786145096,2025540,14240,83886080,14248923136,1537,0,33753,33753,43,7.7,618015
1786145106,2025632,14240,83886080,14297206784,1537,0,33760,33760,33,7.7,618010
1786145116,2034208,14240,83886080,14344437760,1537,0,33765,33765,40,7.7,620946
1786145126,2023196,14240,83886080,14384324608,1537,0,33770,33770,47,7.7,617943
1786145136,2026908,14240,83886080,14430507008,1537,0,33778,33778,32,7.7,617985
1786145146,2039124,14240,83886080,14484033536,1537,0,33782,33782,46,7.7,621522
1786145156,2022924,14240,83886080,14526021632,1537,0,33788,33786,54,7.7,618166
1786145167,2031304,14240,83886080,14588997632,1537,0,33794,33794,36,7.7,619676
1786145177,2022648,14240,83886080,14644625408,1537,0,33799,33799,43,7.7,627086
1786145187,2024100,14240,83886080,14693953536,1537,0,33806,33806,37,7.7,618094
1786145197,2023272,14240,83886080,14729637888,1537,0,33811,33811,38,7.7,619885
1786145207,2024140,14240,83886080,14757982208,1538,0,33819,33819,30,7.7,620582
1786145217,2023092,14240,83886080,14769524736,1538,0,33823,33823,38,7.7,617870
1786145227,2023832,14240,83886080,14785269760,1538,0,33829,33829,37,7.7,620243
1786145237,2022564,14240,83886080,14816759808,1538,0,33836,33836,34,7.7,622204
1786145247,2022488,14240,83886080,14836703232,1538,0,33841,33841,42,7.7,618373
1786145257,2023416,14240,83886080,14859796480,1538,0,33848,33848,35,7.7,620794
1786145267,2022644,14240,83886080,14878687232,1538,0,33856,33856,30,7.7,617957
1786145278,2021432,14240,83886080,14905974784,1538,0,33860,33860,36,7.7,618894
1786145288,2024428,14240,83886080,14924869632,1538,0,33865,33865,42,7.7,617914
1786145298,2024344,14240,83886080,14947958784,1538,0,33873,33873,31,7.7,620571
1786145308,2023784,14240,83886080,14965800960,1538,0,33877,33877,41,7.7,620876
1786145318,2023300,14240,83886080,14992044032,1538,0,33885,33885,29,7.7,619429
1786145328,2023556,14240,83886080,15007789056,1538,0,33889,33889,37,7.7,619662
1786145338,2023240,14240,83886080,15022485504,1538,0,33894,33894,42,7.7,625790
1786145348,2023204,14240,83886080,15032979456,1538,0,33898,33898,42,7.7,621127
1786145358,2023988,14240,83886080,15042424832,1538,0,33902,33902,41,7.7,619774
1786145368,2023232,14240,83886080,15062364160,1538,0,33910,33910,33,7.7,622101
1786145378,2023876,14240,83886080,15067611136,1538,0,33914,33914,44,7.7,619557
1786145389,2023624,14240,83886080,15076012032,1538,0,33922,33922,37,7.7,617876
1786145399,2022604,14240,83886080,15081259008,1538,0,33928,33928,38,7.7,621693
1786145409,2022412,14240,83886080,15088603136,1538,0,33934,33934,38,7.7,621170
1786145419,2023804,14240,83886080,15092805632,1538,0,33942,33942,31,7.7,619683
1786145429,2024704,14240,83886080,15097004032,1538,0,33946,33946,44,7.7,620060
1786145439,2022720,14240,83886080,15103299584,1538,0,33952,33952,42,7.7,618002
1786145449,2023280,14240,83886080,15105400832,1538,0,33956,33956,42,7.7,618066
1786145459,2023812,14240,83886080,15111696384,1538,0,33962,33962,42,7.7,621483
1786145469,2022500,14240,83886080,15120093184,1538,0,33970,33970,33,7.7,618029
1786145480,2023448,14240,83886080,15126392832,1538,0,33974,33974,42,7.7,619428
1786145490,2022880,14240,83886080,15132692480,1538,0,33980,33980,38,7.7,619837
1786145500,2022544,14240,83886080,15144235008,1538,0,33986,33986,40,7.7,617959
1786145510,2023816,14240,83886080,15148433408,1538,0,33990,33990,46,7.7,622837
1786145520,2024988,14240,83886080,15156830208,1538,0,33994,33994,50,7.7,618009
1786145530,2024244,14240,83886080,15161028608,1538,0,34002,34002,35,7.7,618495
1786145540,2023316,14240,83886080,15166271488,1538,0,34006,34006,43,7.7,619803
1786145550,2023216,14240,83886080,15172575232,1538,0,34014,34014,33,7.7,620989
1786145560,2024640,14240,83886080,15179923456,1538,0,34018,34018,43,7.7,618446
1786145570,2023292,14240,83886080,15186223104,1538,0,34026,34026,33,7.7,622356
1786145580,2022848,14240,83886080,15188320256,1538,0,34031,34031,38,7.7,621872
1786145591,2023444,14240,83886080,15190417408,1538,0,34035,34035,44,7.7,619911
1786145601,2022880,14240,83886080,15193567232,1538,0,34043,34043,34,7.7,617989
1786145611,2023100,14240,83886080,15195664384,1538,0,34048,34048,40,7.7,618548
1786145621,2023704,14240,83886080,15198810112,1538,0,34055,34055,37,7.7,618557
1786145631,2024356,14240,83886080,15201964032,1538,0,34061,34061,40,7.7,620450
1786145641,2023620,14240,83886080,15204065280,1538,0,34068,34068,35,7.7,617919
1786145651,2023216,14240,83886080,15214559232,1538,0,34073,34073,41,7.7,617942
1786145661,2023240,14240,83886080,15226105856,1538,0,34081,34081,33,7.7,620395
1786145671,2023356,14240,83886080,15232401408,1538,0,34086,34086,41,7.7,620344
1786145681,2023916,14240,83886080,15239749632,1538,0,34091,34091,44,7.7,617884
1786145691,2021972,14240,83886080,15257587712,1538,0,34098,34098,39,7.7,618464
1786145701,2022704,14240,83886080,15273328640,1539,0,34106,34106,31,7.7,619728
1786145712,2022308,14240,83886080,15282782208,1539,0,34106,34106,50,7.7,621248
1786145722,2023644,14240,83886080,15297478656,1539,0,34114,34114,33,7.7,618110
1786145732,2023700,14240,83886080,15314272256,1539,0,34119,34119,40,7.7,619828
1786145742,2022040,14240,83886080,15327911936,1539,0,34124,34124,46,7.7,617999
1786145752,2023252,14240,83886080,15344709632,1539,0,34131,34131,37,7.7,618564
1786145763,2023916,14240,83886080,15366754304,1539,0,34137,34137,38,7.7,618058
1786145773,2023044,14240,83886080,15381442560,1539,0,34144,34144,35,7.7,620591
1786145783,2023416,14240,83886080,15402438656,1539,0,34149,34149,40,7.7,617996
1786145793,2022652,14240,83886080,15422382080,1539,0,34156,34156,35,7.7,619960
1786145803,2030160,14240,83886080,15457013760,1539,0,34161,34161,42,7.7,618151
1786145813,2025300,14240,83886080,15510544384,1539,0,34169,34169,34,7.7,620007
1786145823,2025132,14240,83886080,15555678208,1539,0,34175,34174,41,7.7,619183
1786145833,2026804,14240,83886080,15602909184,1539,0,34181,34181,37,7.7,619782
1786145843,2024452,14240,83886080,15640698880,1539,0,34186,34186,42,7.7,618275
1786145853,2023696,14240,83886080,15698419712,1540,0,34193,34193,37,7.7,619273
1786145863,2026272,14240,83886080,15739359232,1540,0,34199,34199,37,7.7,617946
1786145873,2029216,14240,83886080,15801286656,1540,0,34205,34205,38,7.7,617945
1786145884,2024296,14240,83886080,15857963008,1540,0,34211,34211,41,7.7,617940
1786145894,2023624,14240,83886080,15912542208,1540,0,34219,34219,31,7.7,620827
1786145904,2034204,14240,83886080,15967121408,1540,0,34223,34223,42,7.7,621299
1786145914,2025664,14240,83886080,16024850432,1540,0,34231,34231,34,7.7,617970
1786145924,2031508,14240,83886080,16064737280,1540,0,34235,34235,44,7.7,620009
1786145934,2026632,14240,83886080,16117215232,1540,0,34243,34243,33,7.7,618559
1786145944,2026460,14240,83886080,16173891584,1540,0,34249,34249,33,7.7,622809
1786145954,2025724,14240,83886080,16215879680,1540,0,34255,34255,36,7.7,619280
1786145964,2026376,14240,83886080,16269410304,1540,0,34261,34261,36,7.7,618459
1786145974,2024984,14240,83886080,16321892352,1540,0,34267,34267,34,7.7,621398
1786145984,2030264,14240,83886080,16362819584,1540,0,34271,34271,41,7.7,617970
1786145995,2024152,14240,83886080,16415301632,1540,0,34275,34275,48,7.7,621810
1786146005,2027448,14240,83886080,16490872832,1540,0,34283,34283,37,7.7,617982
1786146015,2030548,14240,83886080,16539156480,1540,0,34287,34287,41,7.7,618865
1786146025,2021652,14240,83886080,16592683008,1541,0,34291,34291,48,7.7,617974
1786146035,2028112,14240,83886080,16659861504,1541,0,34299,34299,37,7.7,620848
1786146046,2023928,14240,83886080,16681897984,1541,0,34300,34300,52,7.7,630751
1786146056,2023912,14240,83886080,16734380032,1541,0,34308,34308,33,7.7,619894
1786146066,2032872,14240,83886080,16782659584,1541,0,34313,34313,41,7.7,617996
1786146076,2024204,14240,83886080,16837242880,1541,0,34320,34320,37,7.7,618005
1786146086,2025640,14240,83886080,16885526528,1541,0,34326,34326,38,7.7,622022
1786146097,2032404,14240,83886080,16936951808,1541,0,34332,34332,42,7.7,622907
1786146107,2023292,14240,83886080,16972640256,1541,0,34338,34338,42,7.7,618614
1786146117,2028772,14240,83886080,17020919808,1541,0,34345,34345,38,7.7,617992
1786146127,2027748,14240,83886080,17067106304,1541,0,34352,34352,35,7.7,621947
1786146137,2025000,14240,83886080,17100689408,1541,0,34358,34358,36,7.7,618072
1786146147,2035416,14240,83886080,17139527680,1541,0,34362,34362,46,7.7,620135
1786146157,2026352,14240,83886080,17186770944,1541,0,34370,34370,37,7.7,618472
1786146167,2028932,14240,83886080,17224564736,1541,0,34375,34375,39,7.7,617959
1786146177,2024004,14240,83886080,17270747136,1541,0,34382,34382,32,7.7,619862
1786146187,2030996,14240,83886080,17317990400,1541,0,34387,34387,40,7.7,617940
1786146198,2032464,14240,83886080,16273633280,1541,0,34391,34391,48,7.7,618017
1786146208,2024076,14240,83886080,14150262784,1541,0,34399,34399,34,7.7,620900
1786146218,2029204,14240,83886080,14181761024,1541,0,34403,34403,41,7.7,618063
1786146228,2033096,14240,83886080,14210105344,1541,0,34407,34407,47,7.7,618222
1786146238,2024032,14240,83886080,14242639872,1541,0,34415,34415,33,7.7,618038
1786146248,2029016,14240,83886080,14274129920,1541,0,34420,34420,39,7.7,619497
1786146258,2033460,14240,83886080,13222416384,1541,0,34424,34424,48,7.7,621685
1786146268,2022608,14240,83886080,13244452864,1541,0,34432,34432,35,7.7,621910
1786146278,2033080,14240,83886080,13271736320,1540,0,34436,34436,45,7.7,620327
1786146288,2022652,14240,83886080,13291679744,1540,0,34441,34441,48,7.7,622247
1786146299,2025752,14240,83886080,13316874240,1540,0,34448,34448,40,7.7,619933
1786146309,2033252,14240,83886080,13337866240,1540,0,34453,34453,46,7.7,617979
1786146319,2023052,14240,83886080,13339963392,1540,0,34453,34453,66,7.7,617949
1786146329,2027052,14240,83886080,13365157888,1540,0,34461,34461,37,7.7,620004
1786146339,2035648,14240,83886080,13391392768,1540,0,34465,34465,48,7.7,617951
1786146349,2022384,14240,83886080,13411336192,1540,0,34469,34469,55,7.7,617964
1786146359,2026504,14240,83886080,13418688512,1540,0,34473,34473,51,7.7,617979
1786146369,2035336,14240,83886080,13444923392,1540,0,34477,34477,50,7.7,617913
1786146379,2026704,14240,83886080,13470113792,1540,0,34485,34485,36,7.7,622785
1786146389,2021336,14240,83886080,13482708992,1540,0,34486,34486,54,7.7,627931
1786146399,2022872,14240,83886080,13501607936,1540,0,34490,34490,60,7.7,622225
1786146409,2026384,14240,83886080,13529939968,1540,0,34498,34498,39,7.7,617942
1786146420,2038256,14240,83886080,13561425920,1540,0,34502,34502,47,7.7,619049
1786146430,2024484,14240,83886080,13583470592,1540,0,34507,34507,51,7.7,620029
1786146440,2028080,14240,83886080,13611806720,1540,0,34515,34515,37,7.7,623956
1786146450,2024760,14240,83886080,13643296768,1540,0,34519,34519,50,7.7,618040
1786146460,2022392,14240,83886080,13664284672,1540,0,34524,34524,52,7.7,621614
1786146470,2031752,14240,83886080,13694726144,1539,0,34531,34531,42,7.7,620203
1786146480,2022952,14240,83886080,13720973312,1539,0,34536,34536,47,7.7,620084
1786146490,2023348,14240,83886080,13741961216,1539,0,34544,34544,32,7.7,617992
1786146500,2031956,14240,83886080,13773451264,1539,0,34548,34548,42,7.7,620622
1786146510,2023592,14240,83886080,13800738816,1539,0,34552,34552,53,7.7,618131
1786146520,2022136,14240,83886080,13825929216,1539,0,34560,34560,33,7.7,618053
1786146531,2033772,14240,83886080,13856366592,1539,0,34564,34564,43,7.7,619335
1786146541,2023384,14240,83886080,13880508416,1539,0,34569,34569,48,7.7,619825
1786146551,2025308,14240,83886080,13906747392,1539,0,34577,34577,35,7.7,618026
1786146561,2032800,14240,83886080,13935087616,1539,0,34582,34582,42,7.7,619497
1786146571,2023448,14240,83886080,13956083712,1539,0,34589,34589,36,7.7,625811
1786146581,2029968,14240,83886080,13986516992,1539,0,34594,34594,41,7.7,618050
1786146591,2023364,14240,83886080,14013808640,1539,0,34600,34599,45,7.7,618219
1786146601,2022868,14240,83886080,14033752064,1538,0,34603,34603,51,7.7,620100
1786146611,2025544,14240,83886080,14040051712,1538,0,34607,34607,49,7.7,621395
1786146621,2023496,14240,83886080,14067335168,1538,0,34615,34615,34,7.7,617972
1786146631,2032816,14240,83886080,14105120768,1538,0,34619,34619,43,7.7,619547
1786146642,2022312,14240,83886080,14115618816,1538,0,34620,34620,56,7.7,627378
1786146652,2026072,14240,83886080,14152355840,1538,0,34628,34628,34,7.7,620314
1786146662,2038812,14240,83886080,14189088768,1538,0,34632,34632,46,7.7,620221
1786146672,2022680,14240,83886080,14227927040,1538,0,34640,34640,34,7.7,619554
1786146682,2028416,14240,83886080,14278307840,1538,0,34646,34646,36,7.7,621570
1786146692,2032028,14240,83886080,14327635968,1538,0,34652,34652,37,7.7,620727
1786146702,2022980,14240,83886080,14353874944,1538,0,34658,34658,37,7.7,618016
1786146712,2024244,14240,83886080,14370672640,1538,0,34662,34662,39,7.7,617970
1786146722,2024760,14240,83886080,14393761792,1538,0,34666,34666,46,7.7,622155
1786146733,2022672,14240,83886080,14430498816,1538,0,34674,34674,32,7.7,628669
1786146743,2023696,14240,83886080,14452539392,1538,0,34678,34678,37,7.7,619544
1786146753,2023692,14240,83886080,14473531392,1538,0,34682,34682,46,7.7,621784
1786146763,2023212,14240,83886080,14507118592,1538,0,34690,34690,33,7.7,621173
1786146773,2023452,14240,83886080,14530211840,1539,0,34694,34694,38,7.7,617960
1786146783,2024532,14240,83886080,14552252416,1539,0,34698,34698,44,7.7,619452
1786146793,2022852,14240,83886080,14582689792,1539,0,34706,34706,33,7.7,621739
1786146803,2024364,14240,83886080,14605778944,1539,0,34710,34710,40,7.7,619644
1786146813,2024068,14240,83886080,14623625216,1539,0,34714,34714,47,7.7,619815
1786146823,2022860,14240,83886080,14661406720,1539,0,34722,34722,33,7.7,618032
1786146833,2023224,14240,83886080,14677155840,1539,0,34726,34726,43,7.7,619828
1786146843,2022252,14240,83886080,14709694464,1539,0,34734,34734,32,7.7,619287
1786146854,2023076,14240,83886080,14729633792,1539,0,34739,34739,39,7.7,617943
1786146864,2023292,14240,83886080,14741180416,1539,0,34743,34742,49,7.7,629490
1786146874,2023812,14240,83886080,14759022592,1539,0,34747,34747,42,7.7,617972
1786146884,2024140,14240,83886080,14775816192,1539,0,34754,34754,33,7.7,619364
1786146894,2023496,14240,83886080,14796812288,1539,0,34759,34759,38,7.7,618350
1786146904,2025404,14240,83886080,14813601792,1539,0,34763,34763,49,7.7,619934
1786146914,2023588,14240,83886080,14829346816,1539,0,34771,34771,32,7.7,619988
1786146924,2024016,14240,83886080,14838796288,1539,0,34775,34775,44,7.7,621620
1786146934,2024816,14240,83886080,14844043264,1539,0,34780,34780,48,7.7,620891
1786146945,2023304,14240,83886080,14848237568,1539,0,34788,34788,36,7.7,619498
1786146955,2024404,14240,83886080,14853488640,1539,0,34793,34793,42,7.7,620379
1786146965,2022388,14240,83886080,14854541312,1539,0,34794,34794,50,7.7,618699
1786146975,2023364,14240,83886080,14861885440,1539,0,34801,34801,38,7.7,618039
1786146985,2023356,14240,83886080,14867132416,1539,0,34808,34807,40,7.7,617970
1786146995,2023340,14240,83886080,14874480640,1539,0,34813,34813,40,7.7,618843
1786147005,2023420,14240,83886080,14880780288,1539,0,34821,34821,32,7.7,618434
1786147015,2024040,14240,83886080,14890221568,1539,0,34825,34825,43,7.7,621699
1786147025,2023432,14240,83886080,14903869440,1539,0,34832,34832,39,7.7,618087
1786147035,2022868,14240,83886080,14921711616,1539,0,34839,34839,34,7.7,623446
1786147046,2024384,14240,83886080,14941650944,1540,0,34845,34845,36,7.7,620291
1786147056,2023804,14240,83886080,14956347392,1540,0,34849,34849,45,7.7,622209
1786147066,2023860,14240,83886080,14968946688,1540,0,34857,34857,36,7.7,617905
1786147076,2024712,14240,83886080,14976290816,1540,0,34862,34862,43,7.7,621808
1786147086,2023192,14240,83886080,14979436544,1540,0,34869,34868,40,7.7,620201
1786147096,2023360,14240,83886080,14983639040,1540,0,34874,34874,38,7.7,621039
1786147106,2023168,14240,83886080,14985740288,1540,0,34882,34882,30,7.7,618028
1786147116,2023472,14240,83886080,14987837440,1540,0,34886,34886,40,7.7,618052
1786147126,2022632,14240,83886080,14990987264,1540,0,34894,34894,30,7.7,617997
1786147136,2023556,14240,83886080,14994137088,1540,0,34898,34898,40,7.7,617940
1786147146,2023180,14240,83886080,14996234240,1540,0,34903,34903,47,7.7,620119
1786147156,2023072,14240,83886080,15000432640,1540,0,34911,34911,33,7.7,617919
1786147167,2022972,14240,83886080,15004631040,1540,0,34917,34916,42,7.7,617930
1786147177,2023576,14240,83886080,15010930688,1540,0,34923,34923,40,7.7,617922
1786147187,2023456,14240,83886080,15019323392,1540,0,34928,34928,44,7.7,620886
1786147197,2024532,14240,83886080,15036121088,1540,0,34935,34935,36,7.7,617967
1786147207,2023104,14240,83886080,15050813440,1540,0,34940,34940,41,7.7,620523
1786147217,2024732,14240,83886080,15072854016,1540,0,34948,34948,30,7.7,619681
1786147227,2024020,14240,83886080,15095947264,1540,0,34952,34952,40,7.7,618989
1786147237,2023596,14240,83886080,15120089088,1540,0,34960,34960,29,7.7,622756
1786147247,2025628,14240,83886080,15145275392,1540,0,34964,34964,39,7.7,618001
1786147258,2025008,14240,83886080,15166267392,1540,0,34969,34969,42,7.7,618954
1786147268,2024876,14240,83886080,15198806016,1540,0,34976,34976,38,7.7,620134
1786147278,2024604,14240,83886080,15206154240,1540,0,34980,34980,35,7.7,621322
1786147288,2024452,14240,83886080,15225040896,1540,0,34984,34984,33,7.7,617971
1786147298,2026544,14240,83886080,15258632192,1540,0,34992,34992,33,7.7,620302
1786147308,2030036,14240,83886080,15300620288,1540,0,34997,34996,46,7.7,617905
1786147318,2027308,14240,83886080,15338405888,1540,0,35004,35004,33,7.7,619407
1786147328,2028536,14240,83886080,15396130816,1541,0,35010,35010,36,7.7,619251
1786147338,2029136,14240,83886080,15458062336,1541,0,35016,35016,37,7.7,620710
1786147348,2032472,14240,83886080,15497949184,1541,0,35022,35022,39,7.7,619949
1786147358,2024380,14240,83886080,15557767168,1541,0,35028,35028,40,7.7,619202
1786147368,2034200,14240,83886080,15622848512,1541,0,35034,35034,41,7.7,618261
1786147378,2026300,14240,83886080,15677427712,1541,0,35040,35040,43,7.7,622665
1786147389,2034296,14240,83886080,15743549440,1541,0,35046,35046,42,7.7,620156
1786147399,2026220,14240,83886080,15802327040,1541,0,35052,35052,42,7.7,620299
1786147409,2024976,14240,83886080,15862157312,1541,0,35060,35060,31,7.7,619430
1786147419,2028168,14240,83886080,15920930816,1541,0,35064,35064,44,7.7,622365
1786147429,2023624,14240,83886080,15978663936,1541,0,35070,35070,45,7.7,617948
1786147439,2026564,14240,83886080,16044785664,1541,0,35078,35078,34,7.7,624724
1786147449,2028648,14240,83886080,16093069312,1541,0,35084,35084,36,7.7,620624
1786147459,2025204,14240,83886080,16135053312,1541,0,35090,35090,36,7.7,618075
1786147469,2036520,14240,83886080,16178089984,1541,0,35094,35094,44,7.7,619826
1786147479,2028304,14240,83886080,16234762240,1542,0,35102,35102,35,7.7,620130
1786147489,2030832,14240,83886080,16275697664,1542,0,35107,35107,39,7.7,619755
1786147500,2029592,14240,83886080,16338673664,1542,0,35114,35114,36,7.7,619520
1786147510,2029908,14240,83886080,16392204288,1542,0,35120,35120,38,7.7,617929
1786147520,2027228,14240,83886080,16423690240,1542,0,35126,35126,35,7.7,617931
1786147530,2030300,14240,83886080,16471969792,1542,0,35132,35132,40,7.7,619965
1786147540,2023776,14240,83886080,16507662336,1542,0,35137,35137,45,7.7,621911
1786147550,2030968,14240,83886080,16546496512,1542,0,35144,35144,39,7.7,617942
1786147560,2025548,14240,83886080,16594776064,1542,0,35152,35152,32,7.7,621645
1786147570,2027784,14240,83886080,16634658816,1542,0,35157,35156,44,7.7,620877
1786147580,2030540,14240,83886080,16683991040,1542,0,35164,35164,37,7.7,617908
1786147590,2023796,14240,83886080,16728076288,1542,0,35171,35171,35,7.7,618975
1786147600,2026988,14240,83886080,16773210112,1542,0,35176,35176,42,7.7,625030
1786147610,2036888,14240,83886080,16820445184,1542,0,35181,35181,46,7.7,617915
1786147621,2026284,14240,83886080,16879218688,1542,0,35189,35189,35,7.7,623173
1786147631,2028360,14240,83886080,16919101440,1542,0,35193,35193,40,7.7,617925
1786147641,2037288,14240,83886080,16969482240,1542,0,35197,35197,48,7.7,618025
1786147651,2024068,14240,83886080,17028259840,1542,0,35205,35205,35,7.7,617997
1786147661,2029632,14240,83886080,17071296512,1542,0,35209,35209,39,7.7,617916
1786147671,2036348,14240,83886080,17108029440,1542,0,35213,35213,46,7.7,619966
1786147681,2023524,14240,83886080,16083607552,1542,0,35221,35221,34,7.7,620885
1786147691,2029416,14240,83886080,16130838528,1542,0,35225,35225,39,7.7,619883
1786147701,2037864,14240,83886080,16173891584,1542,0,35229,35229,50,7.7,619063
1786147711,2025268,14240,83886080,14062100480,1542,0,35237,35237,36,7.7,622872
1786147721,2022812,14240,83886080,14074695680,1542,0,35237,35237,60,7.7,617907
1786147732,2024872,14240,83886080,13019832320,1542,0,35241,35241,65,7.7,617903
1786147742,2029736,14240,83886080,13047140352,1542,0,35249,35249,41,7.7,621379
1786147752,2037472,14240,83886080,13075484672,1542,0,35253,35253,51,7.7,618054
1786147762,2023608,14240,83886080,13095424000,1542,0,35257,35257,58,7.7,619741
1786147772,2028936,14240,83886080,13122711552,1542,0,35265,35265,40,7.7,618058
1786147782,2027612,14240,83886080,13150003200,1542,0,35269,35269,50,7.7,625203
1786147792,2023988,14240,83886080,13151051776,1542,0,35272,35270,64,7.7,625222
1786147802,2027144,14240,83886080,13172047872,1542,0,35278,35278,40,7.7,619455
1786147812,2036044,14240,83886080,13200384000,1542,0,35282,35282,48,7.7,620508
1786147823,2023240,14240,83886080,13217177600,1542,0,35286,35286,53,7.7,619437
1786147833,2028900,14240,83886080,13225578496,1542,0,35290,35290,54,7.7,622078
1786147843,2024764,14240,83886080,13248667648,1542,0,35294,35294,53,7.7,617977
1786147853,2026500,14240,83886080,13271756800,1542,0,35302,35302,37,7.7,620667
1786147863,2023908,14240,83886080,13279105024,1542,0,35302,35302,61,7.7,617951
1786147873,2023608,14240,83886080,13296951296,1541,0,35310,35310,32,7.7,617940
1786147883,2028480,14240,83886080,13318991872,1541,0,35314,35314,41,7.7,617941
1786147894,2033252,14240,83886080,13342076928,1541,0,35318,35318,50,7.7,617976
1786147904,2024296,14240,83886080,13343129600,1541,0,35319,35319,60,7.7,618022
1786147914,2029568,14240,83886080,13374615552,1541,0,35327,35327,37,7.7,620081
1786147924,2029268,14240,83886080,13407158272,1541,0,35334,35332,44,7.7,621751
1786147934,2025216,14240,83886080,13427097600,1541,0,35338,35337,44,7.7,624990
1786147944,2032428,14240,83886080,13441789952,1541,0,35342,35342,39,7.7,617984
1786147954,2024016,14240,83886080,13471182848,1541,0,35349,35349,35,7.7,620015
1786147964,2035008,14240,83886080,13503717376,1541,0,35354,35354,42,7.7,620937
1786147974,2024304,14240,83886080,13512114176,1541,0,35358,35358,43,7.7,626402
1786147985,2023756,14240,83886080,13535207424,1541,0,35366,35366,29,7.7,619922
1786147995,2032556,14240,83886080,13568794624,1541,0,35370,35370,43,7.7,622143
1786148005,2024256,14240,83886080,13593985024,1541,0,35375,35375,44,7.7,618928
1786148015,2025432,14240,83886080,13619175424,1541,0,35383,35383,32,7.7,626431
1786148025,2033844,14240,83886080,13652762624,1541,0,35387,35387,42,7.7,621868
1786148035,2023440,14240,83886080,13679001600,1540,0,35391,35391,50,7.7,627162
1786148045,2026828,14240,83886080,13685301248,1540,0,35395,35395,47,7.7,618051
1786148055,2033028,14240,83886080,13716791296,1540,0,35400,35400,43,7.7,617975
1786148065,2029784,14240,83886080,13746180096,1540,0,35407,35407,38,7.7,618377
1786148075,2028580,14240,83886080,13769269248,1540,0,35412,35412,42,7.7,618172
1786148085,2026592,14240,83886080,13798653952,1540,0,35418,35418,42,7.7,626934
1786148096,2030564,14240,83886080,13829099520,1540,0,35425,35425,39,7.7,618027
1786148106,2026544,14240,83886080,13853237248,1540,0,35432,35432,35,7.7,617952
1786148116,2029844,14240,83886080,13882621952,1540,0,35437,35437,40,7.7,618946
1786148126,2031688,14240,83886080,13913063424,1540,0,35444,35444,39,7.7,618005
1786148136,2032800,14240,83886080,13936156672,1540,0,35449,35449,45,7.7,618028
1786148146,2029328,14240,83886080,13965541376,1540,0,35457,35457,36,7.7,621737
1786148156,2028368,14240,83886080,13994934272,1539,0,35462,35462,43,7.7,623044
1786148166,2027132,14240,83886080,14020124672,1539,0,35469,35469,34,7.7,620311
1786148176,2034256,14240,83886080,14049509376,1539,0,35474,35474,41,7.7,621144
1786148186,2024176,14240,83886080,14077853696,1539,0,35478,35478,50,7.7,626376
1786148197,2027592,14240,83886080,14105141248,1539,0,35486,35486,34,7.7,620947
1786148207,2023764,14240,83886080,14112485376,1539,0,35490,35490,45,7.7,620613
1786148217,2024376,14240,83886080,14113533952,1539,0,35498,35497,37,7.7,620947
1786148227,2023332,14240,83886080,14116687872,1539,0,35503,35503,37,7.7,619720
1786148237,2024468,14240,83886080,14117740544,1539,0,35510,35510,34,7.7,620089
1786148247,2023188,14240,83886080,14120886272,1539,0,35515,35515,42,7.7,622193
1786148257,2023932,14240,83886080,14121934848,1539,0,35523,35523,34,7.7,619334
1786148267,2025148,14240,83886080,14125080576,1539,0,35528,35528,39,7.7,617991
1786148277,2024096,14240,83886080,14127181824,1539,0,35535,35535,35,7.7,618305
1786148287,2023584,14240,83886080,14130327552,1539,0,35540,35540,39,7.7,620254
1786148297,2024716,14240,83886080,14137675776,1539,0,35547,35547,35,7.7,617963
1786148308,2025092,14240,83886080,14145019904,1539,0,35553,35553,37,7.7,619694
1786148318,2024212,14240,83886080,14155517952,1539,0,35559,35559,38,7.7,621553
1786148328,2024688,14240,83886080,14161817600,1539,0,35567,35567,32,7.7,618861
1786148338,2024148,14240,83886080,14170218496,1539,0,35573,35573,33,7.7,618606
1786148348,2024636,14240,83886080,14179659776,1539,0,35577,35577,42,7.7,621730
1786148358,2024844,14240,83886080,14189109248,1539,0,35585,35585,35,7.7,620420
1786148368,2023648,14240,83886080,14197501952,1539,0,35589,35589,41,7.7,620898
1786148378,2024628,14240,83886080,14211149824,1539,0,35593,35593,44,7.7,622412
1786148388,2023816,14240,83886080,14225842176,1539,0,35601,35601,31,7.7,618056
1786148398,2025440,14240,83886080,14234230784,1539,0,35606,35606,39,7.7,623580
1786148409,2023924,14240,83886080,14246830080,1539,0,35613,35613,33,7.7,622528
1786148419,2024756,14240,83886080,14261522432,1539,0,35619,35619,36,7.7,622049
1786148429,2023300,14240,83886080,14275166208,1539,0,35625,35625,35,7.7,619643
1786148439,2025368,14240,83886080,14289862656,1539,0,35631,35631,36,7.7,617967
1786148449,2024084,14240,83886080,14307704832,1539,0,35637,35637,38,7.7,622306
1786148459,2024312,14240,83886080,14322397184,1539,0,35643,35643,39,7.7,617925
1786148469,2023188,14240,83886080,14342344704,1539,0,35649,35649,41,7.7,620195
1786148479,2023776,14240,83886080,14358089728,1539,0,35655,35655,43,7.7,619016
1786148489,2023556,14240,83886080,14373834752,1539,0,35661,35661,42,7.7,617967
1786148499,2023928,14240,83886080,14394822656,1539,0,35669,35669,32,7.7,622368
1786148510,2025492,14240,83886080,14404268032,1539,0,35673,35673,44,7.7,621994
1786148520,2024512,14240,83886080,14417911808,1539,0,35677,35677,52,7.7,618036
1786148530,2024200,14240,83886080,14431555584,1539,0,35685,35685,34,7.7,617951
1786148540,2026440,14240,83886080,14439952384,1539,0,35689,35689,44,7.7,623948
1786148550,2023612,14240,83886080,14447296512,1539,0,35697,35697,32,7.7,617922
1786148560,2024696,14240,83886080,14460944384,1539,0,35702,35702,37,7.7,620326
1786148570,2023680,14240,83886080,14472491008,1539,0,35709,35709,34,7.7,619392
1786148580,2024432,14240,83886080,14476689408,1539,0,35714,35714,40,7.7,620543
1786148590,2024136,14240,83886080,14482984960,1539,0,35718,35718,54,7.7,619546
1786148600,2024284,14240,83886080,14494535680,1539,0,35726,35726,38,7.7,620546
1786148610,2024652,14240,83886080,14503976960,1539,0,35730,35730,47,7.7,619253
1786148621,2024328,14240,83886080,14507126784,1539,0,35735,35735,46,7.7,622295
1786148631,2023160,14240,83886080,14514470912,1539,0,35742,35742,36,7.7,619241
1786148641,2025144,14240,83886080,14518669312,1539,0,35747,35747,43,7.7,619060
1786148651,2025672,14240,83886080,14523916288,1539,0,35751,35751,51,7.7,621158
1786148661,2023768,14240,83886080,14530215936,1539,0,35759,35759,34,7.7,623630
1786148671,2024960,14240,83886080,14535467008,1539,0,35764,35764,41,7.7,619923
1786148681,2025136,14240,83886080,14537568256,1539,0,35771,35771,34,7.7,617905
1786148691,2024212,14240,83886080,14542815232,1539,0,35777,35777,37,7.7,617952
1786148701,2024424,14240,83886080,14548062208,1539,0,35784,35784,34,7.7,618010
1786148711,2023784,14240,83886080,14550159360,1539,0,35785,35785,51,7.7,617988
1786148721,2023736,14240,83886080,14552260608,1539,0,35793,35793,33,7.7,625350
1786148732,2025292,14240,83886080,14554357760,1539,0,35797,35797,42,7.7,620213
1786148742,2024568,14240,83886080,14556454912,1539,0,35802,35801,52,7.7,619269
1786148752,2024552,14240,83886080,14559604736,1539,0,35809,35809,36,7.7,617956
1786148762,2023844,14240,83886080,14561701888,1539,0,35815,35815,39,7.7,619649
1786148772,2024556,14240,83886080,14563803136,1539,0,35821,35821,42,7.7,621502
1786148782,2023000,14240,83886080,14568005632,1539,0,35826,35826,44,7.7,619708
1786148792,2025056,14240,83886080,14569054208,1539,0,35833,35833,37,7.7,620499
1786148802,2025004,14240,83886080,14577451008,1539,0,35838,35838,44,7.7,617927
1786148812,2024680,14240,83886080,14609985536,1539,0,35846,35846,30,7.7,620544
1786148822,2030076,14240,83886080,14647775232,1539,0,35850,35850,42,7.7,618022
1786148832,2023200,14240,83886080,14684508160,1539,0,35854,35854,52,7.7,617968
1786148843,2028364,14240,83886080,14720196608,1539,0,35862,35862,39,7.7,622876
1786148853,2038164,14240,83886080,14760079360,1539,0,35866,35866,48,7.7,620387
1786148863,2026672,14240,83886080,14814662656,1539,0,35874,35874,34,7.7,618022
1786148873,2030284,14240,83886080,14847197184,1539,0,35878,35878,44,7.7,617874
1786148883,2023856,14240,83886080,14891282432,1539,0,35883,35883,44,7.7,617925
1786148893,2030128,14240,83886080,14949011456,1539,0,35890,35890,37,7.7,619271
1786148903,2022528,14240,83886080,14995189760,1539,0,35895,35895,43,7.7,623960
1786148913,2027680,14240,83886080,15055024128,1539,0,35902,35902,35,7.7,622272
1786148923,2034432,14240,83886080,15108546560,1539,0,35907,35907,42,7.7,619470
1786148933,2023652,14240,83886080,15156830208,1539,0,35915,35915,30,7.7,621421
1786148943,2035156,14240,83886080,15207211008,1539,0,35919,35919,40,7.7,618636
1786148954,2023840,14240,83886080,15271235584,1539,0,35927,35927,31,7.7,620576
1786148964,2026412,14240,83886080,15315320832,1539,0,35932,35932,34,7.7,617987
1786148974,2037372,14240,83886080,15361503232,1539,0,35936,35936,44,7.7,617977
1786148984,2026696,14240,83886080,15426576384,1539,0,35944,35944,35,7.7,617927
1786148995,2024848,14240,83886080,15442325504,1539,0,35945,35945,51,7.7,627355
1786149005,2023884,14240,83886080,15484305408,1539,0,35953,35953,29,7.7,618754
1786149015,2029740,14240,83886080,15533637632,1539,0,35957,35957,39,7.7,617893
1786149025,2022800,14240,83886080,15578767360,1539,0,35961,35961,48,7.7,620547
1786149035,2024308,14240,83886080,15611305984,1539,0,35966,35966,48,7.7,619333
1786149045,2030776,14240,83886080,15660638208,1539,0,35973,35973,37,7.7,619310
1786149055,2024624,14240,83886080,15703674880,1539,0,35978,35978,44,7.7,625341
1786149065,2024604,14240,83886080,15745658880,1539,0,35985,35985,35,7.7,617988
1786149076,2031288,14240,83886080,15797084160,1539,0,35991,35991,37,7.7,619638
1786149086,2024184,14240,83886080,15828578304,1539,0,35997,35995,47,7.7,626319
1786149096,2029060,14240,83886080,15878959104,1539,0,36003,36003,36,7.7,618492
1786149106,2027032,14240,83886080,15931437056,1539,0,36010,36010,31,7.7,618048
1786149116,2024948,14240,83886080,15960825856,1539,0,36014,36014,42,7.7,617956
1786149126,2029204,14240,83886080,15979720704,1539,0,36018,36018,43,7.7,617912
1786149136,2038188,14240,83886080,16016457728,1539,0,36022,36022,48,7.7,619589
1786149146,2027172,14240,83886080,16062631936,1539,0,36030,36030,34,7.7,620197
1786149156,2024308,14240,83886080,16076275712,1539,0,36031,36031,48,7.7,626482
1786149167,2027028,14240,83886080,16104620032,1539,0,36035,36035,52,7.7,621916
1786149177,2028764,14240,83886080,16147652608,1539,0,36043,36043,36,7.7,620048
1786149187,2036112,14240,83886080,16187539456,1539,0,36047,36047,44,7.7,617936
1786149197,2024360,14240,83886080,16220078080,1539,0,36053,36052,46,7.7,618705
1786149207,2028468,14240,83886080,16267309056,1539,0,36059,36059,40,7.7,619505
1786149217,2024312,14240,83886080,16301944832,1539,0,36065,36065,41,7.7,620947
1786149227,2028992,14240,83886080,16340779008,1539,0,36072,36072,35,7.7,620998
1786149237,2033976,14240,83886080,16374366208,1539,0,36077,36077,42,7.7,619433
1786149247,2025472,14240,83886080,16402706432,1539,0,36081,36081,51,7.7,618190
1786149257,2027468,14240,83886080,16447840256,1539,0,36089,36089,36,7.7,619954
1786149268,2033692,14240,83886080,16483524608,1539,0,36094,36094,43,7.7,619746
1786149278,2024416,14240,83886080,16513974272,1539,0,36099,36098,51,7.7,617968
1786149288,2029916,14240,83886080,16561209344,1538,0,36106,36106,37,7.7,618180
1786149298,2024368,14240,83886080,16592703488,1538,0,36110,36110,47,7.7,619183
1786149308,2025664,14240,83886080,16631541760,1538,0,36118,36118,38,7.7,620479
1786149318,2024272,14240,83886080,16666181632,1538,0,36123,36123,42,7.7,621324
1786149328,2029820,14240,83886080,15629156352,1538,0,36130,36130,38,7.7,620201
1786149338,2024600,14240,83886080,15662743552,1538,0,36135,36135,45,7.7,617908
1786149348,2028560,14240,83886080,14628868096,1538,0,36143,36143,36,7.7,622253
1786149358,2028044,14240,83886080,14664556544,1538,0,36147,36147,47,7.7,619330
1786149368,2025140,14240,83886080,14689742848,1538,0,36151,36151,53,7.7,620679
1786149379,2031604,14240,83886080,14713884672,1538,0,36155,36155,50,7.7,622618
1786149389,2024036,14240,83886080,14753771520,1539,0,36160,36160,44,7.7,617953
1786149399,2028432,14240,83886080,14796800000,1539,0,36167,36167,39,7.7,618014
1786149409,2024100,14240,83886080,14825140224,1539,0,36174,36173,38,7.7,619521
1786149419,2033880,14240,83886080,14877622272,1539,0,36179,36179,39,7.7,618037
1786149429,2025116,14240,83886080,14932201472,1539,0,36187,36187,31,7.7,618289
1786149439,2023804,14240,83886080,14952144896,1539,0,36188,36188,47,7.7,618758
1786149449,2024116,14240,83886080,14996230144,1539,0,36192,36192,53,7.7,621927
1786149459,2031860,14240,83886080,15058153472,1539,0,36200,36200,38,7.7,618059
1786149470,2025144,14240,83886080,15107485696,1539,0,36206,36206,38,7.7,623488
1786149480,2024408,14240,83886080,15114829824,1539,0,36208,36208,46,7.7,618002
1786149490,2029212,14240,83886080,15172562944,1539,0,36216,36216,37,7.7,617985
1786149500,2038456,14240,83886080,15222943744,1539,0,36221,36221,40,7.7,618750
1786149510,2023108,14240,83886080,15256526848,1539,0,36225,36225,48,7.7,627991
1786149520,2034068,14240,83886080,15280668672,1539,0,36229,36229,48,7.7,620427
1786149530,2025192,14240,83886080,15318454272,1539,0,36234,36234,44,7.7,621018
1786149540,2030824,14240,83886080,15356239872,1539,0,36241,36241,37,7.7,620404
1786149550,2033332,14240,83886080,15388778496,1539,0,36246,36246,42,7.7,617999
1786149560,2023196,14240,83886080,15432859648,1539,0,36253,36253,34,7.7,618043
1786149571,2035888,14240,83886080,15475896320,1539,0,36258,36258,41,7.7,621436
1786149581,2041416,14240,83886080,15518924800,1539,0,36262,36262,47,7.7,620004
1786149591,2025436,14240,83886080,15571427328,1539,0,36270,36270,33,7.7,618101
1786149601,2037236,14240,83886080,15620763648,1539,0,36274,36274,42,7.7,622279
1786149611,2036972,14240,83886080,15658549248,1539,0,36279,36279,44,7.7,622346
1786149621,2026780,14240,83886080,15703678976,1539,0,36287,36287,31,7.7,620236
1786149631,2034112,14240,83886080,15745667072,1539,0,36292,36292,38,7.7,620674
1786149641,2027896,14240,83886080,15777153024,1539,0,36299,36299,32,7.7,618022
1786149651,2028688,14240,83886080,15819132928,1539,0,36305,36305,37,7.7,621186
1786149661,2029648,14240,83886080,15856922624,1539,0,36311,36311,39,7.7,618141
1786149671,2024592,14240,83886080,15888412672,1539,0,36319,36319,31,7.7,619095
1786149681,2036788,14240,83886080,15934590976,1539,0,36323,36323,42,7.7,617984
1786149692,2024696,14240,83886080,15969230848,1539,0,36328,36328,47,7.7,620070
1786149702,2030572,14240,83886080,16020660224,1539,0,36336,36336,36,7.7,619023
1786149712,2024832,14240,83886080,16036405248,1539,0,36343,36343,31,7.7,618788
1786149722,2023160,14240,83886080,16049000448,1539,0,36345,36345,50,7.7,625855
1786149732,2025964,14240,83886080,16063696896,1539,0,36349,36349,53,7.7,617927
1786149742,2023700,14240,83886080,16081539072,1540,0,36357,36357,33,7.7,618586
1786149752,2024388,14240,83886080,16101482496,1540,0,36363,36363,35,7.7,617980
1786149762,2024316,14240,83886080,16120373248,1540,0,36369,36369,35,7.7,619670
1786149772,2023424,14240,83886080,16145559552,1540,0,36375,36375,36,7.7,619098
1786149782,2023580,14240,83886080,16159207424,1540,0,36380,36380,43,7.7,624564
1786149792,2023612,14240,83886080,16162353152,1540,0,36383,36383,46,7.7,620792
1786149802,2026016,14240,83886080,16180203520,1540,0,36390,36390,37,7.7,621284
1786149813,2022924,14240,83886080,16194895872,1540,0,36398,36398,30,7.7,619026
1786149823,2025008,14240,83886080,16203292672,1540,0,36402,36402,41,7.7,619322
1786149833,2024760,14240,83886080,16221130752,1540,0,36408,36408,41,7.7,619373
1786149843,2024160,14240,83886080,16240029696,1540,0,36416,36416,34,7.7,620217
1786149853,2023936,14240,83886080,16250523648,1540,0,36420,36420,45,7.7,620225
1786149863,2024304,14240,83886080,16279912448,1540,0,36428,36428,33,7.7,617906
1786149873,2023932,14240,83886080,16299851776,1540,0,36434,36434,37,7.7,619946
1786149883,2025172,14240,83886080,15238688768,1540,0,36440,36440,35,7.7,617947
1786149893,2025096,14240,83886080,15260733440,1540,0,36446,36446,38,7.7,619747
1786149903,2024088,14240,83886080,14196428800,1540,0,36453,36453,35,7.7,618090
1786149913,2023124,14240,83886080,14204825600,1540,0,36458,36458,43,7.7,617888
1786149924,2025436,14240,83886080,14217420800,1540,0,36466,36466,35,7.7,621548
1786149934,2024200,14240,83886080,14225817600,1540,0,36470,36470,47,7.7,618380
1786149944,2024656,14240,83886080,14238412800,1540,0,36478,36478,33,7.7,620657
1786149954,2025016,14240,83886080,14247854080,1540,0,36483,36483,41,7.7,619390
1786149964,2024908,14240,83886080,14259400704,1540,0,36489,36488,48,7.7,619145
1786149974,2023792,14240,83886080,14280400896,1540,0,36496,36496,35,7.7,618028
1786149984,2024536,14240,83886080,14296137728,1540,0,36503,36503,33,7.7,620410
1786149994,2024568,14240,83886080,14309785600,1540,0,36508,36508,39,7.7,619743
1786150004,2025220,14240,83886080,14324477952,1540,0,36513,36513,39,7.7,617920
1786150014,2024284,14240,83886080,14339174400,1541,0,36520,36520,36,7.7,623118
1786150024,2023604,14240,83886080,14345469952,1541,0,36523,36522,49,7.7,631578
1786150035,2024744,14240,83886080,14358069248,1541,0,36528,36528,36,7.7,618010
1786150045,2023872,14240,83886080,14379057152,1541,0,36535,36535,34,7.7,620185
1786150055,2024304,14240,83886080,14399000576,1541,0,36540,36540,41,7.7,619859
1786150065,2023688,14240,83886080,14404251648,1541,0,36542,36542,49,7.7,621103
1786150075,2024572,14240,83886080,14425243648,1541,0,36550,36550,34,7.7,619337
1786150085,2025620,14240,83886080,14440984576,1541,0,36555,36555,41,7.7,621365
1786150095,2025088,14240,83886080,14459879424,1541,0,36562,36562,37,7.7,620124
1786150105,2024804,14240,83886080,14476673024,1541,0,36567,36567,41,7.7,617899
1786150115,2023128,14240,83886080,14498709504,1541,0,36574,36574,37,7.7,618980
1786150125,2024672,14240,83886080,14512357376,1541,0,36580,36580,39,7.7,620946
1786150136,2024664,14240,83886080,14528098304,1541,0,36587,36587,35,7.7,621178
1786150146,2025300,14240,83886080,14537547776,1541,0,36594,36593,38,7.7,620519
1786150156,2025836,14240,83886080,14553288704,1541,0,36599,36599,40,7.7,617947
1786150166,2023968,14240,83886080,14566936576,1541,0,36607,36606,34,7.7,618049
1786150176,2025236,14240,83886080,14579535872,1541,0,36611,36611,42,7.7,620047
1786150186,2023836,14240,83886080,14583730176,1541,0,36614,36614,45,7.7,620117
1786150196,2026268,14240,83886080,14593179648,1542,0,36620,36620,37,7.7,617987
1786150206,2024404,14240,83886080,14606823424,1542,0,36626,36626,41,7.7,619979
1786150216,2025372,14240,83886080,14617313280,1542,0,36634,36634,33,7.7,617935
1786150226,2024996,14240,83886080,14624665600,1542,0,36638,36638,42,7.7,620871
1786150236,2024104,14240,83886080,14635163648,1542,0,36646,36646,33,7.7,619964
1786150247,2024980,14240,83886080,14642507776,1542,0,36652,36652,35,7.7,618714
1786150257,2024120,14240,83886080,14655102976,1542,0,36658,36658,38,7.7,617993
1786150267,2025040,14240,83886080,14665601024,1542,0,36664,36663,43,7.7,619744
1786150277,2024572,14240,83886080,14681341952,1542,0,36671,36671,34,7.7,622546
1786150287,2024616,14240,83886080,14691840000,1542,0,36676,36676,41,7.7,617981
1786150297,2024608,14240,83886080,14704435200,1542,0,36683,36683,35,7.7,618322
1786150307,2032636,14240,83886080,14724378624,1542,0,36688,36688,40,7.7,620183
1786150317,2031764,14240,83886080,14762164224,1542,0,36695,36695,37,7.7,618284
1786150327,2026640,14240,83886080,14800998400,1542,0,36701,36701,39,7.7,618599
1786150337,2030988,14240,83886080,14845079552,1542,0,36708,36708,36,7.7,620145
1786150347,2036980,14240,83886080,14878670848,1542,0,36713,36713,44,7.7,622133
1786150358,2025804,14240,83886080,14920654848,1541,0,36721,36721,33,7.7,618861
1786150368,2035048,14240,83886080,14960533504,1541,0,36726,36726,40,7.7,624059
1786150378,2025776,14240,83886080,14998323200,1541,0,36733,36733,33,7.7,624299
1786150388,2031756,14240,83886080,15045554176,1541,0,36738,36738,38,7.7,618023
1786150398,2023968,14240,83886080,15083335680,1541,0,36743,36742,48,7.7,623006
1786150408,2025508,14240,83886080,15113777152,1541,0,36750,36750,31,7.7,625869
1786150418,2031108,14240,83886080,15156817920,1541,0,36756,36756,35,7.7,621062
1786150428,2025816,14240,83886080,15198797824,1541,0,36762,36762,36,7.7,617951
1786150438,2029816,14240,83886080,15246032896,1541,0,36768,36768,35,7.7,618390
1786150449,2031900,14240,83886080,15296405504,1541,0,36774,36774,38,7.7,618157
1786150459,2029700,14240,83886080,15334199296,1541,0,36780,36780,39,7.7,619833
1786150469,2026424,14240,83886080,15386673152,1541,0,36788,36788,32,7.7,622099
1786150479,2029136,14240,83886080,15430758400,1541,0,36794,36794,36,7.7,617966
1786150489,2028084,14240,83886080,15475892224,1541,0,36800,36800,36,7.7,617983
1786150499,2035636,14240,83886080,15515770880,1541,0,36805,36805,40,7.7,619833
1786150509,2027380,14240,83886080,15569305600,1541,0,36812,36812,38,7.7,620554
1786150519,2030060,14240,83886080,15610241024,1541,0,36818,36818,38,7.7,618407
1786150529,2027964,14240,83886080,15650123776,1541,0,36825,36825,33,7.7,617963
1786150540,2032780,14240,83886080,15699456000,1541,0,36830,36830,38,7.7,617987
1786150550,2035692,14240,83886080,15737241600,1541,0,36835,36835,42,7.7,617989
1786150560,2029688,14240,83886080,15790768128,1541,0,36842,36842,37,7.7,621321
1786150570,2033412,14240,83886080,15834853376,1541,0,36847,36847,44,7.7,618011
1786150580,2026624,14240,83886080,15870537728,1541,0,36855,36855,33,7.7,619546
1786150590,2033784,14240,83886080,15918821376,1541,0,36860,36860,42,7.7,617965
1786150600,2028388,14240,83886080,15961853952,1541,0,36867,36867,37,7.7,617885
1786150610,2024488,14240,83886080,16001740800,1541,0,36872,36872,43,7.7,617960
1786150620,2029300,14240,83886080,16052125696,1541,0,36880,36880,35,7.7,618037
1786150630,2024980,14240,83886080,16082563072,1541,0,36884,36884,46,7.7,629183
1786150640,2028028,14240,83886080,16140292096,1541,0,36892,36892,35,7.7,617975
1786150650,2036276,14240,83886080,16181223424,1541,0,36896,36896,43,7.7,617910
1786150660,2024940,14240,83886080,16223207424,1541,0,36901,36901,47,7.7,622689
1786150671,2028620,14240,83886080,16276733952,1541,0,36909,36908,40,7.7,618011
1786150681,2029844,14240,83886080,16331313152,1541,0,36913,36913,44,7.7,620664
1786150691,2023792,14240,83886080,16371200000,1541,0,36921,36919,43,7.7,619657
1786150701,2031300,14240,83886080,16433123328,1541,0,36925,36925,38,7.7,619416
1786150711,2024408,14240,83886080,16486653952,1541,0,36929,36929,48,7.7,621515
1786150721,2023128,14240,83886080,16539131904,1541,0,36937,36937,32,7.7,622024
1786150731,2033512,14240,83886080,16591618048,1541,0,36941,36941,40,7.7,621586
1786150741,2023716,14240,83886080,16644108288,1541,0,36947,36946,46,7.7,620892
1786150751,2024828,14240,83886080,16697643008,1541,0,36954,36953,39,7.7,617972
1786150761,2032924,14240,83886080,16742780928,1541,0,36958,36958,43,7.7,619294
1786150771,2025268,14240,83886080,16792109056,1541,0,36966,36966,32,7.7,619639
1786150781,2026932,14240,83886080,16835141632,1541,0,36970,36970,36,7.7,617939
1786150792,2034232,14240,83886080,16875028480,1541,0,36974,36974,44,7.7,617979
1786150802,2027948,14240,83886080,15846420480,1541,0,36982,36982,37,7.7,622318
1786150812,2029148,14240,83886080,15881064448,1541,0,36987,36987,37,7.7,617949
1786150822,2028432,14240,83886080,15916752896,1541,0,36991,36991,47,7.7,617852
1786150832,2029316,14240,83886080,15966081024,1541,0,36999,36999,36,7.7,620741
1786150842,2031844,14240,83886080,15997571072,1541,0,37003,37003,47,7.7,620360
1786150852,2023168,14240,83886080,16030105600,1541,0,37008,37008,45,7.7,621802
1786150862,2030904,14240,83886080,16066846720,1541,0,37015,37015,39,7.7,621172
1786150872,2032232,14240,83886080,16097284096,1541,0,37020,37020,42,7.7,621726
1786150882,2025344,14240,83886080,15052914688,1541,0,37028,37028,30,7.7,618095
1786150892,2028236,14240,83886080,15082303488,1540,0,37032,37032,41,7.7,622856
1786150902,2033232,14240,83886080,15107493888,1540,0,37037,37037,43,7.7,619715
1786150912,2027136,14240,83886080,15143178240,1540,0,37044,37044,37,7.7,618075
1786150923,2038084,14240,83886080,15182020608,1540,0,37049,37049,44,7.7,619834
1786150933,2042472,14240,83886080,15212457984,1540,0,37053,37053,52,7.7,618030
1786150943,2028916,14240,83886080,15252340736,1540,0,37061,37061,36,7.7,618738
1786150953,2035980,14240,83886080,15295369216,1540,0,37066,37066,43,7.7,623415
1786150963,2027500,14240,83886080,15330013184,1540,0,37073,37073,33,7.7,619324
1786150973,2033900,14240,83886080,15373045760,1540,0,37078,37078,40,7.7,617981
1786150983,2025048,14240,83886080,15411875840,1540,0,37082,37082,48,7.7,621153
1786150993,2023792,14240,83886080,15425523712,1540,0,37086,37086,47,7.7,621910
1786151003,2036308,14240,83886080,15466479616,1540,0,37090,37090,43,7.7,619302
1786151014,2024664,14240,83886080,14432612352,1540,0,37096,37096,42,7.7,620262
1786151025,2023340,14240,83886080,14461997056,1540,0,37098,37098,55,7.7,626747
1786151035,2038104,14240,83886080,14484041728,1540,0,37102,37102,58,7.7,620630
1786151045,2024268,14240,83886080,14527094784,1540,0,37110,37110,33,7.7,619391
1786151055,2037552,14240,83886080,14569074688,1540,0,37114,37114,44,7.7,617969
1786151065,2036376,14240,83886080,14600564736,1540,0,37119,37119,47,7.7,626516
1786151075,2025856,14240,83886080,14640455680,1540,0,37127,37127,33,7.7,618033
1786151085,2038352,14240,83886080,14682427392,1540,0,37131,37131,45,7.7,619057
1786151095,2024088,14240,83886080,14688735232,1540,0,37131,37131,61,7.7,630312
1786151105,2028436,14240,83886080,13647499264,1540,0,37139,37139,40,7.7,622127
1786151116,2039860,14240,83886080,13684240384,1540,0,37143,37143,49,7.7,617944
1786151126,2024312,14240,83886080,13710479360,1540,0,37147,37147,55,7.7,619994
1786151136,2029340,14240,83886080,13720977408,1540,0,37151,37151,53,7.7,620100
1786151146,2041500,14240,83886080,13756661760,1539,0,37155,37155,48,7.7,621037
1786151156,2023004,14240,83886080,13788151808,1539,0,37163,37163,33,7.7,626446
1786151166,2025240,14240,83886080,13805993984,1539,0,37163,37163,57,7.7,619712
1786151176,2042192,14240,83886080,13831184384,1539,0,37167,37167,59,7.7,620460
1786151186,2027512,14240,83886080,13865820160,1539,0,37175,37175,37,7.7,618698
1786151196,2034928,14240,83886080,13903605760,1539,0,37180,37180,43,7.7,620425
1786151207,2025688,14240,83886080,13928796160,1539,0,37184,37184,52,7.7,621477
1786151217,2025176,14240,83886080,13937197056,1539,0,37192,37192,36,7.7,621864
1786151227,2023808,14240,83886080,13944537088,1539,0,37197,37197,41,7.7,619679
1786151237,2024252,14240,83886080,13950836736,1539,0,37204,37204,31,7.7,617926
1786151247,2024272,14240,83886080,13963431936,1539,0,37209,37209,39,7.7,621588
1786151257,2023812,14240,83886080,13970780160,1539,0,37216,37216,33,7.7,621316
1786151267,2023476,14240,83886080,13974982656,1539,0,37220,37220,34,7.7,617945
1786151277,2024104,14240,83886080,13984428032,1539,0,37224,37224,40,7.7,621285
1786151287,2022864,14240,83886080,14002266112,1539,0,37229,37229,46,7.7,617890
1786151297,2023620,14240,83886080,14010662912,1539,0,37237,37237,34,7.7,620998
1786151307,2023804,14240,83886080,14026407936,1539,0,37241,37241,39,7.7,619396
1786151318,2025720,14240,83886080,14039003136,1539,0,37245,37245,48,7.7,621227
1786151328,2023960,14240,83886080,14051602432,1539,0,37253,37252,38,7.7,620240
1786151338,2024860,14240,83886080,14068396032,1539,0,37257,37257,39,7.7,619360
1786151348,2023252,14240,83886080,14078889984,1539,0,37262,37262,44,7.7,624495
1786151358,2024192,14240,83886080,14090436608,1539,0,37269,37269,40,7.7,619549
1786151368,2024508,14240,83886080,14106177536,1539,0,37274,37274,40,7.7,620911
1786151378,2024868,14240,83886080,14119821312,1539,0,37282,37282,35,7.7,620273
1786151388,2024288,14240,83886080,14135566336,1539,0,37287,37287,42,7.7,620406
1786151398,2023948,14240,83886080,14139764736,1539,0,37290,37290,42,7.7,620332
1786151408,2024744,14240,83886080,14155509760,1539,0,37298,37298,32,7.7,620865
1786151418,2024580,14240,83886080,14167056384,1539,0,37302,37302,45,7.7,619868
1786151429,2025128,14240,83886080,14185947136,1539,0,37310,37310,31,7.7,624491
1786151439,2023792,14240,83886080,14199599104,1539,0,37314,37314,41,7.7,619531
1786151449,2025880,14240,83886080,14209044480,1539,0,37318,37318,45,7.7,617894
1786151459,2024064,14240,83886080,14227931136,1539,0,37326,37326,33,7.7,618750
1786151469,2025000,14240,83886080,14233182208,1539,0,37330,37330,43,7.7,617952
1786151479,2024028,14240,83886080,14244724736,1539,0,37336,37336,41,7.7,617932
1786151489,2025392,14240,83886080,14253125632,1539,0,37343,37343,37,7.7,621052
1786151499,2023392,14240,83886080,14259421184,1539,0,37350,37350,33,7.7,622224
1786151509,2024352,14240,83886080,14262571008,1539,0,37355,37355,39,7.7,619121
1786151519,2023240,14240,83886080,14272020480,1539,0,37363,37363,34,7.7,618892
1786151529,2024060,14240,83886080,14279368704,1539,0,37368,37368,40,7.7,620921
1786151539,2024616,14240,83886080,14282514432,1539,0,37375,37374,39,7.7,619591
1786151549,2023560,14240,83886080,14291959808,1539,0,37380,37380,43,7.7,617932
1786151559,2024172,14240,83886080,14294056960,1539,0,37388,37388,33,7.7,618690
1786151570,2024828,14240,83886080,14298251264,1539,0,37392,37392,41,7.7,620276
1786151580,2024124,14240,83886080,14301405184,1539,0,37400,37400,32,7.7,617898
1786151590,2024152,14240,83886080,14303502336,1539,0,37404,37404,41,7.7,617883
1786151600,2024304,14240,83886080,14305603584,1539,0,37410,37410,41,7.7,618041
1786151610,2023556,14240,83886080,14306652160,1539,0,37415,37415,32,7.7,620504
1786151620,2025728,14240,83886080,14308753408,1539,0,37420,37420,39,7.7,617880
1786151630,2024448,14240,83886080,14308753408,1539,0,37424,37424,41,7.7,618951
1786151640,2024692,14240,83886080,14312951808,1539,0,37428,37428,41,7.7,619063
1786151650,2024064,14240,83886080,14315053056,1539,0,37433,37433,46,7.7,619881
1786151661,2023856,14240,83886080,14318198784,1539,0,37440,37440,37,7.7,620339
1786151671,2025196,14240,83886080,14322397184,1539,0,37445,37445,41,7.7,618844
1786151681,2024420,14240,83886080,14326591488,1539,0,37452,37452,36,7.7,622695
1786151691,2024192,14240,83886080,14329741312,1539,0,37457,37457,44,7.7,618403
1786151701,2024364,14240,83886080,14336045056,1539,0,37465,37465,35,7.7,617949
1786151711,2024552,14240,83886080,14341287936,1539,0,37470,37470,43,7.7,619748
1786151721,2023616,14240,83886080,14348640256,1539,0,37477,37477,39,7.7,627344
1786151731,2023604,14240,83886080,14357037056,1539,0,37482,37482,44,7.7,620884
1786151741,2024088,14240,83886080,14373826560,1539,0,37489,37489,38,7.7,617964
1786151751,2024348,14240,83886080,14385373184,1539,0,37494,37494,43,7.7,617940
1786151761,2023788,14240,83886080,14393769984,1539,0,37501,37501,39,7.7,619573
1786151772,2025980,14240,83886080,14404263936,1539,0,37507,37507,39,7.7,618030
1786151782,2024872,14240,83886080,14415810560,1539,0,37514,37514,35,7.7,617942
1786151792,2024852,14240,83886080,14425255936,1539,0,37518,37518,47,7.7,625295
1786151802,2024856,14240,83886080,14439956480,1539,0,37526,37526,36,7.7,621764
1786151812,2029232,14240,83886080,14469341184,1539,0,37532,37532,37,7.7,619831
1786151822,2025592,14240,83886080,14475636736,1539,0,37532,37532,52,7.7,618956
1786151832,2027416,14240,83886080,14520774656,1539,0,37540,37540,36,7.7,620093
1786151842,2036536,14240,83886080,14558560256,1539,0,37544,37544,48,7.7,619785
1786151852,2027396,14240,83886080,14605791232,1539,0,37552,37552,35,7.7,617944
1786151862,2032148,14240,83886080,14637277184,1539,0,37557,37557,40,7.7,619660
1786151872,2028156,14240,83886080,14671912960,1538,0,37564,37564,37,7.7,618041
1786151883,2032236,14240,83886080,14704451584,1538,0,37569,37569,42,7.7,619323
1786151893,2026136,14240,83886080,14734893056,1538,0,37576,37576,34,7.7,620011
1786151903,2030504,14240,83886080,14766379008,1538,0,37581,37581,41,7.7,622089
1786151913,2023908,14240,83886080,14798917632,1538,0,37585,37585,48,7.7,621840
1786151923,2025644,14240,83886080,14836699136,1538,0,37593,37593,33,7.7,619770
1786151933,2028328,14240,83886080,14865039360,1538,0,37598,37598,36,7.7,621594
1786151943,2026744,14240,83886080,14892331008,1538,0,37603,37603,44,7.7,620590
1786151953,2029376,14240,83886080,14919626752,1538,0,37610,37610,37,7.7,618588
1786151963,2033456,14240,83886080,14944813056,1538,0,37615,37615,45,7.7,618335
1786151973,2023652,14240,83886080,14968946688,1538,0,37623,37623,34,7.7,620213
1786151983,2028740,14240,83886080,15000440832,1538,0,37627,37627,42,7.7,620396
1786151994,2029772,14240,83886080,15016181760,1538,0,37631,37631,50,7.7,620242
1786152004,2023720,14240,83886080,15039275008,1538,0,37638,37637,44,7.7,622170
1786152014,2030156,14240,83886080,15069712384,1538,0,37643,37643,40,7.7,620107
1786152024,2024424,14240,83886080,15100149760,1538,0,37650,37649,41,7.7,621564
1786152034,2025656,14240,83886080,15134789632,1538,0,37656,37656,35,7.7,617962
1786152044,2035368,14240,83886080,15165227008,1538,0,37660,37660,45,7.7,622819
1786152054,2028216,14240,83886080,15200919552,1538,0,37668,37668,35,7.7,617938
1786152064,2026908,14240,83886080,15228203008,1537,0,37673,37673,38,7.7,622361
1786152074,2027272,14240,83886080,15256543232,1537,0,37678,37678,43,7.7,619732
1786152084,2030244,14240,83886080,15295377408,1537,0,37685,37685,40,7.7,618547
1786152094,2023340,14240,83886080,15320567808,1537,0,37689,37689,48,7.7,624635
1786152105,2032444,14240,83886080,15341559808,1537,0,37693,37693,49,7.7,618843
1786152115,2023796,14240,83886080,15377248256,1537,0,37701,37701,31,7.7,620242
1786152125,2031032,14240,83886080,15418183680,1537,0,37705,37705,41,7.7,618881
1786152135,2033472,14240,83886080,15444418560,1537,0,37710,37710,46,7.7,618433
1786152145,2025048,14240,83886080,15487451136,1537,0,37717,37717,39,7.7,617856
1786152155,2034772,14240,83886080,15524192256,1537,0,37722,37722,46,7.7,620735
1786152165,2024304,14240,83886080,15553581056,1537,0,37726,37726,53,7.7,621336
1786152176,2030000,14240,83886080,15599763456,1537,0,37734,37734,39,7.7,618042
1786152186,2024324,14240,83886080,15632297984,1537,0,37739,37739,41,7.7,619088
1786152196,2024796,14240,83886080,15686877184,1537,0,37746,37746,34,7.7,617985
1786152206,2031496,14240,83886080,15724666880,1537,0,37751,37751,42,7.7,620356
1786152216,2024072,14240,83886080,14687653888,1537,0,37755,37755,51,7.7,625774
1786152226,2026688,14240,83886080,14733832192,1537,0,37763,37763,34,7.7,622498
1786152236,2033528,14240,83886080,14770569216,1537,0,37768,37768,42,7.7,620152
1786152246,2024872,14240,83886080,14807306240,1537,0,37774,37773,47,7.7,619879
1786152256,2029452,14240,83886080,14853484544,1537,0,37780,37780,38,7.7,618261
1786152266,2025036,14240,83886080,14887071744,1537,0,37785,37785,44,7.7,622664
1786152276,2023712,14240,83886080,13849026560,1537,0,37792,37792,39,7.7,619642
1786152286,2032632,14240,83886080,13881556992,1537,0,37796,37796,43,7.7,617886
1786152296,2024336,14240,83886080,13917249536,1537,0,37804,37804,30,7.7,618320
1786152307,2027248,14240,83886080,13945602048,1537,0,37808,37808,41,7.7,623084
1786152317,2035924,14240,83886080,13973934080,1537,0,37812,37812,47,7.7,617899
1786152327,2025648,14240,83886080,14004379648,1537,0,37820,37820,34,7.7,622233
1786152337,2030276,14240,83886080,14025355264,1537,0,37824,37824,45,7.7,620007
1786152347,2023520,14240,83886080,14049497088,1537,0,37830,37830,39,7.7,617976
1786152357,2033380,14240,83886080,14078885888,1537,0,37836,37836,42,7.7,620242
1786152367,2024156,14240,83886080,14086234112,1537,0,37837,37837,57,7.7,624976
1786152377,2025152,14240,83886080,14111424512,1537,0,37845,37845,36,7.7,617946
1786152387,2032020,14240,83886080,14140813312,1537,0,37850,37850,41,7.7,620604
1786152397,2024680,14240,83886080,14167056384,1537,0,37854,37854,50,7.7,617935
1786152408,2028624,14240,83886080,14203789312,1537,0,37862,37862,37,7.7,621431
1786152418,2024940,14240,83886080,14245773312,1537,0,37867,37867,43,7.7,618133
1786152428,2024496,14240,83886080,14277263360,1537,0,37872,37872,45,7.7,617967
1786152438,2028760,14240,83886080,14294056960,1537,0,37878,37878,30,7.7,626797
1786152448,2036676,14240,83886080,14334988288,1537,0,37882,37882,46,7.7,619215
1786152458,2030708,14240,83886080,14382223360,1537,0,37890,37890,36,7.7,623245
1786152468,2033552,14240,83886080,14415806464,1537,0,37895,37895,42,7.7,620048
1786152479,2027772,14240,83886080,14463041536,1537,0,37902,37902,33,7.7,620648
1786152489,2036304,14240,83886080,14506074112,1537,0,37907,37907,40,7.7,619977
1786152499,2023044,14240,83886080,14516568064,1537,0,37908,37908,51,7.7,617986
1786152509,2026016,14240,83886080,14560653312,1537,0,37915,37915,36,7.7,621401
1786152519,2038040,14240,83886080,14602637312,1537,0,37920,37920,44,7.7,620987
1786152529,2025612,14240,83886080,14636224512,1537,0,37924,37924,52,7.7,634989
1786152539,2028304,14240,83886080,14656167936,1537,0,37929,37929,42,7.7,618011
1786152550,2027332,14240,83886080,14701301760,1537,0,37933,37933,47,7.7,620238
1786152560,2026296,14240,83886080,14749581312,1537,0,37941,37941,35,7.7,620877
1786152570,2031416,14240,83886080,14793662464,1537,0,37945,37945,42,7.7,631242
1786152580,2024476,14240,83886080,14836699136,1537,0,37950,37950,44,7.7,619779
1786152590,2032320,14240,83886080,14894424064,1537,0,37957,37957,38,7.7,619329
1786152600,2033280,14240,83886080,14933258240,1537,0,37962,37962,41,7.7,623188
1786152610,2023288,14240,83886080,14983643136,1537,0,37970,37970,31,7.7,627693
1786152620,2036832,14240,83886080,15034019840,1537,0,37974,37974,41,7.7,618046
1786152630,2038260,14240,83886080,15073906688,1537,0,37979,37979,44,7.7,619881
1786152640,2026604,14240,83886080,15126384640,1537,0,37987,37987,34,7.7,617959
1786152650,2039568,14240,83886080,15167320064,1537,0,37991,37991,44,7.7,617992
1786152661,2025600,14240,83886080,15198810112,1537,0,37999,37998,37,7.7,626460
1786152671,2031196,14240,83886080,15248138240,1537,0,38004,38004,38,7.7,618009
1786152681,2026288,14240,83886080,15295373312,1537,0,38011,38011,31,7.7,627345
1786152691,2033636,14240,83886080,15331057664,1537,0,38016,38016,38,7.7,619652
1786152701,2023688,14240,83886080,15386685440,1537,0,38023,38023,34,7.7,621063
1786152711,2025108,14240,83886080,15421325312,1537,0,38028,38028,41,7.7,619764
1786152721,2023820,14240,83886080,15441268736,1537,0,38036,38036,31,7.7,617987
1786152731,2025056,14240,83886080,15460163584,1537,0,38040,38040,39,7.7,619811
1786152741,2023436,14240,83886080,15480102912,1537,0,38046,38046,41,7.7,623787
1786152751,2025704,14240,83886080,15502147584,1538,0,38052,38052,39,7.7,617923
1786152761,2023856,14240,83886080,15527333888,1538,0,38060,38060,32,7.7,618354
1786152771,2023984,14240,83886080,15551479808,1538,0,38065,38065,36,7.7,619599
1786152781,2024600,14240,83886080,15565123584,1538,0,38070,38070,42,7.7,625505
1786152792,2023588,14240,83886080,15597654016,1538,0,38078,38078,33,7.7,617981
1786152802,2025476,14240,83886080,15607103488,1538,0,38082,38082,42,7.7,620973
1786152812,2024200,14240,83886080,15616552960,1538,0,38086,38086,48,7.7,618099
1786152822,2024812,14240,83886080,15633346560,1538,0,38094,38094,34,7.7,623177
1786152832,2023716,14240,83886080,15640694784,1538,0,38098,38098,42,7.7,619060
1786152842,2025508,14240,83886080,15645954048,1538,0,38103,38103,43,7.7,617884
1786152852,2024536,14240,83886080,15651196928,1538,0,38110,38110,36,7.7,617890
1786152862,2023996,14240,83886080,15653298176,1538,0,38115,38115,41,7.7,620015
1786152872,2023996,14240,83886080,15656448000,1538,0,38121,38121,41,7.7,621928
1786152882,2025260,14240,83886080,15659593728,1538,0,38127,38127,41,7.7,624037
1786152892,2024756,14240,83886080,15662747648,1538,0,38133,38133,41,7.7,622786
1786152902,2023516,14240,83886080,15663796224,1538,0,38135,38135,48,7.7,621399
1786152913,2024008,14240,83886080,15663796224,1538,0,38139,38139,45,7.7,621362
1786152923,2025296,14240,83886080,15666946048,1538,0,38143,38143,43,7.7,618917
1786152933,2024792,14240,83886080,15670095872,1538,0,38148,38148,48,7.7,617990
1786152943,2024736,14240,83886080,15674290176,1538,0,38156,38156,34,7.7,619846
1786152953,2025876,14240,83886080,15675338752,1538,0,38160,38160,44,7.7,617969
1786152964,2022940,14240,83886080,15680585728,1538,0,38166,38165,47,7.7,627383
1786152974,2025216,14240,83886080,15684788224,1538,0,38172,38172,40,7.7,617946
1786152984,2023196,14240,83886080,15691083776,1538,0,38178,38177,47,7.7,618456
1786152994,2024704,14240,83886080,15692136448,1538,0,38180,38180,53,7.7,626612
1786153004,2023680,14240,83886080,15695298560,1538,0,38184,38184,60,7.7,618440
1786153014,2024864,14240,83886080,15706841088,1538,0,38192,38192,36,7.7,617925
1786153024,2025344,14240,83886080,15718387712,1538,0,38197,38197,42,7.7,619613
1786153034,2023768,14240,83886080,15722586112,1539,0,38200,38200,43,7.7,621332
1786153045,2025000,14240,83886080,15734132736,1539,0,38208,38208,33,7.7,627170
1786153055,2024172,14240,83886080,15748825088,1539,0,38213,38213,39,7.7,618034
1786153065,2023300,14240,83886080,15758270464,1539,0,38218,38218,45,7.7,617914
1786153075,2024668,14240,83886080,15770865664,1539,0,38226,38226,34,7.7,621120
1786153085,2026064,14240,83886080,15777161216,1539,0,38230,38230,45,7.7,618946
1786153095,2023568,14240,83886080,15788707840,1539,0,38238,38237,41,7.7,626257
1786153105,2024652,14240,83886080,15807606784,1539,0,38243,38243,36,7.7,620895
1786153115,2023608,14240,83886080,15819149312,1539,0,38247,38247,49,7.7,617933
1786153125,2024984,14240,83886080,15836991488,1539,0,38255,38255,38,7.7,620702
1786153135,2024004,14240,83886080,15846440960,1539,0,38259,38259,50,7.7,622994
1786153145,2024676,14240,83886080,15864279040,1539,0,38267,38267,37,7.7,619344
1786153155,2024420,14240,83886080,15873728512,1539,0,38272,38272,42,7.7,620065
1786153166,2024560,14240,83886080,15885271040,1539,0,38279,38277,44,7.7,623671
1786153176,2024384,14240,83886080,15905210368,1539,0,38284,38284,39,7.7,617891
1786153187,2024524,14240,83886080,15917809664,1539,0,38288,38288,47,7.7,627818
1786153197,2024636,14240,83886080,15930404864,1539,0,38292,38292,45,7.7,618189
1786153207,2025656,14240,83886080,15939854336,1539,0,38296,38296,48,7.7,617997
1786153217,2024588,14240,83886080,14877646848,1540,0,38304,38304,32,7.7,619761
1786153227,2023424,14240,83886080,14884995072,1540,0,38309,38309,37,7.7,621198
1786153237,2025144,14240,83886080,13811232768,1540,0,38313,38313,48,7.7,622030
1786153247,2024116,14240,83886080,13815431168,1540,0,38321,38321,36,7.7,620682
1786153257,2026660,14240,83886080,13818585088,1540,0,38325,38325,46,7.7,623041
1786153267,2023764,14240,83886080,13820682240,1540,0,38333,38333,34,7.7,617977
1786153277,2024928,14240,83886080,13824876544,1540,0,38338,38338,40,7.7,619258
1786153288,2024752,14240,83886080,13826973696,1540,0,38345,38345,36,7.7,620025
1786153298,2025452,14240,83886080,13828022272,1540,0,38349,38349,48,7.7,619953
1786153308,2024116,14240,83886080,13831176192,1540,0,38357,38357,35,7.7,619307
1786153318,2036300,14240,83886080,13856370688,1540,0,38362,38362,41,7.7,617943
1786153328,2026676,14240,83886080,13876310016,1540,0,38369,38369,34,7.7,623291
1786153338,2025300,14240,83886080,13893103616,1540,0,38374,38374,41,7.7,622964
1786153348,2029128,14240,83886080,13919346688,1539,0,38381,38381,35,7.7,619730
1786153358,2023204,14240,83886080,13928787968,1539,0,38383,38383,49,7.7,621378
1786153368,2024836,14240,83886080,13944537088,1539,0,38387,38387,58,7.7,625249
1786153379,2025580,14240,83886080,13974970368,1539,0,38395,38395,34,7.7,617979
1786153389,2034572,14240,83886080,14005411840,1539,0,38399,38399,44,7.7,620896
1786153399,2024588,14240,83886080,14028505088,1539,0,38404,38404,47,7.7,617934
1786153409,2027400,14240,83886080,14038999040,1539,0,38408,38408,44,7.7,620114
1786153419,2036332,14240,83886080,14068387840,1539,0,38412,38412,47,7.7,623762
1786153429,2025724,14240,83886080,14099869696,1539,0,38420,38420,34,7.7,617980
1786153439,2027680,14240,83886080,14124015616,1539,0,38425,38425,39,7.7,621320
1786153449,2026708,14240,83886080,14156554240,1539,0,38429,38429,45,7.7,620270
1786153459,2029108,14240,83886080,14189092864,1539,0,38437,38437,36,7.7,617971
1786153470,2023256,14240,83886080,14201683968,1539,0,38438,38438,50,7.7,620339
1786153480,2025172,14240,83886080,14222680064,1539,0,38446,38444,40,7.7,617896
1786153490,2032336,14240,83886080,14258364416,1539,0,38450,38450,40,7.7,618501
1786153500,2024188,14240,83886080,14291951616,1539,0,38456,38455,46,7.7,619517
1786153510,2032052,14240,83886080,14324490240,1539,0,38462,38462,42,7.7,619322
1786153520,2024740,14240,83886080,14361227264,1539,0,38470,38470,34,7.7,619851
1786153530,2032428,14240,83886080,14400061440,1539,0,38475,38475,40,7.7,622693
1786153541,2026024,14240,83886080,14423154688,1539,0,38479,38479,53,7.7,624145
1786153551,2028616,14240,83886080,14469332992,1539,0,38487,38487,38,7.7,622855
1786153561,2030856,14240,83886080,14507122688,1539,0,38491,38491,48,7.7,618793
1786153571,2024488,14240,83886080,14556450816,1539,0,38499,38499,31,7.7,618949
1786153581,2031276,14240,83886080,14601584640,1539,0,38504,38504,37,7.7,620348
1786153591,2025344,14240,83886080,14647762944,1539,0,38508,38508,48,7.7,628898
1786153602,2027696,14240,83886080,14699196416,1539,0,38516,38516,35,7.7,617937
1786153612,2024592,14240,83886080,14741180416,1539,0,38523,38523,33,7.7,618020
1786153622,2030368,14240,83886080,14786314240,1539,0,38528,38528,41,7.7,628100
1786153632,2025892,14240,83886080,14832496640,1539,0,38536,38536,32,7.7,617967
1786153642,2029472,14240,83886080,14863978496,1539,0,38540,38540,43,7.7,621293
1786153652,2024584,14240,83886080,14901772288,1539,0,38548,38548,34,7.7,627016
1786153662,2026892,14240,83886080,14942703616,1539,0,38552,38552,44,7.7,622593
1786153672,2027588,14240,83886080,14994132992,1539,0,38560,38560,32,7.7,620555
1786153682,2025468,14240,83886080,15027720192,1539,0,38564,38564,42,7.7,618361
1786153693,2026880,14240,83886080,15050813440,1539,0,38568,38568,39,7.7,620259
1786153703,2036988,14240,83886080,15093846016,1539,0,38572,38572,43,7.7,619461
1786153713,2023140,14240,83886080,15128489984,1539,0,38576,38576,50,7.7,618460
1786153723,2026316,14240,83886080,15137931264,1539,0,38580,38580,48,7.7,617951
1786153733,2024740,14240,83886080,15167320064,1539,0,38585,38585,44,7.7,618029
1786153743,2030344,14240,83886080,15203004416,1539,0,38592,38592,38,7.7,620361
1786153753,2023764,14240,83886080,15229247488,1538,0,38596,38596,49,7.7,617917
1786153763,2027312,14240,83886080,15262830592,1539,0,38604,38604,35,7.7,617952
1786153773,2031560,14240,83886080,15295373312,1538,0,38609,38609,42,7.7,618056
1786153783,2024008,14240,83886080,15319511040,1539,0,38616,38616,37,7.7,617920
1786153794,2032540,14240,83886080,15349952512,1538,0,38621,38621,40,7.7,622065
1786153804,2023844,14240,83886080,15377240064,1538,0,38629,38629,31,7.7,617941
1786153814,2025104,14240,83886080,15399280640,1538,0,38634,38634,36,7.7,620387
1786153824,2031924,14240,83886080,15429718016,1538,0,38639,38639,40,7.7,619944
1786153834,2029196,14240,83886080,15464353792,1538,0,38646,38646,37,7.7,617978
1786153844,2030980,14240,83886080,15481151488,1538,0,38650,38650,46,7.7,617939
1786153854,2024748,14240,83886080,15515787264,1538,0,38655,38655,45,7.7,619780
1786153864,2027752,14240,83886080,15546224640,1538,0,38663,38663,35,7.7,620109
1786153874,2028208,14240,83886080,15566168064,1538,0,38668,38668,38,7.7,619278
1786153884,2025976,14240,83886080,15591358464,1538,0,38675,38675,34,7.7,623500
1786153895,2032992,14240,83886080,15615496192,1538,0,38680,38680,42,7.7,620220
1786153905,2024060,14240,83886080,15621799936,1538,0,38683,38683,50,7.7,620201
1786153915,2022624,14240,83886080,15649087488,1538,0,38691,38691,32,7.7,617983
1786153925,2032448,14240,83886080,15676370944,1538,0,38695,38695,43,7.7,618026
1786153935,2024704,14240,83886080,15697367040,1538,0,38700,38700,46,7.7,624133
1786153945,2027224,14240,83886080,15728852992,1538,0,38708,38708,35,7.7,621079
1786153955,2035968,14240,83886080,15759290368,1538,0,38712,38712,46,7.7,618046
1786153965,2023540,14240,83886080,15786586112,1538,0,38717,38716,55,7.7,627410
1786153975,2030612,14240,83886080,15825416192,1538,0,38724,38724,40,7.7,617993
1786153985,2024756,14240,83886080,15863209984,1538,0,38728,38728,50,7.7,621589
1786153996,2024564,14240,83886080,15898890240,1538,0,38734,38733,48,7.7,620358
1786154006,2029112,14240,83886080,15947173888,1538,0,38741,38741,37,7.7,619121
1786154016,2026744,14240,83886080,15987056640,1538,0,38748,38747,38,7.7,618174
1786154026,2026692,14240,83886080,16021696512,1538,0,38753,38753,39,7.7,618467
1786154036,2027976,14240,83886080,16043737088,1538,0,38757,38757,37,7.7,618078
1786154046,2024292,14240,83886080,16059482112,1538,0,38757,38757,54,7.7,619237
1786154056,2024208,14240,83886080,16066830336,1538,0,38761,38761,46,7.7,622536
1786154066,2023636,14240,83886080,16074170368,1537,0,38762,38762,52,7.7,627001
1786154077,2027760,14240,83886080,16126656512,1537,0,38770,38770,36,7.7,621448
1786154087,2037452,14240,83886080,16164442112,1537,0,38774,38774,47,7.7,618006
1786154097,2024372,14240,83886080,16188579840,1537,0,38778,38778,48,7.7,618064
1786154108,2024408,14240,83886080,16237916160,1537,0,38786,38786,32,7.7,619215
1786154118,2026744,14240,83886080,16280948736,1537,0,38790,38790,39,7.7,618908
1786154128,2032912,14240,83886080,16318730240,1537,0,38794,38794,44,7.7,620057
1786154138,2023924,14240,83886080,16359665664,1537,0,38799,38799,45,7.7,617987
1786154148,2024536,14240,83886080,16405852160,1537,0,38806,38806,35,7.7,618007
1786154158,2033860,14240,83886080,16449933312,1537,0,38811,38811,40,7.7,620232
1786154168,2024224,14240,83886080,16502411264,1537,0,38819,38819,31,7.7,618027
1786154178,2027284,14240,83886080,16544399360,1537,0,38823,38823,38,7.7,619765
1786154188,2035480,14240,83886080,16597921792,1537,0,38828,38828,43,7.7,624456
1786154198,2024812,14240,83886080,16650436608,1537,0,38836,38836,32,7.7,621552
1786154209,2025564,14240,83886080,16668286976,1537,0,38837,38837,50,7.7,631387
1786154220,2023752,14240,83886080,16693477376,1537,0,38845,38845,31,7.7,618512
1786154230,2024556,14240,83886080,16719716352,1537,0,38849,38849,39,7.7,617906
1786154240,2023916,14240,83886080,16740704256,1537,0,38856,38856,35,7.7,619949
1786154250,2023868,14240,83886080,16773246976,1537,0,38863,38863,32,7.7,617918
1786154260,2025072,14240,83886080,16803684352,1537,0,38869,38869,34,7.7,621070
1786154270,2023788,14240,83886080,16828878848,1537,0,38874,38874,42,7.7,617945
1786154280,2023640,14240,83886080,16854065152,1537,0,38878,38878,40,7.7,618006
1786154290,2025428,14240,83886080,16881356800,1537,0,38882,38882,46,7.7,622079
1786154300,2024236,14240,83886080,16929636352,1538,0,38890,38890,33,7.7,617943
1786154311,2024800,14240,83886080,16942231552,1538,0,38894,38894,41,7.7,621586
1786154321,2024988,14240,83886080,16973721600,1538,0,38901,38899,45,7.7,618090
1786154331,2024476,14240,83886080,17010458624,1538,0,38907,38907,36,7.7,620965
1786154341,2024124,14240,83886080,17033547776,1538,0,38912,38912,41,7.7,622980
1786154351,2024844,14240,83886080,17065037824,1538,0,38919,38919,35,7.7,621326
1786154361,2023188,14240,83886080,17087074304,1538,0,38926,38926,32,7.7,617935
1786154371,2024024,14240,83886080,17096523776,1538,0,38927,38927,50,7.7,628777
1786154381,2025520,14240,83886080,17116467200,1538,0,38932,38932,47,7.7,623136
1786154391,2024304,14240,83886080,17139556352,1538,0,38939,38939,35,7.7,622787
1786154401,2025344,14240,83886080,17153204224,1538,0,38944,38944,40,7.7,617981
1786154412,2024380,14240,83886080,17167900672,1538,0,38948,38948,50,7.7,618031
1786154422,2024904,14240,83886080,17186787328,1538,0,38956,38956,35,7.7,620860
1786154432,2024580,14240,83886080,17203585024,1538,0,38960,38960,43,7.7,619083
1786154442,2025480,14240,83886080,17219330048,1538,0,38964,38964,46,7.7,621661
1786154452,2024484,14240,83886080,17235070976,1538,0,38968,38968,49,7.7,621557
1786154463,2024452,14240,83886080,17239269376,1538,0,38968,38968,58,7.7,625516
1786154473,2023736,14240,83886080,17258160128,1538,0,38972,38972,59,7.7,631341
1786154483,2023172,14240,83886080,17264463872,1538,0,38976,38976,38,7.7,618017
1786154496,2024528,14240,83886080,17267609600,1538,0,38976,38976,56,7.7,630051
1786154506,2023176,14240,83886080,17272856576,1538,0,38976,38976,65,7.7,620350
1786154516,2024448,14240,83886080,16211697664,1538,0,38984,38982,45,7.7,620034
1786154526,2024488,14240,83886080,16226390016,1538,0,38988,38988,38,7.7,623104
1786154536,2024364,14240,83886080,16238989312,1538,0,38993,38993,44,7.7,617878
1786154546,2025036,14240,83886080,16257875968,1539,0,39000,39000,35,7.7,622603
1786154556,2024828,14240,83886080,15193575424,1539,0,39005,39005,43,7.7,617982
1786154566,2023668,14240,83886080,15207219200,1539,0,39013,39013,31,7.7,618394
1786154576,2024544,14240,83886080,15216664576,1539,0,39017,39017,42,7.7,619836
1786154586,2024056,14240,83886080,15233458176,1539,0,39025,39025,32,7.7,620180
1786154596,2025380,14240,83886080,15245000704,1539,0,39030,39030,37,7.7,620368
1786154607,2023912,14240,83886080,15259697152,1539,0,39037,39037,33,7.7,619363
1786154617,2024220,14240,83886080,15274393600,1539,0,39042,39042,39,7.7,619142
1786154627,2024164,14240,83886080,15284887552,1539,0,39049,39049,36,7.7,617979
1786154637,2024472,14240,83886080,15296434176,1539,0,39054,39054,42,7.7,619298
1786154647,2023384,14240,83886080,15315324928,1539,0,39062,39062,33,7.7,624293
1786154657,2024764,14240,83886080,15323721728,1539,0,39066,39066,45,7.7,624581
1786154667,2025272,14240,83886080,15337369600,1539,0,39070,39070,44,7.7,621280
1786154677,2024588,14240,83886080,15343669248,1539,0,39074,39074,47,7.7,622789
1786154687,2025152,14240,83886080,14278299648,1539,0,39082,39082,35,7.7,617885
1786154697,2023364,14240,83886080,14280400896,1539,0,39086,39085,45,7.7,621917
1786154708,2024520,14240,83886080,13207695360,1539,0,39090,39090,45,7.7,617915
1786154718,2024420,14240,83886080,13210841088,1539,0,39098,39098,37,7.7,622079
1786154728,2024560,14240,83886080,13215039488,1539,0,39102,39102,46,7.7,627376
1786154738,2023684,14240,83886080,13215039488,1539,0,39105,39104,53,7.7,620226
1786154748,2024852,14240,83886080,13218193408,1539,0,39110,39110,40,7.7,619172
1786154758,2023592,14240,83886080,13221343232,1539,0,39116,39115,45,7.7,619910
1786154768,2024620,14240,83886080,13224488960,1539,0,39122,39122,40,7.7,621864
1786154778,2023756,14240,83886080,13224488960,1539,0,39122,39122,60,7.7,619562
1786154789,2025816,14240,83886080,13227634688,1539,0,39130,39130,38,7.7,619353
1786154799,2024720,14240,83886080,13229731840,1539,0,39135,39135,42,7.7,618741
1786154809,2022744,14240,83886080,13233930240,1539,0,39142,39142,35,7.7,621255
1786154819,2033044,14240,83886080,13247578112,1539,0,39147,39147,38,7.7,617985
1786154829,2025056,14240,83886080,13274865664,1539,0,39155,39155,29,7.7,619297
1786154839,2026084,14240,83886080,13297958912,1539,0,39159,39159,39,7.7,620114
1786154849,2030532,14240,83886080,13325246464,1539,0,39165,39165,38,7.7,619234
1786154859,2031864,14240,83886080,13353586688,1539,0,39171,39171,39,7.7,620308
1786154869,2029956,14240,83886080,13374578688,1539,0,39177,39177,40,7.7,620376
1786154879,2026480,14240,83886080,13401870336,1539,0,39183,39183,41,7.7,620949
1786154889,2026456,14240,83886080,13428113408,1539,0,39191,39191,34,7.7,617984
1786154900,2025784,14240,83886080,13453295616,1539,0,39195,39195,44,7.7,625858
1786154910,2024708,14240,83886080,13459607552,1539,0,39199,39199,43,7.7,618843
1786154920,2033908,14240,83886080,13492154368,1539,0,39203,39203,43,7.7,618689
1786154930,2033332,14240,83886080,13514190848,1539,0,39208,39208,46,7.7,621386
1786154940,2027492,14240,83886080,13544632320,1539,0,39215,39215,35,7.7,618029
1786154950,2035896,14240,83886080,13563527168,1539,0,39219,39219,43,7.7,623841
1786154960,2025428,14240,83886080,13592932352,1539,0,39227,39227,34,7.7,619918
1786154970,2030652,14240,83886080,13622325248,1539,0,39231,39231,43,7.7,625192
1786154980,2024872,14240,83886080,13650661376,1539,0,39239,39239,30,7.7,617940
1786154991,2029620,14240,83886080,13688446976,1539,0,39244,39244,37,7.7,619967
1786155001,2037032,14240,83886080,13719937024,1539,0,39248,39248,49,7.7,621766
1786155011,2025732,14240,83886080,13748277248,1538,0,39256,39256,32,7.7,618310
1786155021,2032240,14240,83886080,13785014272,1538,0,39261,39261,39,7.7,619766
1786155031,2027448,14240,83886080,13819650048,1538,0,39268,39268,37,7.7,618493
1786155041,2032884,14240,83886080,13852184576,1538,0,39273,39273,42,7.7,619093
1786155051,2025928,14240,83886080,13888921600,1538,0,39281,39281,32,7.7,620194
1786155061,2031028,14240,83886080,13923561472,1538,0,39286,39286,38,7.7,622331
1786155071,2027396,14240,83886080,13957144576,1538,0,39293,39293,36,7.7,619229
1786155081,2027180,14240,83886080,13989687296,1538,0,39298,39298,44,7.7,617978
1786155091,2028272,14240,83886080,14023270400,1538,0,39306,39306,36,7.7,621144
1786155102,2023960,14240,83886080,14027468800,1538,0,39306,39306,54,7.7,619616
1786155112,2029568,14240,83886080,14063153152,1538,0,39314,39314,40,7.7,621308
1786155122,2024404,14240,83886080,14095695872,1538,0,39319,39319,43,7.7,617942
1786155132,2026004,14240,83886080,14128230400,1538,0,39326,39326,39,7.7,618550
1786155142,2033884,14240,83886080,14162870272,1538,0,39331,39331,43,7.7,620142
1786155152,2025752,14240,83886080,14189109248,1538,0,39339,39339,34,7.7,619257
1786155162,2028132,14240,83886080,14215348224,1538,0,39343,39343,41,7.7,617994
1786155172,2031980,14240,83886080,14247886848,1538,0,39348,39348,45,7.7,619461
1786155182,2029712,14240,83886080,14278328320,1538,0,39355,39355,39,7.7,620929
1786155192,2031028,14240,83886080,14305615872,1537,0,39360,39360,43,7.7,622140
1786155202,2025460,14240,83886080,14335004672,1537,0,39368,39368,31,7.7,627432
1786155212,2035856,14240,83886080,14369640448,1537,0,39372,39372,43,7.7,619601
1786155223,2032932,14240,83886080,14394834944,1537,0,39377,39377,50,7.7,618059
1786155233,2028076,14240,83886080,14418968576,1537,0,39385,39385,37,7.7,620119
1786155243,2037060,14240,83886080,14452555776,1537,0,39389,39389,47,7.7,619996
1786155253,2023160,14240,83886080,14475649024,1537,0,39394,39394,48,7.7,619063
1786155263,2031232,14240,83886080,14505037824,1537,0,39401,39401,40,7.7,622498
1786155273,2024904,14240,83886080,14531276800,1537,0,39407,39407,41,7.7,617978
1786155283,2026496,14240,83886080,14552268800,1537,0,39414,39414,35,7.7,618849
1786155293,2033528,14240,83886080,14577459200,1537,0,39419,39419,42,7.7,620494
1786155303,2023976,14240,83886080,14596354048,1537,0,39425,39425,41,7.7,620319
1786155313,2026148,14240,83886080,14601601024,1537,0,39429,39429,40,7.7,620503
1786155324,2033320,14240,83886080,14627844096,1537,0,39434,39434,42,7.7,617917
1786155334,2025660,14240,83886080,14651981824,1537,0,39441,39441,39,7.7,619794
1786155344,2024280,14240,83886080,14663528448,1537,0,39442,39442,55,7.7,624567
1786155354,2024508,14240,83886080,14682419200,1537,0,39446,39446,61,7.7,617936
1786155364,2029880,14240,83886080,14709710848,1536,0,39454,39454,38,7.7,617965
1786155374,2024204,14240,83886080,14735949824,1536,0,39459,39459,45,7.7,618536
1786155384,2026068,14240,83886080,14766391296,1536,0,39466,39466,36,7.7,619086
1786155394,2034788,14240,83886080,14796828672,1536,0,39471,39471,42,7.7,617931
1786155404,2023812,14240,83886080,14824120320,1536,0,39478,39478,36,7.7,617935
1786155415,2026868,14240,83886080,14838808576,1536,0,39482,39482,37,7.7,618849
1786155425,2033672,14240,83886080,14877646848,1536,0,39487,39486,43,7.7,622668
1786155435,2027352,14240,83886080,14918582272,1536,0,39494,39494,33,7.7,620551
1786155445,2030332,14240,83886080,14949015552,1536,0,39499,39499,39,7.7,618086
1786155455,2023980,14240,83886080,14986809344,1536,0,39504,39504,42,7.7,618596
1786155465,2032800,14240,83886080,15034036224,1536,0,39511,39511,39,7.7,620154
1786155475,2037176,14240,83886080,15064473600,1536,0,39516,39516,43,7.7,618930
1786155485,2026344,14240,83886080,15104356352,1536,0,39524,39524,32,7.7,619941
1786155495,2034816,14240,83886080,15140048896,1536,0,39529,39529,38,7.7,619683
1786155505,2025792,14240,83886080,15180980224,1536,0,39536,39536,30,7.7,617979
1786155515,2030908,14240,83886080,15224020992,1536,0,39541,39541,37,7.7,617916
1786155526,2026724,14240,83886080,15272296448,1536,0,39548,39548,33,7.7,620701
1786155536,2026988,14240,83886080,15313231872,1536,0,39553,39553,36,7.7,617959
1786155546,2036008,14240,83886080,15356264448,1536,0,39557,39557,43,7.7,621079
1786155556,2024656,14240,83886080,15411888128,1536,0,39565,39565,31,7.7,617965
1786155566,2027692,14240,83886080,15447580672,1536,0,39569,39569,38,7.7,619830
1786155576,2036732,14240,83886080,15496912896,1536,0,39574,39574,42,7.7,620896
1786155586,2026100,14240,83886080,15552544768,1536,0,39582,39582,31,7.7,620199
1786155596,2031964,14240,83886080,15587176448,1536,0,39586,39586,40,7.7,619766
1786155606,2026580,14240,83886080,15635451904,1536,0,39594,39594,34,7.7,618867
1786155616,2027476,14240,83886080,15677444096,1536,0,39600,39600,36,7.7,619699
1786155627,2025648,14240,83886080,15707881472,1536,0,39603,39603,47,7.7,617973
1786155637,2035476,14240,83886080,15740416000,1536,0,39607,39607,48,7.7,621855
1786155647,2025232,14240,83886080,15763509248,1536,0,39611,39611,33,7.7,619500
1786155658,2024628,14240,83886080,15787651072,1536,0,39611,39611,52,7.7,626529
1786155668,2024400,14240,83886080,15827533824,1536,0,39615,39615,51,7.7,619081
1786155678,2027352,14240,83886080,15884214272,1536,0,39623,39623,32,7.7,620836
1786155688,2038364,14240,83886080,15936696320,1536,0,39627,39627,43,7.7,620741
1786155698,2025104,14240,83886080,16000720896,1536,0,39635,39635,32,7.7,618140
1786155708,2028784,14240,83886080,16042704896,1536,0,39639,39639,36,7.7,617970
1786155718,2030412,14240,83886080,16082591744,1536,0,39643,39643,44,7.7,619948
1786155728,2024764,14240,83886080,16117223424,1536,0,39651,39651,31,7.7,619990
1786155738,2026028,14240,83886080,16138211328,1536,0,39655,39655,39,7.7,619609
1786155748,2025856,14240,83886080,16163409920,1536,0,39660,39660,41,7.7,620429
1786155758,2024492,14240,83886080,16199090176,1537,0,39668,39668,33,7.7,623698
1786155769,2024552,14240,83886080,16207491072,1537,0,39669,39669,49,7.7,631210
1786155779,2024372,14240,83886080,16225333248,1537,0,39676,39675,36,7.7,620801
1786155789,2025704,14240,83886080,16244228096,1537,0,39681,39681,39,7.7,617946
1786155799,2024972,14240,83886080,16265220096,1537,0,39689,39689,31,7.7,618599
1786155809,2024812,14240,83886080,16288313344,1537,0,39695,39695,36,7.7,620084
1786155819,2026032,14240,83886080,16315596800,1537,0,39701,39701,35,7.7,618523
1786155830,2025052,14240,83886080,16337641472,1537,0,39707,39707,35,7.7,618892
1786155840,2024572,14240,83886080,16357580800,1537,0,39713,39713,34,7.7,621528
1786155850,2026156,14240,83886080,16381722624,1537,0,39719,39719,38,7.7,618003
1786155860,2025488,14240,83886080,16394317824,1537,0,39725,39723,48,7.7,624984
1786155870,2025708,14240,83886080,16414265344,1537,0,39731,39731,38,7.7,619448
1786155880,2023924,14240,83886080,16430006272,1537,0,39737,39737,37,7.7,619665
1786155890,2025904,14240,83886080,16448901120,1538,0,39743,39743,38,7.7,617899
1786155900,2025260,14240,83886080,16459399168,1538,0,39747,39747,37,7.7,623166
1786155910,2026960,14240,83886080,16470941696,1538,0,39751,39751,42,7.7,621921
1786155920,2024124,14240,83886080,16482488320,1538,0,39759,39759,30,7.7,621752
1786155930,2025856,14240,83886080,16484585472,1538,0,39760,39760,51,7.7,623119
1786155941,2026716,14240,83886080,16489836544,1538,0,39764,39764,55,7.7,621845
1786155951,2024808,14240,83886080,16494034944,1538,0,39772,39772,31,7.7,618000
1786155961,2026172,14240,83886080,16497184768,1538,0,39776,39776,42,7.7,617933
1786155971,2025564,14240,83886080,16502427648,1538,0,39780,39780,47,7.7,619955
1786155981,2024404,14240,83886080,16510824448,1538,0,39788,39788,31,7.7,617938
1786155991,2025160,14240,83886080,15445471232,1538,0,39792,39792,40,7.7,619261
1786156001,2026108,14240,83886080,15452823552,1538,0,39797,39797,43,7.7,621299
1786156011,2026292,14240,83886080,15463317504,1538,0,39804,39804,38,7.7,620396
1786156022,2026380,14240,83886080,15474860032,1538,0,39809,39809,44,7.7,621672
1786156032,2025248,14240,83886080,15482208256,1538,0,39813,39813,51,7.7,619775
1786156042,2024028,14240,83886080,14424199168,1538,0,39821,39821,37,7.7,617936
1786156052,2027084,14240,83886080,14429442048,1538,0,39825,39825,46,7.7,620655
1786156062,2023788,14240,83886080,14434689024,1538,0,39829,39829,47,7.7,617972
1786156072,2025440,14240,83886080,14446239744,1538,0,39837,39837,31,7.7,620027
1786156082,2025776,14240,83886080,14458830848,1538,0,39841,39841,42,7.7,621932
1786156092,2025848,14240,83886080,14469320704,1538,0,39845,39845,51,7.7,622143
1786156102,2025072,14240,83886080,14490316800,1538,0,39853,39853,34,7.7,618845
1786156112,2024644,14240,83886080,14501863424,1538,0,39857,39857,43,7.7,617914
1786156123,2026048,14240,83886080,14510260224,1538,0,39861,39861,52,7.7,624671
1786156133,2025944,14240,83886080,14514462720,1538,0,39869,39869,38,7.7,617884
1786156143,2026140,14240,83886080,14521802752,1538,0,39873,39873,47,7.7,619893
1786156153,2026456,14240,83886080,14524956672,1538,0,39879,39879,43,7.7,621213
1786156163,2025748,14240,83886080,14529150976,1538,0,39883,39883,43,7.7,621349
1786156173,2027304,14240,83886080,14533349376,1538,0,39887,39887,46,7.7,618369
1786156183,2025880,14240,83886080,14540701696,1538,0,39895,39895,38,7.7,622425
1786156193,2025712,14240,83886080,14546993152,1538,0,39899,39899,48,7.7,617896
1786156204,2025972,14240,83886080,14555394048,1538,0,39903,39903,43,7.7,617905
1786156214,2026616,14240,83886080,14562738176,1538,0,39908,39908,41,7.7,622361
1786156224,2025532,14240,83886080,14578483200,1538,0,39915,39915,39,7.7,618118
1786156234,2026204,14240,83886080,14591074304,1538,0,39920,39920,44,7.7,617887
1786156244,2025060,14240,83886080,14594228224,1538,0,39920,39920,60,7.7,620962
1786156254,2025228,14240,83886080,14608920576,1538,0,39928,39928,35,7.7,619187
1786156264,2026596,14240,83886080,14617321472,1538,0,39933,39933,42,7.7,617956
1786156274,2026192,14240,83886080,14632013824,1538,0,39940,39940,35,7.7,619860
1786156284,2026060,14240,83886080,14643556352,1539,0,39945,39945,41,7.7,619682
1786156294,2025692,14240,83886080,14649856000,1539,0,39953,39952,37,7.7,620413
1786156305,2024784,14240,83886080,14658252800,1539,0,39957,39957,42,7.7,617972
1786156315,2025692,14240,83886080,14664552448,1539,0,39962,39962,50,7.7,618615
1786156325,2030244,14240,83886080,14698147840,1539,0,39970,39970,38,7.7,620870
1786156335,2027204,14240,83886080,14732795904,1539,0,39975,39975,43,7.7,629671
1786156345,2025492,14240,83886080,14734897152,1539,0,39979,39979,39,7.7,618030
1786156355,2033156,14240,83886080,14766387200,1539,0,39984,39984,41,7.7,621208
1786156365,2028484,14240,83886080,14794723328,1539,0,39991,39991,35,7.7,620666
1786156375,2025660,14240,83886080,14818865152,1539,0,39997,39997,37,7.7,620532
1786156385,2026476,14240,83886080,14838804480,1539,0,40001,40001,41,7.7,618006
1786156395,2037124,14240,83886080,14857699328,1539,0,40005,40005,45,7.7,619150
1786156405,2024644,14240,83886080,14871351296,1539,0,40009,40009,45,7.7,617930
1786156416,2025092,14240,83886080,14896537600,1539,0,40017,40017,32,7.7,622224
1786156426,2034696,14240,83886080,14934319104,1539,0,40021,40021,42,7.7,618547
1786156436,2025956,14240,83886080,14966857728,1539,0,40025,40025,52,7.7,620942
1786156446,2025820,14240,83886080,14997299200,1539,0,40033,40033,38,7.7,619627
1786156456,2034040,14240,83886080,15034032128,1538,0,40037,40037,43,7.7,619701
1786156466,2024444,14240,83886080,15070769152,1538,0,40042,40042,47,7.7,619578
1786156477,2026804,14240,83886080,15091761152,1538,0,40049,40049,41,7.7,621371
1786156487,2034684,14240,83886080,15135842304,1538,0,40054,40054,42,7.7,618039
1786156497,2024672,14240,83886080,14095683584,1538,0,40062,40062,34,7.7,617963
1786156507,2029896,14240,83886080,14121922560,1538,0,40066,40066,43,7.7,619083
1786156517,2024408,14240,83886080,14156562432,1538,0,40074,40074,31,7.7,623893
1786156527,2035536,14240,83886080,14186999808,1538,0,40078,40078,41,7.7,618780
1786156537,2025956,14240,83886080,14218485760,1539,0,40086,40086,30,7.7,619974
1786156547,2031908,14240,83886080,14262579200,1539,0,40090,40090,42,7.7,617996
1786156557,2026700,14240,83886080,14299312128,1539,0,40098,40096,43,7.7,619722
1786156568,2029608,14240,83886080,14331863040,1539,0,40103,40103,37,7.7,619077
1786156578,2024628,14240,83886080,14364405760,1539,0,40107,40107,49,7.7,622750
1786156588,2030200,14240,83886080,13310595072,1539,0,40115,40115,38,7.7,621113
1786156598,2031592,14240,83886080,13335785472,1539,0,40120,40120,43,7.7,617946
1786156608,2028264,14240,83886080,13362028544,1539,0,40127,40127,35,7.7,626453
1786156618,2033296,14240,83886080,13393510400,1538,0,40132,40132,40,7.7,619913
1786156628,2037748,14240,83886080,13417652224,1538,0,40136,40136,50,7.7,625970
1786156638,2025960,14240,83886080,13440749568,1538,0,40143,40141,50,7.7,618069
1786156649,2032992,14240,83886080,13471182848,1538,0,40148,40148,41,7.7,620959
1786156659,2035968,14240,83886080,13495320576,1538,0,40152,40152,49,7.7,617898
1786156669,2025268,14240,83886080,13522616320,1538,0,40160,40160,31,7.7,619870
1786156679,2034328,14240,83886080,13553049600,1538,0,40164,40164,42,7.7,619489
1786156689,2038924,14240,83886080,13576142848,1538,0,40168,40168,52,7.7,619890
1786156699,2029008,14240,83886080,13603430400,1538,0,40176,40176,35,7.7,621186
1786156709,2034288,14240,83886080,13631774720,1538,0,40180,40180,46,7.7,621930
1786156719,2025604,14240,83886080,13652766720,1538,0,40188,40188,32,7.7,618021
1786156729,2031380,14240,83886080,13675855872,1538,0,40192,40192,44,7.7,620285
1786156739,2025136,14240,83886080,13703151616,1538,0,40197,40197,46,7.7,621108
1786156750,2027648,14240,83886080,13726236672,1538,0,40204,40204,36,7.7,619418
1786156760,2035652,14240,83886080,13750378496,1538,0,40209,40209,43,7.7,619521
1786156770,2026292,14240,83886080,13765074944,1538,0,40217,40217,34,7.7,620720
1786156780,2025132,14240,83886080,13766123520,1538,0,40218,40217,56,7.7,623190
1786156790,2030600,14240,83886080,13793411072,1538,0,40225,40225,40,7.7,619364
1786156800,2025396,14240,83886080,13818601472,1538,0,40230,40230,45,7.7,618036
1786156810,2030644,14240,83886080,13843791872,1537,0,40237,40237,40,7.7,618385
1786156820,2024208,14240,83886080,13847990272,1537,0,40237,40237,59,7.7,617930
1786156830,2029968,14240,83886080,13875277824,1537,0,40245,40245,37,7.7,620354
1786156840,2025480,14240,83886080,13903622144,1537,0,40250,40250,45,7.7,617980
1786156851,2024936,14240,83886080,13922512896,1537,0,40255,40255,47,7.7,618399
1786156861,2035184,14240,83886080,13935108096,1537,0,40259,40259,49,7.7,622860
1786156871,2026976,14240,83886080,13960286208,1537,0,40267,40267,36,7.7,619419
1786156881,2031328,14240,83886080,13989675008,1537,0,40271,40271,46,7.7,617962
1786156891,2033932,14240,83886080,14008565760,1537,0,40277,40277,44,7.7,618032
1786156901,2026000,14240,83886080,14036910080,1537,0,40285,40285,33,7.7,621300
1786156911,2028836,14240,83886080,14071545856,1537,0,40289,40289,45,7.7,623784
1786156921,2026024,14240,83886080,14109331456,1537,0,40297,40297,31,7.7,620067
1786156932,2038800,14240,83886080,14150266880,1537,0,40301,40301,45,7.7,619879
1786156942,2024524,14240,83886080,14181752832,1537,0,40307,40307,44,7.7,619518
1786156952,2033140,14240,83886080,14225833984,1537,0,40314,40314,38,7.7,620412
1786156962,2030064,14240,83886080,14270971904,1537,0,40321,40321,35,7.7,619374
1786156972,2025972,14240,83886080,14310850560,1536,0,40327,40327,35,7.7,619647
1786156982,2040584,14240,83886080,14353887232,1536,0,40331,40331,44,7.7,617962
1786156992,2026784,14240,83886080,14402170880,1536,0,40339,40339,35,7.7,621160
1786157002,2029016,14240,83886080,14446252032,1536,0,40344,40344,38,7.7,618026
1786157012,2028428,14240,83886080,14487187456,1536,0,40348,40348,46,7.7,624359
1786157022,2031552,14240,83886080,14544920576,1536,0,40356,40356,36,7.7,619150
1786157032,2033700,14240,83886080,14587949056,1536,0,40360,40360,44,7.7,627670
1786157042,2026992,14240,83886080,14648827904,1536,0,40368,40367,37,7.7,621971
1786157053,2033820,14240,83886080,14714953728,1536,0,40373,40373,36,7.7,619840
1786157063,2024520,14240,83886080,14732795904,1536,0,40374,40374,47,7.7,617931
1786157073,2027312,14240,83886080,14799966208,1536,0,40382,40382,34,7.7,620150
1786157083,2038676,14240,83886080,14854549504,1536,0,40386,40386,43,7.7,617969
1786157093,2025204,14240,83886080,14910173184,1536,0,40391,40391,47,7.7,625771
1786157103,2029144,14240,83886080,14978400256,1536,0,40399,40399,35,7.7,618911
1786157114,2029864,14240,83886080,15032983552,1536,0,40403,40403,47,7.7,618461
1786157124,2026584,14240,83886080,15087558656,1536,0,40411,40411,35,7.7,618795
1786157134,2036524,14240,83886080,15152635904,1536,0,40415,40415,42,7.7,621048
1786157144,2025476,14240,83886080,15208259584,1536,0,40423,40423,29,7.7,619111
1786157154,2026604,14240,83886080,15263895552,1536,0,40428,40428,35,7.7,618466
1786157164,2023804,14240,83886080,15300632576,1536,0,40431,40431,39,7.7,629421
1786157174,2044172,14240,83886080,15340515328,1536,0,40435,40435,43,7.7,619076
1786157184,2027568,14240,83886080,15399292928,1536,0,40443,40443,36,7.7,619670
1786157194,2023996,14240,83886080,15416086528,1536,0,40443,40443,52,7.7,618419
1786157205,2026056,14240,83886080,15470661632,1537,0,40451,40451,31,7.7,620232
1786157215,2036876,14240,83886080,15542034432,1537,0,40455,40455,40,7.7,620232
1786157225,2024516,14240,83886080,15577722880,1537,0,40460,40460,48,7.7,618021
1786157235,2024816,14240,83886080,15619706880,1537,0,40468,40468,35,7.7,621685
1786157245,2024744,14240,83886080,15644901376,1537,0,40472,40472,47,7.7,618008
1786157255,2025912,14240,83886080,15676387328,1537,0,40480,40480,35,7.7,619180
1786157265,2026596,14240,83886080,15688982528,1537,0,40484,40484,43,7.7,618071
1786157275,2025880,14240,83886080,15719419904,1537,0,40492,40492,34,7.7,618324
1786157285,2025572,14240,83886080,15742513152,1536,0,40497,40497,37,7.7,619673
1786157296,2024808,14240,83886080,15759302656,1536,0,40502,40502,41,7.7,617927
1786157306,2025004,14240,83886080,15784497152,1536,0,40509,40509,39,7.7,622148
1786157316,2025960,14240,83886080,15788691456,1536,0,40512,40512,46,7.7,620594
1786157326,2024860,14240,83886080,15803392000,1536,0,40520,40520,30,7.7,618059
1786157336,2026944,14240,83886080,15822282752,1536,0,40524,40524,41,7.7,623552
1786157346,2024936,14240,83886080,15841173504,1536,0,40531,40530,42,7.7,625851
1786157356,2024372,14240,83886080,15846420480,1536,0,40536,40536,33,7.7,621709
1786157366,2026396,14240,83886080,15856914432,1536,0,40540,40540,40,7.7,618148
1786157376,2025776,14240,83886080,15866359808,1536,0,40545,40545,46,7.7,618321
1786157386,2025716,14240,83886080,15874760704,1536,0,40552,40552,41,7.7,617969
1786157396,2025888,14240,83886080,15878959104,1536,0,40557,40557,43,7.7,618088
1786157406,2026072,14240,83886080,15882108928,1536,0,40565,40565,31,7.7,617999
1786157417,2025188,14240,83886080,15885254656,1536,0,40569,40569,43,7.7,624229
1786157427,2027252,14240,83886080,15887355904,1536,0,40573,40573,47,7.7,625603
1786157437,2025836,14240,83886080,15889453056,1536,0,40581,40581,35,7.7,620824
1786157447,2025532,14240,83886080,15896797184,1536,0,40586,40586,41,7.7,620233
1786157457,2026164,14240,83886080,15909396480,1536,0,40593,40593,34,7.7,620636
1786157467,2024720,14240,83886080,15917793280,1536,0,40598,40598,40,7.7,617972
1786157477,2025600,14240,83886080,15929339904,1536,0,40606,40606,33,7.7,619681
1786157487,2025956,14240,83886080,15938785280,1536,0,40611,40611,39,7.7,617928
1786157497,2025460,14240,83886080,15954530304,1536,0,40618,40618,36,7.7,621012
1786157507,2025464,14240,83886080,15961874432,1536,0,40624,40624,38,7.7,619458
1786157517,2025100,14240,83886080,15977619456,1536,0,40631,40631,36,7.7,624626
1786157528,2025468,14240,83886080,15993368576,1536,0,40638,40638,33,7.7,618272
1786157538,2024552,14240,83886080,16003858432,1536,0,40643,40643,41,7.7,619846
1786157548,2026004,14240,83886080,16019607552,1536,0,40651,40651,30,7.7,619729
1786157558,2025616,14240,83886080,16039546880,1537,0,40656,40656,38,7.7,617952
1786157569,2026292,14240,83886080,16052142080,1537,0,40659,40659,46,7.7,626944
1786157579,2024944,14240,83886080,16077336576,1537,0,40667,40667,32,7.7,619129
1786157589,2025928,14240,83886080,16095174656,1537,0,40671,40671,41,7.7,621696
1786157599,2026036,14240,83886080,16116170752,1537,0,40678,40677,43,7.7,618054
1786157610,2025984,14240,83886080,16135057408,1537,0,40683,40683,28,7.7,621797
1786157620,2025536,14240,83886080,16152903680,1537,0,40687,40687,41,7.7,626298
1786157630,2025640,14240,83886080,16173891584,1537,0,40695,40695,30,7.7,618047
1786157640,2024396,14240,83886080,16182296576,1537,0,40695,40695,53,7.7,619841
1786157650,2024872,14240,83886080,16199086080,1537,0,40699,40699,58,7.7,620976
1786157660,2025648,14240,83886080,16224280576,1537,0,40707,40707,36,7.7,619647
1786157670,2026272,14240,83886080,16242122752,1537,0,40711,40711,47,7.7,622997
1786157680,2024868,14240,83886080,16247369728,1537,0,40712,40712,56,7.7,617955
1786157691,2026012,14240,83886080,16267309056,1537,0,40720,40720,36,7.7,620408
1786157701,2026764,14240,83886080,16279908352,1537,0,40724,40724,44,7.7,621705
1786157711,2025592,14240,83886080,16294600704,1537,0,40732,40732,33,7.7,622504
1786157721,2026076,14240,83886080,16305098752,1537,0,40737,40737,38,7.7,617962
1786157731,2025028,14240,83886080,16322936832,1537,0,40744,40744,34,7.7,617952
1786157741,2026300,14240,83886080,16334487552,1537,0,40749,40749,41,7.7,620362
1786157751,2024956,14240,83886080,16338681856,1537,0,40749,40749,53,7.7,618513
1786157761,2025380,14240,83886080,16359673856,1537,0,40757,40757,36,7.7,617953
1786157771,2026860,14240,83886080,16376467456,1537,0,40762,40762,40,7.7,620822
1786157781,2025376,14240,83886080,16388014080,1538,0,40769,40769,38,7.7,619632
1786157791,2027000,14240,83886080,16404811776,1538,0,40774,40774,43,7.7,624902
1786157801,2025364,14240,83886080,16418455552,1538,0,40780,40780,40,7.7,619315
1786157811,2025544,14240,83886080,16438394880,1538,0,40786,40786,37,7.7,618475
1786157822,2029972,14240,83886080,16457285632,1538,0,40791,40791,42,7.7,618626
1786157832,2024720,14240,83886080,16500322304,1538,0,40799,40799,31,7.7,618050
1786157842,2034372,14240,83886080,16548597760,1538,0,40803,40803,40,7.7,617944
1786157852,2036760,14240,83886080,16586391552,1538,0,40807,40807,49,7.7,621350
1786157862,2026076,14240,83886080,16634671104,1538,0,40815,40815,31,7.7,618044
1786157872,2033452,14240,83886080,16675602432,1538,0,40819,40819,41,7.7,618430
1786157882,2026444,14240,83886080,16709193728,1538,0,40825,40825,41,7.7,617971
1786157892,2031948,14240,83886080,16761671680,1538,0,40832,40832,37,7.7,619805
1786157902,2027760,14240,83886080,16805769216,1538,0,40839,40839,35,7.7,622817
1786157912,2032904,14240,83886080,16842522624,1538,0,40845,40845,36,7.7,619936
1786157922,2028964,14240,83886080,16893960192,1539,0,40852,40852,34,7.7,617975
1786157933,2033292,14240,83886080,16929652736,1539,0,40857,40857,39,7.7,617939
1786157943,2027312,14240,83886080,16968482816,1539,0,40864,40864,30,7.7,628281
1786157953,2031092,14240,83886080,17015717888,1539,0,40869,40869,38,7.7,622096
1786157963,2028200,14240,83886080,15984992256,1539,0,40873,40873,48,7.7,629212
1786157973,2027688,14240,83886080,16041668608,1539,0,40881,40881,35,7.7,617973
1786157983,2039280,14240,83886080,16085757952,1539,0,40885,40885,44,7.7,624697
1786157993,2025892,14240,83886080,16121442304,1539,0,40893,40893,36,7.7,617963
1786158004,2029964,14240,83886080,16166580224,1539,0,40898,40898,39,7.7,619506
1786158014,2030892,14240,83886080,16223248384,1539,0,40905,40905,38,7.7,619473
1786158024,2026364,14240,83886080,15172591616,1539,0,40909,40908,45,7.7,633858
1786158034,2037984,14240,83886080,15196729344,1539,0,40913,40913,44,7.7,620161
1786158044,2030620,14240,83886080,15232417792,1539,0,40921,40921,35,7.7,618343
1786158054,2024656,14240,83886080,15263924224,1539,0,40925,40925,45,7.7,622453
1786158064,2028032,14240,83886080,15309058048,1539,0,40933,40933,34,7.7,617966
1786158075,2034400,14240,83886080,14264696832,1539,0,40937,40937,45,7.7,619946
1786158085,2026444,14240,83886080,14293037056,1539,0,40945,40945,36,7.7,623065
1786158095,2030740,14240,83886080,14332915712,1539,0,40950,40950,38,7.7,619836
1786158105,2028868,14240,83886080,14365474816,1539,0,40956,40955,44,7.7,620347
1786158115,2025052,14240,83886080,14400114688,1539,0,40962,40962,38,7.7,621090
1786158125,2033832,14240,83886080,14434746368,1539,0,40966,40966,45,7.7,619773
1786158135,2025500,14240,83886080,14462038016,1539,0,40970,40970,54,7.7,617919
1786158145,2026528,14240,83886080,13407178752,1539,0,40978,40978,36,7.7,619797
1786158155,2035236,14240,83886080,13436563456,1539,0,40982,40982,45,7.7,620035
1786158165,2026076,14240,83886080,13459656704,1539,0,40990,40990,33,7.7,618767
1786158175,2024760,14240,83886080,13472247808,1539,0,40990,40990,55,7.7,618763
1786158186,2024340,14240,83886080,13491146752,1539,0,40995,40995,52,7.7,619000
1786158196,2025224,14240,83886080,13507940352,1539,0,40999,40999,52,7.7,618003
1786158206,2028608,14240,83886080,13514231808,1539,0,41003,41003,52,7.7,617998
1786158216,2025600,14240,83886080,13529980928,1539,0,41007,41007,52,7.7,617997
1786158226,2032404,14240,83886080,13540474880,1539,0,41011,41011,47,7.7,618791
1786158236,2038200,14240,83886080,13563568128,1539,0,41015,41015,51,7.7,620438
1786158246,2026180,14240,83886080,13586657280,1539,0,41023,41023,34,7.7,617945
1786158256,2023412,14240,83886080,13603450880,1539,0,41023,41023,60,7.7,617917
1786158267,2041480,14240,83886080,13620248576,1539,0,41027,41027,65,7.7,618585
1786158277,2026960,14240,83886080,13645434880,1539,0,41035,41035,37,7.7,626462
1786158287,2036780,14240,83886080,13666426880,1538,0,41039,41039,46,7.7,617954
1786158297,2024792,14240,83886080,13671673856,1538,0,41042,41040,60,7.7,618014
1786158307,2029116,14240,83886080,13695815680,1538,0,41048,41048,37,7.7,623840
1786158318,2025276,14240,83886080,13721006080,1538,0,41054,41054,39,7.7,620217
1786158328,2030672,14240,83886080,13744095232,1538,0,41060,41060,39,7.7,624982
1786158338,2025020,14240,83886080,13746196480,1538,0,41064,41064,39,7.7,618789
1786158348,2031084,14240,83886080,13774536704,1538,0,41068,41068,42,7.7,619487
1786158358,2025660,14240,83886080,13799727104,1538,0,41073,41073,46,7.7,621100
1786158368,2024564,14240,83886080,13818621952,1538,0,41077,41077,53,7.7,620856
1786158378,2033716,14240,83886080,13829115904,1538,0,41081,41081,52,7.7,620694
1786158388,2026148,14240,83886080,13854302208,1538,0,41089,41089,29,7.7,617938
1786158398,2034612,14240,83886080,13881597952,1538,0,41093,41093,44,7.7,621217
1786158408,2036548,14240,83886080,13902585856,1538,0,41098,41098,46,7.7,619082
1786158419,2026520,14240,83886080,13927776256,1538,0,41106,41106,34,7.7,617969
1786158429,2040404,14240,83886080,13965565952,1538,0,41110,41110,47,7.7,620484
1786158439,2043380,14240,83886080,13997047808,1538,0,41114,41114,53,7.7,619545
1786158449,2028984,14240,83886080,14033788928,1538,0,41122,41122,35,7.7,620158
1786158459,2036696,14240,83886080,14071570432,1538,0,41127,41127,41,7.7,620199
1786158469,2028820,14240,83886080,14105165824,1537,0,41131,41131,48,7.7,618079
1786158479,2031836,14240,83886080,14146093056,1537,0,41139,41139,37,7.7,620145
1786158489,2037980,14240,83886080,14185975808,1537,0,41143,41143,48,7.7,620378
1786158499,2026116,14240,83886080,14223769600,1537,0,41151,41151,32,7.7,627278
1786158509,2035756,14240,83886080,14264700928,1537,0,41156,41156,39,7.7,618022
1786158519,2028080,14240,83886080,14309834752,1537,0,41163,41163,33,7.7,625388
1786158530,2032636,14240,83886080,14361264128,1537,0,41169,41169,37,7.7,622371
1786158540,2035496,14240,83886080,14428434432,1537,0,41175,41175,39,7.7,620501
1786158550,2024884,14240,83886080,14473572352,1537,0,41181,41181,39,7.7,618003
1786158560,2030456,14240,83886080,14531297280,1537,0,41188,41188,35,7.7,620285
1786158570,2029396,14240,83886080,14584827904,1537,0,41195,41195,33,7.7,624185
1786158580,2027128,14240,83886080,14635212800,1537,0,41201,41201,35,7.7,619705
1786158590,2031972,14240,83886080,14683488256,1537,0,41207,41207,37,7.7,619471
1786158600,2034444,14240,83886080,14730719232,1537,0,41213,41213,38,7.7,619399
1786158610,2025560,14240,83886080,14754861056,1537,0,41217,41217,44,7.7,620282
1786158621,2043256,14240,83886080,14792650752,1537,0,41221,41221,47,7.7,621782
1786158631,2025008,14240,83886080,14849327104,1537,0,41229,41229,34,7.7,622735
1786158641,2039272,14240,83886080,14894460928,1537,0,41233,41233,44,7.7,621727
1786158651,2039012,14240,83886080,14940643328,1537,0,41237,41237,50,7.7,619426
1786158661,2029976,14240,83886080,14988926976,1537,0,41245,41245,36,7.7,624082
1786158671,2040040,14240,83886080,15040356352,1537,0,41250,41250,41,7.7,618033
1786158681,2029572,14240,83886080,15090737152,1537,0,41257,41257,33,7.7,620330
1786158691,2038720,14240,83886080,15139020800,1537,0,41262,41262,41,7.7,623896
1786158701,2026028,14240,83886080,15178899456,1537,0,41268,41267,46,7.7,618170
1786158711,2031492,14240,83886080,15221940224,1537,0,41275,41275,34,7.7,619410
1786158721,2027032,14240,83886080,15256571904,1537,0,41280,41280,40,7.7,619318
1786158732,2024980,14240,83886080,15270215680,1537,0,41287,41287,37,7.7,624298
1786158742,2025564,14240,83886080,15288061952,1537,0,41294,41294,32,7.7,623667
1786158752,2025092,14240,83886080,15298560000,1537,0,41300,41300,37,7.7,619980
1786158762,2026396,14240,83886080,15303806976,1537,0,41307,41307,34,7.7,618003
1786158772,2026512,14240,83886080,15313252352,1537,0,41312,41312,38,7.7,617907
1786158782,2024520,14240,83886080,15321645056,1537,0,41320,41320,32,7.7,620021
1786158792,2025972,14240,83886080,15324794880,1537,0,41322,41321,51,7.7,617997
1786158802,2024836,14240,83886080,15331090432,1537,0,41327,41327,40,7.7,620225
1786158812,2025756,14240,83886080,15335288832,1537,0,41334,41334,36,7.7,620465
1786158823,2025056,14240,83886080,15338438656,1537,0,41340,41340,40,7.7,620233
1786158833,2026072,14240,83886080,15339491328,1537,0,41347,41347,33,7.7,621693
1786158843,2024492,14240,83886080,15343689728,1537,0,41353,41353,36,7.7,622489
1786158853,2025484,14240,83886080,15345790976,1537,0,41359,41359,37,7.7,622472
1786158863,2024620,14240,83886080,15347888128,1537,0,41367,41367,33,7.7,621235
1786158873,2026260,14240,83886080,15349985280,1537,0,41373,41373,34,7.7,619986
1786158883,2025312,14240,83886080,15352090624,1537,0,41379,41378,42,7.7,618015
1786158893,2024764,14240,83886080,15355236352,1537,0,41386,41386,34,7.7,621067
1786158903,2026412,14240,83886080,15357333504,1537,0,41392,41392,37,7.7,618437
1786158913,2024828,14240,83886080,15361531904,1537,0,41398,41398,38,7.7,621495
1786158923,2027404,14240,83886080,15366787072,1537,0,41404,41404,39,7.7,620954
1786158933,2025352,14240,83886080,15370981376,1537,0,41412,41412,31,7.7,620030
1786158944,2024628,14240,83886080,15376224256,1537,0,41416,41416,39,7.7,623655
1786158954,2026184,14240,83886080,15381483520,1537,0,41423,41423,35,7.7,618037
1786158964,2026156,14240,83886080,15391973376,1537,0,41429,41429,36,7.7,620134
1786158974,2025492,14240,83886080,15402467328,1537,0,41436,41436,33,7.7,620256
1786158984,2024900,14240,83886080,15412965376,1537,0,41441,41441,39,7.7,618023
1786158994,2024704,14240,83886080,15420313600,1537,0,41445,41445,38,7.7,620732
1786159004,2026272,14240,83886080,15430807552,1537,0,41450,41450,40,7.7,617963
1786159014,2024840,14240,83886080,15433953280,1537,0,41450,41450,56,7.7,620630
1786159025,2025820,14240,83886080,15454949376,1537,0,41458,41458,32,7.7,618056
1786159035,2026168,14240,83886080,15474888704,1537,0,41463,41463,38,7.7,620104
1786159045,2024760,14240,83886080,15497981952,1537,0,41470,41470,33,7.7,618014
1786159055,2026288,14240,83886080,15505330176,1537,0,41475,41475,38,7.7,618038
1786159065,2025072,14240,83886080,15516872704,1537,0,41480,41480,41,7.7,622452
1786159075,2026064,14240,83886080,15527370752,1537,0,41487,41487,37,7.7,617980
1786159085,2025628,14240,83886080,15537864704,1537,0,41493,41493,39,7.7,619934
1786159095,2025424,14240,83886080,15551508480,1537,0,41500,41500,35,7.7,618891
1786159105,2025876,14240,83886080,15563055104,1537,0,41507,41507,34,7.7,619782
1786159115,2027080,14240,83886080,15577755648,1537,0,41512,41512,41,7.7,619276
1786159125,2025664,14240,83886080,15589298176,1537,0,41520,41520,33,7.7,619721
1786159136,2025404,14240,83886080,15608193024,1537,0,41524,41524,45,7.7,617941
1786159146,2024796,14240,83886080,15633379328,1537,0,41532,41532,35,7.7,620116
1786159156,2026996,14240,83886080,15649120256,1537,0,41537,41537,41,7.7,620998
1786159166,2026012,14240,83886080,15674314752,1537,0,41544,41544,36,7.7,623995
1786159176,2025132,14240,83886080,15690055680,1537,0,41549,41549,41,7.7,617901
1786159186,2025228,14240,83886080,15717351424,1537,0,41557,41557,32,7.7,619246
1786159196,2024832,14240,83886080,15733092352,1537,0,41562,41562,39,7.7,617931
1786159206,2025840,14240,83886080,15756181504,1538,0,41569,41569,34,7.7,619522
1786159216,2026032,14240,83886080,15774023680,1538,0,41574,41574,41,7.7,617952
1786159226,2026208,14240,83886080,15805513728,1538,0,41581,41581,34,7.7,617971
1786159236,2025852,14240,83886080,15811809280,1538,0,41582,41582,49,7.7,626190
1786159247,2024948,14240,83886080,15835951104,1538,0,41586,41586,53,7.7,617977
1786159257,2025660,14240,83886080,15861145600,1538,0,41594,41594,35,7.7,619451
1786159267,2025516,14240,83886080,15880032256,1538,0,41600,41600,37,7.7,618016
1786159277,2026616,14240,83886080,15896825856,1538,0,41606,41606,38,7.7,618613
1786159287,2025404,14240,83886080,15923068928,1538,0,41614,41614,28,7.7,619880
1786159297,2026512,14240,83886080,15936712704,1538,0,41618,41618,41,7.7,618516
1786159307,2024184,14240,83886080,15954554880,1538,0,41624,41624,39,7.7,620733
1786159317,2026544,14240,83886080,15977648128,1538,0,41630,41630,41,7.7,617950
1786159328,2026780,14240,83886080,16013336576,1538,0,41638,41638,31,7.7,632787
1786159338,2030040,14240,83886080,16046923776,1538,0,41642,41642,43,7.7,621925
1786159348,2029008,14240,83886080,16102551552,1538,0,41650,41650,35,7.7,618055
1786159358,2028876,14240,83886080,16141389824,1538,0,41654,41654,45,7.7,617979
1786159368,2026948,14240,83886080,16192819200,1538,0,41662,41662,34,7.7,619103
1786159378,2037764,14240,83886080,16236896256,1538,0,41666,41666,44,7.7,619973
1786159388,2026304,14240,83886080,16277831680,1538,0,41671,41671,48,7.7,621973
1786159398,2028656,14240,83886080,16326119424,1538,0,41679,41679,33,7.7,620096
1786159408,2035608,14240,83886080,16365998080,1538,0,41683,41683,46,7.7,620292
1786159419,2026380,14240,83886080,16410083328,1538,0,41691,41691,35,7.7,617959
1786159429,2035852,14240,83886080,16453115904,1538,0,41696,41696,41,7.7,618467
1786159439,2031540,14240,83886080,16503492608,1538,0,41703,41703,37,7.7,617952
1786159449,2024684,14240,83886080,16543371264,1539,0,41708,41708,42,7.7,619756
1786159459,2032248,14240,83886080,16609497088,1539,0,41715,41715,36,7.7,619477
1786159469,2025764,14240,83886080,16661979136,1539,0,41721,41720,44,7.7,619716
1786159479,2025320,14240,83886080,16711307264,1539,0,41728,41728,33,7.7,617969
1786159489,2028992,14240,83886080,16755392512,1539,0,41732,41732,41,7.7,618044
1786159499,2028228,14240,83886080,16822571008,1539,0,41740,41740,34,7.7,619276
1786159509,2030488,14240,83886080,16866652160,1539,0,41745,41745,40,7.7,618048
1786159519,2027032,14240,83886080,16931725312,1539,0,41752,41752,34,7.7,621634
1786159529,2033268,14240,83886080,16992600064,1539,0,41758,41758,38,7.7,628328
1786159540,2028396,14240,83886080,17052442624,1539,0,41765,41765,33,7.7,617939
1786159550,2033524,14240,83886080,17109135360,1539,0,41770,41770,39,7.7,620031
1786159560,2027896,14240,83886080,15012012032,1539,0,41777,41777,35,7.7,618005
1786159570,2035260,14240,83886080,15046647808,1539,0,41782,41782,43,7.7,623947
1786159580,2024492,14240,83886080,15088635904,1539,0,41790,41790,32,7.7,618801
1786159590,2035428,14240,83886080,15129571328,1539,0,41794,41794,41,7.7,618753
1786159600,2025320,14240,83886080,15137964032,1539,0,41795,41795,55,7.7,628810
1786159611,2028260,14240,83886080,15176794112,1539,0,41803,41803,36,7.7,617940
1786159621,2037848,14240,83886080,15216680960,1539,0,41807,41807,47,7.7,618319
1786159631,2024680,14240,83886080,15242936320,1539,0,41811,41811,52,7.7,623280
1786159641,2036244,14240,83886080,15268130816,1539,0,41815,41815,52,7.7,620870
1786159651,2025456,14240,83886080,14223773696,1539,0,41820,41820,50,7.7,621419
1786159661,2032832,14240,83886080,13180465152,1539,0,41827,41827,41,7.7,618003
1786159671,2024632,14240,83886080,13188861952,1539,0,41827,41827,62,7.7,618397
1786159681,2025012,14240,83886080,13209858048,1539,0,41835,41835,33,7.7,621028
1786159691,2035132,14240,83886080,13239242752,1539,0,41839,41839,44,7.7,618346
1786159702,2025144,14240,83886080,13264433152,1539,0,41844,41844,49,7.7,618019
1786159712,2025764,14240,83886080,13287526400,1539,0,41852,41852,34,7.7,619742
1786159722,2037700,14240,83886080,13316911104,1539,0,41856,41856,46,7.7,618022
1786159732,2026312,14240,83886080,13334753280,1539,0,41862,41861,52,7.7,620451
1786159742,2029056,14240,83886080,13359947776,1539,0,41869,41869,39,7.7,619360
1786159752,2028944,14240,83886080,13388288000,1539,0,41873,41873,50,7.7,620382
1786159762,2025612,14240,83886080,13406126080,1539,0,41877,41877,58,7.7,625266
1786159772,2033860,14240,83886080,13418721280,1539,0,41881,41881,58,7.7,618839
1786159783,2025260,14240,83886080,13443915776,1539,0,41889,41889,30,7.7,626215
1786159793,2024856,14240,83886080,13448114176,1539,0,41889,41889,50,7.7,617990
1786159803,2026148,14240,83886080,13470154752,1539,0,41897,41897,40,7.7,620155
1786159813,2025208,14240,83886080,13496393728,1539,0,41901,41901,51,7.7,620097
1786159823,2029476,14240,83886080,13522632704,1539,0,41909,41909,38,7.7,618884
1786159833,2027988,14240,83886080,13540483072,1539,0,41913,41913,44,7.7,618014
1786159843,2031100,14240,83886080,13549924352,1539,0,41917,41917,45,7.7,617987
1786159853,2038668,14240,83886080,13577216000,1539,0,41921,41921,50,7.7,620964
1786159863,2026548,14240,83886080,13599252480,1539,0,41929,41929,36,7.7,619030
1786159873,2030024,14240,83886080,13620252672,1538,0,41933,41933,44,7.7,618044
1786159883,2036196,14240,83886080,13645438976,1538,0,41938,41938,46,7.7,619892
1786159894,2027908,14240,83886080,13670625280,1538,0,41946,41946,37,7.7,620094
1786159904,2025404,14240,83886080,13682171904,1538,0,41947,41946,60,7.7,625927
1786159914,2025676,14240,83886080,13700014080,1538,0,41954,41954,31,7.7,617998
1786159924,2031612,14240,83886080,13726261248,1538,0,41958,41958,44,7.7,619992
1786159934,2026384,14240,83886080,13751447552,1538,0,41964,41964,45,7.7,618019
1786159944,2027412,14240,83886080,13776637952,1538,0,41972,41972,34,7.7,617995
1786159954,2031032,14240,83886080,13809180672,1538,0,41976,41976,47,7.7,621259
1786159964,2025596,14240,83886080,13827018752,1538,0,41980,41980,56,7.7,617940
1786159975,2027320,14240,83886080,13855354880,1538,0,41988,41988,36,7.7,624766
1786159985,2037824,14240,83886080,13885796352,1538,0,41992,41992,45,7.7,618942
1786159995,2026832,14240,83886080,13909938176,1538,0,41999,41998,44,7.7,622976
1786160005,2031692,14240,83886080,13937225728,1538,0,42005,42005,37,7.7,636941
1786160015,2030532,14240,83886080,13965570048,1538,0,42012,42012,36,7.7,620754
1786160025,2026800,14240,83886080,13987610624,1538,0,42018,42017,42,7.7,618091
1786160035,2031608,14240,83886080,14018043904,1538,0,42024,42024,38,7.7,628449
1786160045,2035308,14240,83886080,14048485376,1537,0,42030,42030,41,7.7,620885
1786160055,2026012,14240,83886080,14084169728,1537,0,42037,42037,38,7.7,618498
1786160066,2039544,14240,83886080,14124056576,1537,0,42042,42042,46,7.7,619836
1786160076,2030864,14240,83886080,14178639872,1537,0,42050,42050,35,7.7,621618
1786160086,2038800,14240,83886080,14219567104,1537,0,42054,42054,44,7.7,619865
1786160096,2026232,14240,83886080,14284644352,1537,0,42062,42062,33,7.7,618262
1786160106,2034336,14240,83886080,14338174976,1537,0,42067,42067,40,7.7,621009
1786160116,2027376,14240,83886080,14366515200,1537,0,42072,42072,43,7.7,618958
1786160126,2033472,14240,83886080,14431592448,1537,0,42079,42079,37,7.7,617973
1786160136,2026036,14240,83886080,14492467200,1537,0,42086,42086,34,7.7,621928
1786160147,2025148,14240,83886080,14505062400,1537,0,42087,42087,48,7.7,628263
1786160157,2029608,14240,83886080,14579580928,1537,0,42095,42095,35,7.7,620638
1786160167,2037244,14240,83886080,14640455680,1537,0,42100,42100,43,7.7,622639
1786160177,2025880,14240,83886080,14688739328,1537,0,42104,42104,49,7.7,618006
1786160187,2032340,14240,83886080,14756962304,1537,0,42112,42112,38,7.7,619282
1786160197,2025460,14240,83886080,14818893824,1537,0,42116,42116,48,7.7,623262
1786160207,2025684,14240,83886080,14852476928,1537,0,42120,42120,40,7.7,621488
1786160217,2034636,14240,83886080,14903910400,1537,0,42124,42124,44,7.7,618013
1786160227,2025312,14240,83886080,14953238528,1537,0,42128,42128,49,7.7,618027
1786160237,2025060,14240,83886080,14998376448,1537,0,42136,42136,36,7.7,619749
1786160247,2025644,14240,83886080,15023562752,1537,0,42140,42140,44,7.7,619498
1786160257,2026480,14240,83886080,15042457600,1537,0,42144,42144,50,7.7,626857
1786160268,2026120,14240,83886080,15076044800,1537,0,42152,42152,35,7.7,620325
1786160278,2026076,14240,83886080,15089692672,1538,0,42156,42156,44,7.7,617915
1786160288,2025056,14240,83886080,15099133952,1538,0,42160,42160,47,7.7,618427
1786160298,2025620,14240,83886080,15120130048,1538,0,42168,42168,34,7.7,622541
1786160308,2026224,14240,83886080,15132725248,1538,0,42172,42172,41,7.7,621961
1786160318,2027468,14240,83886080,15147417600,1538,0,42176,42176,47,7.7,621501
1786160328,2025528,14240,83886080,15165259776,1538,0,42184,42184,34,7.7,622111
1786160338,2026352,14240,83886080,15176806400,1538,0,42189,42189,38,7.7,618018
1786160348,2025844,14240,83886080,15193595904,1538,0,42196,42196,32,7.7,620258
1786160358,2026200,14240,83886080,15218790400,1538,0,42201,42201,37,7.7,619635
1786160368,2026640,14240,83886080,15234531328,1538,0,42205,42205,45,7.7,618018
1786160378,2024788,14240,83886080,15252381696,1538,0,42213,42213,32,7.7,620849
1786160389,2025384,14240,83886080,15260770304,1538,0,42218,42218,38,7.7,618790
1786160399,2025684,14240,83886080,15268118528,1538,0,42225,42225,34,7.7,619215
1786160409,2025676,14240,83886080,15272321024,1538,0,42230,42230,40,7.7,619478
1786160419,2026076,14240,83886080,15273369600,1538,0,42237,42237,36,7.7,625251
1786160429,2025660,14240,83886080,15276519424,1538,0,42242,42242,39,7.7,620141
1786160439,2026208,14240,83886080,15277568000,1538,0,42250,42250,30,7.7,618241
1786160449,2025920,14240,83886080,15281766400,1538,0,42254,42254,41,7.7,617973
1786160459,2025740,14240,83886080,15283863552,1538,0,42262,42262,33,7.7,619457
1786160469,2026432,14240,83886080,15285960704,1538,0,42267,42267,40,7.7,620510
1786160479,2025692,14240,83886080,15290167296,1538,0,42274,42274,36,7.7,617903
1786160489,2025824,14240,83886080,15290167296,1538,0,42275,42275,53,7.7,618011
1786160500,2025752,14240,83886080,15295410176,1538,0,42283,42283,32,7.7,619827
1786160510,2025320,14240,83886080,15300661248,1538,0,42288,42288,39,7.7,622158
1786160520,2025556,14240,83886080,15305908224,1538,0,42292,42292,47,7.7,621750
1786160530,2024744,14240,83886080,15316406272,1538,0,42300,42300,32,7.7,617975
1786160540,2026068,14240,83886080,15323750400,1538,0,42305,42304,44,7.7,617998
1786160550,2024944,14240,83886080,15338446848,1538,0,42312,42312,35,7.7,620240
1786160560,2025588,14240,83886080,15343697920,1538,0,42316,42316,35,7.7,623066
1786160570,2024740,14240,83886080,15355240448,1538,0,42320,42320,39,7.7,619557
1786160580,2025268,14240,83886080,15359438848,1538,0,42325,42325,43,7.7,620112
1786160590,2025176,14240,83886080,15365734400,1538,0,42332,42332,36,7.7,619981
1786160601,2026036,14240,83886080,15374131200,1538,0,42337,42337,39,7.7,617946
1786160611,2024968,14240,83886080,15382523904,1538,0,42345,42345,28,7.7,617954
1786160621,2025172,14240,83886080,15389872128,1538,0,42349,42349,42,7.7,619368
1786160631,2024860,14240,83886080,15397224448,1538,0,42356,42356,36,7.7,619602
1786160641,2025144,14240,83886080,15414018048,1538,0,42362,42362,36,7.7,621261
1786160651,2025304,14240,83886080,15417163776,1538,0,42364,42363,48,7.7,627500
1786160662,2025668,14240,83886080,15428710400,1538,0,42368,42368,47,7.7,624372
1786160672,2026840,14240,83886080,15442354176,1538,0,42373,42373,39,7.7,619491
1786160682,2026464,14240,83886080,15463350272,1538,0,42380,42380,32,7.7,618322
1786160692,2025520,14240,83886080,15480139776,1538,0,42385,42385,41,7.7,619634
1786160702,2025596,14240,83886080,15506382848,1538,0,42393,42393,33,7.7,620834
1786160712,2026696,14240,83886080,15523172352,1538,0,42398,42398,40,7.7,617989
1786160722,2025820,14240,83886080,15541018624,1538,0,42405,42405,36,7.7,617900
1786160732,2026092,14240,83886080,15551512576,1538,0,42410,42410,43,7.7,619157
1786160742,2025268,14240,83886080,15568306176,1538,0,42417,42417,40,7.7,618002
1786160753,2026044,14240,83886080,15586156544,1538,0,42425,42425,30,7.7,617991
1786160763,2025264,14240,83886080,15603990528,1538,0,42430,42430,37,7.7,621941
1786160773,2026220,14240,83886080,15611338752,1538,0,42436,42435,45,7.7,619107
1786160783,2026384,14240,83886080,15629185024,1538,0,42443,42443,36,7.7,623039
1786160793,2025148,14240,83886080,15641776128,1539,0,42450,42450,34,7.7,617968
1786160803,2025816,14240,83886080,15657521152,1539,0,42455,42455,40,7.7,620603
1786160813,2024728,14240,83886080,15681662976,1539,0,42463,42463,32,7.7,617929
1786160823,2026676,14240,83886080,15696359424,1539,0,42467,42467,42,7.7,617876
1786160833,2027008,14240,83886080,15728898048,1539,0,42473,42473,44,7.7,623117
1786160843,2032428,14240,83886080,15781376000,1539,0,42480,42480,38,7.7,619104
1786160853,2028540,14240,83886080,15828611072,1539,0,42487,42487,34,7.7,618144
1786160864,2033296,14240,83886080,15866396672,1539,0,42492,42492,42,7.7,621562
1786160874,2025640,14240,83886080,15918874624,1539,0,42500,42500,32,7.7,622389
1786160884,2031276,14240,83886080,15969259520,1539,0,42505,42505,39,7.7,620172
1786160894,2025620,14240,83886080,16011239424,1539,0,42512,42512,31,7.7,619767
1786160904,2034144,14240,83886080,16056373248,1539,0,42516,42516,40,7.7,620717
1786160914,2026432,14240,83886080,16111996928,1539,0,42524,42524,32,7.7,623771
1786160924,2025496,14240,83886080,16137191424,1539,0,42528,42528,40,7.7,621735
1786160934,2027688,14240,83886080,16157134848,1539,0,42532,42532,36,7.7,619392
1786160944,2032928,14240,83886080,16188624896,1539,0,42536,42536,44,7.7,620415
1786160954,2025072,14240,83886080,16227454976,1539,0,42544,42544,31,7.7,619756
1786160964,2028464,14240,83886080,16265240576,1539,0,42548,42548,39,7.7,619715
1786160975,2035616,14240,83886080,16308277248,1539,0,42553,42553,45,7.7,619789
1786160985,2027416,14240,83886080,16363909120,1539,0,42561,42561,33,7.7,623986
1786160995,2032696,14240,83886080,16402739200,1539,0,42565,42565,42,7.7,626037
1786161005,2025168,14240,83886080,16449974272,1539,0,42570,42570,45,7.7,618045
1786161015,2029780,14240,83886080,16511897600,1539,0,42577,42577,40,7.7,620894
1786161025,2034088,14240,83886080,16561229824,1539,0,42582,42582,43,7.7,619518
1786161035,2025720,14240,83886080,16626307072,1540,0,42590,42590,30,7.7,618031
1786161045,2032988,14240,83886080,16687185920,1540,0,42594,42594,41,7.7,620285
1786161055,2027116,14240,83886080,16741761024,1540,0,42600,42600,41,7.7,621008
1786161065,2032196,14240,83886080,16815235072,1540,0,42607,42607,37,7.7,621821
1786161075,2028780,14240,83886080,16874008576,1540,0,42612,42612,44,7.7,625671
1786161085,2027028,14240,83886080,16925446144,1540,0,42620,42620,31,7.7,618263
1786161095,2034780,14240,83886080,16974770176,1540,0,42625,42625,38,7.7,622891
1786161106,2024672,14240,83886080,17018855424,1540,0,42629,42629,44,7.7,624201
1786161116,2025448,14240,83886080,17025150976,1540,0,42629,42629,55,7.7,620673
1786161126,2024884,14240,83886080,17033551872,1540,0,42633,42633,47,7.7,619162
1786161137,2026972,14240,83886080,17038798848,1540,0,42633,42633,58,7.7,626566
1786161147,2025456,14240,83886080,17063989248,1540,0,42637,42637,39,7.7,620235
1786161158,2034096,14240,83886080,17111232512,1540,0,42641,42641,41,7.7,617944
1786161168,2024588,14240,83886080,17156374528,1540,0,42645,42645,47,7.7,617904
1786161178,2026436,14240,83886080,16139317248,1540,0,42653,42653,31,7.7,618976
1786161188,2036116,14240,83886080,16184455168,1540,0,42657,42657,40,7.7,618390
1786161198,2025552,14240,83886080,16218038272,1540,0,42662,42662,45,7.7,628012
1786161208,2026668,14240,83886080,15181012992,1540,0,42669,42669,37,7.7,620901
1786161218,2036928,14240,83886080,15213559808,1540,0,42674,42674,42,7.7,619173
1786161228,2026212,14240,83886080,13088092160,1540,0,42679,42679,49,7.7,620276
1786161238,2027988,14240,83886080,13114372096,1540,0,42687,42687,34,7.7,617920
1786161249,2028320,14240,83886080,13140602880,1540,0,42691,42691,46,7.7,620138
1786161259,2026552,14240,83886080,13162655744,1540,0,42699,42699,35,7.7,621099
1786161269,2032816,14240,83886080,13190983680,1540,0,42704,42704,39,7.7,620586
1786161279,2031592,14240,83886080,13216182272,1540,0,42711,42711,35,7.7,618702
1786161289,2028004,14240,83886080,13228777472,1540,0,42715,42715,44,7.7,620234
1786161299,2029172,14240,83886080,13237170176,1540,0,42719,42719,45,7.7,619749
1786161309,2040336,14240,83886080,13265514496,1540,0,42723,42723,48,7.7,621160
1786161319,2028640,14240,83886080,13290696704,1540,0,42731,42731,34,7.7,621995
1786161329,2033496,14240,83886080,13311696896,1540,0,42735,42735,43,7.7,622766
1786161339,2025752,14240,83886080,13335834624,1540,0,42743,42743,30,7.7,620470
1786161349,2030240,14240,83886080,13364174848,1539,0,42748,42748,36,7.7,621369
1786161360,2024868,14240,83886080,13370470400,1539,0,42748,42748,56,7.7,622013
1786161370,2026900,14240,83886080,13392510976,1539,0,42756,42756,33,7.7,617979
1786161380,2034908,14240,83886080,13419802624,1539,0,42760,42760,43,7.7,619812
1786161390,2024128,14240,83886080,13443940352,1539,0,42768,42768,32,7.7,621375
1786161400,2024732,14240,83886080,13444988928,1539,0,42769,42769,49,7.7,619626
1786161410,2031264,14240,83886080,13470183424,1539,0,42776,42776,40,7.7,619135
1786161420,2025464,14240,83886080,13494325248,1539,0,42781,42781,45,7.7,618015
1786161430,2025656,14240,83886080,13511114752,1539,0,42785,42785,49,7.7,621281
1786161441,2040736,14240,83886080,13531058176,1539,0,42789,42789,55,7.7,618011
1786161451,2025048,14240,83886080,13563596800,1539,0,42797,42797,32,7.7,620415
1786161461,2037756,14240,83886080,13599281152,1539,0,42801,42801,42,7.7,621809
1786161471,2027360,14240,83886080,13624475648,1539,0,42809,42809,34,7.7,622206
1786161481,2033700,14240,83886080,13660160000,1539,0,42814,42814,41,7.7,618053
1786161491,2031132,14240,83886080,13693747200,1539,0,42821,42821,38,7.7,620192
1786161501,2030148,14240,83886080,13719982080,1539,0,42827,42827,38,7.7,624093
1786161511,2029944,14240,83886080,13753569280,1539,0,42834,42834,34,7.7,621282
1786161521,2035528,14240,83886080,13787156480,1539,0,42839,42839,42,7.7,620587
1786161532,2033040,14240,83886080,13812355072,1538,0,42846,42846,40,7.7,620026
1786161542,2026328,14240,83886080,13841747968,1538,0,42852,42851,48,7.7,618052
1786161552,2031992,14240,83886080,13875331072,1538,0,42859,42859,38,7.7,618163
1786161562,2038248,14240,83886080,13904711680,1538,0,42863,42863,48,7.7,621398
1786161572,2025132,14240,83886080,13936205824,1538,0,42871,42871,31,7.7,621449
1786161582,2034420,14240,83886080,13971886080,1538,0,42875,42875,43,7.7,618033
1786161592,2044332,14240,83886080,14002327552,1538,0,42879,42879,51,7.7,623215
1786161602,2026720,14240,83886080,14039064576,1538,0,42887,42887,35,7.7,618155
1786161612,2040284,14240,83886080,14085246976,1538,0,42891,42891,46,7.7,625511
1786161622,2025920,14240,83886080,14117789696,1538,0,42896,42895,54,7.7,619966
1786161633,2032552,14240,83886080,14165020672,1538,0,42903,42903,40,7.7,626882
1786161643,2026272,14240,83886080,14210150400,1538,0,42907,42907,51,7.7,621238
1786161653,2025028,14240,83886080,14244790272,1538,0,42912,42911,56,7.7,620834
1786161663,2032604,14240,83886080,14293073920,1537,0,42919,42919,40,7.7,618005
1786161673,2024712,14240,83886080,14338199552,1537,0,42924,42924,44,7.7,618231
1786161683,2028852,14240,83886080,14375989248,1537,0,42931,42931,34,7.7,620253
1786161693,2035268,14240,83886080,14429519872,1537,0,42936,42936,39,7.7,618034
1786161703,2025124,14240,83886080,14477795328,1537,0,42942,42942,40,7.7,620556
1786161713,2034732,14240,83886080,14527131648,1537,0,42948,42948,39,7.7,619747
1786161723,2026404,14240,83886080,14582763520,1537,0,42956,42956,31,7.7,620409
1786161733,2024704,14240,83886080,14624743424,1537,0,42961,42961,38,7.7,618694
1786161744,2025844,14240,83886080,14652035072,1537,0,42968,42968,34,7.7,620039
1786161754,2026056,14240,83886080,14673018880,1537,0,42973,42973,40,7.7,621217
1786161764,2026104,14240,83886080,14694014976,1537,0,42978,42978,45,7.7,628417
1786161774,2025144,14240,83886080,14728654848,1538,0,42986,42986,35,7.7,621692
1786161784,2026480,14240,83886080,14753845248,1538,0,42993,42993,31,7.7,620539
1786161794,2024432,14240,83886080,14776934400,1538,0,42998,42998,36,7.7,619472
1786161804,2025492,14240,83886080,14792679424,1538,0,43003,43003,39,7.7,624758
1786161814,2025628,14240,83886080,14825218048,1538,0,43010,43010,33,7.7,617923
1786161825,2025468,14240,83886080,14849359872,1538,0,43014,43014,43,7.7,625607
1786161835,2025516,14240,83886080,14870355968,1538,0,43018,43018,42,7.7,620613
1786161845,2025584,14240,83886080,14892392448,1538,0,43023,43023,43,7.7,620348
1786161855,2026704,14240,83886080,14923878400,1538,0,43030,43030,40,7.7,619739
1786161865,2025004,14240,83886080,14950121472,1538,0,43036,43035,46,7.7,617985
1786161875,2025380,14240,83886080,14972166144,1538,0,43043,43043,37,7.7,620200
1786161885,2024904,14240,83886080,14986854400,1538,0,43050,43050,33,7.7,619450
1786161895,2025376,14240,83886080,14996303872,1538,0,43055,43055,39,7.7,618057
1786161905,2024476,14240,83886080,15006801920,1538,0,43061,43060,43,7.7,626612
1786161915,2026356,14240,83886080,15019393024,1538,0,43067,43067,39,7.7,618144
1786161925,2025304,14240,83886080,15021490176,1538,0,43067,43067,52,7.7,620316
1786161936,2025596,14240,83886080,15028838400,1538,0,43071,43071,43,7.7,619912
1786161946,2026400,14240,83886080,15043534848,1538,0,43075,43075,41,7.7,618539
1786161956,2025088,14240,83886080,15051931648,1538,0,43079,43079,49,7.7,620206
1786161966,2025896,14240,83886080,15066628096,1539,0,43087,43087,37,7.7,621330
1786161976,2026716,14240,83886080,15073972224,1539,0,43091,43091,48,7.7,619881
1786161986,2025908,14240,83886080,15081320448,1539,0,43099,43099,34,7.7,624148
1786161996,2025872,14240,83886080,15088668672,1539,0,43104,43104,41,7.7,620323
1786162006,2025252,14240,83886080,15099166720,1539,0,43111,43111,34,7.7,618583
1786162016,2027488,14240,83886080,15111761920,1539,0,43116,43116,40,7.7,618997
1786162026,2025732,14240,83886080,15123304448,1539,0,43124,43124,33,7.7,618002
1786162036,2026932,14240,83886080,15133802496,1539,0,43129,43129,40,7.7,621579
1786162047,2025508,14240,83886080,15151644672,1539,0,43136,43136,36,7.7,617901
1786162057,2026124,14240,83886080,15158988800,1539,0,43142,43142,38,7.7,618422
1786162067,2024984,14240,83886080,15167385600,1539,0,43149,43149,32,7.7,622596
1786162077,2026248,14240,83886080,15177883648,1539,0,43154,43154,39,7.7,621588
1786162087,2025936,14240,83886080,15187333120,1539,0,43161,43161,35,7.7,617928
1786162097,2025360,14240,83886080,15193628672,1539,0,43166,43166,42,7.7,620523
1786162107,2026216,14240,83886080,15200976896,1539,0,43171,43171,46,7.7,617959
1786162117,2025856,14240,83886080,15204122624,1539,0,43179,43179,36,7.7,617967
1786162127,2026320,14240,83886080,15208321024,1539,0,43184,43184,42,7.7,618002
1786162137,2026316,14240,83886080,15220912128,1539,0,43191,43191,37,7.7,618027
1786162147,2025748,14240,83886080,15233511424,1539,0,43197,43197,40,7.7,619319
1786162158,2024764,14240,83886080,15246110720,1539,0,43203,43203,39,7.7,620929
1786162168,2024892,14240,83886080,15258705920,1539,0,43207,43207,43,7.7,619079
1786162178,2027592,14240,83886080,15271301120,1539,0,43211,43211,48,7.7,617942
1786162188,2025716,14240,83886080,15290191872,1539,0,43219,43219,35,7.7,618019
1786162198,2026384,14240,83886080,15296487424,1539,0,43223,43223,43,7.7,617996
1786162208,2025700,14240,83886080,15309082624,1539,0,43227,43227,51,7.7,621894
1786162218,2025912,14240,83886080,15335325696,1539,0,43235,43235,38,7.7,620074
1786162228,2025288,14240,83886080,15356313600,1539,0,43240,43240,40,7.7,621014
1786162238,2025992,14240,83886080,15377305600,1539,0,43247,43247,33,7.7,618055
1786162248,2026724,14240,83886080,15390953472,1539,0,43252,43252,40,7.7,619689
1786162258,2025660,14240,83886080,15416143872,1539,0,43260,43260,32,7.7,625331
1786162268,2026256,14240,83886080,15436087296,1539,0,43265,43265,40,7.7,620386
1786162278,2024972,14240,83886080,15465472000,1539,0,43272,43272,36,7.7,619941
1786162289,2026260,14240,83886080,15472824320,1539,0,43273,43273,54,7.7,617985
1786162299,2023528,14240,83886080,15490666496,1539,0,43277,43277,58,7.7,622531
1786162309,2025456,14240,83886080,15515852800,1539,0,43285,43285,38,7.7,619260
1786162319,2025980,14240,83886080,15535800320,1539,0,43290,43290,43,7.7,617980
1786162329,2025324,14240,83886080,15557840896,1539,0,43294,43294,49,7.7,625822
1786162339,2028948,14240,83886080,15601922048,1539,0,43302,43302,36,7.7,625110
1786162349,2037020,14240,83886080,15646007296,1539,0,43306,43306,45,7.7,617905
1786162359,2026724,14240,83886080,15702683648,1539,0,43314,43314,34,7.7,618879
1786162370,2034108,14240,83886080,15746764800,1539,0,43319,43319,41,7.7,622936
1786162380,2031192,14240,83886080,15803445248,1539,0,43326,43326,35,7.7,619073
1786162390,2031056,14240,83886080,15856975872,1539,0,43332,43332,38,7.7,617991
1786162400,2036096,14240,83886080,15896862720,1539,0,43336,43336,43,7.7,618086
1786162410,2025948,14240,83886080,15962988544,1540,0,43344,43344,32,7.7,620743
1786162420,2036584,14240,83886080,16019664896,1540,0,43348,43348,44,7.7,617935
1786162430,2025824,14240,83886080,16038555648,1540,0,43352,43352,40,7.7,619132
1786162440,2034032,14240,83886080,16082636800,1540,0,43357,43357,37,7.7,622114
1786162450,2030800,14240,83886080,16141418496,1540,0,43364,43364,36,7.7,620300
1786162460,2031616,14240,83886080,16199143424,1540,0,43370,43370,40,7.7,618855
1786162471,2028916,14240,83886080,16244277248,1540,0,43377,43377,34,7.7,624676
1786162481,2033620,14240,83886080,16285212672,1540,0,43382,43382,41,7.7,623851
1786162491,2024772,14240,83886080,16315650048,1540,0,43387,43387,46,7.7,621040
1786162501,2029716,14240,83886080,16359739392,1540,0,43394,43394,37,7.7,620110
1786162511,2033096,14240,83886080,16404873216,1540,0,43399,43399,43,7.7,619331
1786162521,2025932,14240,83886080,16448950272,1540,0,43407,43407,31,7.7,626696
1786162531,2031612,14240,83886080,16518221824,1540,0,43412,43412,38,7.7,618893
1786162541,2027976,14240,83886080,16576995328,1540,0,43419,43419,33,7.7,623434
1786162551,2029180,14240,83886080,16628432896,1540,0,43424,43424,39,7.7,619113
1786162562,2035900,14240,83886080,16677761024,1540,0,43429,43429,44,7.7,624226
1786162572,2031308,14240,83886080,16728145920,1540,0,43436,43436,39,7.7,619711
1786162582,2024404,14240,83886080,16751239168,1540,0,43440,43440,41,7.7,624573
1786162592,2024328,14240,83886080,16784822272,1540,0,43444,43444,46,7.7,619639
1786162602,2028104,14240,83886080,16841502720,1540,0,43452,43452,36,7.7,618073
1786162612,2037204,14240,83886080,16882438144,1540,0,43456,43456,47,7.7,622674
1786162622,2025232,14240,83886080,16916025344,1540,0,43461,43461,46,7.7,620761
1786162632,2032720,14240,83886080,16961155072,1540,0,43468,43468,39,7.7,621534
1786162642,2026448,14240,83886080,17003134976,1540,0,43476,43476,32,7.7,619862
1786162653,2025412,14240,83886080,17013637120,1540,0,43476,43476,51,7.7,624026
1786162663,2029520,14240,83886080,17058779136,1540,0,43484,43484,37,7.7,617969
1786162673,2034520,14240,83886080,16027025408,1540,0,43489,43489,41,7.7,621362
1786162683,2026064,14240,83886080,16059564032,1540,0,43496,43496,36,7.7,618022
1786162693,2035372,14240,83886080,16099450880,1540,0,43501,43501,41,7.7,618592
1786162703,2027876,14240,83886080,16138280960,1540,0,43509,43509,32,7.7,619809
1786162713,2029148,14240,83886080,15096020992,1540,0,43514,43514,38,7.7,617913
1786162723,2027276,14240,83886080,15127511040,1540,0,43519,43519,43,7.7,618015
1786162733,2032960,14240,83886080,15161094144,1540,0,43526,43526,38,7.7,620009
1786162743,2031344,14240,83886080,15183134720,1540,0,43532,43532,38,7.7,621954
1786162753,2028144,14240,83886080,15216726016,1540,0,43539,43539,34,7.7,617970
1786162764,2028608,14240,83886080,15255572480,1541,0,43545,43545,37,7.7,618694
1786162774,2025824,14240,83886080,15261872128,1540,0,43546,43546,52,7.7,619183
1786162784,2028892,14240,83886080,14218567680,1540,0,43554,43554,34,7.7,619681
1786162794,2033796,14240,83886080,13169999872,1540,0,43559,43559,41,7.7,621957
1786162804,2026588,14240,83886080,13190995968,1540,0,43566,43566,37,7.7,620243
1786162814,2030280,14240,83886080,13216182272,1540,0,43572,43572,37,7.7,618029
1786162824,2028268,14240,83886080,13242421248,1540,0,43579,43579,33,7.7,619394
1786162834,2030472,14240,83886080,13264465920,1540,0,43584,43584,40,7.6,619548
1786162844,2030732,14240,83886080,13290708992,1540,0,43590,43590,37,7.6,618954
1786162854,2032232,14240,83886080,13317988352,1540,0,43596,43596,37,7.6,622823
1786162865,2024168,14240,83886080,13329539072,1540,0,43598,43598,50,7.6,621111
1786162875,2025980,14240,83886080,13347385344,1540,0,43603,43603,51,7.6,617941
1786162885,2032940,14240,83886080,13376774144,1540,0,43610,43610,40,7.6,620224
1786162895,2025772,14240,83886080,13397762048,1540,0,43614,43614,49,7.6,617886
1786162905,2028760,14240,83886080,13406158848,1540,0,43618,43618,49,7.6,624085
1786162915,2038576,14240,83886080,13434503168,1540,0,43622,43622,48,7.6,620221
1786162925,2026128,14240,83886080,13439750144,1540,0,43627,43627,39,7.6,624060
1786162935,2029296,14240,83886080,13462831104,1540,0,43631,43631,42,7.6,621389
1786162946,2025264,14240,83886080,13465976832,1540,0,43635,43635,38,7.6,619285
1786162956,2034992,14240,83886080,13501665280,1540,0,43639,43639,43,7.6,622314
1786162966,2025584,14240,83886080,13534203904,1540,0,43644,43644,48,7.6,618062
1786162976,2029808,14240,83886080,13559390208,1540,0,43651,43651,41,7.6,618605
1786162986,2040056,14240,83886080,13595078656,1540,0,43656,43656,49,7.6,623909
1786162996,2030804,14240,83886080,13626564608,1540,0,43664,43664,35,7.6,623802
1786163006,2036640,14240,83886080,13655957504,1539,0,43668,43668,49,7.6,622188
1786163016,2026428,14240,83886080,13686390784,1539,0,43673,43673,50,7.6,622188
1786163026,2036480,14240,83886080,13722079232,1539,0,43680,43680,42,7.6,618565
1786163036,2036072,14240,83886080,13749366784,1539,0,43685,43685,45,7.6,618993
1786163047,2025648,14240,83886080,13780856832,1539,0,43692,43692,37,7.6,621095
1786163057,2035276,14240,83886080,13815492608,1539,0,43697,43697,45,7.6,620460
1786163067,2025996,14240,83886080,13838581760,1539,0,43704,43703,44,7.6,618065
1786163077,2031360,14240,83886080,13870071808,1539,0,43710,43710,40,7.6,620511
1786163087,2028680,14240,83886080,13898412032,1539,0,43714,43714,52,7.6,623560
1786163097,2025744,14240,83886080,13919399936,1539,0,43722,43720,47,7.6,619234
1786163107,2032532,14240,83886080,13951942656,1539,0,43726,43726,43,7.6,622520
1786163117,2026028,14240,83886080,13977137152,1539,0,43732,43732,43,7.6,618021
1786163127,2025380,14240,83886080,13981331456,1539,0,43736,43736,42,7.6,618898
1786163137,2036684,14240,83886080,14012821504,1539,0,43740,43740,44,7.6,618599
1786163147,2024828,14240,83886080,14035906560,1539,0,43748,43748,33,7.6,618000
1786163157,2029964,14240,83886080,14062153728,1539,0,43752,43752,41,7.6,619422
1786163167,2034464,14240,83886080,14094684160,1538,0,43758,43758,42,7.6,618962
1786163177,2031104,14240,83886080,14127226880,1538,0,43765,43765,39,7.6,619696
1786163188,2025772,14240,83886080,14139826176,1538,0,43768,43768,49,7.6,620217
1786163198,2024580,14240,83886080,14166061056,1538,0,43773,43773,46,7.6,617989
1786163208,2032724,14240,83886080,14201753600,1538,0,43780,43780,41,7.6,622958
1786163218,2025944,14240,83886080,14233239552,1538,0,43786,43786,40,7.6,622782
1786163228,2025624,14240,83886080,14235336704,1538,0,43788,43788,48,7.6,628402
1786163238,2025720,14240,83886080,14253174784,1538,0,43794,43794,40,7.6,621319
1786163248,2024080,14240,83886080,14262620160,1538,0,43801,43800,40,7.6,622347
1786163258,2025276,14240,83886080,14268915712,1538,0,43806,43806,40,7.6,617959
1786163268,2026648,14240,83886080,14279421952,1538,0,43812,43812,39,7.6,621274
1786163279,2025936,14240,83886080,14293065728,1538,0,43820,43820,33,7.6,617938
1786163289,2025840,14240,83886080,14304608256,1538,0,43826,43826,34,7.6,618867
1786163299,2026104,14240,83886080,14318252032,1538,0,43832,43832,33,7.6,622918
1786163309,2025596,14240,83886080,14338195456,1538,0,43838,43838,35,7.6,622446
1786163319,2024724,14240,83886080,14354984960,1538,0,43844,43844,35,7.6,620298
1786163329,2025404,14240,83886080,14371782656,1538,0,43850,43850,36,7.6,620441
1786163339,2025948,14240,83886080,14396973056,1538,0,43856,43856,37,7.6,617986
1786163349,2025688,14240,83886080,14419013632,1538,0,43862,43862,36,7.6,620185
1786163359,2026428,14240,83886080,14444208128,1538,0,43868,43868,37,7.6,621186
1786163369,2025748,14240,83886080,14475689984,1538,0,43874,43874,38,7.6,619632
1786163379,2026292,14240,83886080,14498783232,1538,0,43880,43880,39,7.6,619908
1786163390,2024860,14240,83886080,14529224704,1538,0,43886,43886,41,7.6,619271
1786163400,2025932,14240,83886080,14553362432,1539,0,43892,43892,41,7.6,617997
1786163410,2025960,14240,83886080,14579601408,1539,0,43900,43900,32,7.6,619836
1786163420,2025080,14240,83886080,14607945728,1539,0,43904,43904,40,7.6,619528
1786163430,2025744,14240,83886080,14639431680,1539,0,43912,43912,34,7.6,618023
1786163440,2026268,14240,83886080,14656225280,1539,0,43916,43916,43,7.6,621890
1786163450,2023832,14240,83886080,14683512832,1539,0,43924,43924,31,7.6,619777
1786163460,2026772,14240,83886080,14692962304,1539,0,43928,43928,40,7.6,617951
1786163471,2025512,14240,83886080,14702407680,1539,0,43934,43933,47,7.6,630328
1786163481,2026164,14240,83886080,14713954304,1539,0,43940,43940,37,7.6,621136
1786163491,2024812,14240,83886080,14728646656,1539,0,43946,43946,42,7.6,619169
1786163501,2025696,14240,83886080,14737047552,1539,0,43953,43953,37,7.6,620245
1786163511,2024720,14240,83886080,14751739904,1539,0,43960,43959,40,7.6,618977
1786163521,2025312,14240,83886080,14767484928,1539,0,43966,43966,38,7.6,618006
1786163531,2025644,14240,83886080,14772731904,1539,0,43973,43973,33,7.6,617964
1786163541,2026592,14240,83886080,14786375680,1539,0,43978,43978,42,7.6,619961
1786163551,2026072,14240,83886080,14798970880,1539,0,43986,43986,34,7.6,618356
1786163561,2025136,14240,83886080,14810517504,1539,0,43990,43990,46,7.6,617934
1786163571,2024312,14240,83886080,14825209856,1539,0,43998,43998,34,7.6,620014
1786163581,2026268,14240,83886080,14834655232,1539,0,44003,44003,40,7.6,619416
1786163592,2026684,14240,83886080,14841999360,1539,0,44008,44007,50,7.6,627380
1786163602,2027064,14240,83886080,14845157376,1539,0,44012,44012,41,7.6,619370
1786163612,2025692,14240,83886080,14849351680,1539,0,44018,44018,39,7.6,620776
1786163622,2024680,14240,83886080,14853550080,1539,0,44024,44024,41,7.6,620945
1786163632,2025260,14240,83886080,14855647232,1539,0,44028,44028,53,7.6,619649
1786163642,2024952,14240,83886080,14860894208,1539,0,44036,44036,39,7.6,617907
1786163652,2025232,14240,83886080,14864044032,1539,0,44041,44041,42,7.6,618433
1786163662,2024340,14240,83886080,14868242432,1539,0,44048,44048,37,7.6,617947
1786163672,2025180,14240,83886080,14872440832,1539,0,44054,44054,37,7.6,622136
1786163683,2024664,14240,83886080,14877696000,1539,0,44061,44061,36,7.6,622604
1786163693,2025324,14240,83886080,14881890304,1539,0,44066,44066,42,7.6,617960
1786163703,2023936,14240,83886080,14887137280,1539,0,44074,44073,35,7.6,618597
1786163713,2026444,14240,83886080,14889234432,1539,0,44078,44078,40,7.6,617902
1786163723,2025056,14240,83886080,14898683904,1539,0,44083,44083,48,7.6,618207
1786163733,2024824,14240,83886080,14908133376,1539,0,44087,44087,52,7.6,620312
1786163743,2025812,14240,83886080,14915477504,1539,0,44091,44091,50,7.6,617893
1786163753,2024720,14240,83886080,14928072704,1539,0,44099,44099,32,7.6,617970
1786163763,2026708,14240,83886080,14938566656,1539,0,44103,44103,40,7.6,620805
1786163773,2024852,14240,83886080,14949064704,1539,0,44107,44107,49,7.6,620201
1786163783,2026060,14240,83886080,14963761152,1539,0,44115,44115,36,7.6,617979
1786163794,2025268,14240,83886080,14973202432,1539,0,44119,44119,44,7.6,620889
1786163804,2024336,14240,83886080,14986850304,1539,0,44124,44124,45,7.6,618049
1786163814,2025572,14240,83886080,14998396928,1539,0,44131,44131,40,7.6,617920
1786163824,2024660,14240,83886080,15010988032,1539,0,44136,44136,47,7.6,621207
1786163834,2025884,14240,83886080,15025684480,1539,0,44144,44144,31,7.6,620086
1786163844,2036016,14240,83886080,15064518656,1539,0,44148,44148,45,7.6,618853
1786163854,2025592,14240,83886080,15100207104,1539,0,44153,44153,49,7.6,617912
1786163864,2027752,14240,83886080,15146389504,1539,0,44160,44160,37,7.6,617911
1786163874,2031976,14240,83886080,15193616384,1539,0,44165,44165,44,7.6,618103
1786163885,2026856,14240,83886080,15235608576,1539,0,44172,44172,40,7.6,620911
1786163895,2027612,14240,83886080,15285989376,1539,0,44178,44178,41,7.6,621690
1786163905,2032600,14240,83886080,15353159680,1540,0,44185,44185,39,7.6,617969
1786163915,2029556,14240,83886080,15402487808,1540,0,44190,44190,46,7.6,625075
1786163925,2027384,14240,83886080,15452876800,1540,0,44198,44198,34,7.6,618275
1786163935,2028160,14240,83886080,15495905280,1540,0,44202,44202,47,7.6,617901
1786163945,2032244,14240,83886080,15560982528,1540,0,44210,44210,38,7.6,627152
1786163955,2025928,14240,83886080,15605063680,1540,0,44215,44215,43,7.6,619275
1786163965,2031588,14240,83886080,15675383808,1540,0,44222,44222,39,7.6,618247
1786163975,2026208,14240,83886080,15736266752,1540,0,44227,44227,46,7.6,623060
1786163986,2027380,14240,83886080,15792943104,1540,0,44235,44235,36,7.6,617931
1786163996,2027216,14240,83886080,15841222656,1540,0,44240,44240,40,7.6,618928
1786164006,2031364,14240,83886080,15900000256,1540,0,44247,44247,37,7.6,622707
1786164016,2025820,14240,83886080,15913644032,1540,0,44248,44248,50,7.6,628846
1786164027,2027164,14240,83886080,15986069504,1540,0,44256,44256,32,7.6,617964
1786164037,2039244,14240,83886080,16042749952,1540,0,44260,44260,45,7.6,621065
1786164047,2024556,14240,83886080,16102576128,1540,0,44264,44264,50,7.6,622999
1786164057,2028276,14240,83886080,16185491456,1540,0,44272,44272,33,7.6,618293
1786164067,2035592,14240,83886080,16246370304,1540,0,44277,44277,41,7.6,618130
1786164077,2025884,14240,83886080,16303042560,1540,0,44281,44281,48,7.6,617962
1786164087,2032004,14240,83886080,16371273728,1540,0,44289,44289,38,7.6,620495
1786164097,2024600,14240,83886080,16420605952,1540,0,44294,44294,44,7.6,620632
1786164107,2026100,14240,83886080,16480428032,1540,0,44301,44301,37,7.6,617984
1786164117,2036048,14240,83886080,16543404032,1540,0,44306,44306,40,7.6,617954
1786164128,2024096,14240,83886080,16602189824,1541,0,44314,44314,31,7.6,617923
1786164138,2029300,14240,83886080,16664109056,1541,0,44318,44318,39,7.6,619502
1786164148,2039488,14240,83886080,16719740928,1541,0,44322,44322,44,7.6,620474
1786164158,2027116,14240,83886080,16786915328,1541,0,44330,44330,32,7.6,620696
1786164168,2028752,14240,83886080,16823648256,1541,0,44334,44334,42,7.6,620719
1786164178,2036880,14240,83886080,16884527104,1541,0,44339,44339,45,7.6,619382
1786164188,2031320,14240,83886080,16941203456,1541,0,44347,44347,32,7.6,619501
1786164198,2031612,14240,83886080,16977940480,1541,0,44352,44352,37,7.6,617895
1786164208,2029240,14240,83886080,17029390336,1541,0,44359,44359,34,7.6,619425
1786164218,2037040,14240,83886080,17079795712,1541,0,44364,44364,40,7.6,621313
1786164228,2039424,14240,83886080,17124929536,1541,0,44369,44369,45,7.6,619404
1786164238,2027708,14240,83886080,16112046080,1541,0,44377,44377,34,7.6,619995
1786164249,2039428,14240,83886080,16150884352,1541,0,44381,44381,46,7.6,623936
1786164259,2025312,14240,83886080,16186568704,1541,0,44385,44385,54,7.6,619960
1786164269,2029404,14240,83886080,15164243968,1541,0,44393,44393,36,7.6,622590
1786164279,2038928,14240,83886080,15206227968,1541,0,44397,44397,47,7.6,618180
1786164289,2024088,14240,83886080,15242969088,1541,0,44402,44402,47,7.6,620269
1786164299,2031800,14240,83886080,15293366272,1541,0,44409,44409,38,7.6,618552
1786164309,2034856,14240,83886080,15334301696,1541,0,44414,44414,45,7.6,618154
1786164319,2025320,14240,83886080,15340597248,1541,0,44415,44415,55,7.6,620355
1786164329,2033288,14240,83886080,15384698880,1541,0,44422,44422,39,7.6,618537
1786164339,2026664,14240,83886080,15425634304,1541,0,44428,44428,40,7.6,621219
1786164350,2026576,14240,83886080,15459221504,1541,0,44434,44434,39,7.6,619294
1786164360,2025560,14240,83886080,15491760128,1541,0,44440,44440,40,7.6,619933
1786164370,2033496,14240,83886080,15527444480,1541,0,44446,44446,41,7.6,617981
1786164380,2025148,14240,83886080,14475730944,1541,0,44450,44450,51,7.6,618000
1786164390,2032708,14240,83886080,14490427392,1541,0,44454,44454,53,7.6,622246
1786164400,2025424,14240,83886080,14517719040,1541,0,44458,44458,51,7.6,619186
1786164410,2024640,14240,83886080,13470203904,1541,0,44466,44466,33,7.6,617977
1786164421,2025336,14240,83886080,13472301056,1541,0,44466,44466,54,7.6,623900
1786164431,2028024,14240,83886080,13501693952,1541,0,44474,44474,36,7.6,617949
1786164441,2041644,14240,83886080,13535277056,1541,0,44478,44478,46,7.6,621003
1786164451,2024928,14240,83886080,13558370304,1541,0,44482,44482,53,7.6,621126
1786164461,2034072,14240,83886080,13573062656,1541,0,44486,44486,51,7.6,618866
1786164471,2025184,14240,83886080,13607702528,1541,0,44491,44491,46,7.6,618040
1786164481,2032952,14240,83886080,13642338304,1541,0,44498,44498,37,7.6,618584
1786164491,2025892,14240,83886080,13650735104,1541,0,44499,44499,55,7.6,627593
1786164501,2025916,14240,83886080,13675925504,1540,0,44507,44507,32,7.6,619587
1786164512,2035488,14240,83886080,13711613952,1540,0,44511,44511,40,7.6,618677
1786164522,2025460,14240,83886080,13740998656,1540,0,44515,44515,54,7.6,622194
1786164532,2026828,14240,83886080,13772488704,1540,0,44523,44523,36,7.6,618095
1786164542,2040252,14240,83886080,13808177152,1540,0,44527,44527,44,7.6,618672
1786164552,2023756,14240,83886080,13831266304,1540,0,44531,44531,51,7.6,618031
1786164562,2035776,14240,83886080,13844910080,1540,0,44535,44535,53,7.6,618146
1786164572,2024752,14240,83886080,13877448704,1540,0,44543,44542,36,7.6,617976
1786164583,2031752,14240,83886080,13911035904,1540,0,44547,44547,43,7.6,618758
1786164593,2038612,14240,83886080,13940424704,1540,0,44552,44552,49,7.6,619587
1786164603,2026364,14240,83886080,13971918848,1540,0,44560,44560,34,7.6,621375
1786164613,2034868,14240,83886080,14008651776,1540,0,44564,44564,46,7.6,618024
1786164623,2036968,14240,83886080,14031724544,1540,0,44569,44569,51,7.6,618652
1786164633,2024388,14240,83886080,14034874368,1540,0,44570,44570,53,7.6,622357
1786164643,2023844,14240,83886080,14035927040,1540,0,44572,44570,65,7.6,618166
1786164654,2034368,14240,83886080,14056919040,1540,0,44576,44576,40,7.6,619897
1786164664,2024756,14240,83886080,14080012288,1540,0,44580,44580,48,7.6,623840
1786164674,2035180,14240,83886080,14097858560,1540,0,44584,44584,52,7.6,617999
1786164684,2023980,14240,83886080,14140887040,1540,0,44592,44592,34,7.6,618035
1786164694,2037116,14240,83886080,14186020864,1539,0,44596,44596,43,7.6,619676
1786164704,2025648,14240,83886080,14223806464,1539,0,44601,44601,44,7.6,618001
1786164714,2030772,14240,83886080,14262640640,1539,0,44608,44608,36,7.6,618293
1786164725,2037900,14240,83886080,14305677312,1539,0,44613,44613,44,7.6,618024
1786164735,2025220,14240,83886080,14347653120,1539,0,44620,44620,38,7.6,618232
1786164745,2025668,14240,83886080,14374952960,1539,0,44626,44626,36,7.6,621390
1786164755,2024504,14240,83886080,14405390336,1539,0,44633,44633,33,7.6,619539
1786164765,2025644,14240,83886080,14430576640,1539,0,44638,44638,42,7.6,620041
1786164775,2027256,14240,83886080,14459969536,1539,0,44645,44645,38,7.6,617960
1786164785,2024828,14240,83886080,14473613312,1539,0,44649,44649,48,7.6,617894
1786164795,2024204,14240,83886080,14495653888,1540,0,44654,44654,51,7.6,621314
1786164805,2026728,14240,83886080,14527143936,1540,0,44661,44661,39,7.6,623875
1786164815,2025008,14240,83886080,14552330240,1540,0,44666,44666,47,7.6,620848
1786164826,2025400,14240,83886080,14579621888,1540,0,44674,44674,32,7.6,621091
1786164836,2027024,14240,83886080,14596415488,1540,0,44678,44678,43,7.6,617948
1786164846,2024076,14240,83886080,14624751616,1540,0,44686,44686,34,7.6,620051
1786164856,2025392,14240,83886080,14631051264,1540,0,44690,44690,42,7.6,623544
1786164866,2027904,14240,83886080,14649946112,1540,0,44694,44694,45,7.6,619880
1786164876,2025176,14240,83886080,14683533312,1540,0,44702,44702,33,7.6,626098
1786164886,2026204,14240,83886080,14705573888,1540,0,44706,44706,40,7.6,620120
1786164896,2024452,14240,83886080,14715019264,1540,0,44710,44710,50,7.6,617980
1786164906,2026328,14240,83886080,14746505216,1540,0,44718,44718,39,7.6,623204
1786164916,2025780,14240,83886080,14760153088,1540,0,44723,44723,42,7.6,621416
1786164926,2025056,14240,83886080,14776946688,1540,0,44730,44730,37,7.6,618030
1786164937,2025980,14240,83886080,14786387968,1540,0,44735,44735,45,7.6,617937
1786164947,2024852,14240,83886080,14800035840,1540,0,44742,44742,38,7.6,621003
1786164957,2025720,14240,83886080,14809485312,1540,0,44747,44747,46,7.6,620194
1786164967,2024776,14240,83886080,14822076416,1540,0,44751,44751,48,7.6,620433
1786164977,2025232,14240,83886080,14830477312,1540,0,44755,44755,46,7.6,622132
1786164987,2024756,14240,83886080,14842019840,1540,0,44759,44759,48,7.6,617973
1786164998,2026496,14240,83886080,14848315392,1540,0,44763,44763,51,7.6,625371
1786165008,2025360,14240,83886080,14854619136,1540,0,44771,44771,34,7.6,618228
1786165018,2025600,14240,83886080,14859866112,1540,0,44775,44775,44,7.6,617894
1786165028,2025636,14240,83886080,14865113088,1540,0,44780,44780,47,7.6,621789
1786165038,2024776,14240,83886080,14874562560,1540,0,44788,44788,33,7.6,619503
1786165048,2026444,14240,83886080,14881906688,1540,0,44792,44792,44,7.6,618429
1786165058,2025096,14240,83886080,14889254912,1540,0,44797,44797,46,7.6,618405
1786165068,2025888,14240,83886080,14897643520,1540,0,44804,44804,37,7.6,617951
1786165078,2025268,14240,83886080,14901850112,1540,0,44809,44809,44,7.6,617950
1786165088,2025560,14240,83886080,14902902784,1540,0,44816,44816,39,7.6,618301
1786165098,2025308,14240,83886080,14906048512,1540,0,44821,44821,40,7.6,619826
1786165109,2024840,14240,83886080,14909194240,1540,0,44826,44826,45,7.6,621709
1786165119,2026020,14240,83886080,14910242816,1540,0,44833,44833,38,7.6,623030
1786165129,2025912,14240,83886080,14914437120,1540,0,44837,44837,42,7.6,620174
1786165139,2024340,14240,83886080,14917591040,1540,0,44845,44845,34,7.6,622975
1786165149,2026112,14240,83886080,14918643712,1540,0,44850,44850,40,7.6,620204
1786165159,2025020,14240,83886080,14922842112,1540,0,44854,44854,49,7.6,618409
1786165169,2026516,14240,83886080,14922842112,1540,0,44862,44862,38,7.6,624427
1786165179,2026004,14240,83886080,14927036416,1540,0,44867,44867,43,7.6,620993
1786165189,2025748,14240,83886080,14928084992,1540,0,44871,44871,50,7.6,620740
1786165199,2026592,14240,83886080,14935433216,1540,0,44875,44875,52,7.6,617906
1786165210,2024908,14240,83886080,14940684288,1540,0,44879,44879,50,7.6,619271
1786165220,2025124,14240,83886080,14954332160,1540,0,44887,44887,36,7.6,620002
1786165230,2025024,14240,83886080,14962724864,1540,0,44892,44892,44,7.6,623549
1786165240,2024572,14240,83886080,14983716864,1540,0,44899,44899,37,7.6,620922
1786165250,2024608,14240,83886080,14998413312,1540,0,44905,44905,40,7.6,618997
1786165260,2026424,14240,83886080,15018356736,1540,0,44911,44911,39,7.6,621066
1786165270,2024444,14240,83886080,15041441792,1541,0,44917,44917,40,7.6,627110
1786165280,2025632,14240,83886080,15080280064,1541,0,44925,44925,32,7.6,618630
1786165290,2025580,14240,83886080,15102324736,1541,0,44929,44929,43,7.6,617930
1786165300,2026400,14240,83886080,15141158912,1541,0,44937,44937,35,7.6,623640
1786165310,2026724,14240,83886080,15170551808,1541,0,44941,44941,43,7.6,619004
1786165320,2025404,14240,83886080,15216730112,1541,0,44949,44949,29,7.6,624690
1786165331,2026372,14240,83886080,15246114816,1541,0,44954,44954,36,7.6,621269
1786165341,2026000,14240,83886080,15292301312,1541,0,44961,44961,32,7.6,625215
1786165351,2033176,14240,83886080,15351074816,1541,0,44966,44966,37,7.6,617901
1786165361,2029708,14240,83886080,15417204736,1541,0,44973,44973,35,7.6,617977
1786165371,2029832,14240,83886080,15470735360,1541,0,44979,44979,35,7.6,624630
1786165381,2027684,14240,83886080,15527411712,1541,0,44983,44983,46,7.6,622228
1786165391,2031980,14240,83886080,15588286464,1541,0,44991,44991,36,7.6,622738
1786165401,2023952,14240,83886080,15627120640,1541,0,44997,44997,39,7.6,622869
1786165411,2034988,14240,83886080,15671205888,1541,0,45003,45003,39,7.6,619127
1786165421,2027336,14240,83886080,15717388288,1541,0,45011,45011,33,7.6,619390
1786165432,2030220,14240,83886080,15767773184,1541,0,45016,45016,38,7.6,623382
1786165442,2027900,14240,83886080,15824449536,1541,0,45023,45023,32,7.6,622132
1786165452,2036172,14240,83886080,15880077312,1541,0,45028,45028,42,7.6,617933
1786165462,2031612,14240,83886080,15918911488,1541,0,45035,45035,37,7.6,617983
1786165472,2034320,14240,83886080,15966146560,1541,0,45041,45041,41,7.6,626395
1786165482,2030388,14240,83886080,16011280384,1541,0,45048,45048,37,7.6,617953
1786165492,2027400,14240,83886080,16042766336,1541,0,45053,45053,40,7.6,619037
1786165502,2031424,14240,83886080,16076349440,1541,0,45060,45060,36,7.6,617905
1786165512,2028448,14240,83886080,16115183616,1541,0,45065,45065,45,7.6,621315
1786165523,2027272,14240,83886080,16152977408,1541,0,45073,45073,34,7.6,621253
1786165533,2027596,14240,83886080,16194957312,1541,0,45078,45078,40,7.6,619395
1786165543,2026188,14240,83886080,16233791488,1542,0,45085,45085,36,7.6,620173
1786165553,2027904,14240,83886080,16277876736,1541,0,45091,45091,37,7.6,618009
1786165563,2030456,14240,83886080,16326156288,1542,0,45098,45098,35,7.6,619687
1786165573,2027156,14240,83886080,16368140288,1542,0,45105,45105,33,7.6,617911
1786165583,2032780,14240,83886080,16413274112,1542,0,45109,45109,43,7.6,619051
1786165593,2030644,14240,83886080,16463659008,1542,0,45117,45117,36,7.6,617891
1786165603,2030228,14240,83886080,16509837312,1542,0,45122,45122,41,7.6,618060
1786165613,2025668,14240,83886080,16550776832,1542,0,45129,45129,33,7.6,618615
1786165623,2034816,14240,83886080,16600100864,1542,0,45134,45134,40,7.6,620347
1786165634,2037156,14240,83886080,16638939136,1542,0,45139,45139,43,7.6,622724
1786165644,2027968,14240,83886080,16689319936,1542,0,45147,45147,32,7.6,618860
1786165654,2034928,14240,83886080,16735498240,1542,0,45152,45152,39,7.6,618044
1786165664,2029940,14240,83886080,16776437760,1542,0,45159,45159,35,7.6,619350
1786165674,2028192,14240,83886080,16828915712,1542,0,45164,45164,41,7.6,618905
1786165684,2027476,14240,83886080,16880349184,1542,0,45172,45171,38,7.6,617982
1786165694,2026400,14240,83886080,16914984960,1542,0,45179,45178,36,7.6,617958
1786165704,2030852,14240,83886080,16953819136,1542,0,45184,45184,36,7.6,620644
1786165714,2027848,14240,83886080,16993701888,1542,0,45188,45188,47,7.6,625792
1786165724,2024592,14240,83886080,17013645312,1542,0,45192,45192,46,7.6,617896
1786165735,2024812,14240,83886080,14902870016,1542,0,45200,45200,30,7.6,620365
1786165745,2034460,14240,83886080,14944870400,1542,0,45204,45204,41,7.6,621324
1786165755,2032892,14240,83886080,14978465792,1542,0,45209,45209,44,7.6,624975
1786165765,2028456,14240,83886080,15016251392,1542,0,45216,45216,35,7.6,617992
1786165776,2034556,14240,83886080,15057186816,1542,0,45221,45221,42,7.6,619894
1786165786,2029992,14240,83886080,15084478464,1542,0,45228,45228,36,7.6,620462
1786165796,2031672,14240,83886080,15120158720,1542,0,45234,45234,38,7.6,621046
1786165806,2028808,14240,83886080,15157952512,1542,0,45241,45241,36,7.6,617951
1786165816,2025004,14240,83886080,15163199488,1542,0,45241,45241,55,7.6,620282
1786165826,2028080,14240,83886080,14116728832,1542,0,45249,45249,35,7.6,620081
1786165836,2034996,14240,83886080,14149271552,1542,0,45253,45253,44,7.6,623072
1786165846,2024920,14240,83886080,14175518720,1542,0,45258,45258,46,7.6,626423
1786165856,2030560,14240,83886080,14188109824,1542,0,45262,45262,49,7.6,617994
1786165866,2041156,14240,83886080,13144797184,1542,0,45266,45266,47,7.6,619571
1786165877,2028948,14240,83886080,13173141504,1542,0,45274,45274,36,7.6,617916
1786165887,2027696,14240,83886080,13193080832,1542,0,45279,45278,43,7.6,618011
1786165897,2028436,14240,83886080,13224570880,1542,0,45283,45283,46,7.6,620150
1786165907,2029492,14240,83886080,13252907008,1542,0,45291,45291,36,7.6,617992
1786165917,2025472,14240,83886080,13265498112,1542,0,45292,45291,58,7.6,621434
1786165927,2027220,14240,83886080,13284397056,1541,0,45298,45296,57,7.6,627991
1786165937,2030424,14240,83886080,13316931584,1541,0,45304,45304,38,7.6,622732
1786165947,2043408,14240,83886080,13344223232,1541,0,45308,45308,50,7.6,620218
1786165957,2024360,14240,83886080,13347368960,1541,0,45308,45308,70,7.6,617961
1786165967,2032564,14240,83886080,13382012928,1541,0,45316,45316,40,7.6,622555
1786165978,2038200,14240,83886080,13416644608,1541,0,45321,45321,45,7.6,621790
1786165988,2025140,14240,83886080,13441839104,1541,0,45325,45325,54,7.6,622324
1786165998,2035264,14240,83886080,13456531456,1541,0,45329,45329,56,7.6,617983
1786166008,2025460,14240,83886080,13489065984,1541,0,45334,45334,48,7.6,619843
1786166018,2029612,14240,83886080,13517406208,1541,0,45341,45341,40,7.6,620388
1786166028,2034348,14240,83886080,13542600704,1541,0,45345,45345,45,7.6,618037
1786166038,2026504,14240,83886080,13575135232,1541,0,45350,45350,48,7.6,618854
1786166049,2029776,14240,83886080,13608722432,1541,0,45358,45358,37,7.6,618614
1786166059,2033356,14240,83886080,13633916928,1541,0,45363,45363,42,7.6,619038
1786166069,2031132,14240,83886080,13666451456,1541,0,45370,45370,37,7.6,621265
1786166079,2029224,14240,83886080,13700038656,1541,0,45377,45377,35,7.6,619674
1786166089,2025636,14240,83886080,13704237056,1541,0,45378,45378,53,7.6,627130
1786166099,2026012,14240,83886080,13733629952,1541,0,45386,45386,34,7.6,621222
1786166109,2036580,14240,83886080,13769314304,1540,0,45390,45390,44,7.6,618045
1786166119,2025504,14240,83886080,13796601856,1540,0,45395,45395,50,7.6,618193
1786166129,2031452,14240,83886080,13828087808,1540,0,45402,45402,39,7.6,618192
1786166139,2040248,14240,83886080,13862723584,1540,0,45407,45407,46,7.6,620306
1786166150,2024668,14240,83886080,13885816832,1540,0,45414,45413,42,7.6,617995
1786166160,2033700,14240,83886080,13919408128,1540,0,45419,45419,41,7.6,617990
1786166170,2024896,14240,83886080,13952991232,1540,0,45424,45424,45,7.6,617977
1786166180,2026792,14240,83886080,13976084480,1540,0,45431,45431,38,7.6,620149
1786166190,2034528,14240,83886080,14010720256,1540,0,45436,45436,41,7.6,618089
1786166200,2025628,14240,83886080,14042210304,1540,0,45444,45444,34,7.6,621348
1786166210,2028756,14240,83886080,14067404800,1540,0,45449,45449,40,7.6,617968
1786166220,2035736,14240,83886080,14104133632,1540,0,45453,45453,47,7.6,622102
1786166230,2030252,14240,83886080,14141919232,1540,0,45461,45461,37,7.6,618011
1786166240,2024400,14240,83886080,14156615680,1540,0,45465,45465,39,7.6,618631
1786166251,2024828,14240,83886080,14166061056,1540,0,45469,45469,44,7.6,619699
1786166261,2025700,14240,83886080,14181801984,1540,0,45477,45477,37,7.6,622331
1786166271,2025436,14240,83886080,14189154304,1540,0,45482,45482,44,7.6,618020
1786166281,2025096,14240,83886080,14201749504,1540,0,45489,45489,33,7.6,617949
1786166291,2026404,14240,83886080,14214340608,1540,0,45495,45495,38,7.6,617938
1786166301,2025064,14240,83886080,14226935808,1540,0,45501,45501,39,7.6,623143
1786166311,2025668,14240,83886080,14238482432,1540,0,45507,45507,39,7.6,622348
1786166321,2024348,14240,83886080,14260523008,1540,0,45514,45514,35,7.6,617916
1786166331,2025808,14240,83886080,14274170880,1539,0,45519,45519,42,7.6,620219
1786166341,2025928,14240,83886080,14288867328,1539,0,45526,45526,40,7.6,622319
1786166351,2026168,14240,83886080,14305656832,1539,0,45534,45534,31,7.6,619585
1786166361,2026016,14240,83886080,14321401856,1539,0,45539,45539,38,7.6,621901
1786166372,2025832,14240,83886080,14326648832,1539,0,45541,45541,46,7.6,619206
1786166382,2025672,14240,83886080,14345543680,1539,0,45548,45548,36,7.6,622591
1786166392,2025240,14240,83886080,14360231936,1539,0,45554,45554,39,7.6,618444
1786166402,2025116,14240,83886080,14378082304,1539,0,45561,45561,35,7.6,621280
1786166412,2025836,14240,83886080,14390677504,1539,0,45568,45568,33,7.6,619500
1786166422,2025256,14240,83886080,14403268608,1539,0,45573,45573,39,7.6,622033
1786166433,2025864,14240,83886080,14412713984,1539,0,45580,45580,36,7.6,624685
1786166443,2026828,14240,83886080,14427410432,1539,0,45586,45586,38,7.6,618458
1786166453,2026244,14240,83886080,14441054208,1539,0,45593,45593,35,7.6,621721
1786166463,2026196,14240,83886080,14449451008,1539,0,45598,45598,43,7.6,617941
1786166473,2025756,14240,83886080,14459949056,1539,0,45606,45606,34,7.6,617995
1786166483,2025264,14240,83886080,14467293184,1539,0,45610,45610,44,7.6,623329
1786166493,2026560,14240,83886080,14477795328,1539,0,45618,45618,36,7.6,621733
1786166503,2025852,14240,83886080,14490382336,1539,0,45622,45622,47,7.6,618124
1786166513,2025336,14240,83886080,14504030208,1539,0,45630,45630,35,7.6,618051
1786166523,2026564,14240,83886080,14514528256,1539,0,45634,45634,44,7.6,619385
1786166533,2026824,14240,83886080,14520827904,1539,0,45639,45639,48,7.6,621984
1786166543,2025864,14240,83886080,14528176128,1539,0,45647,45647,34,7.6,617940
1786166553,2025612,14240,83886080,14531321856,1539,0,45651,45651,46,7.6,617905
1786166563,2024892,14240,83886080,14534475776,1539,0,45659,45659,35,7.6,623670
1786166574,2025372,14240,83886080,14537621504,1539,0,45664,45664,42,7.6,623458
1786166584,2026548,14240,83886080,14544965632,1539,0,45671,45671,36,7.6,620063
1786166594,2026104,14240,83886080,14551261184,1539,0,45676,45676,41,7.6,619389
1786166604,2026032,14240,83886080,14557560832,1539,0,45684,45684,31,7.6,619576
1786166614,2024236,14240,83886080,14564909056,1539,0,45688,45688,42,7.6,619656
1786166624,2026520,14240,83886080,14570160128,1539,0,45693,45693,49,7.6,617919
1786166634,2024984,14240,83886080,14583803904,1539,0,45701,45701,36,7.6,617917
1786166644,2026892,14240,83886080,14590103552,1539,0,45705,45705,46,7.6,617926
1786166654,2024956,14240,83886080,14595346432,1539,0,45713,45713,30,7.6,621300
1786166664,2026480,14240,83886080,14597447680,1539,0,45717,45717,38,7.6,620443
1786166674,2025200,14240,83886080,14600597504,1539,0,45722,45722,46,7.6,618438
1786166685,2026188,14240,83886080,14601646080,1539,0,45730,45730,33,7.6,617892
1786166695,2025052,14240,83886080,14605840384,1539,0,45735,45735,39,7.6,618153
1786166705,2025340,14240,83886080,14607941632,1539,0,45739,45739,49,7.6,618006
1786166715,2026048,14240,83886080,14611091456,1539,0,45747,45747,36,7.6,619531
1786166725,2025648,14240,83886080,14611091456,1539,0,45747,45747,57,7.6,617975
1786166735,2024992,14240,83886080,14614241280,1539,0,45755,45755,33,7.6,617969
1786166745,2025672,14240,83886080,14616338432,1539,0,45759,45759,43,7.6,617937
1786166755,2024016,14240,83886080,14620540928,1539,0,45763,45763,51,7.6,618898
1786166765,2025924,14240,83886080,14626840576,1539,0,45771,45771,39,7.6,618500
1786166775,2025988,14240,83886080,14632087552,1539,0,45775,45775,47,7.6,618938
1786166786,2025140,14240,83886080,14644678656,1539,0,45783,45783,35,7.6,622236
1786166796,2026368,14240,83886080,14652026880,1539,0,45787,45787,44,7.6,618044
1786166806,2027020,14240,83886080,14662520832,1539,0,45791,45791,51,7.6,619210
1786166816,2025056,14240,83886080,14683512832,1539,0,45799,45799,34,7.6,619515
1786166826,2024796,14240,83886080,14688763904,1539,0,45803,45803,40,7.6,619479
1786166836,2024840,14240,83886080,14696108032,1539,0,45808,45808,43,7.6,620253
1786166846,2030964,14240,83886080,14716047360,1539,0,45815,45815,37,7.6,617990
1786166856,2026084,14240,83886080,14752784384,1539,0,45820,45820,44,7.6,618032
1786166867,2027244,14240,83886080,14786371584,1539,0,45824,45824,50,7.6,625852
1786166877,2033896,14240,83886080,14818914304,1539,0,45828,45828,47,7.6,621759
1786166887,2024252,14240,83886080,14867193856,1539,0,45834,45834,41,7.6,619847
1786166897,2033848,14240,83886080,14927020032,1539,0,45840,45840,38,7.6,624183
1786166907,2025692,14240,83886080,14977404928,1539,0,45848,45848,29,7.6,621828
1786166917,2029024,14240,83886080,15022538752,1539,0,45853,45853,35,7.6,619366
1786166927,2027168,14240,83886080,15073964032,1539,0,45857,45857,45,7.6,620647
1786166937,2027480,14240,83886080,15134842880,1539,0,45865,45865,35,7.6,617953
1786166947,2029680,14240,83886080,15177875456,1539,0,45869,45869,43,7.6,619610
1786166957,2027352,14240,83886080,15237701632,1539,0,45877,45877,34,7.6,620460
1786166968,2032456,14240,83886080,15291236352,1539,0,45882,45882,37,7.6,621153
1786166978,2026940,14240,83886080,15329017856,1539,0,45889,45889,35,7.6,621586
1786166988,2034340,14240,83886080,15373099008,1539,0,45894,45894,41,7.6,619961
1786166998,2026156,14240,83886080,15418236928,1539,0,45902,45902,31,7.6,617934
1786167008,2032032,14240,83886080,15449722880,1539,0,45906,45906,41,7.6,619734
1786167018,2026632,14240,83886080,15485411328,1539,0,45911,45911,42,7.6,621952
1786167028,2027752,14240,83886080,15541043200,1539,0,45919,45919,33,7.6,621593
1786167038,2029672,14240,83886080,15583023104,1539,0,45924,45924,42,7.6,621849
1786167048,2028220,14240,83886080,15632355328,1539,0,45931,45931,33,7.6,619658
1786167058,2031236,14240,83886080,15691132928,1539,0,45936,45936,37,7.6,622081
1786167068,2034888,14240,83886080,15729967104,1539,0,45940,45940,44,7.6,618737
1786167078,2025456,14240,83886080,15786643456,1539,0,45948,45948,33,7.6,617871
1786167088,2030688,14240,83886080,15846473728,1539,0,45953,45953,38,7.6,620232
1786167099,2037384,14240,83886080,15892656128,1539,0,45957,45957,46,7.6,617926
1786167109,2025204,14240,83886080,15952482304,1539,0,45965,45965,31,7.6,621217
1786167119,2037068,14240,83886080,15996563456,1539,0,45969,45969,41,7.6,621373
1786167129,2035580,14240,83886080,16041697280,1540,0,45975,45975,40,7.6,622211
1786167139,2031352,14240,83886080,16092078080,1540,0,45982,45982,37,7.6,622061
1786167149,2029092,14240,83886080,16139313152,1540,0,45989,45989,35,7.6,617925
1786167159,2025756,14240,83886080,16144560128,1540,0,45990,45990,47,7.6,621431
1786167169,2028704,14240,83886080,16199135232,1540,0,45998,45998,34,7.6,617922
1786167179,2036712,14240,83886080,16241127424,1540,0,46003,46003,40,7.6,622474
1786167190,2028812,14240,83886080,16277856256,1540,0,46010,46010,36,7.6,619221
1786167200,2040708,14240,83886080,16322990080,1540,0,46014,46014,44,7.6,617933
1786167210,2028228,14240,83886080,16376524800,1540,0,46022,46022,35,7.6,621398
1786167220,2033660,14240,83886080,16412205056,1540,0,46027,46027,42,7.6,622415
1786167230,2028568,14240,83886080,16459440128,1539,0,46034,46034,34,7.6,617900
1786167240,2036332,14240,83886080,16502489088,1539,0,46039,46039,41,7.6,619607
1786167250,2036924,14240,83886080,16540299264,1539,0,46043,46043,49,7.6,619085
1786167260,2029920,14240,83886080,16584380416,1539,0,46051,46051,37,7.6,620980
1786167270,2037440,14240,83886080,16630558720,1539,0,46056,46056,43,7.6,617943
1786167280,2028584,14240,83886080,16661004288,1539,0,46060,46060,53,7.6,617982
1786167290,2032364,14240,83886080,16700887040,1539,0,46068,46068,37,7.6,619627
1786167300,2025320,14240,83886080,15654420480,1539,0,46073,46072,49,7.6,625397
1786167310,2025972,14240,83886080,15677509632,1539,0,46080,46080,36,7.6,617934
1786167320,2032740,14240,83886080,15706898432,1539,0,46084,46084,44,7.6,618023
1786167331,2025968,14240,83886080,14657290240,1539,0,46089,46089,50,7.6,618526
1786167341,2028392,14240,83886080,14684581888,1539,0,46097,46097,36,7.6,617956
1786167351,2039648,14240,83886080,14715019264,1539,0,46101,46101,47,7.6,621729
1786167361,2024096,14240,83886080,14734958592,1539,0,46106,46106,47,7.6,618061
1786167371,2033376,14240,83886080,14747557888,1539,0,46110,46110,50,7.6,622405
1786167381,2024644,14240,83886080,14779043840,1539,0,46115,46115,45,7.6,617963
1786167391,2032644,14240,83886080,14810529792,1539,0,46122,46122,38,7.6,617972
1786167401,2034888,14240,83886080,14836768768,1539,0,46127,46127,43,7.6,621804
1786167411,2025744,14240,83886080,14869311488,1539,0,46134,46134,36,7.6,621845
1786167421,2037268,14240,83886080,14910242816,1539,0,46139,46139,45,7.6,619753
1786167432,2032672,14240,83886080,14941728768,1539,0,46143,46143,53,7.6,619523
1786167442,2025052,14240,83886080,14985814016,1539,0,46151,46151,37,7.6,620399
1786167452,2037456,14240,83886080,15029895168,1539,0,46155,46155,44,7.6,620991
1786167462,2024944,14240,83886080,15069782016,1539,0,46159,46159,53,7.6,618025
1786167472,2028904,14240,83886080,15130656768,1539,0,46167,46167,37,7.6,619858
1786167482,2036672,14240,83886080,15174742016,1539,0,46171,46171,46,7.6,618022
1786167492,2024672,14240,83886080,15221972992,1539,0,46179,46179,32,7.6,619896
1786167502,2035448,14240,83886080,15271305216,1539,0,46183,46183,40,7.6,618026
1786167513,2026264,14240,83886080,15305945088,1539,0,46187,46187,49,7.6,627402
1786167523,2031024,14240,83886080,15323787264,1539,0,46191,46191,47,7.6,618010
1786167533,2042268,14240,83886080,15362621440,1539,0,46195,46195,50,7.6,618818
1786167543,2029260,14240,83886080,15405654016,1539,0,46203,46203,36,7.6,618984
1786167553,2031528,14240,83886080,15443439616,1539,0,46208,46208,43,7.6,620104
1786167563,2028344,14240,83886080,15488573440,1539,0,46215,46215,34,7.6,620540
1786167573,2033868,14240,83886080,15541051392,1539,0,46220,46220,39,7.6,617970
1786167583,2026148,14240,83886080,15554695168,1539,0,46220,46220,56,7.6,617990
1786167593,2025656,14240,83886080,15598800896,1539,0,46228,46228,33,7.6,617993
1786167604,2036296,14240,83886080,15639736320,1539,0,46232,46232,44,7.6,624442
1786167614,2024884,14240,83886080,15673319424,1539,0,46237,46237,48,7.6,622132
1786167624,2030220,14240,83886080,15717404672,1540,0,46245,46245,35,7.6,620396
1786167634,2028732,14240,83886080,15760433152,1540,0,46250,46250,42,7.6,617982
1786167644,2024932,14240,83886080,15791947776,1540,0,46254,46254,50,7.6,622350
1786167654,2034528,14240,83886080,15819235328,1540,0,46258,46258,51,7.6,621624
1786167664,2024584,14240,83886080,15870664704,1540,0,46266,46266,30,7.6,619625
1786167674,2030920,14240,83886080,15916847104,1540,0,46270,46270,42,7.6,619829
1786167685,2025932,14240,83886080,15930490880,1540,0,46271,46271,56,7.6,625478
1786167695,2027600,14240,83886080,15976673280,1540,0,46279,46279,35,7.6,621574
1786167706,2031844,14240,83886080,16018657280,1540,0,46284,46284,41,7.6,625176
1786167716,2026800,14240,83886080,16062746624,1540,0,46291,46291,37,7.6,620455
1786167726,2031884,14240,83886080,16108924928,1540,0,46297,46297,36,7.6,617983
1786167736,2025252,14240,83886080,16151961600,1540,0,46304,46304,36,7.6,618076
1786167746,2025724,14240,83886080,16184496128,1540,0,46309,46309,39,7.6,617896
1786167756,2025316,14240,83886080,16199192576,1540,0,46315,46315,37,7.6,620239
1786167766,2025476,14240,83886080,16221229056,1540,0,46321,46321,41,7.6,619907
1786167776,2026168,14240,83886080,16239071232,1540,0,46327,46327,42,7.6,619972
1786167786,2026348,14240,83886080,16265318400,1540,0,46335,46335,32,7.6,617930
1786167796,2025500,14240,83886080,16282112000,1540,0,46339,46339,46,7.6,617910
1786167807,2026168,14240,83886080,16290508800,1540,0,46341,46341,51,7.6,628421
1786167817,2026572,14240,83886080,16318840832,1540,0,46349,46349,38,7.6,620464
1786167827,2025084,14240,83886080,16335638528,1540,0,46354,46354,43,7.6,622846
1786167837,2025456,14240,83886080,16354533376,1540,0,46361,46361,36,7.6,619173
1786167847,2025692,14240,83886080,16378671104,1540,0,46366,46366,39,7.6,617884
1786167857,2024728,14240,83886080,16392314880,1540,0,46374,46374,30,7.6,624955
1786167867,2024292,14240,83886080,16416460800,1540,0,46378,46378,39,7.6,617958
1786167877,2027352,14240,83886080,16430104576,1540,0,46383,46383,43,7.6,619192
1786167887,2025164,14240,83886080,15375245312,1540,0,46391,46391,34,7.6,617997
1786167898,2026092,14240,83886080,15383638016,1540,0,46395,46395,46,7.6,620167
1786167908,2024916,14240,83886080,15401484288,1540,0,46403,46403,34,7.6,618196
1786167918,2026308,14240,83886080,15411978240,1540,0,46408,46408,41,7.6,623241
1786167928,2025620,14240,83886080,15421419520,1540,0,46415,46415,39,7.6,618585
1786167938,2024292,14240,83886080,15427723264,1540,0,46421,46421,39,7.6,621232
1786167948,2025528,14240,83886080,15434022912,1540,0,46428,46428,38,7.6,617931
1786167958,2027676,14240,83886080,15442419712,1540,0,46432,46432,49,7.6,619977
1786167968,2025168,14240,83886080,14370762752,1540,0,46440,46440,35,7.6,619905
1786167978,2026232,14240,83886080,14374961152,1540,0,46444,46444,45,7.6,621036
1786167988,2026392,14240,83886080,14376009728,1540,0,46449,46449,47,7.6,620645
1786167999,2025368,14240,83886080,14383353856,1540,0,46456,46456,39,7.6,624354
1786168009,2024724,14240,83886080,14388600832,1540,0,46462,46462,43,7.6,617940
1786168019,2025172,14240,83886080,14389649408,1540,0,46466,46466,39,7.6,625772
1786168029,2026224,14240,83886080,14394896384,1540,0,46471,46471,38,7.6,618940
1786168039,2025416,14240,83886080,14401200128,1540,0,46478,46478,35,7.6,619740
1786168049,2024760,14240,83886080,14405398528,1540,0,46484,46484,36,7.6,619058
1786168059,2025556,14240,83886080,14408544256,1540,0,46490,46490,39,7.6,623458
1786168069,2025212,14240,83886080,14411694080,1540,0,46496,46496,40,7.6,620607
1786168079,2024924,14240,83886080,14413795328,1540,0,46500,46500,49,7.6,621452
1786168089,2025948,14240,83886080,14414843904,1540,0,46504,46504,49,7.6,617967
1786168099,2025408,14240,83886080,14417989632,1540,0,46512,46512,33,7.6,622069
1786168110,2026104,14240,83886080,14420094976,1540,0,46516,46516,44,7.6,617876
1786168120,2025168,14240,83886080,14422192128,1540,0,46522,46522,44,7.6,619629
1786168130,2026540,14240,83886080,14424289280,1540,0,46530,46530,34,7.6,620866
1786168140,2024420,14240,83886080,14428487680,1540,0,46536,46536,35,7.6,619298
1786168150,2025392,14240,83886080,14429540352,1540,0,46538,46538,49,7.6,617923
1786168160,2024400,14240,83886080,14434783232,1540,0,46542,46542,56,7.6,617863
1786168170,2026016,14240,83886080,14444228608,1540,0,46550,46550,39,7.6,621774
1786168180,2026044,14240,83886080,14450528256,1540,0,46555,46555,43,7.6,617954
1786168190,2026128,14240,83886080,14454726656,1540,0,46559,46559,37,7.6,623071
1786168201,2025944,14240,83886080,14468374528,1540,0,46563,46563,41,7.6,622761
1786168211,2025104,14240,83886080,14480969728,1540,0,46571,46571,34,7.6,617946
1786168221,2025904,14240,83886080,14491467776,1540,0,46577,46577,38,7.6,620396
1786168231,2025288,14240,83886080,14507204608,1540,0,46583,46583,37,7.6,622363
1786168241,2026180,14240,83886080,14525054976,1540,0,46591,46591,31,7.6,627578
1786168251,2026156,14240,83886080,14541844480,1540,0,46596,46596,38,7.6,624934
1786168261,2025212,14240,83886080,14571237376,1540,0,46603,46603,35,7.6,617875
1786168271,2025612,14240,83886080,14594326528,1540,0,46609,46609,38,7.6,618888
1786168281,2025728,14240,83886080,14618468352,1540,0,46616,46616,35,7.6,617896
1786168291,2026524,14240,83886080,14641561600,1540,0,46621,46621,41,7.6,622571
1786168301,2025736,14240,83886080,14667800576,1540,0,46628,46628,38,7.6,617924
1786168312,2025792,14240,83886080,14689837056,1540,0,46633,46633,46,7.6,619764
1786168322,2023984,14240,83886080,14717128704,1540,0,46641,46641,32,7.6,622669
1786168332,2026416,14240,83886080,14734970880,1540,0,46645,46645,43,7.6,618346
1786168342,2025892,14240,83886080,14761218048,1540,0,46652,46651,43,7.6,620653
1786168352,2030400,14240,83886080,14800044032,1540,0,46658,46658,38,7.6,619682
1786168362,2028588,14240,83886080,14846230528,1541,0,46665,46665,36,7.6,618040
1786168372,2026516,14240,83886080,14887165952,1541,0,46671,46671,37,7.6,617909
1786168382,2032124,14240,83886080,14936489984,1541,0,46677,46677,40,7.6,619227
1786168392,2027184,14240,83886080,14988976128,1541,0,46685,46685,31,7.6,622842
1786168402,2028072,14240,83886080,15027810304,1541,0,46690,46690,37,7.6,617993
1786168412,2029812,14240,83886080,15071891456,1541,0,46697,46697,34,7.6,620850
1786168422,2031728,14240,83886080,15112830976,1541,0,46702,46702,42,7.6,619326
1786168433,2028596,14240,83886080,15141171200,1541,0,46710,46710,35,7.6,620147
1786168443,2027840,14240,83886080,15174754304,1541,0,46714,46714,49,7.6,617920
1786168453,2028660,14240,83886080,15209394176,1541,0,46722,46722,39,7.6,621754
1786168463,2030724,14240,83886080,15245078528,1541,0,46727,46727,40,7.6,620365
1786168473,2027240,14240,83886080,15292309504,1541,0,46734,46734,32,7.7,623106
1786168483,2031428,14240,83886080,15342690304,1541,0,46739,46739,39,7.7,619573
1786168493,2036900,14240,83886080,15377330176,1541,0,46743,46743,48,7.7,619648
1786168503,2026032,14240,83886080,15419314176,1541,0,46751,46751,34,7.7,619991
1786168513,2029016,14240,83886080,15456051200,1541,0,46755,46755,44,7.7,618321
1786168523,2025136,14240,83886080,15461294080,1541,0,46757,46757,52,7.6,617939
1786168533,2027972,14240,83886080,15503282176,1540,0,46765,46765,36,7.7,619647
1786168544,2036152,14240,83886080,15541067776,1540,0,46769,46769,46,7.7,617938
1786168554,2025152,14240,83886080,15575703552,1540,0,46774,46774,49,7.7,617973
1786168564,2027000,14240,83886080,15623983104,1540,0,46782,46782,35,7.7,620696
1786168574,2028104,14240,83886080,15657574400,1540,0,46786,46786,48,7.7,623001
1786168584,2025500,14240,83886080,15685910528,1540,0,46794,46794,35,7.7,619056
1786168594,2035488,14240,83886080,15721598976,1540,0,46798,46798,42,7.7,617919
1786168604,2025992,14240,83886080,15744684032,1540,0,46802,46802,54,7.7,618619
1786168614,2024896,14240,83886080,15780376576,1540,0,46810,46810,36,7.7,620280
1786168624,2030864,14240,83886080,15818162176,1540,0,46814,46814,43,7.7,621157
1786168634,2026340,14240,83886080,15859097600,1540,0,46822,46822,32,7.7,621232
1786168644,2028284,14240,83886080,15888482304,1540,0,46827,46827,39,7.7,617926
1786168655,2029532,14240,83886080,15918911488,1540,0,46834,46834,36,7.7,619683
1786168665,2030056,14240,83886080,15958794240,1540,0,46840,46840,37,7.7,620280
1786168676,2025180,14240,83886080,15977689088,1540,0,46843,46843,51,7.6,626145
1786168686,2035416,14240,83886080,16000782336,1540,0,46847,46847,57,7.6,619305
1786168696,2030308,14240,83886080,16043814912,1540,0,46855,46855,34,7.6,617897
1786168706,2028856,14240,83886080,16079503360,1540,0,46861,46860,41,7.6,619728
1786168716,2031036,14240,83886080,16108892160,1540,0,46867,46867,38,7.6,619630
1786168726,2025220,14240,83886080,16143527936,1540,0,46873,46873,40,7.6,617919
1786168736,2028104,14240,83886080,16170811392,1540,0,46880,46880,38,7.6,624610
1786168746,2023972,14240,83886080,16179212288,1540,0,46884,46884,36,7.6,617946
1786168757,2031800,14240,83886080,15133802496,1540,0,46888,46888,41,7.6,619131
1786168767,2025016,14240,83886080,15165292544,1540,0,46895,46895,36,7.6,619968
1786168777,2027008,14240,83886080,15192580096,1540,0,46900,46900,39,7.6,618123
1786168787,2035724,14240,83886080,15223017472,1540,0,46905,46905,43,7.6,618185
1786168797,2027692,14240,83886080,14171312128,1540,0,46913,46913,36,7.6,619417
1786168807,2026204,14240,83886080,14180757504,1540,0,46914,46914,55,7.6,620177
1786168817,2026648,14240,83886080,14200700928,1540,0,46919,46919,51,7.6,618004
1786168827,2030792,14240,83886080,14236385280,1540,0,46926,46926,42,7.6,620032
1786168838,2025360,14240,83886080,14263689216,1540,0,46931,46931,45,7.6,621981
1786168848,2026892,14240,83886080,14293090304,1540,0,46939,46939,33,7.6,619773
1786168858,2034352,14240,83886080,14323523584,1540,0,46944,46944,40,7.6,617901
1786168868,2025272,14240,83886080,14351867904,1540,0,46949,46949,44,7.6,617876
1786168878,2030016,14240,83886080,14364459008,1540,0,46953,46953,43,7.6,617940
1786168888,2032240,14240,83886080,14399094784,1540,0,46959,46959,39,7.6,621620
1786168898,2035180,14240,83886080,14436880384,1540,0,46965,46965,40,7.6,617934
1786168908,2033572,14240,83886080,14467317760,1540,0,46971,46971,42,7.6,617907
1786168918,2026032,14240,83886080,14500909056,1540,0,46979,46979,30,7.6,619636
1786168928,2036472,14240,83886080,14532395008,1540,0,46983,46983,44,7.6,617996
1786168939,2025212,14240,83886080,14537646080,1540,0,46987,46987,47,7.6,627490
1786168949,2024628,14240,83886080,14562836480,1540,0,46995,46995,32,7.6,623039
1786168959,2033736,14240,83886080,14598520832,1540,0,46999,46999,41,7.6,618011
1786168969,2025204,14240,83886080,14628962304,1540,0,47003,47003,50,7.6,625468
1786168979,2026700,14240,83886080,14643650560,1540,0,47007,47007,46,7.6,617999
1786168989,2037364,14240,83886080,14682488832,1540,0,47011,47011,47,7.6,621986
1786169000,2024348,14240,83886080,14718177280,1540,0,47015,47015,55,7.6,618045
1786169010,2025164,14240,83886080,14752813056,1540,0,47023,47023,35,7.6,621030
1786169020,2033356,14240,83886080,14798991360,1540,0,47027,47027,43,7.6,619649
1786169030,2025304,14240,83886080,14834679808,1540,0,47032,47032,47,7.6,619997
1786169040,2025604,14240,83886080,14875619328,1540,0,47039,47039,38,7.6,621134
1786169050,2035428,14240,83886080,14916554752,1540,0,47043,47043,43,7.6,617988
1786169060,2025664,14240,83886080,14955388928,1540,0,47047,47047,53,7.6,620213
1786169070,2026340,14240,83886080,14996316160,1540,0,47055,47055,36,7.6,620144
1786169080,2036820,14240,83886080,15027810304,1540,0,47059,47059,44,7.6,619902
1786169090,2024220,14240,83886080,15061397504,1540,0,47064,47064,45,7.6,618935
1786169100,2033356,14240,83886080,15097081856,1540,0,47071,47071,40,7.6,621105
1786169111,2026016,14240,83886080,15127519232,1540,0,47076,47076,46,7.6,618062
1786169121,2033196,14240,83886080,15167401984,1540,0,47083,47083,39,7.6,619620
1786169131,2032756,14240,83886080,15204143104,1540,0,47088,47088,47,7.6,621096
1786169141,2026968,14240,83886080,15246123008,1540,0,47096,47096,35,7.6,618910
1786169151,2038604,14240,83886080,15284957184,1540,0,47100,47100,48,7.6,620237
1786169161,2025860,14240,83886080,15311200256,1540,0,47104,47104,55,7.6,627246
1786169171,2031832,14240,83886080,15332192256,1540,0,47108,47108,52,7.6,618069
1786169181,2042076,14240,83886080,15369977856,1540,0,47112,47112,50,7.6,619110
1786169191,2024640,14240,83886080,15379423232,1540,0,47116,47116,40,7.6,623389
1786169202,2034976,14240,83886080,15413014528,1540,0,47120,47120,43,7.6,621782
1786169213,2025780,14240,83886080,15423504384,1540,0,47120,47120,63,7.6,627605
1786169224,2024552,14240,83886080,15426650112,1540,0,47124,47124,51,7.6,617986
1786169234,2025560,14240,83886080,15427702784,1540,0,47124,47124,65,7.6,623130
1786169244,2033964,14240,83886080,15445544960,1540,0,47128,47128,46,7.6,618040
1786169254,2023952,14240,83886080,15460245504,1540,0,47132,47132,49,7.6,621078
1786169265,2025052,14240,83886080,15464448000,1540,0,47136,47136,53,7.6,621555
1786169275,2027312,14240,83886080,15470743552,1540,0,47140,47140,54,7.6,619645
1786169285,2024900,14240,83886080,15479136256,1540,0,47148,47148,29,7.6,620340
1786169295,2026708,14240,83886080,15484383232,1540,0,47152,47152,41,7.6,622215
1786169305,2024860,14240,83886080,15496990720,1540,0,47160,47160,30,7.6,619207
1786169315,2025720,14240,83886080,15508533248,1540,0,47165,47165,38,7.6,618556
1786169325,2024956,14240,83886080,15523233792,1540,0,47172,47172,33,7.6,618970
1786169335,2025660,14240,83886080,15534780416,1540,0,47178,47178,35,7.6,619003
1786169346,2024900,14240,83886080,15547371520,1540,0,47182,47182,46,7.6,621733
1786169356,2025692,14240,83886080,14483066880,1540,0,47190,47190,36,7.6,619122
1786169366,2026660,14240,83886080,14491463680,1540,0,47194,47194,46,7.6,624403
1786169376,2025492,14240,83886080,14494613504,1540,0,47202,47202,32,7.6,619532
1786169386,2025204,14240,83886080,14499860480,1540,0,47206,47206,43,7.6,618000
1786169396,2025652,14240,83886080,14507204608,1540,0,47211,47211,47,7.6,619259
1786169406,2025552,14240,83886080,14515605504,1540,0,47219,47219,35,7.6,618897
1786169416,2026228,14240,83886080,14519799808,1540,0,47223,47223,46,7.6,619826
1786169426,2025020,14240,83886080,14522953728,1540,0,47227,47227,50,7.6,621377
1786169436,2026684,14240,83886080,14527148032,1540,0,47231,47231,51,7.6,620969
1786169447,2025788,14240,83886080,14529249280,1540,0,47235,47235,50,7.6,619338
1786169457,2025512,14240,83886080,14533447680,1540,0,47243,47243,36,7.6,620518
1786169467,2025344,14240,83886080,14536601600,1540,0,47247,47247,45,7.6,617996
1786169477,2025732,14240,83886080,14540800000,1540,0,47251,47251,47,7.6,619702
1786169487,2025112,14240,83886080,14544994304,1540,0,47255,47255,50,7.6,624099
1786169497,2025360,14240,83886080,14551289856,1540,0,47263,47263,37,7.6,621162
1786169507,2026064,14240,83886080,14555500544,1540,0,47268,47268,40,7.6,618033
1786169517,2025420,14240,83886080,14562844672,1540,0,47275,47275,34,7.6,619823
1786169527,2026444,14240,83886080,14571245568,1540,0,47280,47280,40,7.6,617902
1786169537,2025352,14240,83886080,13499596800,1540,0,47286,47286,42,7.6,617984
1786169548,2024932,14240,83886080,13500645376,1540,0,47291,47291,36,7.6,619946
1786169558,2026632,14240,83886080,13502746624,1540,0,47295,47295,44,7.6,618849
1786169568,2025032,14240,83886080,13505892352,1540,0,47303,47303,35,7.6,618032
1786169578,2026120,14240,83886080,13509042176,1540,0,47308,47308,38,7.6,617928
1786169588,2025576,14240,83886080,13511139328,1540,0,47315,47315,34,7.6,618001
1786169598,2026028,14240,83886080,13513236480,1540,0,47321,47321,37,7.6,620858
1786169608,2025828,14240,83886080,13514289152,1540,0,47328,47328,31,7.6,621735
1786169618,2026140,14240,83886080,13517438976,1540,0,47333,47333,37,7.6,621260
1786169628,2025412,14240,83886080,13519536128,1540,0,47340,47340,33,7.6,622277
1786169638,2024492,14240,83886080,13521637376,1540,0,47342,47342,50,7.6,620443
1786169649,2025956,14240,83886080,13521637376,1540,0,47348,47348,40,7.6,617920
1786169659,2025408,14240,83886080,13524787200,1540,0,47354,47354,40,7.6,618618
1786169669,2025680,14240,83886080,13527932928,1540,0,47362,47362,33,7.6,619210
1786169679,2025096,14240,83886080,13528981504,1540,0,47366,47366,44,7.6,619043
1786169689,2025288,14240,83886080,13531082752,1540,0,47374,47374,34,7.6,620145
1786169699,2026704,14240,83886080,13533184000,1540,0,47380,47380,35,7.6,619730
1786169709,2024180,14240,83886080,13536333824,1540,0,47382,47382,52,7.6,624580
1786169719,2025640,14240,83886080,13536333824,1540,0,47386,47386,55,7.6,620886
1786169729,2024940,14240,83886080,13539479552,1540,0,47394,47394,34,7.6,623048
1786169739,2025556,14240,83886080,13542625280,1540,0,47398,47398,43,7.6,617938
1786169750,2025296,14240,83886080,13543677952,1540,0,47406,47406,35,7.6,619938
1786169760,2025748,14240,83886080,13546831872,1540,0,47412,47412,37,7.6,619843
1786169770,2027224,14240,83886080,13548929024,1540,0,47418,47418,40,7.6,619931
1786169780,2025532,14240,83886080,13551026176,1540,0,47426,47426,32,7.6,618018
1786169790,2025456,14240,83886080,13554171904,1540,0,47432,47432,35,7.6,619045
1786169800,2025928,14240,83886080,13556273152,1540,0,47438,47438,37,7.6,619903
1786169810,2026252,14240,83886080,13558374400,1540,0,47445,47445,36,7.6,618979
1786169820,2025076,14240,83886080,13561524224,1540,0,47452,47452,32,7.6,617944
1786169830,2026600,14240,83886080,13562572800,1540,0,47456,47456,44,7.6,621775
1786169840,2025796,14240,83886080,13565718528,1540,0,47464,47464,35,7.6,623301
1786169851,2026580,14240,83886080,13573070848,1540,0,47471,47471,32,7.6,619766
1786169861,2030284,14240,83886080,13597204480,1540,0,47476,47476,40,7.6,619150
1786169871,2025412,14240,83886080,13616099328,1540,0,47480,47480,51,7.6,617944
1786169881,2024868,14240,83886080,13629747200,1540,0,47488,47488,32,7.6,618765
1786169891,2033464,14240,83886080,13653893120,1540,0,47492,47492,44,7.6,617936
1786169901,2026068,14240,83886080,13675925504,1540,0,47500,47500,34,7.6,619603
1786169911,2028572,14240,83886080,13693767680,1540,0,47505,47505,39,7.6,617965
1786169921,2038312,14240,83886080,13720014848,1540,0,47509,47509,49,7.6,620633
1786169931,2026860,14240,83886080,13742051328,1540,0,47517,47517,36,7.6,619240
1786169941,2030356,14240,83886080,13763043328,1540,0,47521,47521,44,7.6,618491
1786169951,2024504,14240,83886080,13785083904,1540,0,47527,47527,40,7.6,619708
1786169961,2033532,14240,83886080,13809229824,1540,0,47533,47533,41,7.6,619398
1786169972,2028552,14240,83886080,13823922176,1540,0,47539,47539,43,7.6,617949
1786169982,2027140,14240,83886080,13847011328,1540,0,47546,47546,38,7.6,621928
1786169992,2028228,14240,83886080,13869056000,1539,0,47551,47551,45,7.6,621624
1786170002,2026424,14240,83886080,13879549952,1539,0,47559,47559,35,7.6,617958
1786170012,2030104,14240,83886080,13904744448,1539,0,47563,47563,46,7.6,618000
1786170022,2026196,14240,83886080,13922586624,1539,0,47571,47571,37,7.6,620629
1786170032,2032176,14240,83886080,13945675776,1539,0,47577,47577,38,7.6,618655
1786170042,2030960,14240,83886080,13972963328,1539,0,47583,47583,39,7.6,618431
1786170052,2024508,14240,83886080,13996056576,1539,0,47587,47587,50,7.6,618284
1786170062,2030072,14240,83886080,14026489856,1539,0,47595,47595,39,7.6,619891
1786170073,2025412,14240,83886080,14053785600,1539,0,47601,47600,44,7.6,617944
1786170083,2029528,14240,83886080,14080024576,1539,0,47607,47607,39,7.6,618994
1786170093,2039164,14240,83886080,14117814272,1539,0,47612,47612,44,7.6,620599
1786170103,2030320,14240,83886080,14156648448,1539,0,47619,47619,39,7.6,618009
1786170113,2025996,14240,83886080,14165037056,1539,0,47620,47620,55,7.6,618091
1786170123,2025028,14240,83886080,14193381376,1539,0,47625,47625,51,7.6,618683
1786170133,2034448,14240,83886080,14240612352,1539,0,47632,47632,40,7.6,618848
1786170143,2026036,14240,83886080,14271053824,1539,0,47637,47637,47,7.6,620468
1786170153,2033140,14240,83886080,14314082304,1539,0,47644,47644,39,7.6,618006
1786170163,2042244,14240,83886080,14353969152,1539,0,47649,47649,45,7.6,620395
1786170173,2025372,14240,83886080,14389657600,1539,0,47657,47657,33,7.6,619786
1786170183,2035092,14240,83886080,14429540352,1539,0,47661,47661,41,7.6,622349
1786170194,2025088,14240,83886080,14471524352,1538,0,47665,47665,50,7.6,622273
1786170204,2025000,14240,83886080,14504062976,1538,0,47673,47673,37,7.6,617951
1786170214,2026028,14240,83886080,14509314048,1538,0,47677,47677,44,7.6,619892
1786170224,2024996,14240,83886080,14514556928,1538,0,47685,47685,34,7.6,617942
1786170234,2026476,14240,83886080,14519803904,1538,0,47690,47690,37,7.6,618035
1786170244,2025308,14240,83886080,14528204800,1538,0,47695,47695,41,7.6,617974
1786170254,2025160,14240,83886080,14538698752,1538,0,47702,47702,37,7.6,617960
1786170264,2026008,14240,83886080,14541848576,1538,0,47707,47707,42,7.6,620598
1786170274,2024876,14240,83886080,14550249472,1538,0,47714,47714,34,7.6,619360
1786170284,2025180,14240,83886080,14557593600,1538,0,47719,47719,41,7.6,621044
1786170294,2025868,14240,83886080,14563893248,1538,0,47726,47726,38,7.6,622097
1786170305,2025660,14240,83886080,14571241472,1538,0,47732,47732,39,7.6,621274
1786170315,2024916,14240,83886080,14580686848,1538,0,47739,47739,37,7.6,618476
1786170325,2025600,14240,83886080,14580686848,1538,0,47739,47739,56,7.6,618011
1786170335,2025476,14240,83886080,14588030976,1538,0,47747,47747,37,7.6,617940
1786170345,2025844,14240,83886080,14591180800,1538,0,47752,47752,43,7.6,617926
1786170355,2025612,14240,83886080,14596431872,1538,0,47757,47757,46,7.6,625771
1786170365,2026120,14240,83886080,14601678848,1538,0,47763,47763,32,7.6,626230
1786170375,2025976,14240,83886080,14605877248,1538,0,47768,47768,40,7.6,623848
1786170385,2025180,14240,83886080,14614274048,1538,0,47775,47775,37,7.6,620236
1786170395,2025040,14240,83886080,14616371200,1538,0,47777,47777,50,7.6,623920
1786170406,2025776,14240,83886080,14620569600,1538,0,47785,47785,30,7.6,619259
1786170416,2026532,14240,83886080,14624768000,1538,0,47789,47789,41,7.6,617925
1786170426,2025844,14240,83886080,14627917824,1538,0,47797,47797,33,7.6,617953
1786170436,2025000,14240,83886080,14630014976,1538,0,47801,47801,45,7.6,619852
1786170446,2025124,14240,83886080,14639460352,1538,0,47809,47809,33,7.6,619408
1786170456,2029564,14240,83886080,14653108224,1538,0,47814,47814,40,7.6,619315
1786170466,2027496,14240,83886080,14661505024,1538,0,47821,47821,36,7.6,620017
1786170476,2025256,14240,83886080,14674100224,1538,0,47827,47827,41,7.6,620005
1786170486,2028692,14240,83886080,14687744000,1538,0,47834,47834,37,7.6,617992
1786170497,2026688,14240,83886080,14695092224,1538,0,47839,47839,44,7.6,620961
1786170507,2025508,14240,83886080,14696140800,1538,0,47846,47846,38,7.6,621570
1786170517,2025232,14240,83886080,14697189376,1538,0,47853,47853,35,7.6,619460
1786170527,2025208,14240,83886080,14699286528,1537,0,47859,47859,38,7.6,618010
1786170537,2024736,14240,83886080,14702440448,1537,0,47866,47866,35,7.6,618947
1786170547,2024476,14240,83886080,14710837248,1537,0,47871,47871,42,7.6,617966
